entry,exit,filter,n,avg,med,win%,pf,IS,OOS,tkA,tkB,notop5%,port%,maxDD%,sharpe
g1/v0,tp15/sl20,all,1723,0.9246782963261609,0.11650103990206606,51.36390017411492,1.3382916200047021,1.0908984257470644,0.6391676954754293,1.4649441794800895,0.34340427987259703,0.1139504614895584,50.76863893562407,-7.384965016198882,7.954756991933692
g1/v0,tp15/sl20,price<3,662,2.0230209556748626,1.0767698289290641,56.19335347432024,1.6827649471397617,1.9865897391926615,2.0800682869105573,2.904768684144546,1.1465849605092133,1.2083758358001653,125.34746501208195,-4.817846561130174,13.392005785902922
g1/v0,tp15/sl20,price<5,1092,1.4987697143842,0.4824601415021845,53.38827838827839,1.5241419346530762,1.6110853250533899,1.3197583729138287,2.188762005557705,0.7751192626656461,0.6627037504798932,81.35614140576672,-5.025395894220253,10.90684903700405
g1/v0,tp15/sl20,gap<20,1577,0.982474801691561,0.07487736485905705,51.10970196575777,1.4396475184791,0.9156919328231233,1.0998118352803368,1.4496626902607552,0.48532329199685564,0.2851004849683597,54.305904769122826,-4.314667827204046,10.056721213655942
g1/v0,tp15/sl20,"price<3,gap<20",583,1.923830376378966,0.6802849713220793,55.40308747855918,1.802174324067718,1.6342564074358479,2.371468738849988,2.804564214541764,1.0986910329839201,1.269533648387229,111.15769840835074,-3.224194757080549,12.743940435916148
g1/v0,tp15/sl20,"price<5,gap<50",1036,1.4498413985872853,0.42477433036078827,52.99227799227799,1.5652178880682812,1.5436232025435042,1.303727032423399,2.1123629350672477,0.7796011645949358,0.7400358399838411,74.00817983903822,-4.9979344429374875,10.49283750477036
g1/v0,tp15/sl20,$vol>1m,1215,0.810970784755577,0.11650103990206606,51.440329218106996,1.2991089896760755,0.9138089131581728,0.6198128519601641,1.3287346527531707,0.2660942817783797,0.03860211491274794,48.515850538770124,-8.117647764801625,6.389214330808194
g1/v0,tp10/sl20,all,1723,0.7372956306081646,0.44389492220870497,53.33720255368544,1.2881351500169778,0.7764421900878486,0.6700549314388012,1.1303705614215624,0.3143848917932678,0.10226152901247605,42.00946099273335,-6.484755109007493,8.207847431269846
g1/v0,tp10/sl20,price<3,662,1.4393160615004799,1.5980445307206161,58.610271903323266,1.5220878086959702,1.2254399018343023,1.7742229161715488,2.0551070254166914,0.8272346817042452,0.7502547386182603,77.5282717949842,-3.826997782460256,11.066448192987348
g1/v0,tp10/sl20,price<5,1092,1.1941366695730709,0.9923540667329306,55.952380952380956,1.4550810021384453,1.14652331082894,1.2700239943172786,1.7479091351194118,0.6133509130244688,0.4979913068889823,64.73879408377398,-4.725345472793655,11.007291723412218
g1/v0,tp10/sl20,gap<20,1577,0.7450636847861114,0.31246384881430234,52.377932783766646,1.3428578729000136,0.6288735730790759,0.9492088985371091,1.0896268410854435,0.37840158259847106,0.2623754693028439,39.519220679484924,-4.89221242788941,8.553313860583987
g1/v0,tp10/sl20,"price<3,gap<20",583,1.4025521221653678,1.2037742225927186,57.46140651801029,1.612031737506214,0.9643527724653445,2.079943256636146,2.0772409110425203,0.770451662154215,0.9384850590637128,70.63892628112585,-3.699994966126903,10.3734472487642
g1/v0,tp10/sl20,"price<5,gap<50",1036,1.1149476672883343,0.7743957192500758,55.308880308880305,1.4643714229695983,1.0319778399936654,1.2442167068511396,1.6142762303784506,0.6098016840457121,0.5887461690870692,55.9774784260761,-5.5556335219267625,10.2554928252603
g1/v0,tp10/sl20,$vol>1m,1215,0.5644353785928454,0.42347266906948855,53.00411522633745,1.2196443552551823,0.5251224102852696,0.6375112490939864,0.9699939673819498,0.13763976910701445,-0.030701724621036246,38.22969033502446,-4.256376927739275,6.157513904260496
g1/v0,tp15/sl30,all,1723,0.9455283640555198,0.170120674176798,51.712130005803836,1.3418861218582405,1.1346889966512714,0.6206136497072966,1.4823551813521145,0.36795445098821983,0.12550297746765007,52.76587328971307,-8.935021463083519,7.8683929205584064
g1/v0,tp15/sl30,price<3,662,2.081418283684077,1.209514347843496,56.797583081571,1.6903823624246588,2.0850811698684564,2.0756826014418706,3.1060988736405575,1.0629104683658885,1.2427889249902306,125.11752358723052,-4.394632488323547,12.087955631705384
g1/v0,tp15/sl30,price<5,1092,1.5475281413163002,0.5750225021026149,53.84615384615385,1.5354033176476567,1.6646478673074367,1.3608598844515674,2.244036018806318,0.8170442698023797,0.6976083787730575,85.49497128644666,-7.375169777950459,10.610944260281146
g1/v0,tp15/sl30,gap<20,1577,0.9680297762500227,0.08341100831199011,51.17311350665821,1.4287092296689807,0.9328443653922381,1.0298502970753263,1.457791729152552,0.44685638919536813,0.26990381710891653,53.41376483528511,-4.881257300551742,9.59813570308798
g1/v0,tp15/sl30,"price<3,gap<20",583,1.9435634247872,0.7224983594131076,55.57461406518011,1.8089584489845134,1.6990165207894279,2.3215966300937994,2.9367529639714727,1.0130669129932965,1.2902996542031129,114.08282816207351,-3.37956102047197,12.79952673749595
g1/v0,tp15/sl30,"price<5,gap<50",1036,1.522445936461048,0.44423161490409546,53.28185328185329,1.6010356260122,1.6049747772877032,1.3938639647039641,2.137679461414341,0.9000446422849994,0.8163995975850772,82.84880497442214,-5.907469465709491,12.350376848419035
g1/v0,tp15/sl30,$vol>1m,1215,0.7831695202121519,0.13402693313966196,51.60493827160494,1.2843448659216332,0.843743484165803,0.6705732107453651,1.2553141640688514,0.28630108588322656,0.009356628834599548,49.955549039752725,-6.32215908118992,6.510846539281999
g1/v0,tp20/sl20,all,1723,1.0025060108411767,0.030509248056087124,50.319210679048176,1.3474332282675492,1.198232365628484,0.6663135812459446,1.7429319804072434,0.20587903394660179,-0.03067444128765297,55.10514865160025,-7.38894846260364,7.944628226664341
g1/v0,tp20/sl20,price<3,662,2.211357238569577,0.6652237349358654,54.68277945619335,1.6992967110218216,2.184415033370671,2.2535458079508097,3.298244225608184,1.1310177635010825,1.2081225319202227,142.73173506571126,-6.177536039069983,13.047693759567656
g1/v0,tp20/sl20,price<5,1092,1.6664357757991195,0.3621113512208972,52.197802197802204,1.5484125802704996,1.8444172514760875,1.3827645877249022,2.588025481023315,0.6998904751981336,0.6294983928860707,93.82052392103326,-5.141511798684609,11.429290629800839
g1/v0,tp20/sl20,gap<20,1577,1.1341578916490302,0.03879042134941746,50.538998097653774,1.500761481089882,1.124084143361446,1.1518573969445236,1.6319997071614463,0.6043864309008697,0.19150537048911023,63.16464755575784,-3.7674462027492575,10.609854725527413
g1/v0,tp20/sl20,"price<3,gap<20",583,2.214731872166308,0.5486139169142341,54.71698113207547,1.9101903734094021,1.956927667403707,2.6132588961224674,3.0876983180712463,1.3968696205211497,1.32598747926548,139.58571218968166,-5.78630584068116,12.754502332880294
g1/v0,tp20/sl20,"price<5,gap<50",1036,1.716986977143496,0.32696443567500033,52.123552123552116,1.6517712926124857,1.9083528648058365,1.4188341990819229,2.5311444538726016,0.89334417058842,0.7659852578268777,91.94364243562868,-6.582632448830507,11.27782956859579
g1/v0,tp20/sl20,$vol>1m,1215,0.9004081312596498,0.03062644021260308,50.288065843621396,1.3119438687277891,1.0320580537153856,0.6556941577536932,1.7383583084423155,0.018578806285323997,-0.10538340455081299,53.67000166540914,-8.567641568754665,6.353076641849724
g1/v0,tp10/sl15,all,1723,0.7288504349245184,0.38716567668949886,52.75681950087058,1.2898303210474467,0.7579287196112326,0.6789036651708399,1.1034632358849774,0.32580316834898826,0.09370469405230218,39.18306009495245,-7.944976410546461,7.392921354592085
g1/v0,tp10/sl15,price<3,662,1.4208442044604155,1.4603957905665208,57.85498489425982,1.5248113516120192,1.2543240381705771,1.6815967129142706,2.09803933720628,0.7477285604660316,0.730813769841595,67.70774854267711,-3.7179083298969138,9.81596750680141
g1/v0,tp10/sl15,price<5,1092,1.1754964515327255,0.8433728395975976,55.311355311355314,1.4548326556371252,1.1541596499683613,1.209503562814646,1.7002644391700141,0.6251300254741056,0.47890500171851935,59.78385427303328,-6.376430433756654,10.51421939737977
g1/v0,tp10/sl15,gap<20,1577,0.7479059972090276,0.2947518430660183,52.3145212428662,1.3455251843178968,0.6375498447471918,0.9418009853631272,1.096589984646825,0.3768587697392248,0.26536568057098153,38.86404581680243,-4.57937311829136,8.464520119197717
g1/v0,tp10/sl15,"price<3,gap<20",583,1.3890285408167664,1.2037734310929649,57.289879931389365,1.6066370724725574,1.063423071461734,1.8923662532695238,2.1629418432785643,0.6639669086100322,0.9242535646120262,65.95453479308104,-3.2034916730525267,10.299346010794546
g1/v0,tp10/sl15,"price<5,gap<50",1036,1.1296082997526782,0.7635391444185187,55.115830115830114,1.4768397627086411,1.0646293632475103,1.2308470872459154,1.650572100431049,0.6025750179013558,0.6041658799835767,54.81681446501155,-4.491779216871464,10.657248132674209
g1/v0,tp10/sl15,$vol>1m,1215,0.5721203187539787,0.3395434322107558,52.42798353909465,1.2279200587994767,0.5743178540076208,0.5680354885177972,0.9544507606296552,0.1697691949557585,-0.022561804258898855,35.14236992563258,-6.723622880733557,5.499916559769676
g1/v0,trail5,all,1723,0.4562155734098784,-0.7779959759413102,43.238537434706906,1.2279684204895545,0.3643227464919058,0.6140567224850709,0.7815605097619285,0.10617578044315457,-0.5496528444683776,26.656476136411843,-3.069318328528208,6.755258949830103
g1/v0,trail5,price<3,662,0.7421535735665615,-1.0773886852594834,43.50453172205438,1.3349880690974583,0.4878003008252665,1.1404431944482796,1.3171859790589397,0.17058521870967958,-0.4727907702930059,31.28626663846614,-4.084585175730895,5.253608317302249
g1/v0,trail5,price<5,1092,0.6647766963717551,-0.9229786964506909,42.94871794871795,1.319252680962844,0.5097322173289949,0.9118903434921635,1.2083691248369814,0.09466756407895631,-0.45786761253485153,32.88826939001677,-2.579299152756589,7.569707653819221
g1/v0,trail5,gap<20,1577,0.39070430324447425,-0.7428783001376035,43.563728598604946,1.2116022868391823,0.29419665627886427,0.5602675640844008,0.7599904057762669,-0.002266379161739461,-0.45577668521150966,23.368717820365823,-2.471135267309091,7.0000436407895705
g1/v0,trail5,"price<3,gap<20",583,0.5488204710004355,-0.9714319875251797,43.910806174957116,1.2706677173699332,0.4109189340151086,0.7619957727157444,1.4266089724462874,-0.2735594539421897,-0.4205721912687549,26.432497829954073,-4.992264386796161,5.029367889988453
g1/v0,trail5,"price<5,gap<50",1036,0.4560450955456402,-0.995278888014069,42.760617760617755,1.2267944929584271,0.39520801251457294,0.5508307730582415,1.0360355337297613,-0.13070251279208223,-0.47343535753474597,19.11319004085732,-3.696856466327746,5.089293290600537
g1/v0,trail5,$vol>1m,1215,0.4463913834022702,-0.6941591107234282,43.45679012345679,1.2287407546666984,0.2559159703855594,0.8004515628921561,0.7009349720980254,0.17851865408224413,-0.5255796509601323,30.880681795042243,-4.858664861598803,6.010856402258009
g1/v0,trail8,all,1723,0.7655983312322581,-0.4956114173913603,46.31456761462565,1.3406712092864448,0.6855149198790663,0.9031548532569044,1.2929986883331008,0.19816638076111034,-0.4472735256151407,43.902500562509815,-4.908071735700763,8.288727001775317
g1/v0,trail8,price<3,662,1.4890527248853782,-0.10118927359508767,49.09365558912387,1.62546378307711,1.2238041943924765,1.9044031369750387,2.368658575529301,0.6147457046670217,0.11699293880636052,77.35717982698269,-4.320130545270481,10.209518070752052
g1/v0,trail8,price<5,1092,1.2718363511631936,-0.3127821224551705,47.43589743589743,1.5585770463062847,1.1668621260144802,1.4391468145237318,2.133770965498815,0.3678561458843708,-0.05735837162257259,68.0616152294378,-3.1628507138603696,11.18636572750943
g1/v0,trail8,gap<20,1577,0.7002418456872411,-0.32139437801953197,46.797717184527585,1.337572624438655,0.615327906318655,0.849435043354075,1.1938572242785306,0.1749678891496517,-0.3588253199150243,39.55477869073647,-3.5159662931875104,8.138255195205158
g1/v0,trail8,"price<3,gap<20",583,1.327158671768894,-0.009898586599377368,49.914236706689536,1.6143171558256195,1.2212088846147326,1.4909413121731427,2.3074910509839373,0.4087077384179223,0.16556247858976111,66.53728003792222,-4.734013679681113,8.307978268496058
g1/v0,trail8,"price<5,gap<50",1036,1.1173879445316917,-0.2895234848866962,47.58687258687259,1.5100943795404282,1.0970919412636375,1.1490096187592034,1.969874777613545,0.25496922601587535,-0.05652975191009281,53.900033075949395,-4.157628540274979,9.476839561488948
g1/v0,trail8,$vol>1m,1215,0.7139744090123975,-0.5041277092296959,46.008230452674894,1.3227504920919892,0.48447810448474793,1.1405675397814403,1.0945477166709254,0.31347243152715604,-0.4682225323573874,49.88142923163785,-5.357945796975586,7.108545144554065
g1/v0,trail10+tp20,all,1723,1.0478479850992468,-0.2317313943199475,48.46198491004063,1.4580262997712783,1.0799865478527264,0.9926446809375129,1.619977097729615,0.43229220488368186,0.026291859982663934,56.69982593688256,-4.473396775311392,10.492536220264801
g1/v0,trail10+tp20,price<3,662,1.9924509032276352,0.3260036405125377,52.567975830815705,1.8189620605845875,1.9263171832658812,2.0960091313848,2.724942829666146,1.2643715787556211,0.9911226059043693,113.72894685232882,-2.073060795968914,14.282476834332677
g1/v0,trail10+tp20,price<5,1092,1.621129378642131,-0.009900732581194227,49.908424908424905,1.6882048476893565,1.684081545582767,1.5207946897652507,2.3510007021578803,0.8556545759304924,0.5964107511109491,87.19749106849544,-3.5213475369859943,15.335269326840177
g1/v0,trail10+tp20,gap<20,1577,0.9635658008169194,-0.10675641021334581,48.82688649334179,1.4543307677992259,0.9405634799173201,1.0039807177821247,1.4788525113443085,0.41523059707507703,0.012036573129377653,49.72044123739045,-3.310699732633456,9.258931251150212
g1/v0,trail10+tp20,"price<3,gap<20",583,1.8429763807792425,0.3395434322107558,52.83018867924528,1.820450791349533,1.7855450357522924,1.9317567132663183,2.601959128045573,1.1319028434732443,0.9347718628780082,102.28481349937026,-2.8581137366674043,11.885826080223131
g1/v0,trail10+tp20,"price<5,gap<50",1036,1.5253603333294887,-0.009900732581194227,49.9034749034749,1.6680970180067844,1.629457317391667,1.3631746618647118,2.2099814247032845,0.8327630739008528,0.5659168343494522,75.32969186080621,-2.6891526840132483,13.333773719038904
g1/v0,trail10+tp20,$vol>1m,1215,0.9168637999819422,-0.23346954809303444,48.06584362139918,1.4051184549963376,0.8723635874434174,0.9995818421123766,1.498520003985893,0.30474924745751414,-0.07867815563713482,53.35801605377686,-5.7608543946086685,7.929903221098067
g1/v2,tp15/sl20,all,558,-0.6122391726380315,-1.162627726627185,40.32258064516129,0.8654812215763353,0.14169696318434372,-1.5080926987328542,-0.07468272886958616,-1.1694144647191937,-1.7610631092971276,-23.007178529986216,-29.69101489616788,-2.1670749723440323
g1/v2,tp15/sl20,price<3,298,0.35643512349778034,-0.6901018243320466,45.97315436241611,1.0785147608087864,0.7953729094923886,-0.1735416107031164,0.7608289475518925,-0.04256678290227673,-0.8179340483887022,12.251003468081434,-19.1562171055422,1.239986100720912
g1/v2,tp15/sl20,price<5,428,0.05645586078124639,-0.8219938808628819,43.45794392523364,1.012605717780701,0.5051963178054752,-0.5003582141650481,0.6414756379492661,-0.517730216809588,-1.1796916172625624,4.4186263557701055,-20.011741506875357,0.7426955427531223
g1/v2,tp15/sl20,gap<20,425,-0.8015712379638164,-1.3198265736159802,36.23529411764706,0.7638984142857311,-0.6916644065503466,-0.9275755345843087,-0.6737128582752787,-0.9324738647877949,-1.6963677848925187,-28.322543009445155,-29.030575444637897,-3.4380015631459306
g1/v2,tp15/sl20,"price<3,gap<20",227,-0.41049278073135015,-1.0,40.969162995594715,0.891103115080899,-0.5811972013010012,-0.22240179880738248,-0.3564442405207699,-0.45954523739305286,-1.354857472793778,-22.81614175510729,-27.49365003541111,-1.5007965960421379
g1/v2,tp15/sl20,"price<5,gap<50",373,-0.12615261605146072,-1.0,41.28686327077748,0.9671114323315311,0.3844561615332059,-0.7038699758329693,0.4366786758747061,-0.623604515481154,-1.0803923772932669,-14.983153406885119,-30.24198524451392,-1.0761922227553236
g1/v2,tp15/sl20,$vol>1m,357,-1.212426497016564,-1.1234596100108012,39.21568627450981,0.7603628833457163,-0.6975739869001164,-1.7981868378676122,-0.7153787327687176,-1.717898799641492,-2.228963452880175,-44.65083695015516,-44.94552613044861,-5.20079760857917
g1/v2,tp10/sl20,all,558,-0.46331189388000155,-0.6403327506224445,44.80286738351255,0.8852867413409724,-0.08397356528275893,-0.9140550843308427,-0.0988281549244164,-0.8410979590748414,-1.5493283546911758,-17.917405938367658,-22.18241379667499,-2.0961640425443018
g1/v2,tp10/sl20,price<3,298,0.23783445005264922,0.3126550787326494,50.671140939597315,1.0587032874874727,0.4221095439649165,0.015339336662282117,0.5442424451578168,-0.06448810511778248,-0.9119142883673487,4.698404361307573,-15.72491756616988,0.7620719996220602
g1/v2,tp10/sl20,price<5,428,0.21709262500818785,-0.16568921278346604,48.598130841121495,1.055849390036501,0.27211096699640036,0.14882379227935877,0.6284357441923186,-0.18663302900586665,-0.9775868732454291,13.564626602987762,-9.371631805981567,1.6753391694024733
g1/v2,tp10/sl20,gap<20,425,-0.7632793944944191,-1.0,39.05882352941176,0.7591502536699265,-0.7962527823834854,-0.7254765710054387,-0.7262320591109817,-0.8012088092917478,-1.5012302378235802,-30.818676513014065,-28.93207966569153,-4.292209051796961
g1/v2,tp10/sl20,"price<3,gap<20",227,-0.30158262606354935,-0.6787108351696297,45.37444933920705,0.912733208820227,-0.6692920001897316,0.10357862876067009,-0.18766300497371252,-0.40497186201062857,-1.1387414475859108,-25.684990655169237,-26.61695732552544,-2.117782045067166
g1/v2,tp10/sl20,"price<5,gap<50",373,-0.006951773163602387,-0.47479795529030766,46.11260053619303,0.9979496737459713,-0.0012425271844367705,-0.013411377185744219,0.28907366990710587,-0.26859042234225905,-0.861275956598042,-6.245268218145661,-16.464561605494954,-0.5320456462286512
g1/v2,tp10/sl20,$vol>1m,357,-1.174915769491103,-0.7014928134944635,43.417366946778714,0.7418899722980004,-1.0766584164219217,-1.2867055723841831,-0.8792523848993437,-1.4755903978895022,-2.0859275221681637,-40.463985603287675,-36.68370281040466,-5.423880813372991
g1/v2,tp15/sl30,all,558,-0.42548862174708146,-0.989435525101483,41.75627240143369,0.9070724297902019,0.49529167519171685,-1.5195922686978889,0.22300340633523474,-1.0976482420951759,-1.5968566886651097,-14.735671201009225,-27.96157163873638,-1.0738036417055457
g1/v2,tp15/sl30,price<3,298,0.6782215871662655,-0.3192967189594278,47.98657718120805,1.1488338156520894,1.4826613103996955,-0.2930648934785426,1.6067664197901164,-0.23794264768926718,-0.5393350934717813,23.131856463876723,-19.51768598611299,1.7715795880750824
g1/v2,tp15/sl30,price<5,428,0.26873048773734903,-0.5850384549467506,45.09345794392524,1.059256484619795,0.9076930767760165,-0.5241183792896886,1.0623468285732198,-0.510189254194154,-0.998265714816216,17.244636871853825,-17.827854146116632,1.6339501731460517
g1/v2,tp15/sl30,gap<20,425,-0.7328624760882072,-1.29069509552638,36.705882352941174,0.7839566160755473,-0.44728727046676126,-1.0602643532400664,-0.45534219044081886,-1.016990387584343,-1.6240875279689204,-22.70379871078645,-31.26524690286366,-2.2355215728549718
g1/v2,tp15/sl30,"price<3,gap<20",227,-0.23582148055176255,-0.9931018282786068,41.85022026431718,0.936576978530189,-0.06724345940032075,-0.4215694853389992,0.2634603297052386,-0.6889511907009735,-1.1712908749198598,-7.794123437429978,-28.478649233541827,-0.10981585162178226
g1/v2,tp15/sl30,"price<5,gap<50",373,0.08366213921890553,-0.8044974248728418,42.35924932975871,1.022155828085252,0.7056550203130638,-0.6200783776761993,0.6478197820713284,-0.41496204006985243,-0.8599391273894724,5.522488114202817,-21.506224737418798,0.8493181894403734
g1/v2,tp15/sl30,$vol>1m,357,-1.1532909592348428,-0.9728723016822506,40.33613445378151,0.7752075443015749,-0.7173490829544201,-1.6492727346437073,-0.6973016590124965,-1.6170088916643475,-2.1668711382093675,-38.579322072008104,-39.487223713338224,-4.090166208833874
g1/v2,tp20/sl20,all,558,-0.9700608157536698,-1.4726366693960373,37.27598566308244,0.8085136025479173,-0.35220320754627354,-1.7042210325648106,0.08481397819452717,-2.0634346897729685,-2.2939382089257543,-30.8884991530622,-34.57290000768168,-3.162634180896135
g1/v2,tp20/sl20,price<3,298,-0.16073925141627002,-1.1200123737663954,41.946308724832214,0.9689809419918577,0.1810451578231151,-0.5734122788682683,0.9263180147113059,-1.2333024206621452,-1.4418510216906568,-7.594578973404598,-19.59484796416704,-0.0550611344709235
g1/v2,tp20/sl20,price<5,428,-0.3215052651493394,-1.3217254347210288,40.18691588785047,0.9366345996626064,0.07233183759695144,-0.8101931884523284,0.9568917898360463,-1.5762283005979585,-1.7134794808939067,-3.9600934893372908,-23.289199818905267,0.017392132465023486
g1/v2,tp20/sl20,gap<20,425,-0.7532120275849158,-1.4117790019252239,34.8235294117647,0.784845180006459,-0.48126552374956666,-1.064989079961806,-0.6587223223244685,-0.8499514877325168,-1.903238519422217,-26.407217105489146,-30.416779997572164,-2.694893209114418
g1/v2,tp20/sl20,"price<3,gap<20",227,-0.4289994369281254,-1.2400247475327908,39.20704845814978,0.8910161936340066,-0.6301990192958354,-0.2073073045044447,-0.3611732178179298,-0.4905560055323366,-1.5435503893248859,-22.143712320554187,-29.443920698788368,-1.2737941170000548
g1/v2,tp20/sl20,"price<5,gap<50",373,-0.1746670438775964,-1.3198265736159802,38.8739946380697,0.9577098118169078,0.4904653153134156,-0.9272167988479986,0.8473364628021971,-1.0779529714986265,-1.3683482159979963,-13.973787571082674,-35.20873816183947,-0.938505038034383
g1/v2,tp20/sl20,$vol>1m,357,-1.7668982772140305,-1.482310835741476,35.57422969187675,0.6900235061877479,-1.3520924465677844,-2.238833054595987,-0.430445882558365,-3.1260024073723343,-2.9659998873931848,-53.34228878335501,-53.76981183721987,-6.693166227675401
g1/v2,tp10/sl15,all,558,-0.4444801847659162,-0.8785619932833924,43.18996415770609,0.8852629406751216,-0.11661451175252283,-0.8340617491700659,-0.03670615854289559,-0.8671364747197042,-1.5295391010458659,-16.233358024980205,-19.686431307503067,-2.0159150078771866
g1/v2,tp10/sl15,price<3,298,0.14415393559941955,-0.23004101539824673,48.99328859060403,1.0360913477110074,0.32153174362883835,-0.0700133437249892,0.5682190956388469,-0.27425702230614857,-1.0102128563499633,2.275565987384831,-15.825147000083414,0.5683072072271023
g1/v2,tp10/sl15,price<5,428,0.14646825924635565,-0.4339850482395055,46.96261682242991,1.0384505159448048,0.23565438061964947,0.035802757856457285,0.5246857957870142,-0.22474524883984645,-1.0518552480514831,13.275268092959358,-10.734782070478817,1.719967538643228
g1/v2,tp10/sl15,gap<20,425,-0.6673779535090353,-1.0,39.05882352941176,0.782840021693534,-0.6905672511273054,-0.6407922436133417,-0.6632155741286909,-0.6716394371603404,-1.400343820945392,-26.619003573085575,-25.047536715244984,-3.920814385492493
g1/v2,tp10/sl15,"price<3,gap<20",227,-0.2292155418026439,-0.7014928134944635,45.37444933920705,0.9322549459079301,-0.526371720273042,0.09820654373418368,-0.15480611357378132,-0.2967467875901832,-1.0626890025524591,-19.099655772393966,-23.47119849288579,-1.6137977299533504
g1/v2,tp10/sl15,"price<5,gap<50",373,0.1279444863191131,-0.47635597538751995,46.11260053619303,1.0392989364776821,0.13430755685260645,0.12074512651550362,0.3950653514567774,-0.10814718741367109,-0.7195398867753579,1.761651247804119,-11.237635369697971,0.46912612241718793
g1/v2,tp10/sl15,$vol>1m,357,-1.1021224325267216,-0.8275822568779925,41.73669467787115,0.7453366105608116,-0.8630325173151535,-1.374140898935093,-0.6674647483272522,-1.5441471961194027,-2.009305089759996,-37.168640548797285,-35.11195910001944,-5.037890023517797
g1/v2,trail5,all,558,-0.4521528116782909,-1.6021452180737377,32.795698924731184,0.8304794669329647,-0.2157662308800193,-0.7330356900385901,-0.1561607357849804,-0.7589475180786567,-1.764356949635369,-15.925144363668476,-18.728988994381453,-2.7827547259241703
g1/v2,trail5,price<3,298,0.0944111824151238,-1.2818245216794342,38.25503355704698,1.0360692937782001,0.05768880954724675,0.13875004743337557,0.21744517138024175,-0.026982353363792178,-1.282717691813853,-3.553682326805041,-10.095820726359516,-0.11686569622337457
g1/v2,trail5,price<5,428,0.07427011886161289,-1.3983427704729432,36.21495327102804,1.02879978964407,0.08073581046024828,0.06624724499314918,0.35350755718280247,-0.19979625578696217,-1.399044088351517,5.1877797769292355,-9.214821030406576,0.9206222670359465
g1/v2,trail5,gap<20,425,-1.025683781926497,-1.5876249255856036,31.058823529411768,0.5738114139131953,-0.8149276463324393,-1.267308240410593,-0.875880261408649,-1.1790540529328648,-1.8715607675551011,-31.139339381865828,-31.69130050603122,-6.221843985270273
g1/v2,trail5,"price<3,gap<20",227,-0.6496385136064352,-1.3236242958260775,37.00440528634361,0.7301928495773767,-0.6079721083579336,-0.6955487193895066,-0.3704327878649466,-0.9030353067163578,-1.537418131591046,-23.935093395900108,-27.043547596162348,-3.74263729115574
g1/v2,trail5,"price<5,gap<50",373,-0.5024278542528073,-1.561797226066759,34.852546916890084,0.7955788568675376,-0.33890830600899596,-0.687438543122948,-0.3282325746051195,-0.6563883286888951,-1.525379229068361,-23.45312373335502,-23.198164391887108,-4.11804005650544
g1/v2,trail5,$vol>1m,357,-0.833818264148973,-1.5876249255856036,30.532212885154063,0.6977984882594803,-0.8255692422721488,-0.8432033788591325,-0.8568172144964142,-0.8104295010837785,-1.9872642373604241,-27.938032021889768,-27.06155800993927,-4.374373815425044
g1/v2,trail8,all,558,-0.4029104103813729,-1.5359078157367354,34.946236559139784,0.8659985364421209,-0.049509459433839526,-0.8228338932719715,0.02992404886786274,-0.8515417477053983,-1.8411051172183635,-15.735771688363531,-20.956716649586486,-2.234385490805776
g1/v2,trail8,price<3,298,-0.00013131073637987438,-1.3307111402901877,38.92617449664429,0.999956010341928,-0.31671567305179643,0.38211499339260463,0.1724700077106493,-0.17043127827078208,-1.3810372502049795,4.738162146322122,-11.424439504397196,0.7458665320366182
g1/v2,trail8,price<5,428,0.09799506257496868,-1.3545437055184737,37.850467289719624,1.0339205718426765,0.07679430917747197,0.12430175658128627,0.6374237447348824,-0.43144419954494706,-1.4369217092616073,8.431382845198442,-9.33541425535586,1.2497808019165162
g1/v2,trail8,gap<20,425,-0.852863716808262,-1.4117790019252239,33.411764705882355,0.679632213743115,-0.5292335102848624,-1.2238943071153918,-0.8443474830246551,-0.8615827180629069,-1.887140988655161,-27.14566861957565,-32.7971754527776,-3.646371519905889
g1/v2,trail8,"price<3,gap<20",227,-0.5840444911652194,-1.2400247475327908,37.88546255506608,0.7819049536809489,-0.7840980197547267,-0.36361514021937347,-0.5790919427190901,-0.5885392410154883,-1.5071610638043846,-18.996536634617513,-23.737641687228326,-2.170805737645849
g1/v2,trail8,"price<5,gap<50",373,-0.3208688369735055,-1.3712894262826496,37.533512064343164,0.8810872034211784,-0.13495058715028171,-0.5312220567734957,0.07153127366457755,-0.6676871165778718,-1.4416733767607532,-16.03241822766798,-18.97165045945632,-2.4527042177177383
g1/v2,trail8,$vol>1m,357,-0.824524709849305,-1.5329419127852273,32.773109243697476,0.7366159865436226,-0.592564868852136,-1.088431115774228,-0.746466689632522,-0.903905747357898,-2.1500050612140966,-30.498605050751348,-33.3703865457425,-4.447245129144741
g1/v2,trail10+tp20,all,558,-0.31325258244696,-1.4726366693960373,36.200716845878134,0.9017917672336226,0.14263814772000216,-0.8549580382924091,0.09259188926702887,-0.7339088961943058,-1.535588252719156,-11.683979940588095,-18.829750826130855,-1.7880423503764997
g1/v2,trail10+tp20,price<3,298,0.17649224935046892,-1.1128759904499597,40.604026845637584,1.0556705824762642,0.20958554832051654,0.1365351550384857,0.18408021521157536,0.16900545636751063,-0.9841987442660569,14.18073598214804,-10.830939043896274,1.5186057137814817
g1/v2,trail10+tp20,price<5,428,0.2760923985423374,-1.1248585259755357,39.719626168224295,1.0907805706277323,0.5108564867708846,-0.015211731877378154,0.6217288158419247,-0.06314334436281308,-0.9961413172069362,20.518764729997162,-8.54604666102514,2.867714288479874
g1/v2,trail10+tp20,gap<20,425,-0.8648361001931597,-1.460829037404248,34.11764705882353,0.6993161236900309,-0.5177118372125971,-1.262801795630471,-1.038478795773896,-0.6870590547176437,-1.9614776079421365,-30.515700416645064,-32.55083056341299,-4.633889841932545
g1/v2,trail10+tp20,"price<3,gap<20",227,-0.39387998335522934,-1.3236242958260775,38.76651982378855,0.8653321292764609,-0.4573476097907126,-0.32394806163465045,-0.7370082207303303,-0.08246948220807925,-1.395940412206815,-9.417466993708501,-23.724994245354157,-0.6409850756209126
g1/v2,trail10+tp20,"price<5,gap<50",373,0.03405515263164931,-1.2400247475327908,39.14209115281501,1.0118568217610617,0.4226128510969046,-0.4055701290604681,0.14694958462305624,-0.06572527968398813,-1.0775796969544706,0.6116264238514635,-18.064616742872268,0.30026922764241043
g1/v2,trail10+tp20,$vol>1m,357,-0.7980377210357872,-1.5388737186882433,33.61344537815126,0.7632207592620169,-0.42237339354451253,-1.2254402493192735,-0.3242744641970959,-1.279830863583609,-1.9052628227177737,-30.03549952315777,-34.55992987597061,-4.672862041353636
g2/v0,tp15/sl20,all,1496,1.0014683938294557,0.15193333972436918,51.06951871657755,1.3609779398924746,1.1911468178355835,0.6826182832241732,1.5385678086806032,0.42104246150770136,0.1830937601574861,52.146819052375704,-5.854383875626926,8.342519042947604
g2/v0,tp15/sl20,price<3,604,2.0789043358020534,0.892026743635985,54.63576158940398,1.704390391299108,2.200308005939376,1.8960432060931405,2.8608629168556714,1.2865196403343875,1.251096010492209,133.13507039938716,-4.424197082760915,12.963469685404366
g2/v0,tp15/sl20,price<5,978,1.6026268343066263,0.4154386558011195,52.65848670756647,1.5640836242716813,1.7185383142243216,1.4186403582467926,2.203581008895206,0.9636375853769973,0.7538637871006442,88.91471757526013,-3.2632984907531193,12.67540177330726
g2/v0,tp15/sl20,gap<20,1352,1.1242467389502562,0.12707213140932894,50.887573964497044,1.5159594576922044,1.034626678690956,1.2784220941247058,1.5979166631115438,0.6172095613258454,0.427578717162888,64.60338980345131,-2.8708691043188557,12.275613053153368
g2/v0,tp15/sl20,"price<3,gap<20",526,2.093198606430729,0.6083390698047348,53.80228136882129,1.922938214702839,1.906486922210742,2.3697432707942943,2.9641570585496853,1.2610933194620613,1.4335440492472198,134.37792662905187,-2.857036629352409,14.224498318359814
g2/v0,tp15/sl20,"price<5,gap<50",923,1.6196946241928085,0.3625858125920045,52.329360780065,1.6523280671363685,1.6899033692487924,1.5108904640369876,2.2440934318049273,0.9802335646426779,0.8881709995343814,87.91939508868273,-3.2423467191568336,13.534823033153806
g2/v0,tp15/sl20,$vol>1m,1038,0.9734309640972167,0.2886024100036989,51.541425818882466,1.3581693931308947,1.1245777867771312,0.6994005457425745,1.4732203425910009,0.43979130897237934,0.197188371939613,50.55692257523905,-6.610130179070365,6.9841308571011105
g2/v0,tp10/sl20,all,1496,0.7612063102984342,0.4256888545894165,52.87433155080213,1.2949084330473724,0.8415263953696817,0.6261879594080578,1.2414827377444515,0.24218713905287723,0.11526972392658578,41.93135005920379,-6.069018292915448,8.383487552622412
g2/v0,tp10/sl20,price<3,604,1.497256978065278,1.509132476936314,56.456953642384114,1.5475862395001108,1.4500856307851275,1.5683075965826834,2.1655390419823695,0.8200644866292918,0.7833260122573897,87.2200377547745,-4.4375462155909835,11.120349632237698
g2/v0,tp10/sl20,price<5,978,1.2275436508513158,0.7264569371958187,54.805725971370144,1.4711665467160857,1.2079974085947234,1.258569432210986,1.8035747591076308,0.6150548775154873,0.5169598262784656,68.62736937403275,-3.428933288155453,11.559859531971734
g2/v0,tp10/sl20,gap<20,1352,0.8187238437240724,0.27511564100207875,51.92307692307693,1.386330354264305,0.7067717662409005,1.0113174579053843,1.2259892632829894,0.38276897653925923,0.3285049749432065,45.10793682348473,-3.842575936606051,10.560813807626
g2/v0,tp10/sl20,"price<3,gap<20",526,1.5474705422108657,0.9758560191320188,55.13307984790875,1.7103661608525833,1.2484805417141114,1.9903142221919075,2.3507244334469726,0.7800495383161465,1.0645848683182753,87.34403305150364,-2.3672394925398503,12.171603066518363
g2/v0,tp10/sl20,"price<5,gap<50",923,1.16221658022663,0.5585687044281593,54.062838569880824,1.4943411575642882,1.114337609126013,1.2364157591974752,1.694350584496105,0.6172460100646894,0.6200372160079505,60.80873501181796,-4.122103449920365,11.782777242722078
g2/v0,tp10/sl20,$vol>1m,1038,0.6830988359373065,0.4636212180624443,53.082851637764925,1.268834133596902,0.6727486758024914,0.7018637604093694,1.1526952927381597,0.1816970414248416,0.09557968553898281,41.80922934128899,-3.9413715883837757,7.052404378252115
g2/v0,tp15/sl30,all,1496,1.0245562658858975,0.21477673489186755,51.470588235294116,1.364436683446886,1.2592081238952455,0.630105651526098,1.5816758079606257,0.42249523084825685,0.19579041413641754,56.16877174729662,-8.783135174443977,8.074224163580968
g2/v0,tp15/sl30,price<3,604,2.1632120740704512,1.0314346531909622,55.29801324503312,1.724196147225495,2.378826380264462,1.8384486170230423,3.1136388668578294,1.2001129240459087,1.3110908872791722,136.01871329867845,-5.529040361392524,11.370797425022486
g2/v0,tp15/sl30,price<5,978,1.6489079535289137,0.4558821063452855,53.16973415132924,1.5718891740784726,1.8084948414543942,1.3955954330122784,2.283694161629572,0.9739454031434034,0.7848080021124729,93.42891720586239,-6.112600720250805,11.10175599624652
g2/v0,tp15/sl30,gap<20,1352,1.0840864833398491,0.12707213140932894,50.887573964497044,1.4885243696268693,1.029848465096063,1.1773933356505872,1.577460238594747,0.5559574558924161,0.38532450269964236,61.73373324577665,-3.288159344079839,11.343859773167859
g2/v0,tp15/sl30,"price<3,gap<20",526,2.0854317383249623,0.6083390698047348,53.80228136882129,1.9163754215853261,1.9253233151291074,2.32257345947354,3.0286120563410117,1.1843263787334206,1.425373303999953,134.68850822615232,-2.857036629352419,13.897872969117934
g2/v0,tp15/sl30,"price<5,gap<50",923,1.6597715816841765,0.38716567668949886,52.54604550379198,1.6711018327775644,1.716156061124014,1.572391214375478,2.2226130665984623,1.0833527802478355,0.9303500551381809,97.25496777116412,-3.965716137067019,14.439514701343654
g2/v0,tp15/sl30,$vol>1m,1038,0.9169225443801199,0.31945416631727663,51.73410404624278,1.3285160080778984,1.02957339674604,0.7126856331801181,1.3714389365645276,0.4316221734421865,0.13776006427360882,53.0265818027904,-6.5019923872419465,6.752255722390944
g2/v0,tp20/sl20,all,1496,1.0007993039052996,-0.04163111259253344,49.73262032085562,1.3392287499536242,1.2123367383053834,0.6452041184800692,1.7875576192827833,0.1505750882609257,-0.02818852711794066,55.35466367810711,-6.650319974517105,7.88785415993985
g2/v0,tp20/sl20,price<3,604,2.21829412248272,0.4558821063452855,52.64900662251656,1.7014045132183337,2.373810321837,1.9840518803017908,3.3272974160396047,1.094504118345077,1.210313859910031,156.7735551933762,-5.070504272071428,12.414335148076864
g2/v0,tp20/sl20,price<5,978,1.719757281541251,0.20177604422673556,51.124744376278116,1.5658614281725,1.913155443110787,1.412776072700718,2.636359587923572,0.7451421709575169,0.6884372909078891,104.14489290052127,-3.657584444454208,12.464037808735085
g2/v0,tp20/sl20,gap<20,1352,1.1829915161895626,0.0005146403609975203,50.0,1.5306613861084644,1.174150437268986,1.1982010181555447,1.6304562308173538,0.7040055506078993,0.2366563023854476,68.11589973100143,-2.870869104318846,11.924256653567822
g2/v0,tp20/sl20,"price<3,gap<20",526,2.2850185519217066,0.3682327269958843,52.47148288973384,1.9778633088012196,2.231552714074005,2.3642085192999063,3.0461654738819144,1.557826139491322,1.3956459402837926,155.78395369124237,-4.434909972082422,13.359248012322052
g2/v0,tp20/sl20,"price<5,gap<50",923,1.7691755847667736,0.17068054441234026,50.92091007583966,1.6795058409669572,1.965025629073874,1.4656621183129526,2.5490195106459637,0.970519634359796,0.8033945075350392,102.32310671522482,-5.467268894851074,12.689145554876786
g2/v0,tp20/sl20,$vol>1m,1038,1.001983824957117,0.039640525295192575,50.19267822736031,1.3418931563398973,1.1066579915840737,0.8122087098529591,1.9406558202977826,-0.0002635644902875152,0.005485554529419596,56.21351012237859,-7.768440936903478,6.791405994612432
g2/v0,tp10/sl15,all,1496,0.73994406896166,0.3557426950294075,52.27272727272727,1.2903700689244,0.810948046194109,0.6205861287393714,1.2039142387051542,0.2385465419926822,0.09290100870871343,39.179573579253876,-7.728021175561424,7.615324047847423
g2/v0,tp10/sl15,price<3,604,1.4894082864031712,1.400610288785798,55.794701986754966,1.5552249437610393,1.495986852826512,1.4794994913339905,2.240374912216351,0.7284287722458163,0.7750671102296679,77.96721252513751,-4.393876548884861,10.417566941175117
g2/v0,tp10/sl15,price<5,978,1.2038169751306,0.6629732365837185,54.19222903885481,1.4677123463427098,1.2206508229492097,1.1770965817677277,1.7695328357708282,0.6022963131840283,0.49200854793990517,63.572379101781216,-5.694615896806527,10.94741368724958
g2/v0,tp10/sl15,gap<20,1352,0.8037047787914448,0.26322299620269174,51.849112426035504,1.3777527528376643,0.6764892444641599,1.022556452533554,1.2102913728744864,0.3684765563350184,0.312702814796193,43.85526231892185,-3.26071154964208,10.270704826017667
g2/v0,tp10/sl15,"price<3,gap<20",526,1.4963320629233274,0.9224162233517071,54.94296577946768,1.67632639241655,1.2945094557542272,1.795257999956806,2.381876295220692,0.6502916625500089,1.0107871881077855,79.66405631929601,-2.6830887002902712,11.743182522822096
g2/v0,tp10/sl15,"price<5,gap<50",923,1.1479103084445499,0.47723649844134375,53.84615384615385,1.48933742158978,1.1100453606637883,1.2065905175744045,1.7004381019227681,0.5820539936324274,0.6049805582487027,57.73276086279895,-3.0721139406907443,12.024322272778168
g2/v0,tp10/sl15,$vol>1m,1038,0.641876250348567,0.41911974756636006,52.408477842003855,1.254561617331544,0.6744364532744942,0.582844337726764,1.0729287290441971,0.18162898225920873,0.052227057533803654,36.22525758930826,-6.86142184647503,5.9434414469691665
g2/v0,trail5,all,1496,0.38663466698488824,-0.8891717661835132,43.04812834224599,1.1894435373017391,0.25467106406609114,0.6084659564792102,0.7034646784071971,0.04424674087204557,-0.6230584094417454,24.282244882913307,-3.6880464244623794,6.087814835431796
g2/v0,trail5,price<3,604,0.6500867906330791,-0.9959811326372496,42.21854304635762,1.2891907727584087,0.45045413203116397,0.9507783054567106,1.0995411926978857,0.19463966320740855,-0.5720606834748845,28.15630512955991,-5.351075198366774,4.528486400776347
g2/v0,trail5,price<5,978,0.5854808089553952,-1.0155006372897597,42.740286298568506,1.2779718011251897,0.3919361339896549,0.8926945787422848,1.0527894074248048,0.08859571691197252,-0.5405195466350667,32.67700863710241,-3.0372374366717696,6.888602700663454
g2/v0,trail5,gap<20,1352,0.3245090674025148,-0.8207605938093262,43.269230769230774,1.174015212338909,0.2030606925358341,0.5334393702415734,0.6815872200199237,-0.05772313578212334,-0.5194387494851943,21.573447708232884,-2.5250240242209054,6.983516204742236
g2/v0,trail5,"price<3,gap<20",526,0.4692638746579498,-0.9428205146052965,42.39543726235742,1.231315879902416,0.3644728515205466,0.6244732202482548,1.2164398138518917,-0.24458079587306544,-0.4949362217369812,25.295656207840157,-4.21559019607511,4.8541670142460465
g2/v0,trail5,"price<5,gap<50",923,0.3697770894548232,-1.0478215858575939,42.57854821235103,1.1825409614906515,0.26735060841714153,0.5285098404552082,0.8974969256216458,-0.17067283047918175,-0.5623147348018389,18.5572897827716,-2.5464532559992348,4.91111862395478
g2/v0,trail5,$vol>1m,1038,0.4536280990795021,-0.7250690708465843,43.44894026974952,1.23117674375922,0.21304451606401853,0.8898080910506629,0.6495476367887135,0.24443911060910875,-0.5292235173972232,31.98417288169797,-2.8885592907895346,6.320097880004082
g2/v0,trail8,all,1496,0.7295383130715091,-0.5300520609894259,45.45454545454545,1.3199189223468948,0.6461533168766892,0.8697087905459553,1.2529662350612407,0.1638867200450535,-0.4888412929635332,41.38689174457959,-4.659299534072927,7.8758367717522155
g2/v0,trail8,price<3,604,1.3575010848184483,-0.5370677096852813,47.18543046357616,1.5600160458377224,1.2266613767239762,1.5545750019897908,2.145244993702501,0.5592539238159424,-0.017224512763922232,70.29667051957085,-5.299290346140744,9.219488512416527
g2/v0,trail8,price<5,978,1.2079026393956829,-0.5245978128834502,46.421267893660534,1.5249878142697293,1.115982762139859,1.353807206468419,1.9958538735455902,0.37008107397046486,-0.12255013821988434,66.44130634000254,-3.7670120151242927,10.676446397028618
g2/v0,trail8,gap<20,1352,0.6882684357377259,-0.4284612193606885,45.93195266272189,1.3315251037374054,0.6043901881116537,0.832566024712156,1.1558496202706652,0.18774891355009238,-0.3792169658706282,39.61871436250035,-2.7969402535467993,8.47957403670554
g2/v0,trail8,"price<3,gap<20",526,1.2242302129131484,-0.4783835124290665,47.52851711026616,1.564997566861369,1.2475668266417714,1.1896656057867916,2.0973524950357643,0.3900576236733256,0.07825731729664903,62.25390311631707,-4.049698787821749,8.065439333704658
g2/v0,trail8,"price<5,gap<50",923,1.058635095659877,-0.5098063563987876,46.478873239436616,1.481160197331887,1.054207658134167,1.0654964007756873,1.8500704226861906,0.2481081269728409,-0.11873981195444017,52.83719128643509,-3.4795786829192092,9.466317829576512
g2/v0,trail8,$vol>1m,1038,0.7807243415102934,-0.4383510672206424,45.664739884393065,1.355200758361503,0.5108856918629636,1.2699440071310621,1.0835488666530049,0.45738978876827463,-0.41361428513500004,51.392218082426844,-4.422504707816119,7.615150419749634
g2/v0,trail10+tp20,all,1496,1.0285488263064764,-0.27336517987471887,47.52673796791444,1.4481455166280057,1.0436051905211945,1.0032390240960725,1.533214894970889,0.48317256016983035,0.013533857716152167,57.679670088068626,-4.162546253987552,10.695445048370692
g2/v0,trail10+tp20,price<3,604,1.9048803622398065,0.05090911780129159,50.16556291390728,1.7850654948668145,1.948206902140924,1.8396208851273363,2.4393680433285136,1.3632661787365843,0.9017333879019669,117.2100484017526,-3.2059782767128944,13.324188037850101
g2/v0,trail10+tp20,price<5,978,1.6067027636600155,-0.21075516498766705,48.56850715746421,1.6876666967330125,1.6607616141506079,1.520895064468599,2.180999094272759,0.9960585640211488,0.5887046320197945,93.47022824380883,-3.5896255974031788,15.61965796559877
g2/v0,trail10+tp20,gap<20,1352,1.0111235126712315,-0.19848953216860382,48.298816568047336,1.4867731215070046,0.9744540633412944,1.0742067705728335,1.433345918114515,0.5591580281308713,0.06061572686308361,55.38697923323588,-2.381185019980805,10.398469485230356
g2/v0,trail10+tp20,"price<3,gap<20",526,1.894590332598344,0.12169544621193462,50.57034220532319,1.8722223498881596,1.9771548146984146,1.772301429865219,2.4243864422491055,1.3884282501438983,0.9972222559767047,115.29199035013585,-2.2504012570297793,12.680958214649266
g2/v0,trail10+tp20,"price<5,gap<50",923,1.554370873332573,-0.19786001600141534,48.645720476706394,1.6939477838454156,1.6481180417591246,1.40908865927927,2.0978597481814805,0.9977715212395027,0.5859853469973564,84.75650427626411,-2.4531619214854117,14.279377472174195
g2/v0,trail10+tp20,$vol>1m,1038,0.9918067145418001,-0.2691948894767762,47.49518304431599,1.442514192740705,0.9279347150202383,1.1076071689589406,1.479412631051729,0.4711756961168557,0.0034981521790479852,56.53127278072707,-4.768642542338699,8.941776096825055
g2/v2,tp15/sl20,all,521,-0.6807014498407179,-1.012469204805521,40.69097888675624,0.8547456165919438,0.29163701230025574,-1.836885419529355,-0.15772441943899118,-1.2476085507961898,-1.8544085815915345,-29.84854526233788,-37.89812224184037,-2.886624588369617
g2/v2,tp15/sl20,price<3,283,0.21937810948497063,-0.7014928134944635,45.583038869257955,1.0471868783126685,1.0062944381039223,-0.7067618772742572,0.5402931667595398,-0.10381294110360291,-0.9957593323447217,0.9048485709508336,-24.528613153288116,0.5512353638432402
g2/v2,tp15/sl20,price<5,403,-0.0341330624475335,-0.723750574641483,43.424317617866,0.9925586411311468,0.6982943383359917,-0.9324694324693158,0.48625142711860886,-0.5623233193571682,-1.2768234126753013,-4.6944967595397795,-26.704535802724738,-0.016901540625203566
g2/v2,tp15/sl20,gap<20,391,-0.7824058527925467,-1.146839238306899,36.828644501278774,0.7735924654171138,-0.47164433753889673,-1.1392693510783316,-0.6883500177631804,-0.8860695419378163,-1.664667425748954,-33.9305408814099,-34.65261961541767,-4.199788631402847
g2/v2,tp15/sl20,"price<3,gap<20",214,-0.4594103595456029,-0.9965509141393034,40.654205607476634,0.8793698390181299,-0.4042696724058485,-0.5188338185020371,-0.36204837220401653,-0.5514616930321931,-1.3805409865047686,-40.392449111908476,-43.47215609644876,-2.612310724497382
g2/v2,tp15/sl20,"price<5,gap<50",350,-0.12842342778651583,-0.899680117144735,41.42857142857143,0.9669907157076333,0.6115268918246686,-0.9580646952293594,0.46008436986779055,-0.6716613948520296,-1.089022034732098,-22.356037023349586,-36.738932784459536,-1.6351887881474299
g2/v2,tp15/sl20,$vol>1m,333,-1.2179666756762655,-1.031575052182964,39.63963963963964,0.7641882805951244,-0.31254501715166444,-2.2577412254658076,-0.5215125062372968,-1.935654203939593,-2.2462617605393476,-46.694993222936574,-49.3454297576834,-5.296968676930612
g2/v2,tp10/sl20,all,521,-0.5214572937617196,-0.6061277646460873,44.72168905950096,0.8745344201679232,0.10959346365535595,-1.2718243708584942,0.03831912170902668,-1.128254928132009,-1.625183626963492,-25.068649800885257,-31.02197314425555,-2.7878941646630553
g2/v2,tp10/sl20,price<3,283,0.117089423640902,-0.025474180435238414,49.46996466431096,1.0282020999798764,0.6441979099394862,-0.5032767179258938,0.6615751167394339,-0.4312578701179034,-1.0713141669554815,-3.367520264477386,-23.488398395810066,0.19732515699688283
g2/v2,tp10/sl20,price<5,403,0.10718909865661935,-0.2205604259637205,47.8908188585608,1.0267195170025352,0.520512269234086,-0.3997597624936435,0.7209696599751175,-0.5157981710816563,-1.0971255797865942,1.0343398674970583,-17.991708389761225,0.424222621180779
g2/v2,tp10/sl20,gap<20,391,-0.7718590095286706,-1.0,39.130434782608695,0.7621318391443495,-0.5775723930909454,-0.9949683657675966,-0.6082119270877017,-0.952222729423287,-1.5056907106454187,-36.439704757222636,-34.78925267764786,-5.069847258757409
g2/v2,tp10/sl20,"price<3,gap<20",214,-0.4044149361288802,-0.7080783602830568,43.925233644859816,0.8858633461038067,-0.491513367037456,-0.3105515785477934,0.07976230286551701,-0.8621825075417646,-1.2331144758300348,-43.00019258254096,-42.980241917455,-3.2000388917768205
g2/v2,tp10/sl20,"price<5,gap<50",350,-0.15261785703370237,-0.5035430149410896,45.14285714285714,0.9568768616622343,0.254578419436867,-0.609171257924947,0.35604295004391706,-0.6221509097207357,-1.008797899686759,-20.481028638009548,-30.09196531081785,-2.2059875297419307
g2/v2,tp10/sl20,$vol>1m,333,-1.1070145453579536,-0.7014928134944635,43.54354354354354,0.7582527297342252,-0.6588253826117638,-1.6217091967697068,-0.4521541718476432,-1.7818401741582124,-2.0123315834312696,-40.47521883420211,-39.015525975926856,-5.107683575598743
g2/v2,tp15/sl30,all,521,-0.4669640432335522,-0.9598698974365477,42.226487523992326,0.9006221935482663,0.7186826742768665,-1.8767876611135876,0.23204540284591837,-1.2246902827836985,-1.6627472195633786,-20.585207175944674,-36.227126328181,-1.6064506071379039
g2/v2,tp15/sl30,price<3,283,0.5893246832045622,-0.31426846051223745,47.70318021201413,1.127167020755259,1.883206386571055,-0.9334745522960031,1.512917251475575,-0.34081818696908267,-0.6669377680733672,16.382550436375332,-25.441762422319496,1.4116017439438169
g2/v2,tp15/sl30,price<5,403,0.19675144519048018,-0.5850142587363747,45.16129032258064,1.0424020826544613,1.1982327779461774,-1.031584775095513,0.9869694576956606,-0.6053198375022781,-1.0769235642687136,10.4893414252627,-21.81394959771016,1.1703931169337596
g2/v2,tp15/sl30,gap<20,391,-0.7995983268158631,-1.1234596100108012,37.084398976982094,0.7721123598208602,-0.37785735674213533,-1.2839052649774512,-0.6091431851895128,-1.0095085635545824,-1.6827380100046434,-33.69783924058783,-38.51845344515081,-3.771649597047884
g2/v2,tp15/sl30,"price<3,gap<20",214,-0.42160022477406756,-0.989435525101483,41.1214953271028,0.8900946708395033,-0.13758968153627013,-0.7276698393313057,-0.013611827227075733,-0.8073347097275868,-1.3408774137542367,-34.406443431243325,-44.37525283983489,-2.079814152867399
g2/v2,tp15/sl30,"price<5,gap<50",350,-0.014781845662929203,-0.7281865544895314,42.285714285714285,0.996206751358826,0.7560683912701671,-0.8790684749515523,0.49721175485351565,-0.4873913230627242,-0.9695789303979977,-3.090033362218303,-25.00205097163441,0.021990505370695974
g2/v2,tp15/sl30,$vol>1m,333,-1.178592247870994,-1.0,40.84084084084084,0.7760214954996145,-0.34194036145244416,-2.139392478725845,-0.47667302240035453,-1.9019114497279328,-2.204899979911097,-42.11123333643454,-47.024700936548456,-4.197556895098249
g2/v2,tp20/sl20,all,521,-1.0094961063719625,-1.5417358825205887,37.42802303262956,0.8066884397464613,-0.18871370790688186,-1.985468454126659,0.25066975878755204,-2.375515904204876,-2.365278664583959,-34.70232660155463,-40.097118274821334,-3.4676119035743747
g2/v2,tp20/sl20,price<3,283,-0.2496759819199105,-1.3084395311761954,41.342756183745585,0.9527938578295252,0.37754678005215625,-0.9878689248562657,1.179730632446621,-1.689220231849325,-1.5862354587326168,-11.070725120950053,-30.2471162430151,-0.2079622687061599
g2/v2,tp20/sl20,price<5,403,-0.359641634325266,-1.3084395311761954,39.950372208436725,0.9307975748084388,0.2982937926467127,-1.1666121580146545,1.1375308170412333,-1.8792716724622627,-1.7603058558258897,-7.0015588800899415,-31.608255379231647,-0.19667992254186997
g2/v2,tp20/sl20,gap<20,391,-0.7524057662009053,-1.3849065390206627,35.0383631713555,0.791034451489436,-0.20175713047752866,-1.3847440346964308,-0.6986724119155555,-0.8116280115154033,-1.8936040628687765,-32.758524768121255,-37.27747083203546,-3.4944358678980785
g2/v2,tp20/sl20,"price<3,gap<20",214,-0.5109825450336848,-1.3160319135011365,38.31775700934579,0.8732397213140435,-0.37822529139407635,-0.6540510416744276,-0.4093541883960082,-0.6070675367638517,-1.5980810749650023,-40.89292244810009,-44.69415262931831,-2.55219329204966
g2/v2,tp20/sl20,"price<5,gap<50",350,-0.293459442793428,-1.314133052396088,38.285714285714285,0.9317169127341083,0.6048954825650553,-1.3007058742559696,0.8558569361937436,-1.3543668695508169,-1.5054668327826575,-23.088303626633667,-42.29326992699608,-1.664331776992477
g2/v2,tp20/sl20,$vol>1m,333,-1.786840014535451,-1.576221107764897,35.73573573573574,0.6953129433683204,-1.1954392412604233,-2.4659970315867734,0.04924878561773869,-3.6789071317664823,-2.9931477772995136,-53.723859034800384,-56.206235276605675,-6.736582032781036
g2/v2,tp10/sl15,all,521,-0.5323343023387332,-0.8394903368529222,43.186180422264876,0.8678697219013022,0.06564276633208246,-1.243374262144787,0.08831375001600986,-1.2051167910912748,-1.636631953162733,-23.556494277517903,-29.387674044479724,-2.843154768092928
g2/v2,tp10/sl15,price<3,283,0.06934209660415645,-0.32432497740661814,48.0565371024735,1.0170275933460577,0.6080704709017595,-0.5646997592999455,0.7569874003393811,-0.6231801241788358,-1.1215464849904224,-2.6252848702587928,-24.18129069608246,0.25277839469187924
g2/v2,tp10/sl15,price<5,403,0.05242647153635185,-0.47635597538751995,46.40198511166253,1.0133318997636094,0.514229726126988,-0.5139841501162516,0.6645585480105485,-0.5688875860849578,-1.1547478741194093,2.6598440930174716,-17.307301755724463,0.5776192699915598
g2/v2,tp10/sl15,gap<20,391,-0.7201383889488195,-1.0,39.130434782608695,0.7744762442394739,-0.577108449835577,-0.8843870552931478,-0.5909019550331037,-0.8625763940709797,-1.451328445466059,-32.24470988372683,-30.74921564171673,-4.816507096090666
g2/v2,tp10/sl15,"price<3,gap<20",214,-0.3620160941543346,-0.71615233532566,43.925233644859816,0.8965920392214387,-0.4283826164961397,-0.2904948904655929,0.017729074703907235,-0.721047890165763,-1.1886372592488939,-34.53479483637154,-36.46835812017348,-2.8557810251044065
g2/v2,tp10/sl15,"price<5,gap<50",350,-0.0442445391178958,-0.5500698894852475,45.14285714285714,0.987103515818539,0.3281204487894312,-0.4617446770745958,0.406927142134349,-0.4607107064276601,-0.8948920099854609,-12.951646770520398,-23.111806378629318,-1.519340638300179
g2/v2,tp10/sl15,$vol>1m,333,-1.1840923876060736,-0.9598698974365477,41.74174174174174,0.7365251504133924,-0.6163425025133726,-1.8360890298415626,-0.4311568684678061,-1.959983257937581,-2.0932997899568977,-40.77933035998461,-40.54258321253987,-5.229424909517708
g2/v2,trail5,all,521,-0.4205110425796278,-1.7302569649903567,34.357005758157385,0.8446375147860534,-0.20758771223058337,-0.6736929858097942,-0.1546518135140218,-0.708702446886745,-1.7601640589980856,-16.44496268302047,-20.216030999384216,-2.5836868324064506
g2/v2,trail5,price<3,283,0.038485460802991374,-1.3236242958260775,39.2226148409894,1.0142850498736182,0.1498018524019404,-0.09252536930961791,0.10076582884953152,-0.02423661198146781,-1.3817690549705082,-5.3731327666443285,-14.79221952105975,-0.20608675207710547
g2/v2,trail5,price<5,403,0.08902763928242377,-1.3849065390206627,37.71712158808933,1.0340689687531455,0.15403792912626715,0.009291261683897436,0.29996981964019687,-0.12507867378071588,-1.3967819162559671,6.282254748378069,-12.361422418113506,0.9881671613624039
g2/v2,trail5,gap<20,391,-0.9567831588627698,-1.6090576345948027,32.73657289002558,0.6056350576543355,-0.647049787449149,-1.312465986475114,-0.8557764192288153,-1.0681077912550312,-1.8104829100029,-31.459116771836783,-32.98179683516136,-6.211597267185386
g2/v2,trail5,"price<3,gap<20",214,-0.6279115259641086,-1.3148731872185582,38.78504672897196,0.7429100376593649,-0.41744068139838986,-0.8547296205931839,-0.462358483418074,-0.7844344025530864,-1.5013308725232655,-23.240612115415683,-26.506751355361118,-3.4830959344482526
g2/v2,trail5,"price<5,gap<50",350,-0.46940827878953006,-1.5718539120508606,36.857142857142854,0.8107659825120487,-0.2511751749653917,-0.7140938800468971,-0.34651612487266004,-0.5828471900974099,-1.4953641210833448,-22.244057396565452,-22.755390079414838,-3.519786995185737
g2/v2,trail5,$vol>1m,333,-0.7928146365077244,-1.7827780980020709,31.53153153153153,0.7181405525215953,-0.8474912438533111,-0.7300247261366635,-0.754173734352186,-0.8326336149484929,-1.9634246966462552,-27.229503743595185,-25.590298673394447,-4.110765913395891
g2/v2,trail8,all,521,-0.4727616086930748,-1.5843581646922398,35.31669865642994,0.8481275422777345,-0.08019404073405381,-0.939554136980482,-0.012068498701241598,-0.9721529399242219,-1.9372601917510746,-21.06290221011803,-25.32045815170901,-3.0178628058307737
g2/v2,trail8,price<3,283,-0.16083784650032545,-1.3236242958260775,38.515901060070675,0.9484630800452587,-0.30331426153332314,0.006845934269279602,0.029008044375186542,-0.3520301621338198,-1.5811064087289652,-2.704991680044322,-13.49497716744946,0.16809364576654778
g2/v2,trail8,price<5,403,-0.03173401267550464,-1.3198265736159802,37.96526054590571,0.9894816016783763,0.058783922026515625,-0.14275600993433613,0.5284802905914693,-0.6003515304914834,-1.5741845013363573,2.013479892520098,-11.046842762263852,0.5001664530019198
g2/v2,trail8,gap<20,391,-0.862394719780686,-1.3849065390206627,33.75959079283887,0.6847888682412706,-0.4157723015558281,-1.3752743099400009,-0.8811399107379841,-0.8417346974890404,-1.8923970902392504,-31.108597628586377,-35.80362100520395,-4.313993711471372
g2/v2,trail8,"price<3,gap<20",214,-0.6801623551626519,-1.1113303137475339,36.915887850467286,0.7552113565144675,-0.6991673135256197,-0.6596812835287739,-0.7055995442383861,-0.6561126491274121,-1.5627346141407272,-23.98422076122777,-26.676881087548765,-2.803817954421461
g2/v2,trail8,"price<5,gap<50",350,-0.4454447863983646,-1.126185721202242,37.42857142857143,0.8420069693977462,-0.14405293893992213,-0.783368979003285,-0.030233820598844746,-0.8287164471363831,-1.5606649424651344,-21.375916318445697,-23.425629958731804,-3.273353793367971
g2/v2,trail8,$vol>1m,333,-0.8649996679111749,-1.582194034084015,32.732732732732735,0.7319409377231952,-0.6113407863316901,-1.1562982544992282,-0.6658578604030734,-1.0702128719896455,-2.2085954679495727,-32.73842777345685,-36.0691244730439,-4.575108653437289
g2/v2,trail10+tp20,all,521,-0.3680166363406259,-1.3849065390206627,35.70057581573896,0.8873636739143943,0.18078385840286285,-1.020581930510404,0.05825569387489326,-0.8300958422942483,-1.6240988695221017,-14.562592011049546,-22.08913938022944,-2.1976021376553243
g2/v2,trail10+tp20,price<3,283,0.04275567026344208,-1.087425353596714,38.869257950530034,1.0130854721864309,0.29135600942168566,-0.24982780582279804,0.06698517994328475,0.018354320089416367,-1.1780862885863266,13.624855733152707,-13.226204853363924,1.3839471984448786
g2/v2,trail10+tp20,price<5,403,0.12759953104990218,-1.045950361184969,38.46153846153847,1.0404415967605447,0.5157848957129212,-0.34851732505612154,0.5051080215298939,-0.2555715867872895,-1.1623126852893741,16.3816907391096,-11.320340270944834,2.151352654256825
g2/v2,trail10+tp20,gap<20,391,-0.7890883725580994,-1.3198265736159802,34.52685421994885,0.7284858239174471,-0.2726243561431627,-1.3821706771225044,-1.0290703129109375,-0.5245921479756701,-1.8712392875073494,-30.3135081850903,-33.77009522703983,-4.567464114640617
g2/v2,trail10+tp20,"price<3,gap<20",214,-0.3449988084525521,-1.2000912800698913,37.38317757009346,0.8849302313591223,-0.1525699130530748,-0.5523736374752899,-0.7976200993048371,0.08293404835324478,-1.3128697261979614,-11.301980715033267,-25.22155362682939,-0.7669819328605645
g2/v2,trail10+tp20,"price<5,gap<50",350,-0.07923106637290268,-1.0229751805924845,38.0,0.9734342468086616,0.4327540960849574,-0.6532750364014124,0.08140538873632483,-0.22751087108911253,-1.2079111543473053,-3.952837068341264,-22.521649399150746,-0.3366843640365127
g2/v2,trail10+tp20,$vol>1m,333,-0.8799372487388224,-1.457813570953962,33.033033033033036,0.7443931659592498,-0.41078287102318933,-1.4187080825025815,-0.24327780479210442,-1.536007041586355,-1.9971798635947478,-31.79507130141853,-36.79355464191684,-5.001377340291358
g3/v0,tp15/sl20,all,1299,1.0133518119131146,0.0891470718747236,50.80831408775982,1.3575420690391007,1.295141365638766,0.5496329536436119,1.5685540392557515,0.3958586029661826,0.1854408985735615,47.98817849714825,-6.928582819840404,8.012724280667795
g3/v0,tp15/sl20,price<3,535,2.2795431270066073,1.0134208857554183,55.700934579439256,1.7696117500445092,2.4777250381842366,1.9822702602401632,3.340339481028592,1.19061959693101,1.448169908893854,146.6359784262377,-5.056912570951777,13.484177954998444
g3/v0,tp15/sl20,price<5,865,1.6673377847949473,0.3456031470781704,51.676300578034684,1.5760146350465989,1.9243940465929563,1.2684835260759126,2.3815548138151104,0.8892897652584892,0.7964741811948429,87.90305188127986,-4.73448711716187,11.96880703995306
g3/v0,tp15/sl20,gap<20,1160,1.1839521395668064,0.08249563406604399,50.689655172413794,1.5511446644424034,1.172592358418199,1.2030250284698958,1.5449717574738449,0.7849304566169221,0.486452572612186,64.27365526684699,-2.943136044852134,12.664531100801632
g3/v0,tp15/sl20,"price<3,gap<20",460,2.354885805102551,0.8089957827692972,55.00000000000001,2.081579825752776,2.225178545664186,2.5442445314484,3.3347683160483377,1.408503550941236,1.7029829640865537,153.5385128097169,-2.8437038144889804,14.785024441489986
g3/v0,tp15/sl20,"price<5,gap<50",812,1.6368013124586283,0.22803914314328888,51.108374384236456,1.6457357579280836,1.8100808087106752,1.374467957451658,2.3840656196403276,0.8556560039437535,0.9148751543465965,82.25900179866406,-4.207248570964437,12.270405912386579
g3/v0,tp15/sl20,$vol>1m,898,1.0089278959723014,0.20672899723150673,51.44766146993318,1.365820956806688,1.2902419548883124,0.5223999338956746,1.4708292007636,0.49714992446644996,0.22613260907947377,46.35764761574277,-5.119338329784916,6.931194236830743
g3/v0,tp10/sl20,all,1299,0.7576581504872948,0.39593470913357365,52.88683602771363,1.2905665434705829,0.8793213362583504,0.5574466350025435,1.080189426574064,0.39894043854688843,0.09470818671643282,39.20316381937226,-7.955691447425864,7.453446192606481
g3/v0,tp10/sl20,price<3,535,1.8059701349240969,1.9492523046008992,58.13084112149532,1.6818598348152292,1.8049276397117073,1.8075338777426813,2.5442820935585586,1.0480817228409942,1.0795643327458488,113.49917632600533,-5.771198285237492,11.755520684555773
g3/v0,tp10/sl20,price<5,865,1.241134236949514,0.766283974713629,53.872832369942195,1.4678973989496649,1.3263415874189954,1.108924601707781,1.6760809921380768,0.767315428761007,0.501465784287987,65.1195592568904,-6.884286689115749,9.696179988786543
g3/v0,tp10/sl20,gap<20,1160,0.828638152414662,0.247303877714111,51.810344827586206,1.3984440768046544,0.7408745078600459,0.9759918928100568,1.078651813963266,0.5523072633346263,0.3372948147914184,43.7278696971009,-2.4662319503933587,10.460980259261667
g3/v0,tp10/sl20,"price<3,gap<20",460,1.7852767018530797,1.2645918364630946,56.52173913043478,1.8555320240066242,1.5319404157535037,2.1551205847685035,2.590639186569921,1.007447977297498,1.314859951679913,106.12432946844841,-3.233064666110405,11.987044032055223
g3/v0,tp10/sl20,"price<5,gap<50",812,1.1859297605570978,0.5325578026080998,53.07881773399015,1.5036776453976968,1.1822337232643647,1.191525309275817,1.6235588128112068,0.7284585850269832,0.6564730553572142,57.778480926141704,-3.917735691802856,10.030107457968779
g3/v0,tp10/sl20,$vol>1m,898,0.663185921390254,0.39804595765919726,53.11804008908686,1.2585132855823953,0.7133453929531317,0.5764359538544566,0.9186539931549004,0.38013209539750015,0.05366297570534127,36.35151816740196,-6.794608469142636,6.211430660076649
g3/v0,tp15/sl30,all,1299,1.0017324251245396,0.14680030606022854,51.19322555812163,1.3451943289684096,1.3442106957598898,0.4381429288447782,1.5082468894638779,0.4383895086885928,0.161519102289238,48.634465814773044,-9.843605744692029,7.677905529396945
g3/v0,tp15/sl30,price<3,535,2.316019080366369,1.0461440588574846,56.26168224299065,1.7641163878684303,2.5652761423777073,1.9421334873493605,3.4595874987734425,1.142128772077289,1.4581204001997303,142.60295271516816,-6.485483999523193,11.889764145196779
g3/v0,tp15/sl30,price<5,865,1.6991787204684747,0.4454111823508131,52.138728323699425,1.5771247202980547,1.9902920180328123,1.2474808015338392,2.3703381048278196,0.9680364925794297,0.8124018872591017,91.14236989132655,-7.697033992488849,10.848655271639963
g3/v0,tp15/sl30,gap<20,1160,1.1371602307609185,0.08249563406604399,50.689655172413794,1.5180775587918642,1.177176859057739,1.0699729587706452,1.5071730110892938,0.7281987367137671,0.4371979317638827,60.81585755863996,-2.9431360448521287,11.830605015310574
g3/v0,tp15/sl30,"price<3,gap<20",460,2.340392178939389,0.8089957827692972,55.00000000000001,2.0678147876403856,2.237387087660324,2.4907685956195222,3.4039161514337586,1.3132280003764518,1.6877265154937515,152.9701163714221,-2.8437038144889897,14.49415380738143
g3/v0,tp15/sl30,"price<5,gap<50",812,1.6989306845662946,0.2980501552239042,51.35467980295566,1.6776373791097134,1.8609123145695126,1.4537015295459432,2.3438367188641047,1.0247845781844531,0.980223664905438,92.93758358313409,-4.050603560193938,13.433777284529464
g3/v0,tp15/sl30,$vol>1m,898,0.9425505903396416,0.23662378038360077,51.67037861915368,1.3315744411216313,1.2138709073053702,0.4733066378973934,1.2985255223154486,0.5481370506856957,0.1563353954282696,46.73511558686108,-7.179451957561857,6.469168307103543
g3/v0,tp20/sl20,all,1299,1.0142945972582476,-0.12014568758024857,49.34565050038491,1.3364281216224603,1.2605146566200993,0.6091096523206176,1.7717845271301407,0.17181799232755668,-0.009634671414837962,52.30444445330858,-7.540303298202973,7.684458715306537
g3/v0,tp20/sl20,price<3,535,2.379055614114344,0.5228383451897991,53.084112149532714,1.745191392163132,2.5527894957519988,2.118454791657862,3.7579167902876494,0.9636337249364437,1.4003479636445748,172.09104401575718,-6.401887245635253,13.042993068946007
g3/v0,tp20/sl20,price<5,865,1.735523983833853,-0.051188612566749,49.82658959537572,1.5573977609787688,1.9850721637165467,1.3483194333374018,2.681613663282392,0.7048803958355646,0.6948710802435033,99.27649729880265,-5.124658511498,11.876737128931198
g3/v0,tp20/sl20,gap<20,1160,1.200511128147409,-0.1115234200003013,49.48275862068965,1.539813445108775,1.211925853031338,1.1813459896009513,1.5370990147526027,0.8284929376890371,0.2476207983789299,66.92720210336887,-2.943136044852137,11.285121195339615
g3/v0,tp20/sl20,"price<3,gap<20",460,2.4102780520156633,0.4689214415130962,52.60869565217391,2.044083486956122,2.368438754955023,2.471358950933068,3.350309613122258,1.5023843220580109,1.521588033057773,166.57427930379788,-5.922297945503722,12.80875323187312
g3/v0,tp20/sl20,"price<5,gap<50",812,1.750842948289438,-0.11609162442048027,49.38423645320197,1.6566747272064788,1.9732682910800052,1.4141061290182697,2.5543678447951366,0.9108861924963272,0.7975457233942029,92.24435210836361,-6.840099782214285,11.482562524089014
g3/v0,tp20/sl20,$vol>1m,898,1.007798326492505,-0.009393710092193808,49.88864142538976,1.336644374653744,1.1610114019457691,0.7428188738088962,1.8898419960217685,0.030510504854448003,0.01399892660911767,50.10705102351385,-7.182474596972292,6.509210514532555
g3/v0,tp10/sl15,all,1299,0.6686760857429267,0.32391475936741454,52.11701308698999,1.2554244127158303,0.7435701023322193,0.5454289056937444,1.0276398766753863,0.2694383085107278,0.010913937199851577,32.42494766308535,-8.347490178802756,6.32484743710789
g3/v0,tp10/sl15,price<3,535,1.760687160724962,1.7361018828133612,57.38317757009346,1.670332536865805,1.7792592091776211,1.7328290880459734,2.552224041310027,0.9481625598213541,1.0319682793145386,97.5681579186964,-5.409199804369537,10.352745984283077
g3/v0,tp10/sl15,price<5,865,1.1730626708042236,0.6345134316045156,53.179190751445084,1.4436309247184473,1.237005712689459,1.0738472134837698,1.6158917604252616,0.6906570683426582,0.4445556860328534,57.260125900264704,-7.102176709052746,8.742173875376384
g3/v0,tp10/sl15,gap<20,1160,0.7870907288736056,0.24222723460734175,51.724137931034484,1.372415661895731,0.6851995006041443,0.9581644539357261,1.07336562623299,0.4706816317921804,0.29356068474820024,39.74948891017562,-2.243837600908499,9.601278179280776
g3/v0,tp10/sl15,"price<3,gap<20",460,1.6979985234004487,1.2482476985011337,56.30434782608695,1.7881327872348425,1.5058370725629222,1.9785336895964096,2.5886283013775873,0.8378176267216744,1.22298818488767,90.90287703818842,-2.970268862862922,10.833434251737655
g3/v0,tp10/sl15,"price<5,gap<50",812,1.1349784984674864,0.5283206755476747,52.83251231527094,1.476216427605406,1.1517861442096002,1.1095328676071345,1.6123880571399591,0.6359231663539446,0.6028818315013018,50.67754484518474,-3.6380785062427026,9.36367929740451
g3/v0,tp10/sl15,$vol>1m,898,0.5387421483564325,0.31894231461751843,52.2271714922049,1.2075139238508619,0.589343699667174,0.45122761128709543,0.8324317482397882,0.21333958698332484,-0.06302168967453597,26.149240948635843,-8.534147227837732,4.6354738305135434
g3/v0,trail5,all,1299,0.3011324733073391,-0.838186776367973,42.34026173979984,1.1443499559563748,0.17178906159005727,0.5139827312860838,0.5586567847579056,0.014715190328172388,-0.7169777974644294,17.609904764621277,-4.875210831837189,4.669411884079757
g3/v0,trail5,price<3,535,0.7320624660590124,-0.911737399930357,42.242990654205606,1.332204140897524,0.5749906423567779,0.9676702016123643,1.1638977838430322,0.28877696939435593,-0.49782737740514954,28.40877043038226,-4.804656555986266,4.2838884182015535
g3/v0,trail5,price<5,865,0.5272919105099934,-0.9271809476093207,40.578034682080926,1.246042799919342,0.3894493726560384,0.7411714825193744,0.9376622933029465,0.08024591379593075,-0.6234907174657874,27.055914378439304,-4.586185386699838,5.395925883570635
g3/v0,trail5,gap<20,1160,0.23848453639690148,-0.7807654707657571,42.41379310344828,1.12678599077878,0.09775195745309936,0.4747722613210217,0.4947999167423692,-0.04481141030072099,-0.5988876293488686,14.988142635580548,-3.113297974041631,5.466127322621318
g3/v0,trail5,"price<3,gap<20",460,0.480303902008444,-0.8311164518212966,41.95652173913044,1.2415887128629,0.3899223033699901,0.6122513695394488,1.1461486368219982,-0.16277691024738197,-0.4876845944367294,20.754687156031526,-3.966771838438082,3.984586158077569
g3/v0,trail5,"price<5,gap<50",812,0.25272237874881337,-0.9687957388404548,40.02463054187192,1.1223279252237215,0.17467343791149204,0.3708831591495877,0.7033835290153411,-0.2183717707741311,-0.6634881506934366,9.506074499534844,-4.325345767132626,2.4630433216633136
g3/v0,trail5,$vol>1m,898,0.38765605215169185,-0.7874013389019083,43.318485523385306,1.1932772517873436,0.13556855481478688,0.8236371645671899,0.5057098144441495,0.2568547005037105,-0.6084048230095025,25.664243159106135,-3.257102244052131,5.467453386188314
g3/v0,trail8,all,1299,0.6388870485399066,-0.6326403080051901,45.18860662047729,1.2727672968915618,0.5853306122700115,0.7270206544585934,1.0798928089141955,0.14840259309923415,-0.5916808049617654,32.434201147037456,-5.989730946094,6.5290605681906415
g3/v0,trail8,price<3,535,1.3501567144501059,-0.3243303471943665,48.03738317757009,1.5567416012260957,1.2370515884452935,1.5198144034573244,2.1165975861409025,0.563393546919023,-0.018490796809555295,63.67189885311848,-4.143142950762415,8.084077215599205
g3/v0,trail8,price<5,865,1.1351742920609929,-0.5607954805500021,45.08670520231214,1.482712415092226,1.114140066611679,1.167811467831905,1.8449660291321888,0.3619470615800525,-0.21558741166162915,56.97686212229984,-5.441546991819701,8.906773584928601
g3/v0,trail8,gap<20,1160,0.6353796560653334,-0.5539292490157405,45.775862068965516,1.3033247582694139,0.5927410937162487,0.7069691129424341,0.9990557610214944,0.23342185585062933,-0.4417205557611474,32.42557943397868,-3.503641086520565,7.295414617673414
g3/v0,trail8,"price<3,gap<20",460,1.2393140277792312,-0.2863630968519101,48.26086956521739,1.5791168230512698,1.3436907433140994,1.086935186383408,2.1003081265697374,0.4077556246738705,0.08818919292299325,53.28775233312177,-3.9242155587036587,6.853025335079364
g3/v0,trail8,"price<5,gap<50",812,0.9888676248829706,-0.5606476906165054,44.95073891625616,1.4426357461724735,1.0606150695324787,0.8802468805064709,1.7244080126223178,0.21997779890858996,-0.17783957237501793,42.10374505371479,-3.9517103974676058,7.396873238941793
g3/v0,trail8,$vol>1m,898,0.6934681433434206,-0.5475510340083132,45.5456570155902,1.3066372536434525,0.4389329357768489,1.1336825296819597,0.8571758415046771,0.5120830881037186,-0.5138258568814551,41.55772194157588,-3.973163436974666,6.706382783609571
g3/v0,trail10+tp20,all,1299,0.9433313934993035,-0.3446122248104594,47.42109314857583,1.4023417946708074,0.9925498100780963,0.8623365246690299,1.3357819709527667,0.5068497756486228,-0.07336815840203212,49.45004044479893,-4.979240597827971,9.698851459250488
g3/v0,trail10+tp20,price<3,535,1.96489635648291,0.1979336934677116,51.02803738317757,1.8212337050054617,2.060454367613698,1.821559339786728,2.491735335275498,1.424088162343549,0.982814987728167,122.51715680772222,-4.809602942466487,13.131862253017523
g3/v0,trail10+tp20,price<5,865,1.536512588168291,-0.3167897990493228,47.74566473988439,1.6472035345612743,1.663306589511549,1.3397761731047104,1.9987900732649295,1.0329204486064938,0.5018363941157311,84.66597988394618,-5.090117216408626,13.634377821475656
g3/v0,trail10+tp20,gap<20,1160,0.9649142998208974,-0.2916865359671899,48.44827586206897,1.4637118249477288,0.9889179619208904,0.9246125392049735,1.2596712267928096,0.6391303279045729,0.0040965606736458725,49.26081079490869,-2.608626127714181,9.784379934882953
g3/v0,trail10+tp20,"price<3,gap<20",460,1.9911169739991648,0.23900322598071455,51.73913043478261,1.9465262633321905,2.214276424411471,1.6653280437180966,2.518938199381341,1.4813409187155249,1.0916441315015737,120.08089056279219,-2.8374155250188435,12.384808391843864
g3/v0,trail10+tp20,"price<5,gap<50",812,1.4992141350381463,-0.3087646998210498,47.9064039408867,1.6628810976385586,1.6707750498025742,1.239482595348347,1.954855558023027,1.0229139069809032,0.5411150414039289,74.9656979288357,-3.4294992944702782,12.48505047991343
g3/v0,trail10+tp20,$vol>1m,898,0.8982560135658947,-0.34537932798011256,47.216035634743875,1.39426137116097,0.8800377437211171,0.9297642067016952,1.2028011762930682,0.5608256924221717,-0.09389906621793541,46.65950636277372,-3.7682064357689518,8.295200597989139
g3/v2,tp15/sl20,all,490,-0.7863199502746538,-1.1412960910688645,41.224489795918366,0.8373167335985493,0.147739770809445,-1.9614273413159398,-0.09021899233427949,-1.535513354159633,-1.9543625876834405,-35.31627945607835,-43.68668309400333,-3.4186384357827015
g3/v2,tp15/sl20,price<3,268,0.10221199003368997,-0.529930303223717,46.64179104477612,1.0211853174345618,0.9257087795658565,-0.9134340503893156,0.7652033713157985,-0.5607793912484188,-1.121699145346448,-5.288682517715182,-33.07338430089045,0.21259890518681154
g3/v2,tp15/sl20,price<5,380,-0.08765784989139314,-0.6517237397848614,44.73684210526316,0.9814703249063269,0.7421330522016153,-1.1460139106447509,0.6221633144603492,-0.8049903493156404,-1.3459353138665786,-11.179483524622114,-33.93487291679059,-0.5314108089731973
g3/v2,tp15/sl20,gap<20,364,-0.7728017787484219,-1.1970810079558474,37.91208791208791,0.7794994636194182,-0.5045430344732375,-1.103599371382238,-0.7998936818338737,-0.7432186661838484,-1.6689830849545615,-35.68366101231347,-36.32038069703773,-4.353313305430222
g3/v2,tp15/sl20,"price<3,gap<20",201,-0.4471070413436304,-0.9857692219243593,42.28855721393035,0.8846953390477772,-0.42826468180194055,-0.46855525911980933,-0.3091787032293224,-0.5757517413156291,-1.4197554469168852,-41.07571693222828,-43.20303386024483,-2.5298912062947227
g3/v2,tp15/sl20,"price<5,gap<50",329,-0.3037719505645397,-0.8044974248728418,42.5531914893617,0.9260826482258,0.4354276203639808,-1.1751462792087564,0.5138390671099796,-1.0500796818139557,-1.2748854015242792,-29.48923873130638,-43.49497307557324,-2.234829262804531
g3/v2,tp15/sl20,$vol>1m,314,-1.2643045420340613,-1.162627726627185,39.80891719745223,0.7589741424454182,-0.2756885836630483,-2.431420603999841,-0.40164479053384905,-2.1605744137225935,-2.2885831200555105,-46.8330202049811,-51.182510694832416,-5.076396899027647
g3/v2,tp10/sl20,all,490,-0.5304983610620432,-0.48415824251778933,45.91836734693878,0.8743766239120557,0.11357830473967814,-1.3407883599738863,-0.08156842398384337,-1.0136687170699366,-1.6177882392225755,-27.664272352950803,-34.34556872200532,-2.8543704731902277
g3/v2,tp10/sl20,price<3,268,0.19096576504118049,0.4054562938766896,51.11940298507462,1.0458605401383776,0.8290629352180484,-0.5960207448436232,0.8303099393047991,-0.4483784092224383,-0.9883018255528936,-2.6648407615024405,-26.823845629941808,0.29617808170819415
g3/v2,tp10/sl20,price<5,380,0.019904851690238513,-0.12258429472986154,49.21052631578947,1.0048123763836236,0.5813739309856584,-0.6962203811835608,0.4975773052164448,-0.4628223367939174,-1.1947838604194374,-6.4140897840133215,-25.141871718004836,-0.25522938364102393
g3/v2,tp10/sl20,gap<20,364,-0.7542162581777667,-0.9928846109621796,40.38461538461539,0.7696118946361502,-0.5873656689726704,-0.9599645307558304,-0.630020939837139,-0.8898318356761538,-1.4976412803618344,-35.94008394038358,-34.5939925005403,-4.902357238380887
g3/v2,tp10/sl20,"price<3,gap<20",201,-0.4446196426069488,-0.7014928134944635,45.27363184079602,0.8773012878507596,-0.405737854880538,-0.4888786988487141,0.11641561484060631,-0.9678929115724567,-1.3138675078847541,-43.81800329405726,-45.12109045653185,-3.169020564125652
g3/v2,tp10/sl20,"price<5,gap<50",329,-0.17175919876126647,-0.31426846051223745,46.808510638297875,0.9524799227211367,0.28552130532610553,-0.7108050909967116,0.37856799052826884,-0.6740927378220634,-1.0189527595228385,-23.57879907735484,-33.401661540048856,-2.4162050461793596
g3/v2,tp10/sl20,$vol>1m,314,-1.067628849900133,-0.5812622395833983,44.5859872611465,0.7680383295480215,-0.590263885592497,-1.631184710541092,-0.5796373569534562,-1.5746329984161602,-1.9611101383880032,-38.92244074953914,-38.58137820886681,-4.173908425041803
g3/v2,tp15/sl30,all,490,-0.6631361283145679,-0.953358013399334,42.6530612244898,0.8651100092413724,0.47374797191680257,-2.0934096737669377,0.08455119566620806,-1.4678504515820139,-1.8558427641047668,-31.21693269110285,-43.78145214256017,-2.743688240319278
g3/v2,tp15/sl30,price<3,268,0.40007643311460606,-0.23004101539824673,48.507462686567166,1.0826278366900466,1.6008915517937752,-1.0809288799230357,1.5063308614152249,-0.7061779951860129,-0.8643627891203662,1.1098131632812258,-33.83426117332695,0.6376652697060224
g3/v2,tp15/sl30,price<5,380,0.11103295030799455,-0.38476873540804984,46.31578947368421,1.0231750204530479,1.1371214927694315,-1.1976907595380295,0.9464362731577339,-0.733210619344388,-1.1768143468222945,-0.5493326942122567,-30.02745965117548,0.4046373922629529
g3/v2,tp15/sl30,gap<20,364,-0.810698541537485,-1.162627726627185,38.18681318681318,0.773618700648047,-0.4164052807906721,-1.2969129305565612,-0.7193680131899998,-0.9104272793881879,-1.7088513556343852,-36.19042700010263,-40.36163818658977,-4.022860759014602
g3/v2,tp15/sl30,"price<3,gap<20",201,-0.4156465286873061,-0.8044974248728418,42.78606965174129,0.8938541534861829,-0.1681368949857179,-0.697386218113582,0.05473755493909093,-0.854370145146542,-1.3866477870010667,-35.858641307203676,-44.49020992610752,-2.076404560617943
g3/v2,tp15/sl30,"price<5,gap<50",329,-0.14143412421319898,-0.7076026245562765,43.46504559270517,0.9652917114279186,0.6001849868165184,-1.0156606259568393,0.5475962457235852,-0.7703746363066588,-1.104249155934532,-11.495622504375191,-32.44941785888003,-0.7278871975445057
g3/v2,tp15/sl30,$vol>1m,314,-1.2440940499439908,-1.0,41.082802547770704,0.7681864231802616,-0.23806297857271885,-2.431769620312853,-0.43717990314486244,-2.082446410254773,-2.267358723679984,-43.36924235647446,-50.38222494204041,-4.178514168155576
g3/v2,tp20/sl20,all,490,-1.0586652271836972,-1.5785233305518638,38.163265306122454,0.8014331180528693,-0.2848305221705219,-2.03219921090995,0.36689164040611716,-2.5929510084032428,-2.3877226874688966,-38.9982948789781,-43.06548552798765,-3.8634049382540976
g3/v2,tp20/sl20,price<3,268,-0.39180588735982247,-1.3102422669612503,42.16417910447761,0.9282881356536485,0.26869842223368684,-1.206427869191817,1.4538861272643093,-2.237497901983955,-1.7070862898261794,-18.84213638668053,-36.277182280508356,-0.6807060163710215
g3/v2,tp20/sl20,price<5,380,-0.4741109447129624,-1.1757493723975272,41.05263157894737,0.9114666690935043,0.2441452712127337,-1.3902101901750779,1.234198065799411,-2.200497299251921,-1.8799769724425348,-16.616342531261765,-35.87793168333141,-1.00629957112184
g3/v2,tp20/sl20,gap<20,364,-0.8261860201051944,-1.459321304179105,35.714285714285715,0.7766283263495755,-0.3771293132128952,-1.3799307936349614,-0.6713149282614133,-0.9952981318886333,-1.9937967384318025,-37.15322460767603,-39.52173466247425,-3.921220291489875
g3/v2,tp20/sl20,"price<3,gap<20",201,-0.7503733776070439,-1.460829037404248,38.80597014925373,0.8216438060057761,-0.6901729252869061,-0.8188994243969879,-0.29029853620123053,-1.179481643149004,-1.912959303304449,-47.68118390470343,-49.89173311308983,-3.0969629073788223
g3/v2,tp20/sl20,"price<5,gap<50",329,-0.513596951570951,-1.235577994901838,39.209726443769,0.886263700724206,0.35682984787007366,-1.5396629800510995,0.8733710697238987,-1.7796084593807848,-1.7376637097005327,-34.06938302033912,-47.38614714371017,-2.770666733969166
g3/v2,tp20/sl20,$vol>1m,314,-1.8583093192181002,-1.6890054497773717,35.98726114649681,0.6871299215560446,-1.3032436736525366,-2.513595150788557,0.22433387203016347,-4.02209445298253,-3.0588688272198516,-55.85307182869445,-57.59314707471014,-6.510241477730176
g3/v2,tp10/sl15,all,490,-0.6281103004352341,-0.7641239997571624,44.285714285714285,0.8486080915905599,-0.12089524034041495,-1.2662195695867806,-0.06946610597452528,-1.2293629504056574,-1.6950339591875796,-29.031911369197516,-31.77700537063879,-3.3700230268317597
g3/v2,tp10/sl15,price<3,268,0.09980251326244775,-0.1311850490884776,49.62686567164179,1.0242186858558904,0.6457754419138527,-0.5735640987409518,0.8719776159710577,-0.6723725894461625,-1.0841126156576013,-4.06745574655395,-26.077032220929137,0.19842080505148724
g3/v2,tp10/sl15,price<5,380,-0.10216693975553642,-0.24106209706512505,47.63157894736842,0.9749854406356424,0.3267807246054827,-0.6492678529824647,0.40895944539637563,-0.6187020697238704,-1.2916052298243825,-8.59880827818702,-22.192169524135128,-0.548409799508695
g3/v2,tp10/sl15,gap<20,364,-0.7383746864048918,-1.0,40.38461538461539,0.7733542143651556,-0.6365872660120141,-0.8638916894660482,-0.6113443910413887,-0.8770859284684878,-1.4809755805776537,-33.58883534936137,-30.96026246003382,-4.811101507683236
g3/v2,tp10/sl15,"price<3,gap<20",201,-0.44353267184249223,-0.7076026245562765,45.27363184079602,0.8775645256683775,-0.5033209577457598,-0.37547579320792124,0.04990576196630283,-0.9037589033756954,-1.3127236276561904,-38.1407926046739,-37.21271821977455,-3.105987466002453
g3/v2,tp10/sl15,"price<5,gap<50",329,-0.10755798554084854,-0.32432497740661814,46.808510638297875,0.969704144935354,0.3016642884214933,-0.5899524541851989,0.4141314852625277,-0.5837512815648608,-0.9514696951473837,-19.5362209905939,-27.452109558460158,-2.2189008308660583
g3/v2,tp10/sl15,$vol>1m,314,-1.2836474814060668,-0.8160398408754171,42.675159235668794,0.721437453023786,-0.8491537550446461,-1.7965914639160776,-0.6229249271136634,-1.9701124728786938,-2.147491564284014,-42.97681097642263,-39.95067429625045,-5.0485105178642184
g3/v2,trail5,all,490,-0.5008550513444271,-1.7645219645870531,35.10204081632653,0.8190216667663894,-0.32855169859628547,-0.7176237854469276,-0.26679879520393834,-0.7527630558346138,-1.829959659409008,-20.43297031651228,-23.169568277456136,-3.189280432623073
g3/v2,trail5,price<3,268,-0.09542957963869778,-1.4228677882124554,38.80597014925373,0.9657257691070679,-0.006952809943609224,-0.20455092892930693,0.02172004503395918,-0.21257920431135505,-1.5092550817109374,-10.753053322491645,-18.784755641339938,-0.6333424971745274
g3/v2,trail5,price<5,380,-0.02993973884575425,-1.4228677882124554,38.15789473684211,0.9889176274706633,0.04372046080598858,-0.1238895743297138,0.19788484863684128,-0.26017516852393274,-1.5309013156057616,-0.9768405647004985,-15.000734627219545,0.15710314724155303
g3/v2,trail5,gap<20,364,-0.9607449693514053,-1.5880291774457516,33.51648351648351,0.6041553474519921,-0.7277697099834262,-1.2480334793695878,-0.8753674604413618,-1.053973283678464,-1.8249718822811805,-32.2825213665679,-32.47490735318502,-6.496222361078985
g3/v2,trail5,"price<3,gap<20",201,-0.7387178496869369,-1.235577994901838,38.308457711442784,0.7071084393662348,-0.5517400768726433,-0.9515542506563988,-0.44332747729519045,-1.0142261777830848,-1.6532901583906132,-28.607566115310203,-29.03362164713107,-4.42100768057487
g3/v2,trail5,"price<5,gap<50",329,-0.5863032750737428,-1.460829037404248,37.38601823708207,0.7711968985883566,-0.37148227988541727,-0.8395359713884578,-0.3843315017152734,-0.7706612309881596,-1.6093810221901033,-27.962617776076137,-26.17143216175369,-4.4293206429710725
g3/v2,trail5,$vol>1m,314,-0.8432015447818478,-1.9718537543369306,32.802547770700635,0.70331643414731,-0.9355913784355119,-0.7341302133851607,-0.8861111546546224,-0.7986201319270168,-2.009767342572315,-26.637964022004677,-26.95006377152979,-3.6201018193981294
g3/v2,trail8,all,490,-0.5400479702012381,-1.6822864133179005,36.93877551020408,0.8292679374906414,-0.18345414423799236,-0.988666009316289,-0.15111314197542175,-0.958647319223939,-1.9856268646366997,-25.31460927928164,-29.179382636606626,-3.641267080189388
g3/v2,trail8,price<3,268,-0.30466310510706157,-1.6300436711113846,40.298507462686565,0.9049929001427047,-0.4596526495132553,-0.11350933367275591,-0.09255305863629745,-0.5167731515778261,-1.7076390199144873,-9.555487464608492,-14.913372260849336,-0.32441732466832013
g3/v2,trail8,price<5,380,-0.14395475361874993,-1.4851482602766044,39.73684210526316,0.953470238158813,-0.036159694958278275,-0.2814418643653394,0.3756350804255663,-0.6690428927852285,-1.6925981595911475,-5.70747058079788,-14.60407146147474,-0.35579162536587533
g3/v2,trail8,gap<20,364,-0.8558059905919437,-1.5271391021181686,35.43956043956044,0.687422997514591,-0.4663659098469375,-1.336035783412473,-0.9708164256507742,-0.7302198833437956,-1.9013089768895397,-32.02366609977607,-35.99783166532419,-4.604147713153267
g3/v2,trail8,"price<3,gap<20",201,-0.7977380606421662,-1.5808255533388302,38.80597014925373,0.7212710945284069,-0.7944044436563127,-0.8015327097643613,-0.7645049336331442,-0.8287343425640429,-1.7163792963719098,-28.839740868225604,-29.31569229005153,-3.6006869906560657
g3/v2,trail8,"price<5,gap<50",329,-0.5448865277484009,-1.3849065390206627,39.209726443769,0.8108608982871487,-0.23663175930415675,-0.9082596984972454,-0.12531833892761648,-0.9278644675441174,-1.6487861102580081,-26.971292260169577,-27.232099912201495,-4.21576897091198
g3/v2,trail8,$vol>1m,314,-0.9039741548496639,-1.6433712438041561,34.07643312101911,0.7210762198696097,-0.6813108737778226,-1.1668405283372545,-0.7929046967290521,-1.0193709944554945,-2.245155753462555,-33.04971290793151,-35.594827956024574,-4.467058507582178
g3/v2,trail10+tp20,all,490,-0.4734250881796188,-1.5067747966968645,36.3265306122449,0.857247407233717,-0.024545422832242467,-1.0381446671650276,-0.09063309500640444,-0.8854130808321462,-1.7090180755349238,-20.341483056324062,-25.253458954670986,-3.009113706164307
g3/v2,trail10+tp20,price<3,268,-0.12498959245345016,-1.3266713208751273,39.92537313432835,0.9624292158420453,0.04881467260318837,-0.339348186023304,-0.037294934812726346,-0.21268425009417377,-1.3282783646425553,3.482463991140583,-14.321999608769836,0.667257520430632
g3/v2,trail10+tp20,price<5,380,-0.04937180836087302,-1.225661897933031,39.21052631578947,0.9847564126154958,0.286469706917799,-0.47772056736899954,0.3043237188208718,-0.406810145354065,-1.3511416459521572,3.384798230816699,-16.247398931321936,0.662727173813266
g3/v2,trail10+tp20,gap<20,364,-0.850935626051079,-1.4213600549873124,35.43956043956044,0.7090277111468117,-0.42419402585348986,-1.3771629980738729,-1.143605765299457,-0.5313532900902065,-1.9578749215162048,-33.47216636983414,-34.75032112506013,-5.2728866799290035
g3/v2,trail10+tp20,"price<3,gap<20",201,-0.5278101979965489,-1.3849065390206627,38.80597014925373,0.8270190201003723,-0.37785027692805273,-0.698509257085156,-0.914346517016534,-0.16729074660290838,-1.5665037833106874,-18.438084603611493,-27.725821675766355,-1.5028844916601787
g3/v2,trail10+tp20,"price<5,gap<50",329,-0.25840822138655345,-1.215745800964224,38.90577507598784,0.9154520127238766,0.16008303236217958,-0.751729037063868,-0.07968094605867646,-0.4215488157265344,-1.3963717084104599,-15.475355420844238,-26.09013673963692,-2.007925284419283
g3/v2,trail10+tp20,$vol>1m,314,-0.9953572684439292,-1.5560720017340786,33.43949044585987,0.7096124052048108,-0.6311727677387231,-1.4252973039986858,-0.4099130457365012,-1.6036110063217763,-2.1107314524107905,-34.339005560294446,-37.098283841386845,-4.985569034687983
g5/v0,tp15/sl20,all,1002,0.6031754438724896,-0.2982804695962579,47.70459081836327,1.1826198409377247,0.8497713340182015,0.21129825410604816,1.703474529517392,-0.6030101646587425,-0.30015972738807867,24.324183261456866,-10.977648096630123,3.5602517288587725
g5/v0,tp15/sl20,price<3,445,1.8232632826859025,0.2987024871974442,51.91011235955057,1.5503920126768915,1.87016553551712,1.752909903439076,2.9559861162115473,0.5894994452307406,0.9038704280813241,113.2744483644247,-9.959675114680623,8.542764784466804
g5/v0,tp15/sl20,price<5,697,1.2106338413029682,-0.14966106588572048,49.06743185078909,1.355789503694137,1.271059278540212,1.1167862757769924,2.338644484718121,-0.043850722737520206,0.27387877881697154,66.01862460522425,-7.6987864176780025,7.520061070898334
g5/v0,tp15/sl20,gap<20,868,1.0940429634907927,-0.26921913590080215,47.926267281105986,1.479570158869734,1.0879213528851077,1.1038779835329589,1.7991451180399816,0.33496169663161823,0.35716432093894585,58.96771993809775,-3.2110477654870038,7.410429226841988
g5/v0,tp15/sl20,"price<3,gap<20",373,2.109425035378434,0.25313526417412224,51.206434316353885,1.9056019046192876,2.033103973100661,2.2179595330331874,2.9941127313023794,1.2103910524935588,1.4016684092727727,141.18284794704564,-8.862907149235758,9.934346922672683
g5/v0,tp15/sl20,"price<5,gap<50",645,1.4155930503932581,-0.22077624828785114,48.68217054263566,1.4999769303305515,1.4986294626226306,1.2910384320492,2.4260842675293977,0.34376211081115576,0.614998543920105,71.39109422294914,-9.087239700016594,8.311577422867483
g5/v0,tp15/sl20,$vol>1m,683,0.5040829623272365,-0.19087297605225728,48.31625183016106,1.1488683662017583,0.7832100473115545,0.05832868212414295,1.799689650071081,-0.8737223370257344,-0.38165555514360633,15.61885754788821,-13.6935490287398,2.278289495931821
g5/v0,tp10/sl20,all,1002,0.5033101758112227,0.24996506373036176,51.29740518962076,1.1704923832385181,0.6764009483110128,0.22824344431930824,1.1712097882748114,-0.2288642947555566,-0.2276052248387627,18.66210736160403,-9.970444626722255,3.176769725978514
g5/v0,tp10/sl20,price<3,445,1.6557893824240044,2.2028516624215455,57.752808988764045,1.571880314655004,1.641168679103143,1.6777204374052965,2.389351167994614,0.8567925079996785,0.8315588506342138,94.36550963075871,-8.174318174837863,8.43833213928729
g5/v0,tp10/sl20,price<5,697,0.9657875495482054,0.5037654525230251,53.228120516499274,1.317643564539858,0.9370307566096358,1.0104501144051778,1.6497371938176282,0.20515264213342363,0.1622100874070016,47.74701157817554,-6.660953362769568,6.554524470995357
g5/v0,tp10/sl20,gap<20,868,0.8302189994627573,0.09636380644589293,50.576036866359445,1.3825622293959012,0.7213996906058132,1.0050488199986884,1.4626050486498154,0.14942062115133115,0.31115194480702235,44.11941165549551,-3.132115323805677,6.671438934928295
g5/v0,tp10/sl20,"price<3,gap<20",373,1.8106359892963906,1.7007829749821264,56.30026809651475,1.8338745792826996,1.630982561070574,2.066117163201935,2.706902014276897,0.8998359206675511,1.273841683500115,111.49469366116595,-4.669910347610699,9.713994585132566
g5/v0,tp10/sl20,"price<5,gap<50",645,1.0224638351067528,0.41312759065369775,52.55813953488372,1.3881148052827574,0.9442662279836368,1.139760245791427,1.7643879771386537,0.2355027643253119,0.43474210526780405,47.0340167497056,-7.21047611485394,6.931962483875789
g5/v0,tp10/sl20,$vol>1m,683,0.3459026476599475,0.16597614751832057,51.09809663250366,1.115978115241583,0.559498635017654,0.004798789522164826,1.0494842193762386,-0.4023170298147793,-0.34707931056886565,8.525628324808165,-12.630350672981516,1.494340221327889
g5/v0,tp15/sl30,all,1002,0.5858189699270157,-0.22672332413179508,48.30339321357285,1.1719562982656166,0.8749995584185111,0.1262684223242517,1.5879653702155503,-0.5127682973348927,-0.33101614621560677,25.75708076557661,-11.73261183579918,4.1836820004892665
g5/v0,tp15/sl30,price<3,445,1.9703937596322383,0.4285768781389465,53.033707865168545,1.5919030082871475,2.0285342848802594,1.8831829717602067,2.9653764551747335,0.8866567391352487,1.030321819123115,126.7853695090531,-6.143551021269889,9.391463172579371
g5/v0,tp15/sl30,price<5,697,1.3062996743729272,-0.011685834534365336,49.92826398852224,1.3806900565967744,1.3610899862746484,1.2212040983790449,2.2597460526694264,0.24595173244924456,0.3563749504901524,74.10049579485964,-3.3943715504844576,8.899505916020493
g5/v0,tp15/sl30,gap<20,868,1.0549964063579937,-0.26921913590080215,47.926267281105986,1.4546720920688063,1.0946537992621372,0.9912825769174024,1.7853805320527185,0.2686977064474048,0.3160826099192251,56.235011262064475,-3.2110477654870144,7.094003851703271
g5/v0,tp15/sl30,"price<3,gap<20",373,2.103385183646738,0.25313526417412224,51.206434316353885,1.9006734923892765,2.057037332493619,2.1692954395073416,3.067548562715846,1.1235867227548877,1.3953223115377793,141.65394132146844,-8.52185574506199,9.862921405270527
g5/v0,tp15/sl30,"price<5,gap<50",645,1.553943437108034,-0.1376041387248904,49.14728682170543,1.563414388389339,1.6055586409736058,1.4765206313096766,2.378578386805455,0.6792507748091725,0.7605711367929113,86.42878663235408,-2.406551366593739,11.133440000352877
g5/v0,tp15/sl30,$vol>1m,683,0.47001765320513855,-0.1320607239545818,48.90190336749634,1.1347308127454567,0.7584352869511098,0.009426755207769642,1.5970849352689818,-0.7285554080832991,-0.41750548754790995,16.589019201043698,-12.349787482443995,2.465599502713814
g5/v0,tp20/sl20,all,1002,0.5944950409486386,-0.5837329311676853,45.808383233532936,1.1670019015659225,0.8094325946110946,0.2529276107098519,1.6940372893731575,-0.6108608966548091,-0.5092365234821464,26.163707912437673,-11.104839778194817,3.4082306259797703
g5/v0,tp20/sl20,price<3,445,1.9349299316689401,-0.22077624828785114,48.98876404494382,1.5234098029114032,2.0143535994298483,1.8157944300275772,3.134110874284536,0.6287797969890419,0.8734129328129079,141.44766624970651,-8.805410070054668,8.795763952360339
g5/v0,tp20/sl20,price<5,697,1.2445302848668343,-0.6138984528644251,46.77187948350072,1.33481602307802,1.3728947931230873,1.045165627355291,2.3079126368512095,0.061920214629665814,0.13719518426341618,69.93205428512601,-7.065521698831029,7.3253736288757985
g5/v0,tp20/sl20,gap<20,868,1.1556733103288948,-0.37842131937317386,46.54377880184332,1.4798285281163142,1.1589504974246492,1.1504081598897697,1.827731347436529,0.43216585411254194,0.1588130738368234,67.72567772924157,-3.211047765487011,6.930274317385937
g5/v0,tp20/sl20,"price<3,gap<20",373,2.2362968571904567,-0.22077624828785114,48.793565683646115,1.872746581851136,2.243742072658339,2.2257091806484683,3.041753553703265,1.4177787007341973,1.3231232811078704,160.65292816625134,-8.86290714923576,9.214567512306177
g5/v0,tp20/sl20,"price<5,gap<50",645,1.4346440407279568,-0.6138984528644251,46.51162790697674,1.461904103220851,1.6422621350382975,1.1232168992624458,2.42948486353713,0.3794135194096007,0.39375674426430246,73.7149549345949,-8.99539565417343,7.581500687508061
g5/v0,tp20/sl20,$vol>1m,683,0.5125242651911819,-0.4639775451897846,46.5592972181552,1.139844391176727,0.7871249781022626,0.07399841187310569,1.8810606219903705,-0.9428376610726081,-0.5555405666863168,15.516908811204955,-13.096167356236608,2.0408967991672773
g5/v0,tp10/sl15,all,1002,0.4241256345400622,0.05021355377725867,50.29940119760479,1.1446685742642502,0.4769627229443072,0.34015971885889756,1.123498679849451,-0.3425510929539127,-0.3006796524127253,16.636008272333804,-7.345349804984528,3.0389999247159576
g5/v0,tp10/sl15,price<3,445,1.5937484137150688,1.9359078851368197,56.62921348314607,1.5579843858878895,1.4849936705930151,1.7568805283981497,2.3812614303533723,0.735987757094945,0.7662911648765864,83.72023095592995,-6.02397337905564,7.9553259085362065
g5/v0,tp10/sl15,price<5,697,0.8835027024973273,0.4045929636746748,52.22381635581061,1.292710750113967,0.7699798561586755,1.0598165737339145,1.5722131437657747,0.11757321175332662,0.09045068606285059,42.84180763476222,-5.838867490821517,5.997431866863022
g5/v0,tp10/sl15,gap<20,868,0.7716039064256901,0.0545885133675198,50.34562211981567,1.3494532439910045,0.6515883796620845,0.9644216446194704,1.456070887382323,0.034737539367113865,0.24948176207226536,41.332957750813094,-3.1321153238056794,6.254167291927846
g5/v0,tp10/sl15,"price<3,gap<20",373,1.689215005437213,1.228040301987896,55.76407506702413,1.752596380554458,1.53659866369783,1.906247335573089,2.6824731515559312,0.6798499704625156,1.1462641427128666,100.48687231725518,-3.9580570948107305,9.031870944234335
g5/v0,tp10/sl15,"price<5,gap<50",645,0.9100652013079505,0.3496309886620643,51.93798449612403,1.3381858104337794,0.8125500465961105,1.0563379333757104,1.7384966916724023,0.03134553740699877,0.31647600608309273,40.85382955488945,-5.420558107001029,6.346205961040411
g5/v0,tp10/sl15,$vol>1m,683,0.2631847538328496,0.015101193192024409,50.07320644216691,1.0889544459520424,0.38228941314724674,0.07297959447145522,0.9777533452993403,-0.49671900506807126,-0.4190673940520968,5.8434901475812095,-8.233720872036308,1.1485703571260328
g5/v0,trail5,all,1002,0.13837820095938053,-1.1060441967018173,39.02195608782435,1.0619526310934249,0.05484447880704864,0.27112558887587684,0.6060300353462615,-0.3742777848538531,-0.9893579690426936,4.712639182477618,-6.089590960090392,1.2452446899226495
g5/v0,trail5,price<3,445,0.6817127559539327,-1.2441982586850993,40.67415730337079,1.3002760760965117,0.5836688041981852,0.8287786835875536,1.0776635959436094,0.25044235746752413,-0.6988525639655803,20.048758041539983,-6.6657718995765585,2.8000110749311946
g5/v0,trail5,price<5,697,0.37599480170879973,-1.4761894956812087,38.88091822094692,1.1614383429848552,0.28561135771689095,0.5163705535497131,0.9304269345626047,-0.24060093391952278,-0.8871479434410436,16.233205747390823,-6.63297756238283,2.7474898433877164
g5/v0,trail5,gap<20,868,0.18874900958061852,-1.0686081380222419,39.40092165898618,1.0980046106964314,0.13119793022914034,0.2812109538840443,0.715696227448167,-0.37853866515717294,-0.7262580713149551,7.8767473700462,-4.111272645881474,2.3516673974073488
g5/v0,trail5,"price<3,gap<20",373,0.5527792947590008,-1.2267617829344242,40.48257372654155,1.281441774054674,0.6710224033812835,0.3846283805493908,1.2737039659235483,-0.17983604674875558,-0.5292982801023112,23.83126718734385,-4.335898469451526,3.710855428994759
g5/v0,trail5,"price<5,gap<50",645,0.10876010493040462,-1.4761919142708086,38.139534883720934,1.0490332056537608,0.13012683133655756,0.07671001532117519,0.7829729080210234,-0.606379353938878,-0.9156930313806138,1.4882222410058654,-6.080403858311315,0.43979029144755644
g5/v0,trail5,$vol>1m,683,0.23715152253589838,-0.9107168557210743,39.53147877013177,1.1103306739922838,0.11513866798232056,0.4320009480587225,0.7012165438776675,-0.25635569049220663,-0.901205768507328,10.010007145205236,-6.275198735582893,2.1306683479203192
g5/v0,trail8,all,1002,0.37774223946847324,-0.9558025697655159,42.41516966067864,1.14668682116374,0.26599972657198323,0.5553175506605698,1.042945847940591,-0.35147677902397395,-0.9398799407265039,17.246774362413532,-7.2977771134938045,3.394383889461158
g5/v0,trail8,price<3,445,1.1297768843984364,-0.6336556790089198,46.06741573033708,1.4436346329592502,0.8951908357515607,1.4816559573687496,1.8336707110648263,0.36309440652706243,-0.36050514104148756,50.94716067029865,-4.6412516612734285,6.192470880319018
g5/v0,trail8,price<5,697,0.8066719271725875,-0.9820219957324191,43.6154949784792,1.305515295115187,0.648627697951704,1.052132561566927,1.6462809017587765,-0.12707502335205284,-0.5987583115084566,39.48126572851196,-4.749320762235042,5.808157869970843
g5/v0,trail8,gap<20,868,0.49816510212525017,-0.8147212370013661,43.31797235023041,1.2257422773915778,0.456031313797082,0.5658575248146496,1.1229599130408348,-0.17446089048722122,-0.6386754536124728,25.024334215926515,-4.225904596639929,4.612597953900467
g5/v0,trail8,"price<3,gap<20",373,1.10277270376957,-0.5997979425732765,45.84450402144772,1.5050397925030699,1.2463279772697264,0.8986259187271407,1.9665908589479337,0.22494668661534156,-0.12148803423288677,47.429988203775665,-5.8057004980814035,5.3843450873681595
g5/v0,trail8,"price<5,gap<50",645,0.7169553987599102,-0.9274851371779044,43.87596899224806,1.2917137361557252,0.7093027653552022,0.7284343488669718,1.622827457148123,-0.2439056983164053,-0.5185559773277328,29.56070505444788,-3.94691441969848,4.715505755706956
g5/v0,trail8,$vol>1m,683,0.459431710473232,-0.9370668972930063,42.020497803806734,1.1820496242907808,0.24092912349503953,0.8083712029859348,0.9785487468768627,-0.09262024364784956,-0.8619834734425331,24.76057070315989,-7.040400952062123,3.774283652368562
g5/v0,trail10+tp20,all,1002,0.6716485118928295,-0.7992781627894271,44.21157684630739,1.2559658921896772,0.6686983380155366,0.6763367727055817,1.27168160445648,0.01387164891510357,-0.41912967171426024,33.08441694274771,-4.687981088570954,5.974199714275544
g5/v0,trail10+tp20,price<3,445,1.7051027887146744,-0.34185581437739865,48.08988764044943,1.6692829335118213,1.6709903030022026,1.7562715172833818,2.030681199399,1.3504821723824512,0.6462909195126348,105.99074405534567,-3.7988553258624513,10.568054068684095
g5/v0,trail10+tp20,price<5,697,1.1871907524038274,-0.8178554684831352,45.19368723098996,1.4401302091647261,1.1440131571093084,1.254250460846597,1.7777939179984303,0.5303684440001329,0.08969637712952784,67.4861561416117,-3.636532081554759,9.530516662625857
g5/v0,trail10+tp20,gap<20,868,0.8962330876876304,-0.5433595265784101,45.622119815668206,1.4060849927929482,0.9507414620707765,0.8086595732882821,1.4532737878961652,0.2965481233482989,-0.11105976850717855,46.76862367142589,-3.5084337187535266,6.723865916738823
g5/v0,trail10+tp20,"price<3,gap<20",373,1.8965325416126055,-0.31972487906552494,48.793565683646115,1.870451334321263,2.2086510528146723,1.4526756977603155,2.3114308463650994,1.474906156242503,0.9733118123987904,122.026807545671,-4.736880315232131,10.01467980395747
g5/v0,trail10+tp20,"price<5,gap<50",645,1.2133397605753953,-0.8106865505888023,45.58139534883721,1.4800328617770029,1.265853924072344,1.134568515329972,1.8329322469660605,0.5561362286849774,0.16734569699659763,61.72533226777628,-3.2461859510583633,8.359792007171594
g5/v0,trail10+tp20,$vol>1m,683,0.5848258376900718,-0.8106865505888023,44.21669106881406,1.2238712114406844,0.5884361522294852,0.5790603163723775,1.1989459065408368,-0.06825653160137606,-0.4738249693264411,24.386264874291385,-5.964505239163063,4.185702779303673
g5/v2,tp15/sl20,all,442,-1.4618627154834614,-1.540304800604416,39.81900452488688,0.7313175325932706,-1.0625037680807667,-1.9915387930912463,-0.19454458645553774,-2.78785298011453,-2.6598305057591825,-47.5099412281284,-45.06434966062593,-4.409558908118047
g5/v2,tp15/sl20,price<3,249,-0.5165749158297479,-1.0587935621229456,43.373493975903614,0.9006295988312558,-0.35158032435896536,-0.7391619590403323,0.37338845019439376,-1.4430121902975024,-1.7414382133012771,-35.15894225195485,-41.22586412211155,-1.4898222754451749
g5/v2,tp15/sl20,price<5,345,-0.8861478227676007,-1.1234596100108012,42.608695652173914,0.8358217569588041,-0.7866120118358677,-1.0218164965718122,0.3823878648953515,-2.1620587179169655,-2.143166096072219,-29.546457602701604,-33.131367727098585,-1.9770355281999983
g5/v2,tp15/sl20,gap<20,321,-0.9434411853596909,-1.4464219468422561,37.69470404984423,0.7474647895666541,-0.9037112918770496,-0.9948062619336773,-0.8056558350462149,-1.0855868315691632,-1.8528716655657818,-46.13061765165089,-45.23972824398771,-4.3988747726436355
g5/v2,tp15/sl20,"price<3,gap<20",185,-0.710750647667005,-1.4464219468422561,39.45945945945946,0.8251750733719942,-0.9478971317164319,-0.4193176190761432,-0.5912125876841897,-0.8264736631822839,-1.6769977383988752,-52.5235070241134,-50.66343347334264,-3.205409745315886
g5/v2,tp15/sl20,"price<5,gap<50",295,-0.6569514858270608,-1.3198265736159802,41.01694915254237,0.8528097223629726,-0.44402891464068883,-0.9235110405947325,0.40003665696758434,-1.6116504535125467,-1.623602023008806,-40.101372635674416,-43.46778423025395,-3.0169135035955423
g5/v2,tp15/sl20,$vol>1m,283,-2.2839820506857467,-1.5388737186882433,39.2226148409894,0.6275080657574786,-1.9795734130927778,-2.652601885270982,-0.5664759721535888,-4.063268923409709,-3.3944611604421793,-60.83623371508238,-57.668245841386025,-7.22913527989005
g5/v2,tp10/sl20,all,442,-1.0771803172327203,-0.71615233532566,45.47511312217195,0.7721222096905302,-0.5315240322647166,-1.8008928636113362,-0.4988373865433707,-1.6822983836021326,-2.193925985792102,-43.751652031254515,-43.30440064471671,-4.261493332373696
g5/v2,tp10/sl20,price<3,249,-0.12542822940078746,0.10421245277271929,50.602409638554214,0.9717571951295614,0.2477912887211326,-0.6289224849803589,0.23868521317348704,-0.5044643540477782,-1.2990910150961918,-24.524305220923647,-41.56119778123681,-0.9623687214417288
g5/v2,tp10/sl20,price<5,345,-0.5243054809418528,-0.20634995722657123,48.69565217391305,0.886736000386489,-0.24414517481043727,-0.9061678160113849,-0.005515667484157064,-1.0461115142452333,-1.7398844833171059,-25.15453295134652,-32.08866078677525,-1.8297660558406559
g5/v2,tp10/sl20,gap<20,321,-0.8165948475224172,-1.1234596100108012,41.74454828660436,0.764936283960417,-0.8132944869954024,-0.8208617422037716,-0.5736405141146167,-1.0672376092026163,-1.5721477089872675,-44.56003987961993,-42.83664543916401,-4.567343119732136
g5/v2,tp10/sl20,"price<3,gap<20",185,-0.4696799812079948,-0.7014928134944635,45.40540540540541,0.8741283956628731,-0.47816488618153136,-0.45925274858991355,-0.10240644449687397,-0.8252320220666329,-1.3261688339972095,-45.59219175758589,-48.827379021683086,-2.74155471320554
g5/v2,tp10/sl20,"price<5,gap<50",295,-0.5177985828802146,-0.34503915377359073,46.779661016949156,0.8702231158948235,-0.2357033109364372,-0.8709560225655538,0.15120432264802883,-1.1220592717444342,-1.371590131199281,-38.85438692765949,-40.5019591727643,-3.310805542652659
g5/v2,tp10/sl20,$vol>1m,283,-1.8262626583110437,-0.7085540960098371,44.87632508833922,0.6524486584405499,-1.2702930767760556,-2.4995070734510687,-1.076949259675547,-2.602529776321918,-2.7878052166486182,-57.89099707464742,-54.4663055719386,-6.65402743715778
g5/v2,tp15/sl30,all,442,-1.3371237739671797,-1.308720546722173,41.6289592760181,0.7601842554302363,-0.8135343008894027,-2.0315687593124414,-0.13643873171864895,-2.5933960866901793,-2.557091247855004,-41.760290684935796,-42.19204092523333,-3.8597313180992607
g5/v2,tp15/sl30,price<3,249,0.035932929922940234,-0.7014928134944635,46.1847389558233,1.0071148593792563,0.45888091743594867,-0.5346478456842315,1.0069516500479747,-0.9748816393875459,-1.2115212100861825,-13.221482744678392,-31.884406436033615,-0.07749939163238366
g5/v2,tp15/sl30,price<5,345,-0.5603683351433106,-0.7014928134944635,44.927536231884055,0.8963081817371282,-0.3574764952256444,-0.8369126922913624,0.5864030694585924,-1.7138070153533647,-1.8370386588772851,-18.4403305961111,-27.933423557466714,-0.8867763884387992
g5/v2,tp15/sl30,gap<20,321,-0.9758477951312926,-1.4461603217638188,38.006230529595015,0.7439996402408328,-0.8561872100443934,-1.130551837279355,-0.7229662488439902,-1.2367319219973074,-1.886978294210648,-46.97921449021343,-49.32255991237824,-4.161152505979216
g5/v2,tp15/sl30,"price<3,gap<20",185,-0.6500099711336921,-1.4109300042423882,40.0,0.8407007942339175,-0.7494519777256692,-0.5278041317074069,-0.22331805415712735,-1.0630840609727066,-1.6131510045428363,-45.929213014424,-49.170248288760696,-2.6533319902404244
g5/v2,tp15/sl30,"price<5,gap<50",295,-0.35203339426214875,-1.0,42.3728813559322,0.9190391487759242,-0.17813537959275766,-0.5697377790390963,0.4248823894744603,-1.0537637795726342,-1.3034922827538278,-22.687277251283568,-31.988847667914694,-1.5593888556758142
g5/v2,tp15/sl30,$vol>1m,283,-2.145256987388331,-1.146839238306899,41.342756183745585,0.657139176357069,-1.742027939707961,-2.6335421623137796,-0.5502130344149572,-3.797676622123338,-3.248516205374638,-55.1105172885565,-54.34046558018439,-6.098083125153818
g5/v2,tp20/sl20,all,442,-1.8865988700080785,-2.1378131753254084,35.97285067873303,0.68818216429115,-1.3764267915828912,-2.5632481529720113,-0.4572242022968934,-3.3821482908540412,-3.2616487987873306,-56.12918043824252,-53.25072366534097,-5.710332450488811
g5/v2,tp20/sl20,price<3,249,-1.0932963545632148,-2.015227443454557,38.55421686746988,0.8170311192695102,-0.7593659486157847,-1.54378737390739,0.36208453986907774,-2.6083240069640437,-2.420090986513634,-42.57889047253778,-48.69901637242754,-2.075867850980388
g5/v2,tp20/sl20,price<5,345,-1.3751040026123005,-2.003343521541278,38.26086956521739,0.7744935832298775,-0.978544724549838,-1.9156197309303142,0.033132388281484904,-2.791527814383375,-2.7909349873425366,-41.4604018958427,-44.13981152276916,-3.2704842317099008
g5/v2,tp20/sl20,gap<20,321,-1.037353433345968,-1.685561001603861,35.202492211838006,0.7426352954294593,-0.7153413523598976,-1.4536690523351017,-0.9661591001076043,-1.1108007518133938,-2.235189572768701,-49.8755431866704,-51.70419540008058,-4.306649771124187
g5/v2,tp20/sl20,"price<3,gap<20",185,-1.1503876960330375,-2.003343521541278,35.67567567567568,0.7468063364805984,-1.2522359549694502,-1.0252247754123858,-1.1314852504797703,-1.1686868720473702,-2.306774484145062,-60.94668525078344,-60.737994553694065,-3.9057442146800168
g5/v2,tp20/sl20,"price<5,gap<50",295,-1.2345398278137438,-1.9747814158195136,36.610169491525426,0.7598166686520214,-0.5424909282374702,-2.100921656290911,-0.15978018484663709,-2.205290473074356,-2.4686845722496025,-52.808417948240894,-56.419569002827345,-4.504262612977818
g5/v2,tp20/sl20,$vol>1m,283,-2.9287075258331403,-2.41363930665104,34.98233215547703,0.5714210762415867,-2.4889670769039025,-3.4612057257083895,-0.8154558128858715,-5.117975487447577,-4.222263246259947,-70.78488612534797,-68.42747554694154,-9.500566836058034
g5/v2,tp10/sl15,all,442,-1.1049998437578556,-1.1434482294489268,43.89140271493213,0.7592685556922305,-0.8338104184231194,-1.4646826605176109,-0.47746800905859393,-1.7615840782117131,-2.2006822606443133,-41.34418831882365,-38.08361007754068,-4.7186906789687795
g5/v2,tp10/sl15,price<3,249,-0.19913361023794493,-0.22077624828785114,48.99598393574297,0.9544337067213243,-0.02356020025485372,-0.43599207842268184,0.27494926525892227,-0.6926461117797659,-1.3765283139504196,-17.365830993782218,-29.9057988582964,-0.6967825433735286
g5/v2,tp10/sl15,price<5,345,-0.6397641823484859,-0.47635597538751995,46.95652173913044,0.8596902927837614,-0.5636392362519282,-0.7435235266855749,-0.12210827261965058,-1.160429719459466,-1.8380930123920791,-25.129987536709407,-27.206019721259455,-2.1637835683252864
g5/v2,tp10/sl15,gap<20,321,-0.8011612553872066,-1.1400572205909547,41.74454828660436,0.7683498238095755,-0.850786146487895,-0.7370033604641739,-0.5983371444568005,-1.0104038508407267,-1.5559044857892264,-38.890054766859315,-37.24907964162905,-4.415401625548813
g5/v2,tp10/sl15,"price<3,gap<20",185,-0.4802189759880045,-0.7085540960098371,45.40540540540541,0.8716664682352817,-0.563359861454526,-0.3780458396315562,-0.2565333757691375,-0.6967656740722269,-1.3372467546466509,-35.898962425058365,-39.85817176678663,-2.364990012090677
g5/v2,tp10/sl15,"price<5,gap<50",295,-0.5346725909854814,-0.47635597538751995,46.440677966101696,0.8655344496715052,-0.3498734245499862,-0.7660242191948032,0.1489536005465587,-1.152141409143453,-1.3893048372172665,-33.75500174848087,-35.16297637147427,-3.3330978887013503
g5/v2,tp10/sl15,$vol>1m,283,-1.7787274487217248,-1.1234596100108012,43.46289752650176,0.647453356562846,-1.4509483625244368,-2.175647435913753,-1.059706630373658,-2.523612325283751,-2.7014538426074726,-54.92006046288414,-52.49407707019108,-6.89310940088747
g5/v2,trail5,all,442,-0.6509684403579625,-1.8107832973134212,34.16289592760181,0.7794336637237554,-0.5805652927893094,-0.7443452466069131,-0.3998930278079994,-0.9136677146000536,-2.042074337898452,-24.791913844400824,-25.525924312455317,-3.596350510228415
g5/v2,trail5,price<3,249,-0.3024309986885272,-1.7434185786381349,37.34939759036144,0.8954889864399429,-0.4727786706728284,-0.0726223468606488,-0.4637745137661737,-0.13447504446835454,-1.700255096015077,-19.059275387977138,-19.668304187299544,-1.2991411186693567
g5/v2,trail5,price<5,345,-0.1630620781565452,-1.7207233993947704,37.391304347826086,0.9435257736795624,-0.24086343967967697,-0.05701775662844082,-0.026359365660062743,-0.3005595738652164,-1.6998448018382106,-6.194932956826227,-17.99555313954589,-0.3493686535433762
g5/v2,trail5,gap<20,321,-0.8667984699647222,-1.7296459959316772,32.71028037383177,0.6507816672571429,-0.6035435336491831,-1.2071494947726689,-0.7211093087585354,-1.0170980476647753,-1.8198152648617814,-30.775172720226195,-31.61125169909828,-6.0465625662218505
g5/v2,trail5,"price<3,gap<20",185,-0.7522362711889972,-1.7296459959316772,36.21621621621622,0.7013980050714191,-0.61526542679395,-0.9205618871925489,-0.758177151913077,-0.7464849930412177,-1.6274779360995553,-23.768166589580485,-26.321917645269284,-3.304239163819555
g5/v2,trail5,"price<5,gap<50",295,-0.6490887414840685,-1.7243830420612265,36.271186440677965,0.7604793123364184,-0.5181206830386379,-0.8130487535836917,-0.4400032946994625,-0.8379401127733903,-1.7140602020396587,-29.759050644135577,-29.63936074262467,-4.422295952693627
g5/v2,trail5,$vol>1m,283,-0.9394947577777416,-1.7827780980020709,33.215547703180206,0.6870756922195105,-1.0338665729890821,-0.8252163877952587,-0.9060697482493486,-0.9741221057783788,-2.2069569494278944,-27.98150319214352,-29.350074256177177,-3.5182675855102947
g5/v2,trail8,all,442,-0.8747737564690699,-1.7368440661859328,36.425339366515836,0.7447346627436867,-0.7839731383449762,-0.9952040499810257,-0.40716367755061356,-1.3640324501522694,-2.335461855911494,-33.30295322965971,-31.771407653862948,-4.537495288061904
g5/v2,trail8,price<3,249,-0.5886949851490891,-1.6996092501699882,38.95582329317269,0.8240226255726077,-1.061559389748535,0.04922586256525737,-0.5342055376092831,-0.6454176067683955,-1.9765172582797848,-20.676881135910886,-20.119209749148325,-1.130457550129577
g5/v2,trail8,price<5,345,-0.5154653108368407,-1.5550670807181826,39.130434782608695,0.8467210662908781,-0.7354915224082987,-0.21556657040725022,-0.06651758960445908,-0.9670231932391775,-2.049417587443898,-15.957725581406201,-20.511758216940894,-1.3064112008305246
g5/v2,trail8,gap<20,321,-1.0129450866148784,-1.5843581646922398,35.51401869158878,0.6488891592043813,-0.7790827101340315,-1.3152957304936874,-1.0800586879688745,-0.9437076371167689,-2.0600553202269,-35.87223928181372,-38.42374863422238,-5.3212655160616755
g5/v2,trail8,"price<3,gap<20",185,-0.9954921150551426,-1.7440421364401886,36.75675675675676,0.662311706495268,-1.1334695280497622,-0.8259295111340436,-1.1297127486653173,-0.8655551186878453,-1.8607060553139767,-30.627912633870125,-32.575540123449144,-3.4135861395311684
g5/v2,trail8,"price<5,gap<50",295,-0.7986003056806075,-1.3849065390206627,39.66101694915255,0.73856578816939,-0.755654083515765,-0.852365041825906,-0.42884514267548,-1.1325727109755608,-1.8565018684689178,-32.20992135707434,-29.59738912033023,-4.603209839900292
g5/v2,trail8,$vol>1m,283,-1.2417051629887963,-1.6996092501699882,33.92226148409894,0.646776092952683,-1.2791158931542295,-1.196403106929092,-0.987177422600723,-1.5053885774915488,-2.6170600532601394,-40.5137826916519,-40.960767665533744,-5.606635236273378
g5/v2,trail10+tp20,all,442,-0.9886060927974948,-1.9920769326706427,35.74660633484163,0.7324867309286114,-0.7072065305028697,-1.3618307754198393,-0.5810418503562444,-1.4150390501665808,-2.257134639659725,-32.30832883871506,-29.388372309791876,-4.784170929756053
g5/v2,trail10+tp20,price<3,249,-0.5388374948910606,-1.869564406137143,38.55421686746988,0.8474012848252016,-0.5751110084347094,-0.48990247190293057,-0.6734088804694186,-0.3987508885922782,-1.7417369048403526,-10.594686077976057,-15.847705986734839,-0.38625995171594174
g5/v2,trail10+tp20,price<5,345,-0.6024283742244217,-1.7401944113854277,38.26086956521739,0.8332099618848752,-0.5373810089520233,-0.6910888241504993,-0.33394061271974057,-0.8724771110866887,-1.9020440388659066,-12.126019679167378,-17.378469639341795,-1.1648038448320794
g5/v2,trail10+tp20,gap<20,321,-1.0428987258124467,-1.7401944113854277,35.82554517133956,0.6692891981032185,-0.6210167525802328,-1.5883318483483801,-1.3357360733445647,-0.7407943736115902,-2.1785398227797033,-39.53150359594729,-40.55551740833449,-5.648649580489016
g5/v2,trail10+tp20,"price<3,gap<20",185,-0.806938853632686,-1.9747814158195136,37.83783783783784,0.7505907919346292,-0.5904081048450888,-1.0730368822632268,-1.4003252781467663,-0.23249029373075722,-1.8374776178243293,-25.137598478593837,-35.096129570174725,-2.119595740811927
g5/v2,trail10+tp20,"price<5,gap<50",295,-0.7358528434404915,-1.7296459959316772,38.64406779661017,0.781586204038564,-0.5279598547069732,-0.9961158217023003,-0.6438696717343723,-0.8189344178847279,-1.8723388661180116,-29.00076439101208,-29.74625780368835,-3.7962713706753695
g5/v2,trail10+tp20,$vol>1m,283,-1.6117193748455665,-2.1961722706365316,33.92226148409894,0.5785573996335648,-1.4718079345206985,-1.7811433846139613,-0.9611649195807475,-2.2856750695084016,-2.7979808153887684,-46.73191794340445,-45.45472222501424,-7.733095896764504
