price_min,price_max,entry_gain,expiry_min,kill_drop,trades,avg_pct,median_pct,win_rate,profit_factor,target_rate,stop_rate,close_rate,worst_pct,median_minutes
0.5,1.5,2,15,5,14,3.1640181586618854,9.000000000000004,64.28571428571429,2.201935628300607,64.28571428571429,21.428571428571427,14.285714285714285,-11.769230063850333,11.5
0.5,1.5,2,15,10,14,3.1640181586618854,9.000000000000004,64.28571428571429,2.201935628300607,64.28571428571429,21.428571428571427,14.285714285714285,-11.769230063850333,11.5
0.5,1.5,2,15,15,14,2.5607900327782653,9.000000000000004,64.28571428571429,1.7914265002042637,64.28571428571429,28.57142857142857,7.142857142857142,-11.769230063850333,7.5
0.5,1.5,2,15,20,14,2.5607900327782653,9.000000000000004,64.28571428571429,1.7914265002042637,64.28571428571429,28.57142857142857,7.142857142857142,-11.769230063850333,7.5
0.5,1.5,2,20,5,15,3.2071497369877213,9.000000000000004,66.66666666666666,2.3053431724470057,60.0,20.0,20.0,-11.769230063850333,14.0
0.5,1.5,2,20,10,15,3.2071497369877213,9.000000000000004,66.66666666666666,2.3053431724470057,60.0,20.0,20.0,-11.769230063850333,14.0
0.5,1.5,2,20,15,15,2.6441368194963433,9.000000000000004,66.66666666666666,1.8755556693425413,60.0,26.666666666666668,13.333333333333334,-11.769230063850333,9.0
0.5,1.5,2,20,20,15,2.6441368194963433,9.000000000000004,66.66666666666666,1.8755556693425413,60.0,26.666666666666668,13.333333333333334,-11.769230063850333,9.0
0.5,1.5,2,30,5,16,3.622058692086584,9.000000000000004,75.0,2.5954432649607453,62.5,18.75,18.75,-11.769230063850333,30.0
0.5,1.5,2,30,10,16,3.6220586920865854,9.000000000000004,75.0,2.5954432649607457,62.5,18.75,18.75,-11.769230063850333,30.0
0.5,1.5,2,30,15,16,3.094234081938418,9.000000000000004,75.0,2.1058431257452095,62.5,25.0,12.5,-11.769230063850333,11.5
0.5,1.5,2,30,20,16,3.094234081938418,9.000000000000004,75.0,2.1058431257452095,62.5,25.0,12.5,-11.769230063850333,11.5
0.5,1.5,2,45,5,16,3.6220586920865854,9.000000000000004,75.0,2.5954432649607457,62.5,18.75,18.75,-11.769230063850333,30.0
0.5,1.5,2,45,10,16,3.6220586920865863,9.000000000000004,75.0,2.595443264960746,62.5,18.75,18.75,-11.769230063850333,30.0
0.5,1.5,2,45,15,17,3.4416320771185123,9.000000000000005,76.47058823529412,2.3068740567476893,64.70588235294117,23.52941176470588,11.76470588235294,-11.769230063850333,9.0
0.5,1.5,2,45,20,17,3.4416320771185123,9.000000000000005,76.47058823529412,2.3068740567476893,64.70588235294117,23.52941176470588,11.76470588235294,-11.769230063850333,9.0
0.5,1.5,2,60,5,16,3.6684324723336994,9.000000000000004,75.0,2.615869972989435,62.5,18.75,18.75,-11.769230063850333,30.0
0.5,1.5,2,60,10,16,3.6684324723337007,9.000000000000004,75.0,2.6158699729894352,62.5,18.75,18.75,-11.769230063850333,30.0
0.5,1.5,2,60,15,17,3.4852779879393254,9.000000000000005,76.47058823529412,2.323447504244901,64.70588235294117,23.52941176470588,11.76470588235294,-11.769230063850333,9.0
0.5,1.5,2,60,20,17,3.4852779879393254,9.000000000000005,76.47058823529412,2.323447504244901,64.70588235294117,23.52941176470588,11.76470588235294,-11.769230063850333,9.0
0.5,1.5,3,15,5,13,3.436612592193879,9.000000000000005,69.23076923076923,2.2299283958347043,69.23076923076923,23.076923076923077,7.6923076923076925,-11.769230063850333,9.0
0.5,1.5,3,15,10,13,3.4366125921938777,9.000000000000005,69.23076923076923,2.2299283958347034,69.23076923076923,23.076923076923077,7.6923076923076925,-11.769230063850333,9.0
0.5,1.5,3,15,15,13,2.786982302780749,9.000000000000005,69.23076923076923,1.8092783790223115,69.23076923076923,30.76923076923077,0.0,-11.769230063850333,7.0
0.5,1.5,3,15,20,13,2.786982302780749,9.000000000000005,69.23076923076923,1.8092783790223115,69.23076923076923,30.76923076923077,0.0,-11.769230063850333,7.0
0.5,1.5,3,20,5,14,3.463353966576419,9.000000000000004,71.42857142857143,2.334844925537495,64.28571428571429,21.428571428571427,14.285714285714285,-11.769230063850333,11.5
0.5,1.5,3,20,10,14,3.4633539665764177,9.000000000000004,71.42857142857143,2.334844925537494,64.28571428571429,21.428571428571427,14.285714285714285,-11.769230063850333,11.5
0.5,1.5,3,20,15,14,2.8601258406927976,9.000000000000004,71.42857142857143,1.8944036275046767,64.28571428571429,28.57142857142857,7.142857142857142,-11.769230063850333,8.0
0.5,1.5,3,20,20,14,2.8601258406927976,9.000000000000004,71.42857142857143,1.8944036275046767,64.28571428571429,28.57142857142857,7.142857142857142,-11.769230063850333,8.0
0.5,1.5,3,30,5,15,3.5600306915584503,9.000000000000002,73.33333333333333,2.470113616509119,60.0,20.0,20.0,-11.769230063850333,22.0
0.5,1.5,3,30,10,15,3.5600306915584494,9.000000000000002,73.33333333333333,2.470113616509118,60.0,20.0,20.0,-11.769230063850333,22.0
0.5,1.5,3,30,15,15,2.99701777406707,9.000000000000002,73.33333333333333,2.0041554555861336,60.0,26.666666666666668,13.333333333333334,-11.769230063850333,9.0
0.5,1.5,3,30,20,15,2.99701777406707,9.000000000000002,73.33333333333333,2.0041554555861336,60.0,26.666666666666668,13.333333333333334,-11.769230063850333,9.0
0.5,1.5,3,45,5,15,3.5600306915584503,9.000000000000002,73.33333333333333,2.470113616509119,60.0,20.0,20.0,-11.769230063850333,14.0
0.5,1.5,3,45,10,15,3.5600306915584494,9.000000000000002,73.33333333333333,2.470113616509118,60.0,20.0,20.0,-11.769230063850333,14.0
0.5,1.5,3,45,15,16,3.3722041631878783,9.000000000000004,75.0,2.2051863865886125,62.5,25.0,12.5,-11.769230063850333,9.0
0.5,1.5,3,45,20,16,3.3722041631878783,9.000000000000004,75.0,2.2051863865886125,62.5,25.0,12.5,-11.769230063850333,9.0
0.5,1.5,3,60,5,16,3.3258417322191143,9.0,68.75,2.457462833346903,56.25,18.75,25.0,-11.769230063850333,27.0
0.5,1.5,3,60,10,16,3.3258417322191134,9.0,68.75,2.457462833346902,56.25,18.75,25.0,-11.769230063850333,27.0
0.5,1.5,3,60,15,17,3.1628396443020677,9.000000000000002,70.58823529411765,2.196014048732708,58.82352941176471,23.52941176470588,17.647058823529413,-11.769230063850333,9.0
0.5,1.5,3,60,20,17,3.1628396443020677,9.000000000000002,70.58823529411765,2.196014048732708,58.82352941176471,23.52941176470588,17.647058823529413,-11.769230063850333,9.0
0.5,1.5,5,15,5,12,4.639663641543367,9.000000000000004,75.0,3.198542247993355,75.0,16.666666666666664,8.333333333333332,-11.769230063850333,11.0
0.5,1.5,5,15,10,12,4.639663641543367,9.000000000000004,75.0,3.198542247993355,75.0,16.666666666666664,8.333333333333332,-11.769230063850333,11.0
0.5,1.5,5,15,15,12,3.935897494679144,9.000000000000004,75.0,2.3986333075064645,75.0,25.0,0.0,-11.769230063850333,6.0
0.5,1.5,5,15,20,12,3.935897494679144,9.000000000000004,75.0,2.3986333075064645,75.0,25.0,0.0,-11.769230063850333,6.0
0.5,1.5,5,20,5,12,4.639663641543367,9.000000000000004,75.0,3.198542247993355,75.0,16.666666666666664,8.333333333333332,-11.769230063850333,11.0
0.5,1.5,5,20,10,12,4.639663641543367,9.000000000000004,75.0,3.198542247993355,75.0,16.666666666666664,8.333333333333332,-11.769230063850333,11.0
0.5,1.5,5,20,15,12,3.935897494679144,9.000000000000004,75.0,2.3986333075064645,75.0,25.0,0.0,-11.769230063850333,6.0
0.5,1.5,5,20,20,12,3.935897494679144,9.000000000000004,75.0,2.3986333075064645,75.0,25.0,0.0,-11.769230063850333,6.0
0.5,1.5,5,30,5,12,4.639663641543367,9.000000000000004,75.0,3.198542247993355,75.0,16.666666666666664,8.333333333333332,-11.769230063850333,11.0
0.5,1.5,5,30,10,12,4.639663641543367,9.000000000000004,75.0,3.198542247993355,75.0,16.666666666666664,8.333333333333332,-11.769230063850333,11.0
0.5,1.5,5,30,15,12,3.935897494679144,9.000000000000004,75.0,2.3986333075064645,75.0,25.0,0.0,-11.769230063850333,6.0
0.5,1.5,5,30,20,12,3.935897494679144,9.000000000000004,75.0,2.3986333075064645,75.0,25.0,0.0,-11.769230063850333,6.0
0.5,1.5,5,45,5,13,4.505543726739379,9.000000000000004,76.92307692307693,3.312904141753645,69.23076923076923,15.384615384615385,15.384615384615385,-11.769230063850333,22.0
0.5,1.5,5,45,10,13,4.505543726739379,9.000000000000004,76.92307692307693,3.312904141753645,69.23076923076923,15.384615384615385,15.384615384615385,-11.769230063850333,22.0
0.5,1.5,5,45,15,14,4.223348191802947,9.000000000000004,78.57142857142857,2.750909765293586,71.42857142857143,21.428571428571427,7.142857142857142,-11.769230063850333,6.5
0.5,1.5,5,45,20,14,4.223348191802947,9.000000000000004,78.57142857142857,2.750909765293586,71.42857142857143,21.428571428571427,7.142857142857142,-11.769230063850333,6.5
0.5,1.5,5,60,5,13,4.505543726739379,9.000000000000004,76.92307692307693,3.312904141753645,69.23076923076923,15.384615384615385,15.384615384615385,-11.769230063850333,14.0
0.5,1.5,5,60,10,13,4.505543726739379,9.000000000000004,76.92307692307693,3.312904141753645,69.23076923076923,15.384615384615385,15.384615384615385,-11.769230063850333,14.0
0.5,1.5,5,60,15,14,4.223348191802947,9.000000000000004,78.57142857142857,2.7509097652935863,71.42857142857143,21.428571428571427,7.142857142857142,-11.769230063850333,6.5
0.5,1.5,5,60,20,14,4.223348191802947,9.000000000000004,78.57142857142857,2.7509097652935863,71.42857142857143,21.428571428571427,7.142857142857142,-11.769230063850333,6.5
0.5,1.5,7,15,5,11,2.3972532748771003,9.000000000000005,63.63636363636363,1.71989167305089,63.63636363636363,27.27272727272727,9.090909090909092,-11.769230063850333,4.0
0.5,1.5,7,15,10,11,2.3972532748771003,9.000000000000005,63.63636363636363,1.71989167305089,63.63636363636363,27.27272727272727,9.090909090909092,-11.769230063850333,4.0
0.5,1.5,7,15,15,11,2.3972532748771003,9.000000000000005,63.63636363636363,1.71989167305089,63.63636363636363,27.27272727272727,9.090909090909092,-11.769230063850333,4.0
0.5,1.5,7,15,20,11,2.3972532748771003,9.000000000000005,63.63636363636363,1.71989167305089,63.63636363636363,27.27272727272727,9.090909090909092,-11.769230063850333,4.0
0.5,1.5,7,20,5,12,2.9457918078342673,9.000000000000004,66.66666666666666,2.1850090427114703,58.333333333333336,16.666666666666664,25.0,-11.769230063850333,5.0
0.5,1.5,7,20,10,12,2.9457918078342673,9.000000000000004,66.66666666666666,2.1850090427114703,58.333333333333336,16.666666666666664,25.0,-11.769230063850333,5.0
0.5,1.5,7,20,15,12,2.9457918078342673,9.000000000000004,66.66666666666666,2.1850090427114703,58.333333333333336,16.666666666666664,25.0,-11.769230063850333,5.0
0.5,1.5,7,20,20,12,2.9457918078342673,9.000000000000004,66.66666666666666,2.1850090427114703,58.333333333333336,16.666666666666664,25.0,-11.769230063850333,5.0
0.5,1.5,7,30,5,12,2.9457918078342673,9.000000000000004,66.66666666666666,2.1850090427114703,58.333333333333336,16.666666666666664,25.0,-11.769230063850333,5.0
0.5,1.5,7,30,10,12,2.9457918078342673,9.000000000000004,66.66666666666666,2.1850090427114703,58.333333333333336,16.666666666666664,25.0,-11.769230063850333,5.0
0.5,1.5,7,30,15,12,2.9457918078342673,9.000000000000004,66.66666666666666,2.1850090427114703,58.333333333333336,16.666666666666664,25.0,-11.769230063850333,5.0
0.5,1.5,7,30,20,12,2.9457918078342673,9.000000000000004,66.66666666666666,2.1850090427114703,58.333333333333336,16.666666666666664,25.0,-11.769230063850333,5.0
0.5,1.5,7,45,5,12,2.7439128276884257,9.000000000000004,66.66666666666666,2.02089195159998,58.333333333333336,16.666666666666664,25.0,-11.769230063850333,5.0
0.5,1.5,7,45,10,12,2.7439128276884257,9.000000000000004,66.66666666666666,2.02089195159998,58.333333333333336,16.666666666666664,25.0,-11.769230063850333,5.0
0.5,1.5,7,45,15,12,2.7439128276884257,9.000000000000004,66.66666666666666,2.02089195159998,58.333333333333336,16.666666666666664,25.0,-11.769230063850333,5.0
0.5,1.5,7,45,20,12,2.7439128276884257,9.000000000000004,66.66666666666666,2.02089195159998,58.333333333333336,16.666666666666664,25.0,-11.769230063850333,5.0
0.5,1.5,7,60,5,12,2.828374899040693,9.000000000000004,66.66666666666666,2.0864582859853766,58.333333333333336,16.666666666666664,25.0,-11.769230063850333,5.0
0.5,1.5,7,60,10,12,2.828374899040693,9.000000000000004,66.66666666666666,2.0864582859853766,58.333333333333336,16.666666666666664,25.0,-11.769230063850333,5.0
0.5,1.5,7,60,15,13,3.3031152914221784,9.000000000000002,69.23076923076923,2.3745543636182975,61.53846153846154,15.384615384615385,23.076923076923077,-11.769230063850333,4.0
0.5,1.5,7,60,20,13,3.3031152914221784,9.000000000000002,69.23076923076923,2.3745543636182975,61.53846153846154,15.384615384615385,23.076923076923077,-11.769230063850333,4.0
0.5,1.5,10,15,5,10,0.9230769936149723,9.000000000000007,60.0,1.2061855860148745,60.0,40.0,0.0,-11.769230063850333,7.0
0.5,1.5,10,15,10,10,0.9230769936149723,9.000000000000007,60.0,1.2061855860148745,60.0,40.0,0.0,-11.769230063850333,7.0
0.5,1.5,10,15,15,10,0.9230769936149723,9.000000000000007,60.0,1.2061855860148745,60.0,40.0,0.0,-11.769230063850333,7.0
0.5,1.5,10,15,20,10,0.9230769936149723,9.000000000000007,60.0,1.2061855860148745,60.0,40.0,0.0,-11.769230063850333,7.0
0.5,1.5,10,20,5,11,0.21731075372122435,9.000000000000005,54.54545454545454,1.0463173351105366,54.54545454545454,36.36363636363637,9.090909090909092,-11.769230063850333,8.0
0.5,1.5,10,20,10,11,0.21731075372122435,9.000000000000005,54.54545454545454,1.0463173351105366,54.54545454545454,36.36363636363637,9.090909090909092,-11.769230063850333,8.0
0.5,1.5,10,20,15,11,0.21731075372122435,9.000000000000005,54.54545454545454,1.0463173351105366,54.54545454545454,36.36363636363637,9.090909090909092,-11.769230063850333,8.0
0.5,1.5,10,20,20,11,0.21731075372122435,9.000000000000005,54.54545454545454,1.0463173351105366,54.54545454545454,36.36363636363637,9.090909090909092,-11.769230063850333,8.0
0.5,1.5,10,30,5,12,0.14637444674645486,4.183037535011998,50.0,1.03362127609644,50.0,33.33333333333333,16.666666666666664,-11.769230063850333,8.0
0.5,1.5,10,30,10,12,0.14637444674645486,4.183037535011998,50.0,1.03362127609644,50.0,33.33333333333333,16.666666666666664,-11.769230063850333,8.0
0.5,1.5,10,30,15,12,0.14637444674645486,4.183037535011998,50.0,1.03362127609644,50.0,33.33333333333333,16.666666666666664,-11.769230063850333,8.0
0.5,1.5,10,30,20,12,0.14637444674645486,4.183037535011998,50.0,1.03362127609644,50.0,33.33333333333333,16.666666666666664,-11.769230063850333,8.0
0.5,1.5,10,45,5,12,-0.049998743031773284,4.183037535011998,50.0,0.989011262232029,50.0,33.33333333333333,16.666666666666664,-11.769230063850333,7.0
0.5,1.5,10,45,10,12,-0.04999874303177269,4.183037535011998,50.0,0.9890112622320291,50.0,33.33333333333333,16.666666666666664,-11.769230063850333,7.0
0.5,1.5,10,45,15,12,-0.04999874303177269,4.183037535011998,50.0,0.9890112622320291,50.0,33.33333333333333,16.666666666666664,-11.769230063850333,7.0
0.5,1.5,10,45,20,12,-0.04999874303177269,4.183037535011998,50.0,0.9890112622320291,50.0,33.33333333333333,16.666666666666664,-11.769230063850333,7.0
0.5,1.5,10,60,5,12,0.0321598172836152,4.183037535011998,50.0,1.0071980679631343,50.0,33.33333333333333,16.666666666666664,-11.769230063850333,7.0
0.5,1.5,10,60,10,12,0.0321598172836158,4.183037535011998,50.0,1.0071980679631343,50.0,33.33333333333333,16.666666666666664,-11.769230063850333,7.0
0.5,1.5,10,60,15,13,-0.8164678609689706,-0.6339249299760091,46.15384615384615,0.835731131164891,46.15384615384615,38.46153846153847,15.384615384615385,-11.769230063850333,8.0
0.5,1.5,10,60,20,13,-0.8164678609689706,-0.6339249299760091,46.15384615384615,0.835731131164891,46.15384615384615,38.46153846153847,15.384615384615385,-11.769230063850333,8.0
0.5,2.0,2,15,5,29,2.348727298339941,9.000000000000004,62.06896551724138,1.789918689104642,58.620689655172406,20.689655172413794,20.689655172413794,-11.769230063850333,31.0
0.5,2.0,2,15,10,29,2.348727298339941,9.000000000000004,62.06896551724138,1.789918689104642,58.620689655172406,20.689655172413794,20.689655172413794,-11.769230063850333,31.0
0.5,2.0,2,15,15,29,2.057513720327159,9.000000000000004,62.06896551724138,1.630251385209132,58.620689655172406,24.137931034482758,17.24137931034483,-11.769230063850333,30.0
0.5,2.0,2,15,20,29,2.057513720327159,9.000000000000004,62.06896551724138,1.630251385209132,58.620689655172406,24.137931034482758,17.24137931034483,-11.769230063850333,30.0
0.5,2.0,2,20,5,30,2.3974694495135904,9.000000000000004,63.33333333333333,1.8341153861028134,56.666666666666664,20.0,23.333333333333332,-11.769230063850333,32.0
0.5,2.0,2,20,10,30,2.3974694495135904,9.000000000000004,63.33333333333333,1.8341153861028134,56.666666666666664,20.0,23.333333333333332,-11.769230063850333,32.0
0.5,2.0,2,20,15,30,2.1159629907679007,9.000000000000004,63.33333333333333,1.670505574933794,56.666666666666664,23.333333333333332,20.0,-11.769230063850333,31.5
0.5,2.0,2,20,20,30,2.1159629907679007,9.000000000000004,63.33333333333333,1.670505574933794,56.666666666666664,23.333333333333332,20.0,-11.769230063850333,31.5
0.5,2.0,2,30,5,30,2.425659216799241,9.000000000000004,66.66666666666666,1.8491428948459803,56.666666666666664,20.0,23.333333333333332,-11.769230063850333,32.0
0.5,2.0,2,30,10,30,2.4256592167992412,9.000000000000004,66.66666666666666,1.8491428948459803,56.666666666666664,20.0,23.333333333333332,-11.769230063850333,32.0
0.5,2.0,2,30,15,30,2.144152758053552,9.000000000000004,66.66666666666666,1.683263840341129,56.666666666666664,23.333333333333332,20.0,-11.769230063850333,30.5
0.5,2.0,2,30,20,30,2.144152758053552,9.000000000000004,66.66666666666666,1.683263840341129,56.666666666666664,23.333333333333332,20.0,-11.769230063850333,30.5
0.5,2.0,2,45,5,30,2.4256592167992412,9.000000000000004,66.66666666666666,1.8491428948459803,56.666666666666664,20.0,23.333333333333332,-11.769230063850333,32.0
0.5,2.0,2,45,10,30,2.425659216799242,9.000000000000004,66.66666666666666,1.8491428948459805,56.666666666666664,20.0,23.333333333333332,-11.769230063850333,32.0
0.5,2.0,2,45,15,31,2.365309120696987,9.000000000000005,67.74193548387096,1.778862976798374,58.06451612903226,22.58064516129032,19.35483870967742,-11.769230063850333,30.0
0.5,2.0,2,45,20,31,2.365309120696987,9.000000000000005,67.74193548387096,1.778862976798374,58.06451612903226,22.58064516129032,19.35483870967742,-11.769230063850333,30.0
0.5,2.0,2,60,5,30,2.4503918995977023,9.000000000000004,66.66666666666666,1.8578009873444412,56.666666666666664,20.0,23.333333333333332,-11.769230063850333,32.0
0.5,2.0,2,60,10,30,2.450391899597703,9.000000000000004,66.66666666666666,1.8578009873444417,56.666666666666664,20.0,23.333333333333332,-11.769230063850333,32.0
0.5,2.0,2,60,15,31,2.389243975018078,9.000000000000005,67.74193548387096,1.786744387191053,58.06451612903226,22.58064516129032,19.35483870967742,-11.769230063850333,30.0
0.5,2.0,2,60,20,31,2.389243975018078,9.000000000000005,67.74193548387096,1.786744387191053,58.06451612903226,22.58064516129032,19.35483870967742,-11.769230063850333,30.0
0.5,2.0,3,15,5,26,3.050729710148446,9.000000000000004,69.23076923076923,2.0499113109030707,65.38461538461539,23.076923076923077,11.538461538461538,-11.769230063850333,30.5
0.5,2.0,3,15,10,26,3.0507297101484454,9.000000000000004,69.23076923076923,2.04991131090307,65.38461538461539,23.076923076923077,11.538461538461538,-11.769230063850333,30.5
0.5,2.0,3,15,15,26,2.7259145654418813,9.000000000000004,69.23076923076923,1.8438012215356117,65.38461538461539,26.923076923076923,7.6923076923076925,-11.769230063850333,29.5
0.5,2.0,3,15,20,26,2.7259145654418813,9.000000000000004,69.23076923076923,1.8438012215356117,65.38461538461539,26.923076923076923,7.6923076923076925,-11.769230063850333,29.5
0.5,2.0,3,20,5,27,3.078887566570705,9.000000000000004,70.37037037037037,2.100355779704351,62.96296296296296,22.22222222222222,14.814814814814813,-11.769230063850333,31.0
0.5,2.0,3,20,10,27,3.0788875665707045,9.000000000000004,70.37037037037037,2.1003557797043504,62.96296296296296,22.22222222222222,14.814814814814813,-11.769230063850333,31.0
0.5,2.0,3,20,15,27,2.766102612408827,9.000000000000004,70.37037037037037,1.8891737079943263,62.96296296296296,25.925925925925924,11.11111111111111,-11.769230063850333,31.0
0.5,2.0,3,20,20,27,2.766102612408827,9.000000000000004,70.37037037037037,1.8891737079943263,62.96296296296296,25.925925925925924,11.11111111111111,-11.769230063850333,31.0
0.5,2.0,3,30,5,27,3.078887566570705,9.000000000000004,70.37037037037037,2.100355779704351,62.96296296296296,22.22222222222222,14.814814814814813,-11.769230063850333,31.0
0.5,2.0,3,30,10,27,3.0788875665707045,9.000000000000004,70.37037037037037,2.1003557797043504,62.96296296296296,22.22222222222222,14.814814814814813,-11.769230063850333,31.0
0.5,2.0,3,30,15,27,2.766102612408827,9.000000000000004,70.37037037037037,1.8891737079943263,62.96296296296296,25.925925925925924,11.11111111111111,-11.769230063850333,30.0
0.5,2.0,3,30,20,27,2.766102612408827,9.000000000000004,70.37037037037037,1.8891737079943263,62.96296296296296,25.925925925925924,11.11111111111111,-11.769230063850333,30.0
0.5,2.0,3,45,5,27,3.078887566570705,9.000000000000004,70.37037037037037,2.100355779704351,62.96296296296296,22.22222222222222,14.814814814814813,-11.769230063850333,31.0
0.5,2.0,3,45,10,27,3.0788875665707045,9.000000000000004,70.37037037037037,2.1003557797043504,62.96296296296296,22.22222222222222,14.814814814814813,-11.769230063850333,31.0
0.5,2.0,3,45,15,28,2.988741804822798,9.000000000000004,71.42857142857143,1.9963249158593162,64.28571428571429,25.0,10.714285714285714,-11.769230063850333,29.5
0.5,2.0,3,45,20,28,2.988741804822798,9.000000000000004,71.42857142857143,1.9963249158593162,64.28571428571429,25.0,10.714285714285714,-11.769230063850333,29.5
0.5,2.0,3,60,5,28,2.913754305539188,9.000000000000002,67.85714285714286,2.0772410195659483,60.71428571428571,21.428571428571427,17.857142857142858,-11.769230063850333,32.0
0.5,2.0,3,60,10,28,2.9137543055391872,9.000000000000002,67.85714285714286,2.077241019565948,60.71428571428571,21.428571428571427,17.857142857142858,-11.769230063850333,32.0
0.5,2.0,3,60,15,29,2.832411268714709,9.000000000000002,68.96551724137932,1.9757601735166794,62.06896551724138,24.137931034482758,13.793103448275861,-11.769230063850333,30.0
0.5,2.0,3,60,20,29,2.832411268714709,9.000000000000002,68.96551724137932,1.9757601735166794,62.06896551724138,24.137931034482758,13.793103448275861,-11.769230063850333,30.0
0.5,2.0,5,15,5,21,4.603617318977166,9.000000000000005,76.19047619047619,3.0428511862902483,76.19047619047619,19.047619047619047,4.761904761904762,-11.769230063850333,15.0
0.5,2.0,5,15,10,21,4.603617318977166,9.000000000000005,76.19047619047619,3.0428511862902483,76.19047619047619,19.047619047619047,4.761904761904762,-11.769230063850333,15.0
0.5,2.0,5,15,15,21,4.201465235054753,9.000000000000005,76.19047619047619,2.5820689981757714,76.19047619047619,23.809523809523807,0.0,-11.769230063850333,9.0
0.5,2.0,5,15,20,21,4.201465235054753,9.000000000000005,76.19047619047619,2.5820689981757714,76.19047619047619,23.809523809523807,0.0,-11.769230063850333,9.0
0.5,2.0,5,20,5,22,4.390173640536009,9.000000000000004,72.72727272727273,3.036938029988221,72.72727272727273,18.181818181818183,9.090909090909092,-11.769230063850333,15.5
0.5,2.0,5,20,10,22,4.390173640536009,9.000000000000004,72.72727272727273,3.036938029988221,72.72727272727273,18.181818181818183,9.090909090909092,-11.769230063850333,15.5
0.5,2.0,5,20,15,22,4.006301196791887,9.000000000000004,72.72727272727273,2.5778098628434343,72.72727272727273,22.727272727272727,4.545454545454546,-11.769230063850333,12.0
0.5,2.0,5,20,20,22,4.006301196791887,9.000000000000004,72.72727272727273,2.5778098628434343,72.72727272727273,22.727272727272727,4.545454545454546,-11.769230063850333,12.0
0.5,2.0,5,30,5,22,4.390173640536009,9.000000000000004,72.72727272727273,3.036938029988221,72.72727272727273,18.181818181818183,9.090909090909092,-11.769230063850333,15.5
0.5,2.0,5,30,10,22,4.390173640536009,9.000000000000004,72.72727272727273,3.036938029988221,72.72727272727273,18.181818181818183,9.090909090909092,-11.769230063850333,15.5
0.5,2.0,5,30,15,22,4.006301196791887,9.000000000000004,72.72727272727273,2.5778098628434343,72.72727272727273,22.727272727272727,4.545454545454546,-11.769230063850333,12.0
0.5,2.0,5,30,20,22,4.006301196791887,9.000000000000004,72.72727272727273,2.5778098628434343,72.72727272727273,22.727272727272727,4.545454545454546,-11.769230063850333,12.0
0.5,2.0,5,45,5,23,4.325214123516683,9.000000000000005,73.91304347826086,3.098016437289232,69.56521739130434,17.391304347826086,13.043478260869565,-11.769230063850333,22.0
0.5,2.0,5,45,10,23,4.325214123516683,9.000000000000005,73.91304347826086,3.098016437289232,69.56521739130434,17.391304347826086,13.043478260869565,-11.769230063850333,22.0
0.5,2.0,5,45,15,24,4.168113794938043,9.000000000000005,75.0,2.7907674750075087,70.83333333333334,20.833333333333336,8.333333333333332,-11.769230063850333,12.0
0.5,2.0,5,45,20,24,4.168113794938043,9.000000000000005,75.0,2.7907674750075087,70.83333333333334,20.833333333333336,8.333333333333332,-11.769230063850333,12.0
0.5,2.0,5,60,5,23,4.325214123516683,9.000000000000005,73.91304347826086,3.098016437289232,69.56521739130434,17.391304347826086,13.043478260869565,-11.769230063850333,15.0
0.5,2.0,5,60,10,23,4.325214123516683,9.000000000000005,73.91304347826086,3.098016437289232,69.56521739130434,17.391304347826086,13.043478260869565,-11.769230063850333,15.0
0.5,2.0,5,60,15,24,4.168113794938043,9.000000000000005,75.0,2.7907674750075087,70.83333333333334,20.833333333333336,8.333333333333332,-11.769230063850333,11.5
0.5,2.0,5,60,20,24,4.168113794938043,9.000000000000005,75.0,2.7907674750075087,70.83333333333334,20.833333333333336,8.333333333333332,-11.769230063850333,11.5
0.5,2.0,7,15,5,19,3.566136635457641,9.000000000000009,68.42105263157895,2.375952730138154,68.42105263157895,21.052631578947366,10.526315789473683,-11.769230063850333,10.0
0.5,2.0,7,15,10,19,3.566136635457641,9.000000000000009,68.42105263157895,2.375952730138154,68.42105263157895,21.052631578947366,10.526315789473683,-11.769230063850333,10.0
0.5,2.0,7,15,15,19,3.566136635457641,9.000000000000009,68.42105263157895,2.375952730138154,68.42105263157895,21.052631578947366,10.526315789473683,-11.769230063850333,10.0
0.5,2.0,7,15,20,19,3.566136635457641,9.000000000000009,68.42105263157895,2.375952730138154,68.42105263157895,21.052631578947366,10.526315789473683,-11.769230063850333,10.0
0.5,2.0,7,20,5,20,3.8368155872029144,9.000000000000007,70.0,2.807952498212958,65.0,15.0,20.0,-11.769230063850333,13.5
0.5,2.0,7,20,10,20,3.8368155872029144,9.000000000000007,70.0,2.807952498212958,65.0,15.0,20.0,-11.769230063850333,13.5
0.5,2.0,7,20,15,20,3.8368155872029144,9.000000000000007,70.0,2.807952498212958,65.0,15.0,20.0,-11.769230063850333,13.5
0.5,2.0,7,20,20,20,3.8368155872029144,9.000000000000007,70.0,2.807952498212958,65.0,15.0,20.0,-11.769230063850333,13.5
0.5,2.0,7,30,5,20,3.8368155872029144,9.000000000000007,70.0,2.807952498212958,65.0,15.0,20.0,-11.769230063850333,13.5
0.5,2.0,7,30,10,20,3.8368155872029144,9.000000000000007,70.0,2.807952498212958,65.0,15.0,20.0,-11.769230063850333,13.5
0.5,2.0,7,30,15,20,3.8368155872029144,9.000000000000007,70.0,2.8079524982129573,65.0,15.0,20.0,-11.769230063850333,13.5
0.5,2.0,7,30,20,20,3.8368155872029144,9.000000000000007,70.0,2.8079524982129573,65.0,15.0,20.0,-11.769230063850333,13.5
0.5,2.0,7,45,5,20,3.67134131739816,9.000000000000007,70.0,2.6048439186513166,65.0,15.0,20.0,-11.769230063850333,13.5
0.5,2.0,7,45,10,20,3.6713413173981584,9.000000000000005,70.0,2.6048439186513157,65.0,15.0,20.0,-11.769230063850333,13.5
0.5,2.0,7,45,15,20,3.6713413173981584,9.000000000000005,70.0,2.6048439186513157,65.0,15.0,20.0,-11.769230063850333,13.5
0.5,2.0,7,45,20,20,3.6713413173981584,9.000000000000005,70.0,2.6048439186513157,65.0,15.0,20.0,-11.769230063850333,13.5
0.5,2.0,7,60,5,20,3.722018560209521,9.000000000000007,70.0,2.6638547256682124,65.0,15.0,20.0,-11.769230063850333,13.5
0.5,2.0,7,60,10,20,3.722018560209519,9.000000000000005,70.0,2.6638547256682115,65.0,15.0,20.0,-11.769230063850333,13.5
0.5,2.0,7,60,15,21,3.9733510097233515,9.000000000000005,71.42857142857143,2.8650183186054123,66.66666666666666,14.285714285714285,19.047619047619047,-11.769230063850333,10.0
0.5,2.0,7,60,20,21,3.9733510097233515,9.000000000000005,71.42857142857143,2.8650183186054123,66.66666666666666,14.285714285714285,19.047619047619047,-11.769230063850333,10.0
0.5,2.0,10,15,5,16,2.83096800351092,9.000000000000005,68.75,1.812194968521455,68.75,31.25,0.0,-11.769230063850333,7.5
0.5,2.0,10,15,10,16,2.83096800351092,9.000000000000005,68.75,1.812194968521455,68.75,31.25,0.0,-11.769230063850333,7.5
0.5,2.0,10,15,15,16,2.83096800351092,9.000000000000005,68.75,1.812194968521455,68.75,31.25,0.0,-11.769230063850333,7.5
0.5,2.0,10,15,20,16,2.83096800351092,9.000000000000005,68.75,1.812194968521455,68.75,31.25,0.0,-11.769230063850333,7.5
0.5,2.0,10,20,5,17,2.26206684770344,9.000000000000005,64.70588235294117,1.6142052919256238,64.70588235294117,29.411764705882355,5.88235294117647,-11.769230063850333,8.0
0.5,2.0,10,20,10,17,2.26206684770344,9.000000000000005,64.70588235294117,1.614205291925624,64.70588235294117,29.411764705882355,5.88235294117647,-11.769230063850333,8.0
0.5,2.0,10,20,15,17,2.26206684770344,9.000000000000005,64.70588235294117,1.614205291925624,64.70588235294117,29.411764705882355,5.88235294117647,-11.769230063850333,8.0
0.5,2.0,10,20,20,17,2.26206684770344,9.000000000000005,64.70588235294117,1.614205291925624,64.70588235294117,29.411764705882355,5.88235294117647,-11.769230063850333,8.0
0.5,2.0,10,30,5,20,1.1248736083014077,9.000000000000005,55.00000000000001,1.286346707115087,55.00000000000001,30.0,15.0,-11.769230063850333,11.5
0.5,2.0,10,30,10,20,1.1248736083014077,9.000000000000005,55.00000000000001,1.286346707115087,55.00000000000001,30.0,15.0,-11.769230063850333,11.5
0.5,2.0,10,30,15,20,1.1248736083014077,9.000000000000005,55.00000000000001,1.286346707115087,55.00000000000001,30.0,15.0,-11.769230063850333,11.5
0.5,2.0,10,30,20,20,1.1248736083014077,9.000000000000005,55.00000000000001,1.286346707115087,55.00000000000001,30.0,15.0,-11.769230063850333,11.5
0.5,2.0,10,45,5,20,1.0070496944344707,9.000000000000005,55.00000000000001,1.2488886180165486,55.00000000000001,30.0,15.0,-11.769230063850333,11.5
0.5,2.0,10,45,10,20,1.0070496944344713,9.000000000000005,55.00000000000001,1.2488886180165488,55.00000000000001,30.0,15.0,-11.769230063850333,11.5
0.5,2.0,10,45,15,20,1.0070496944344713,9.000000000000005,55.00000000000001,1.2488886180165488,55.00000000000001,30.0,15.0,-11.769230063850333,11.5
0.5,2.0,10,45,20,20,1.0070496944344713,9.000000000000005,55.00000000000001,1.2488886180165488,55.00000000000001,30.0,15.0,-11.769230063850333,11.5
0.5,2.0,10,60,5,20,1.0132074093169254,9.000000000000005,55.00000000000001,1.250792144201079,55.00000000000001,30.0,15.0,-11.769230063850333,11.5
0.5,2.0,10,60,10,20,1.013207409316926,9.000000000000005,55.00000000000001,1.2507921442010794,55.00000000000001,30.0,15.0,-11.769230063850333,11.5
0.5,2.0,10,60,15,21,0.44114991363516753,9.000000000000005,52.38095238095239,1.1009160203801636,52.38095238095239,33.33333333333333,14.285714285714285,-11.769230063850333,15.0
0.5,2.0,10,60,20,21,0.44114991363516753,9.000000000000005,52.38095238095239,1.1009160203801636,52.38095238095239,33.33333333333333,14.285714285714285,-11.769230063850333,15.0
0.5,2.5,2,15,5,41,1.481856633161507,9.0,56.09756097560976,1.449610932509227,51.21951219512195,21.951219512195124,26.82926829268293,-11.769230063850333,33.0
0.5,2.5,2,15,10,41,1.481856633161507,9.0,56.09756097560976,1.449610932509227,51.21951219512195,21.951219512195124,26.82926829268293,-11.769230063850333,33.0
0.5,2.5,2,15,15,41,1.2758762974939295,9.0,56.09756097560976,1.3643440588210627,51.21951219512195,24.390243902439025,24.390243902439025,-11.769230063850333,31.0
0.5,2.5,2,15,20,41,1.2758762974939295,9.0,56.09756097560976,1.3643440588210627,51.21951219512195,24.390243902439025,24.390243902439025,-11.769230063850333,31.0
0.5,2.5,2,20,5,42,1.564081196609796,7.272744648907786,57.14285714285714,1.4902119396176878,50.0,21.428571428571427,28.57142857142857,-11.769230063850333,39.5
0.5,2.5,2,20,10,42,1.5640811966097958,7.272744648907786,57.14285714285714,1.4902119396176878,50.0,21.428571428571427,28.57142857142857,-11.769230063850333,39.5
0.5,2.5,2,20,15,42,1.363005154648589,7.272744648907786,57.14285714285714,1.4018650764187204,50.0,23.809523809523807,26.190476190476193,-11.769230063850333,32.5
0.5,2.5,2,20,20,42,1.363005154648589,7.272744648907786,57.14285714285714,1.4018650764187204,50.0,23.809523809523807,26.190476190476193,-11.769230063850333,32.5
0.5,2.5,2,30,5,43,1.4589678998806197,5.545489297815572,58.139534883720934,1.4569983522153562,48.837209302325576,20.930232558139537,30.23255813953488,-11.769230063850333,46.0
0.5,2.5,2,30,10,43,1.4589678998806201,5.545489297815572,58.139534883720934,1.4569983522153562,48.837209302325576,20.930232558139537,30.23255813953488,-11.769230063850333,46.0
0.5,2.5,2,30,15,43,1.262568044941767,5.545489297815572,58.139534883720934,1.3725596980080517,48.837209302325576,23.25581395348837,27.906976744186046,-11.769230063850333,33.0
0.5,2.5,2,30,20,43,1.262568044941767,5.545489297815572,58.139534883720934,1.3725596980080517,48.837209302325576,23.25581395348837,27.906976744186046,-11.769230063850333,33.0
0.5,2.5,2,45,5,43,1.4589678998806201,5.545489297815572,58.139534883720934,1.4569983522153562,48.837209302325576,20.930232558139537,30.23255813953488,-11.769230063850333,46.0
0.5,2.5,2,45,10,43,1.4589678998806204,5.545489297815572,58.139534883720934,1.4569983522153562,48.837209302325576,20.930232558139537,30.23255813953488,-11.769230063850333,46.0
0.5,2.5,2,45,15,44,1.438418771193091,7.272744648907786,59.09090909090909,1.434320813793763,50.0,22.727272727272727,27.27272727272727,-11.769230063850333,32.0
0.5,2.5,2,45,20,44,1.438418771193091,7.272744648907786,59.09090909090909,1.434320813793763,50.0,22.727272727272727,27.27272727272727,-11.769230063850333,32.0
0.5,2.5,2,60,5,43,1.4762232599725695,5.545489297815572,58.139534883720934,1.462403317690984,48.837209302325576,20.930232558139537,30.23255813953488,-11.769230063850333,46.0
0.5,2.5,2,60,10,43,1.4762232599725702,5.545489297815572,58.139534883720934,1.462403317690984,48.837209302325576,20.930232558139537,30.23255813953488,-11.769230063850333,46.0
0.5,2.5,2,60,15,44,1.4552819640102237,7.272744648907786,59.09090909090909,1.43941254074712,50.0,22.727272727272727,27.27272727272727,-11.769230063850333,32.0
0.5,2.5,2,60,20,44,1.4552819640102237,7.272744648907786,59.09090909090909,1.43941254074712,50.0,22.727272727272727,27.27272727272727,-11.769230063850333,32.0
0.5,2.5,3,15,5,36,2.120003159226295,9.000000000000002,63.888888888888886,1.6410320580404787,58.333333333333336,25.0,16.666666666666664,-11.769230063850333,30.5
0.5,2.5,3,15,10,36,2.120003159226295,9.000000000000002,63.888888888888886,1.6410320580404785,58.333333333333336,25.0,16.666666666666664,-11.769230063850333,30.5
0.5,2.5,3,15,15,36,1.885414443604887,9.000000000000002,63.888888888888886,1.532338204031701,58.333333333333336,27.77777777777778,13.88888888888889,-11.769230063850333,29.5
0.5,2.5,3,15,20,36,1.885414443604887,9.000000000000002,63.888888888888886,1.532338204031701,58.333333333333336,27.77777777777778,13.88888888888889,-11.769230063850333,29.5
0.5,2.5,3,20,5,38,2.035049083454163,9.0,63.1578947368421,1.634609376898201,55.26315789473685,23.684210526315788,21.052631578947366,-11.769230063850333,32.0
0.5,2.5,3,20,10,38,2.035049083454163,9.0,63.1578947368421,1.6346093768982008,55.26315789473685,23.684210526315788,21.052631578947366,-11.769230063850333,32.0
0.5,2.5,3,20,15,38,1.8128071423391454,9.0,63.1578947368421,1.5286668184059615,55.26315789473685,26.31578947368421,18.421052631578945,-11.769230063850333,31.5
0.5,2.5,3,20,20,38,1.8128071423391454,9.0,63.1578947368421,1.5286668184059615,55.26315789473685,26.31578947368421,18.421052631578945,-11.769230063850333,31.5
0.5,2.5,3,30,5,38,2.035049083454163,9.0,63.1578947368421,1.634609376898201,55.26315789473685,23.684210526315788,21.052631578947366,-11.769230063850333,32.0
0.5,2.5,3,30,10,38,2.035049083454163,9.0,63.1578947368421,1.6346093768982004,55.26315789473685,23.684210526315788,21.052631578947366,-11.769230063850333,32.0
0.5,2.5,3,30,15,38,1.812807142339145,9.0,63.1578947368421,1.528666818405961,55.26315789473685,26.31578947368421,18.421052631578945,-11.769230063850333,30.5
0.5,2.5,3,30,20,38,1.812807142339145,9.0,63.1578947368421,1.528666818405961,55.26315789473685,26.31578947368421,18.421052631578945,-11.769230063850333,30.5
0.5,2.5,3,45,5,38,2.035049083454163,9.0,63.1578947368421,1.634609376898201,55.26315789473685,23.684210526315788,21.052631578947366,-11.769230063850333,32.0
0.5,2.5,3,45,10,38,2.035049083454163,9.0,63.1578947368421,1.6346093768982004,55.26315789473685,23.684210526315788,21.052631578947366,-11.769230063850333,32.0
0.5,2.5,3,45,15,39,1.9970941386894232,9.000000000000002,64.1025641025641,1.5977368034747972,56.41025641025641,25.64102564102564,17.94871794871795,-11.769230063850333,30.0
0.5,2.5,3,45,20,39,1.9970941386894232,9.000000000000002,64.1025641025641,1.5977368034747972,56.41025641025641,25.64102564102564,17.94871794871795,-11.769230063850333,30.0
0.5,2.5,3,60,5,39,1.9432569597165759,9.0,61.53846153846154,1.6209790031786888,53.84615384615385,23.076923076923077,23.076923076923077,-11.769230063850333,33.0
0.5,2.5,3,60,10,39,1.9432569597165756,9.0,61.53846153846154,1.6209790031786886,53.84615384615385,23.076923076923077,23.076923076923077,-11.769230063850333,33.0
0.5,2.5,3,60,15,40,1.908545691664394,9.0,62.5,1.585041416421105,55.00000000000001,25.0,20.0,-11.769230063850333,30.5
0.5,2.5,3,60,20,40,1.908545691664394,9.0,62.5,1.585041416421105,55.00000000000001,25.0,20.0,-11.769230063850333,30.5
0.5,2.5,5,15,5,28,3.5598558463757337,9.000000000000004,71.42857142857143,2.240923244001427,71.42857142857143,25.0,3.571428571428571,-11.769230063850333,16.5
0.5,2.5,5,15,10,28,3.5598558463757337,9.000000000000004,71.42857142857143,2.240923244001427,71.42857142857143,25.0,3.571428571428571,-11.769230063850333,16.5
0.5,2.5,5,15,15,28,3.258241783433924,9.000000000000004,71.42857142857143,2.0277296521613284,71.42857142857143,28.57142857142857,0.0,-11.769230063850333,15.5
0.5,2.5,5,15,20,28,3.258241783433924,9.000000000000004,71.42857142857143,2.0277296521613284,71.42857142857143,28.57142857142857,0.0,-11.769230063850333,15.5
0.5,2.5,5,20,5,29,3.433924830751456,9.000000000000004,68.96551724137932,2.238355517576978,68.96551724137932,24.137931034482758,6.896551724137931,-11.769230063850333,17.0
0.5,2.5,5,20,10,29,3.433924830751456,9.000000000000004,68.96551724137932,2.238355517576978,68.96551724137932,24.137931034482758,6.896551724137931,-11.769230063850333,17.0
0.5,2.5,5,20,15,29,3.1427112527386742,9.000000000000004,68.96551724137932,2.0256270251603925,68.96551724137932,27.586206896551722,3.4482758620689653,-11.769230063850333,16.0
0.5,2.5,5,20,20,29,3.1427112527386742,9.000000000000004,68.96551724137932,2.0256270251603925,68.96551724137932,27.586206896551722,3.4482758620689653,-11.769230063850333,16.0
0.5,2.5,5,30,5,29,3.433924830751456,9.000000000000004,68.96551724137932,2.238355517576978,68.96551724137932,24.137931034482758,6.896551724137931,-11.769230063850333,17.0
0.5,2.5,5,30,10,29,3.4339248307514554,9.000000000000004,68.96551724137932,2.238355517576978,68.96551724137932,24.137931034482758,6.896551724137931,-11.769230063850333,17.0
0.5,2.5,5,30,15,29,3.142711252738674,9.000000000000004,68.96551724137932,2.025627025160392,68.96551724137932,27.586206896551722,3.4482758620689653,-11.769230063850333,16.0
0.5,2.5,5,30,20,29,3.142711252738674,9.000000000000004,68.96551724137932,2.025627025160392,68.96551724137932,27.586206896551722,3.4482758620689653,-11.769230063850333,16.0
0.5,2.5,5,45,5,30,3.4159974946961253,9.000000000000004,70.0,2.274369473380366,66.66666666666666,23.333333333333332,10.0,-11.769230063850333,20.5
0.5,2.5,5,45,10,30,3.4159974946961253,9.000000000000004,70.0,2.274369473380366,66.66666666666666,23.333333333333332,10.0,-11.769230063850333,20.5
0.5,2.5,5,45,15,31,2.8274306701055862,9.000000000000004,67.74193548387096,1.9202546792324864,64.51612903225806,25.806451612903224,9.67741935483871,-11.769230063850333,17.0
0.5,2.5,5,45,20,31,2.8274306701055862,9.000000000000004,67.74193548387096,1.9202546792324864,64.51612903225806,25.806451612903224,9.67741935483871,-11.769230063850333,17.0
0.5,2.5,5,60,5,30,3.415997494696126,9.000000000000004,70.0,2.274369473380366,66.66666666666666,23.333333333333332,10.0,-11.769230063850333,18.0
0.5,2.5,5,60,10,30,3.4159974946961253,9.000000000000004,70.0,2.274369473380366,66.66666666666666,23.333333333333332,10.0,-11.769230063850333,18.0
0.5,2.5,5,60,15,31,2.794541668081686,9.000000000000004,67.74193548387096,1.8999169999668724,64.51612903225806,25.806451612903224,9.67741935483871,-11.769230063850333,15.0
0.5,2.5,5,60,20,31,2.794541668081686,9.000000000000004,67.74193548387096,1.8999169999668724,64.51612903225806,25.806451612903224,9.67741935483871,-11.769230063850333,15.0
0.5,2.5,7,15,5,24,3.864858169737301,9.000000000000007,70.83333333333334,2.5396971291191193,70.83333333333334,20.833333333333336,8.333333333333332,-11.769230063850333,15.5
0.5,2.5,7,15,10,24,3.864858169737301,9.000000000000007,70.83333333333334,2.5396971291191193,70.83333333333334,20.833333333333336,8.333333333333332,-11.769230063850333,15.5
0.5,2.5,7,15,15,24,3.864858169737301,9.000000000000007,70.83333333333334,2.5396971291191193,70.83333333333334,20.833333333333336,8.333333333333332,-11.769230063850333,15.5
0.5,2.5,7,15,20,24,3.864858169737301,9.000000000000007,70.83333333333334,2.5396971291191193,70.83333333333334,20.833333333333336,8.333333333333332,-11.769230063850333,15.5
0.5,2.5,7,20,5,26,3.4898581440022434,9.000000000000007,69.23076923076923,2.4079920863964084,65.38461538461539,19.230769230769234,15.384615384615385,-11.769230063850333,20.0
0.5,2.5,7,20,10,26,3.489858144002243,9.000000000000007,69.23076923076923,2.4079920863964084,65.38461538461539,19.230769230769234,15.384615384615385,-11.769230063850333,20.0
0.5,2.5,7,20,15,26,3.489858144002243,9.000000000000007,69.23076923076923,2.4079920863964084,65.38461538461539,19.230769230769234,15.384615384615385,-11.769230063850333,20.0
0.5,2.5,7,20,20,26,3.489858144002243,9.000000000000007,69.23076923076923,2.4079920863964084,65.38461538461539,19.230769230769234,15.384615384615385,-11.769230063850333,20.0
0.5,2.5,7,30,5,26,3.489858144002243,9.000000000000007,69.23076923076923,2.407992086396408,65.38461538461539,19.230769230769234,15.384615384615385,-11.769230063850333,20.0
0.5,2.5,7,30,10,26,2.917650143836701,9.000000000000007,65.38461538461539,2.0787491168621215,61.53846153846154,19.230769230769234,19.230769230769234,-11.769230063850333,21.0
0.5,2.5,7,30,15,26,2.9176501438367004,9.000000000000004,65.38461538461539,2.0787491168621215,61.53846153846154,19.230769230769234,19.230769230769234,-11.769230063850333,21.0
0.5,2.5,7,30,20,26,2.9176501438367004,9.000000000000004,65.38461538461539,2.0787491168621215,61.53846153846154,19.230769230769234,19.230769230769234,-11.769230063850333,21.0
0.5,2.5,7,45,5,26,3.3625702441524314,9.000000000000004,69.23076923076923,2.2903709457634633,65.38461538461539,19.230769230769234,15.384615384615385,-11.769230063850333,20.0
0.5,2.5,7,45,10,26,2.789545489452265,9.000000000000004,65.38461538461539,1.9847429352404364,61.53846153846154,19.230769230769234,19.230769230769234,-11.769230063850333,21.0
0.5,2.5,7,45,15,26,2.789545489452265,9.000000000000004,65.38461538461539,1.9847429352404364,61.53846153846154,19.230769230769234,19.230769230769234,-11.769230063850333,21.0
0.5,2.5,7,45,20,26,2.789545489452265,9.000000000000004,65.38461538461539,1.9847429352404364,61.53846153846154,19.230769230769234,19.230769230769234,-11.769230063850333,21.0
0.5,2.5,7,60,5,27,3.6089026371922386,9.000000000000005,70.37037037037037,2.4600060007323594,66.66666666666666,18.51851851851852,14.814814814814813,-11.769230063850333,23.0
0.5,2.5,7,60,10,27,3.0571010215550407,9.000000000000005,66.66666666666666,2.1363381470627734,62.96296296296296,18.51851851851852,18.51851851851852,-11.769230063850333,25.0
0.5,2.5,7,60,15,28,3.0871561144353725,9.000000000000004,67.85714285714286,2.1119204803383234,64.28571428571429,21.428571428571427,14.285714285714285,-11.769230063850333,21.0
0.5,2.5,7,60,20,28,3.0871561144353725,9.000000000000004,67.85714285714286,2.1119204803383234,64.28571428571429,21.428571428571427,14.285714285714285,-11.769230063850333,21.0
0.5,2.5,10,15,5,21,2.7979605053142294,9.000000000000005,66.66666666666666,1.8477744881169726,66.66666666666666,28.57142857142857,4.761904761904762,-11.769230063850333,11.0
0.5,2.5,10,15,10,21,2.7979605053142294,9.000000000000005,66.66666666666666,1.8477744881169726,66.66666666666666,28.57142857142857,4.761904761904762,-11.769230063850333,11.0
0.5,2.5,10,15,15,21,2.7979605053142294,9.000000000000005,66.66666666666666,1.8477744881169726,66.66666666666666,28.57142857142857,4.761904761904762,-11.769230063850333,11.0
0.5,2.5,10,15,20,21,2.7979605053142294,9.000000000000005,66.66666666666666,1.8477744881169726,66.66666666666666,28.57142857142857,4.761904761904762,-11.769230063850333,11.0
0.5,2.5,10,20,5,22,2.3670904279191385,9.000000000000005,63.63636363636363,1.6853120232585688,63.63636363636363,27.27272727272727,9.090909090909092,-11.769230063850333,18.5
0.5,2.5,10,20,10,22,2.367090427919139,9.000000000000005,63.63636363636363,1.685312023258569,63.63636363636363,27.27272727272727,9.090909090909092,-11.769230063850333,18.5
0.5,2.5,10,20,15,22,2.367090427919139,9.000000000000005,63.63636363636363,1.685312023258569,63.63636363636363,27.27272727272727,9.090909090909092,-11.769230063850333,18.5
0.5,2.5,10,20,20,22,2.367090427919139,9.000000000000005,63.63636363636363,1.685312023258569,63.63636363636363,27.27272727272727,9.090909090909092,-11.769230063850333,18.5
0.5,2.5,10,30,5,25,1.4457403656354717,9.000000000000004,56.00000000000001,1.3932009766004017,56.00000000000001,28.000000000000004,16.0,-11.769230063850333,23.0
0.5,2.5,10,30,10,25,1.4457403656354717,9.000000000000004,56.00000000000001,1.3932009766004017,56.00000000000001,28.000000000000004,16.0,-11.769230063850333,23.0
0.5,2.5,10,30,15,25,1.4457403656354717,9.000000000000004,56.00000000000001,1.3932009766004017,56.00000000000001,28.000000000000004,16.0,-11.769230063850333,23.0
0.5,2.5,10,30,20,25,1.4457403656354717,9.000000000000004,56.00000000000001,1.3932009766004017,56.00000000000001,28.000000000000004,16.0,-11.769230063850333,23.0
0.5,2.5,10,45,5,25,1.3514812345419223,9.000000000000004,56.00000000000001,1.3583778075891104,56.00000000000001,28.000000000000004,16.0,-11.769230063850333,23.0
0.5,2.5,10,45,10,25,1.3514812345419225,9.000000000000004,56.00000000000001,1.3583778075891106,56.00000000000001,28.000000000000004,16.0,-11.769230063850333,23.0
0.5,2.5,10,45,15,25,1.3514812345419225,9.000000000000004,56.00000000000001,1.3583778075891106,56.00000000000001,28.000000000000004,16.0,-11.769230063850333,23.0
0.5,2.5,10,45,20,25,1.3514812345419225,9.000000000000004,56.00000000000001,1.3583778075891106,56.00000000000001,28.000000000000004,16.0,-11.769230063850333,23.0
0.5,2.5,10,60,5,25,1.3564074064478857,9.000000000000004,56.00000000000001,1.3601545681929672,56.00000000000001,28.000000000000004,16.0,-11.769230063850333,23.0
0.5,2.5,10,60,10,25,0.5564074064478864,9.000000000000002,52.0,1.1322832670146852,52.0,32.0,16.0,-11.769230063850333,25.0
0.5,2.5,10,60,15,26,0.11193019850758276,4.183037535011996,50.0,1.0250544260913923,50.0,34.61538461538461,15.384615384615385,-11.769230063850333,16.5
0.5,2.5,10,60,20,26,0.11193019850758276,4.183037535011996,50.0,1.0250544260913923,50.0,34.61538461538461,15.384615384615385,-11.769230063850333,16.5
0.5,3.0,2,15,5,44,2.0714259073614314,9.000000000000004,59.09090909090909,1.6744797226502757,54.54545454545454,20.454545454545457,25.0,-11.769230063850333,32.0
0.5,3.0,2,15,10,44,2.071425907361431,9.000000000000004,59.09090909090909,1.6744797226502754,54.54545454545454,20.454545454545457,25.0,-11.769230063850333,32.0
0.5,3.0,2,15,15,44,1.8794896854893701,9.000000000000004,59.09090909090909,1.5759859490434012,54.54545454545454,22.727272727272727,22.727272727272727,-11.769230063850333,30.5
0.5,3.0,2,15,20,44,1.8794896854893701,9.000000000000004,59.09090909090909,1.5759859490434012,54.54545454545454,22.727272727272727,22.727272727272727,-11.769230063850333,30.5
0.5,3.0,2,20,5,45,2.1350672938198363,9.000000000000002,60.0,1.7169673536402696,53.333333333333336,20.0,26.666666666666668,-11.769230063850333,33.0
0.5,3.0,2,20,10,45,2.135067293819836,9.000000000000002,60.0,1.7169673536402694,53.333333333333336,20.0,26.666666666666668,-11.769230063850333,33.0
0.5,3.0,2,20,15,45,1.9473963213227097,9.000000000000002,60.0,1.6151773492278332,53.333333333333336,22.22222222222222,24.444444444444443,-11.769230063850333,32.0
0.5,3.0,2,20,20,45,1.9473963213227097,9.000000000000002,60.0,1.6151773492278332,53.333333333333336,22.22222222222222,24.444444444444443,-11.769230063850333,32.0
0.5,3.0,2,30,5,46,2.0243964708510402,9.0,60.86956521739131,1.6783500246243614,52.17391304347826,19.565217391304348,28.26086956521739,-11.769230063850333,33.0
0.5,3.0,2,30,10,46,2.0243964708510407,9.0,60.86956521739131,1.6783500246243614,52.17391304347826,19.565217391304348,28.26086956521739,-11.769230063850333,33.0
0.5,3.0,2,30,15,46,1.8408053021038517,9.0,60.86956521739131,1.5810831902778455,52.17391304347826,21.73913043478261,26.08695652173913,-11.769230063850333,32.0
0.5,3.0,2,30,20,46,1.8408053021038517,9.0,60.86956521739131,1.5810831902778455,52.17391304347826,21.73913043478261,26.08695652173913,-11.769230063850333,32.0
0.5,3.0,2,45,5,46,2.0243964708510407,9.0,60.86956521739131,1.6783500246243614,52.17391304347826,19.565217391304348,28.26086956521739,-11.769230063850333,33.0
0.5,3.0,2,45,10,46,2.0243964708510407,9.0,60.86956521739131,1.6783500246243614,52.17391304347826,19.565217391304348,28.26086956521739,-11.769230063850333,33.0
0.5,3.0,2,45,15,47,1.9931285935484513,9.000000000000002,61.702127659574465,1.642844306063557,53.191489361702125,21.27659574468085,25.53191489361702,-11.769230063850333,31.0
0.5,3.0,2,45,20,47,1.9931285935484513,9.000000000000002,61.702127659574465,1.642844306063557,53.191489361702125,21.27659574468085,25.53191489361702,-11.769230063850333,31.0
0.5,3.0,2,60,5,46,2.040526481371776,9.0,60.86956521739131,1.6837549900999889,52.17391304347826,19.565217391304348,28.26086956521739,-11.769230063850333,33.0
0.5,3.0,2,60,10,46,2.040526481371776,9.0,60.86956521739131,1.6837549900999886,52.17391304347826,19.565217391304348,28.26086956521739,-11.769230063850333,33.0
0.5,3.0,2,60,15,47,2.0089154123559796,9.000000000000002,61.702127659574465,1.6479360330169135,53.191489361702125,21.27659574468085,25.53191489361702,-11.769230063850333,31.0
0.5,3.0,2,60,20,47,2.0089154123559796,9.000000000000002,61.702127659574465,1.6479360330169135,53.191489361702125,21.27659574468085,25.53191489361702,-11.769230063850333,31.0
0.5,3.0,3,15,5,39,2.7360700434981484,9.000000000000002,66.66666666666666,1.896256995452074,61.53846153846154,23.076923076923077,15.384615384615385,-11.769230063850333,30.0
0.5,3.0,3,15,10,39,2.7360700434981484,9.000000000000002,66.66666666666666,1.8962569954520738,61.53846153846154,23.076923076923077,15.384615384615385,-11.769230063850333,30.0
0.5,3.0,3,15,15,39,2.5195266136937717,9.000000000000002,66.66666666666666,1.770658302838534,61.53846153846154,25.64102564102564,12.82051282051282,-11.769230063850333,29.0
0.5,3.0,3,15,20,39,2.5195266136937717,9.000000000000002,66.66666666666666,1.770658302838534,61.53846153846154,25.64102564102564,12.82051282051282,-11.769230063850333,29.0
0.5,3.0,3,20,5,41,2.6272800764765707,9.000000000000002,65.85365853658537,1.8839714302981916,58.536585365853654,21.951219512195124,19.51219512195122,-11.769230063850333,31.0
0.5,3.0,3,20,10,41,2.6272800764765702,9.000000000000002,65.85365853658537,1.8839714302981911,58.536585365853654,21.951219512195124,19.51219512195122,-11.769230063850333,31.0
0.5,3.0,3,20,15,41,2.4212997408089927,9.000000000000002,65.85365853658537,1.761867179415441,58.536585365853654,24.390243902439025,17.073170731707318,-11.769230063850333,31.0
0.5,3.0,3,20,20,41,2.4212997408089927,9.000000000000002,65.85365853658537,1.761867179415441,58.536585365853654,24.390243902439025,17.073170731707318,-11.769230063850333,31.0
0.5,3.0,3,30,5,41,2.6272800764765707,9.000000000000002,65.85365853658537,1.8839714302981916,58.536585365853654,21.951219512195124,19.51219512195122,-11.769230063850333,31.0
0.5,3.0,3,30,10,41,2.6272800764765702,9.000000000000002,65.85365853658537,1.8839714302981911,58.536585365853654,21.951219512195124,19.51219512195122,-11.769230063850333,31.0
0.5,3.0,3,30,15,41,2.4212997408089927,9.000000000000002,65.85365853658537,1.761867179415441,58.536585365853654,24.390243902439025,17.073170731707318,-11.769230063850333,30.0
0.5,3.0,3,30,20,41,2.4212997408089927,9.000000000000002,65.85365853658537,1.761867179415441,58.536585365853654,24.390243902439025,17.073170731707318,-11.769230063850333,30.0
0.5,3.0,3,45,5,41,2.6272800764765707,9.000000000000002,65.85365853658537,1.8839714302981916,58.536585365853654,21.951219512195124,19.51219512195122,-11.769230063850333,31.0
0.5,3.0,3,45,10,41,2.6272800764765702,9.000000000000002,65.85365853658537,1.8839714302981911,58.536585365853654,21.951219512195124,19.51219512195122,-11.769230063850333,31.0
0.5,3.0,3,45,15,42,2.577935461265921,9.000000000000002,66.66666666666666,1.8309371644842767,59.523809523809526,23.809523809523807,16.666666666666664,-11.769230063850333,29.5
0.5,3.0,3,45,20,42,2.577935461265921,9.000000000000002,66.66666666666666,1.8309371644842767,59.523809523809526,23.809523809523807,16.666666666666664,-11.769230063850333,29.5
0.5,3.0,3,60,5,42,2.527943795076849,9.0,64.28571428571429,1.869958991805394,57.14285714285714,21.428571428571427,21.428571428571427,-11.769230063850333,32.0
0.5,3.0,3,60,10,42,2.5279437950768484,9.0,64.28571428571429,1.8699589918053938,57.14285714285714,21.428571428571427,21.428571428571427,-11.769230063850333,32.0
0.5,3.0,3,60,15,43,2.482056875136208,9.000000000000002,65.11627906976744,1.8179075994487541,58.139534883720934,23.25581395348837,18.6046511627907,-11.769230063850333,30.0
0.5,3.0,3,60,20,43,2.482056875136208,9.000000000000002,65.11627906976744,1.8179075994487541,58.139534883720934,23.25581395348837,18.6046511627907,-11.769230063850333,30.0
0.5,3.0,5,15,5,31,4.182627747968062,9.000000000000005,74.19354838709677,2.61422988880131,74.19354838709677,22.58064516129032,3.225806451612903,-11.769230063850333,16.0
0.5,3.0,5,15,10,31,4.182627747968062,9.000000000000005,74.19354838709677,2.61422988880131,74.19354838709677,22.58064516129032,3.225806451612903,-11.769230063850333,16.0
0.5,3.0,5,15,15,31,3.9102021427302978,9.000000000000005,74.19354838709677,2.365521209741824,74.19354838709677,25.806451612903224,0.0,-11.769230063850333,15.0
0.5,3.0,5,15,20,31,3.9102021427302978,9.000000000000005,74.19354838709677,2.365521209741824,74.19354838709677,25.806451612903224,0.0,-11.769230063850333,15.0
0.5,3.0,5,20,5,32,4.049041143133801,9.000000000000004,71.875,2.611234414867507,71.875,21.875,6.25,-11.769230063850333,16.5
0.5,3.0,5,20,10,32,4.049041143133801,9.000000000000004,71.875,2.611234414867507,71.875,21.875,6.25,-11.769230063850333,16.5
0.5,3.0,5,20,15,32,3.785128838059717,9.000000000000004,71.875,2.3630683143267035,71.875,25.0,3.125,-11.769230063850333,15.5
0.5,3.0,5,20,20,32,3.785128838059717,9.000000000000004,71.875,2.3630683143267035,71.875,25.0,3.125,-11.769230063850333,15.5
0.5,3.0,5,30,5,32,4.0490411431338,9.000000000000004,71.875,2.6112344148675066,71.875,21.875,6.25,-11.769230063850333,16.5
0.5,3.0,5,30,10,32,4.0490411431338,9.000000000000004,71.875,2.6112344148675066,71.875,21.875,6.25,-11.769230063850333,16.5
0.5,3.0,5,30,15,32,3.785128838059716,9.000000000000004,71.875,2.3630683143267035,71.875,25.0,3.125,-11.769230063850333,15.5
0.5,3.0,5,30,20,32,3.785128838059716,9.000000000000004,71.875,2.3630683143267035,71.875,25.0,3.125,-11.769230063850333,15.5
0.5,3.0,5,45,5,33,4.014103676647671,9.000000000000005,72.72727272727273,2.647248370670896,69.6969696969697,21.21212121212121,9.090909090909092,-11.769230063850333,19.0
0.5,3.0,5,45,10,33,4.014103676647671,9.000000000000005,72.72727272727273,2.647248370670896,69.6969696969697,21.21212121212121,9.090909090909092,-11.769230063850333,19.0
0.5,3.0,5,45,15,34,3.4598778606400753,9.000000000000004,70.58823529411765,2.23507707536893,67.64705882352942,23.52941176470588,8.823529411764707,-11.769230063850333,16.0
0.5,3.0,5,45,20,34,3.4598778606400753,9.000000000000004,70.58823529411765,2.23507707536893,67.64705882352942,23.52941176470588,8.823529411764707,-11.769230063850333,16.0
0.5,3.0,5,60,5,33,4.014103676647671,9.000000000000005,72.72727272727273,2.647248370670896,69.6969696969697,21.21212121212121,9.090909090909092,-11.769230063850333,17.0
0.5,3.0,5,60,10,33,4.014103676647671,9.000000000000005,72.72727272727273,2.647248370670896,69.6969696969697,21.21212121212121,9.090909090909092,-11.769230063850333,17.0
0.5,3.0,5,60,15,34,3.4298908293829893,9.000000000000004,70.58823529411765,2.211405069158302,67.64705882352942,23.52941176470588,8.823529411764707,-11.769230063850333,14.5
0.5,3.0,5,60,20,34,3.4298908293829893,9.000000000000004,70.58823529411765,2.211405069158302,67.64705882352942,23.52941176470588,8.823529411764707,-11.769230063850333,14.5
0.5,3.0,7,15,5,27,2.986304226783238,9.000000000000007,66.66666666666666,1.9803851770945295,66.66666666666666,25.925925925925924,7.4074074074074066,-11.769230063850333,10.0
0.5,3.0,7,15,10,27,3.7270449675239785,9.000000000000007,70.37037037037037,2.412484645276643,70.37037037037037,22.22222222222222,7.4074074074074066,-11.769230063850333,10.0
0.5,3.0,7,15,15,27,3.7270449675239785,9.000000000000007,70.37037037037037,2.412484645276643,70.37037037037037,22.22222222222222,7.4074074074074066,-11.769230063850333,10.0
0.5,3.0,7,15,20,27,3.7270449675239785,9.000000000000007,70.37037037037037,2.412484645276643,70.37037037037037,22.22222222222222,7.4074074074074066,-11.769230063850333,10.0
0.5,3.0,7,20,5,29,2.710687234258984,9.000000000000005,65.51724137931035,1.9093765108659033,62.06896551724138,24.137931034482758,13.793103448275861,-11.769230063850333,14.0
0.5,3.0,7,20,10,29,3.400342406672776,9.000000000000005,68.96551724137932,2.3070653251533044,65.51724137931035,20.689655172413794,13.793103448275861,-11.769230063850333,14.0
0.5,3.0,7,20,15,29,3.400342406672776,9.000000000000005,68.96551724137932,2.3070653251533044,65.51724137931035,20.689655172413794,13.793103448275861,-11.769230063850333,14.0
0.5,3.0,7,20,20,29,3.400342406672776,9.000000000000005,68.96551724137932,2.3070653251533044,65.51724137931035,20.689655172413794,13.793103448275861,-11.769230063850333,14.0
0.5,3.0,7,30,5,29,2.710687234258983,9.000000000000005,65.51724137931035,1.9093765108659033,62.06896551724138,24.137931034482758,13.793103448275861,-11.769230063850333,14.0
0.5,3.0,7,30,10,29,2.887328337558842,9.000000000000005,65.51724137931035,2.0296521588697405,62.06896551724138,20.689655172413794,17.24137931034483,-11.769230063850333,14.0
0.5,3.0,7,30,15,29,2.887328337558841,9.000000000000005,65.51724137931035,2.0296521588697405,62.06896551724138,20.689655172413794,17.24137931034483,-11.769230063850333,14.0
0.5,3.0,7,30,20,29,2.887328337558841,9.000000000000005,65.51724137931035,2.0296521588697405,62.06896551724138,20.689655172413794,17.24137931034483,-11.769230063850333,14.0
0.5,3.0,7,45,5,29,2.5965670481867384,9.000000000000004,65.51724137931035,1.8389717776652104,62.06896551724138,24.137931034482758,13.793103448275861,-11.769230063850333,17.0
0.5,3.0,7,45,10,29,2.772475888800382,9.000000000000005,65.51724137931035,1.9497932834051321,62.06896551724138,20.689655172413794,17.24137931034483,-11.769230063850333,17.0
0.5,3.0,7,45,15,29,2.772475888800382,9.000000000000005,65.51724137931035,1.9497932834051321,62.06896551724138,20.689655172413794,17.24137931034483,-11.769230063850333,17.0
0.5,3.0,7,45,20,29,2.772475888800382,9.000000000000005,65.51724137931035,1.9497932834051321,62.06896551724138,20.689655172413794,17.24137931034483,-11.769230063850333,17.0
0.5,3.0,7,60,5,30,2.843799641788088,9.000000000000004,66.66666666666666,1.961395897366472,63.33333333333333,23.333333333333332,13.333333333333334,-11.769230063850333,20.0
0.5,3.0,7,60,10,30,3.0138448543812766,9.000000000000005,66.66666666666666,2.0810273764562206,63.33333333333333,20.0,16.666666666666664,-11.769230063850333,21.0
0.5,3.0,7,60,15,31,3.042386750117504,9.000000000000005,67.74193548387096,2.0628161117063946,64.51612903225806,22.58064516129032,12.903225806451612,-11.769230063850333,17.0
0.5,3.0,7,60,20,31,3.042386750117504,9.000000000000005,67.74193548387096,2.0628161117063946,64.51612903225806,22.58064516129032,12.903225806451612,-11.769230063850333,17.0
0.5,3.0,10,15,5,24,2.739882108816618,9.000000000000005,66.66666666666666,1.818816819237311,66.66666666666666,29.166666666666668,4.166666666666666,-11.769230063850333,8.0
0.5,3.0,10,15,10,24,2.739882108816618,9.000000000000005,66.66666666666666,1.818816819237311,66.66666666666666,29.166666666666668,4.166666666666666,-11.769230063850333,8.0
0.5,3.0,10,15,15,24,2.739882108816618,9.000000000000005,66.66666666666666,1.818816819237311,66.66666666666666,29.166666666666668,4.166666666666666,-11.769230063850333,8.0
0.5,3.0,10,15,20,24,2.739882108816618,9.000000000000005,66.66666666666666,1.818816819237311,66.66666666666666,29.166666666666668,4.166666666666666,-11.769230063850333,8.0
0.5,3.0,10,20,5,25,2.3630395765688426,9.000000000000005,64.0,1.6791223448501715,64.0,28.000000000000004,8.0,-11.769230063850333,8.0
0.5,3.0,10,20,10,25,2.363039576568843,9.000000000000005,64.0,1.679122344850172,64.0,28.000000000000004,8.0,-11.769230063850333,8.0
0.5,3.0,10,20,15,25,2.363039576568843,9.000000000000005,64.0,1.679122344850172,64.0,28.000000000000004,8.0,-11.769230063850333,8.0
0.5,3.0,10,20,20,25,2.363039576568843,9.000000000000005,64.0,1.679122344850172,64.0,28.000000000000004,8.0,-11.769230063850333,8.0
0.5,3.0,10,30,5,28,1.5408396121745285,9.000000000000004,57.14285714285714,1.419189684699796,57.14285714285714,28.57142857142857,14.285714285714285,-11.769230063850333,14.0
0.5,3.0,10,30,10,28,1.5408396121745291,9.000000000000004,57.14285714285714,1.419189684699796,57.14285714285714,28.57142857142857,14.285714285714285,-11.769230063850333,14.0
0.5,3.0,10,30,15,28,1.5408396121745291,9.000000000000004,57.14285714285714,1.419189684699796,57.14285714285714,28.57142857142857,14.285714285714285,-11.769230063850333,14.0
0.5,3.0,10,30,20,28,1.5408396121745291,9.000000000000004,57.14285714285714,1.419189684699796,57.14285714285714,28.57142857142857,14.285714285714285,-11.769230063850333,14.0
0.5,3.0,10,45,5,28,1.456679673698145,9.000000000000004,57.14285714285714,1.387423317575194,57.14285714285714,28.57142857142857,14.285714285714285,-11.769230063850333,14.0
0.5,3.0,10,45,10,28,1.4566796736981458,9.000000000000004,57.14285714285714,1.3874233175751942,57.14285714285714,28.57142857142857,14.285714285714285,-11.769230063850333,14.0
0.5,3.0,10,45,15,28,1.4566796736981458,9.000000000000004,57.14285714285714,1.3874233175751942,57.14285714285714,28.57142857142857,14.285714285714285,-11.769230063850333,14.0
0.5,3.0,10,45,20,28,1.4566796736981458,9.000000000000004,57.14285714285714,1.3874233175751942,57.14285714285714,28.57142857142857,14.285714285714285,-11.769230063850333,14.0
0.5,3.0,10,60,5,28,1.461078041471327,9.000000000000004,57.14285714285714,1.3890482322546673,57.14285714285714,28.57142857142857,14.285714285714285,-11.769230063850333,14.0
0.5,3.0,10,60,10,28,0.7467923271856137,9.000000000000004,53.57142857142857,1.1800203972117818,53.57142857142857,32.142857142857146,14.285714285714285,-11.769230063850333,14.0
0.5,3.0,10,60,15,29,0.34173052279990246,9.000000000000002,51.724137931034484,1.0779381193150706,51.724137931034484,34.48275862068966,13.793103448275861,-11.769230063850333,13.0
0.5,3.0,10,60,20,29,0.34173052279990246,9.000000000000002,51.724137931034484,1.0779381193150706,51.724137931034484,34.48275862068966,13.793103448275861,-11.769230063850333,13.0
0.5,4.0,2,15,5,44,2.0714259073614314,9.000000000000004,59.09090909090909,1.6744797226502757,54.54545454545454,20.454545454545457,25.0,-11.769230063850333,32.0
0.5,4.0,2,15,10,44,2.071425907361431,9.000000000000004,59.09090909090909,1.6744797226502754,54.54545454545454,20.454545454545457,25.0,-11.769230063850333,32.0
0.5,4.0,2,15,15,44,1.8794896854893701,9.000000000000004,59.09090909090909,1.5759859490434012,54.54545454545454,22.727272727272727,22.727272727272727,-11.769230063850333,30.5
0.5,4.0,2,15,20,44,1.8794896854893701,9.000000000000004,59.09090909090909,1.5759859490434012,54.54545454545454,22.727272727272727,22.727272727272727,-11.769230063850333,30.5
0.5,4.0,2,20,5,45,2.1350672938198363,9.000000000000002,60.0,1.7169673536402696,53.333333333333336,20.0,26.666666666666668,-11.769230063850333,33.0
0.5,4.0,2,20,10,45,2.135067293819836,9.000000000000002,60.0,1.7169673536402694,53.333333333333336,20.0,26.666666666666668,-11.769230063850333,33.0
0.5,4.0,2,20,15,45,1.9473963213227097,9.000000000000002,60.0,1.6151773492278332,53.333333333333336,22.22222222222222,24.444444444444443,-11.769230063850333,32.0
0.5,4.0,2,20,20,45,1.9473963213227097,9.000000000000002,60.0,1.6151773492278332,53.333333333333336,22.22222222222222,24.444444444444443,-11.769230063850333,32.0
0.5,4.0,2,30,5,46,2.0243964708510402,9.0,60.86956521739131,1.6783500246243614,52.17391304347826,19.565217391304348,28.26086956521739,-11.769230063850333,33.0
0.5,4.0,2,30,10,46,2.0243964708510407,9.0,60.86956521739131,1.6783500246243614,52.17391304347826,19.565217391304348,28.26086956521739,-11.769230063850333,33.0
0.5,4.0,2,30,15,46,1.8408053021038517,9.0,60.86956521739131,1.5810831902778455,52.17391304347826,21.73913043478261,26.08695652173913,-11.769230063850333,32.0
0.5,4.0,2,30,20,46,1.8408053021038517,9.0,60.86956521739131,1.5810831902778455,52.17391304347826,21.73913043478261,26.08695652173913,-11.769230063850333,32.0
0.5,4.0,2,45,5,46,2.0243964708510407,9.0,60.86956521739131,1.6783500246243614,52.17391304347826,19.565217391304348,28.26086956521739,-11.769230063850333,33.0
0.5,4.0,2,45,10,46,2.0243964708510407,9.0,60.86956521739131,1.6783500246243614,52.17391304347826,19.565217391304348,28.26086956521739,-11.769230063850333,33.0
0.5,4.0,2,45,15,47,1.9931285935484513,9.000000000000002,61.702127659574465,1.642844306063557,53.191489361702125,21.27659574468085,25.53191489361702,-11.769230063850333,31.0
0.5,4.0,2,45,20,47,1.9931285935484513,9.000000000000002,61.702127659574465,1.642844306063557,53.191489361702125,21.27659574468085,25.53191489361702,-11.769230063850333,31.0
0.5,4.0,2,60,5,46,2.040526481371776,9.0,60.86956521739131,1.6837549900999889,52.17391304347826,19.565217391304348,28.26086956521739,-11.769230063850333,33.0
0.5,4.0,2,60,10,46,2.040526481371776,9.0,60.86956521739131,1.6837549900999886,52.17391304347826,19.565217391304348,28.26086956521739,-11.769230063850333,33.0
0.5,4.0,2,60,15,47,2.0089154123559796,9.000000000000002,61.702127659574465,1.6479360330169135,53.191489361702125,21.27659574468085,25.53191489361702,-11.769230063850333,31.0
0.5,4.0,2,60,20,47,2.0089154123559796,9.000000000000002,61.702127659574465,1.6479360330169135,53.191489361702125,21.27659574468085,25.53191489361702,-11.769230063850333,31.0
0.5,4.0,3,15,5,39,2.7360700434981484,9.000000000000002,66.66666666666666,1.896256995452074,61.53846153846154,23.076923076923077,15.384615384615385,-11.769230063850333,30.0
0.5,4.0,3,15,10,39,2.7360700434981484,9.000000000000002,66.66666666666666,1.8962569954520738,61.53846153846154,23.076923076923077,15.384615384615385,-11.769230063850333,30.0
0.5,4.0,3,15,15,39,2.5195266136937717,9.000000000000002,66.66666666666666,1.770658302838534,61.53846153846154,25.64102564102564,12.82051282051282,-11.769230063850333,29.0
0.5,4.0,3,15,20,39,2.5195266136937717,9.000000000000002,66.66666666666666,1.770658302838534,61.53846153846154,25.64102564102564,12.82051282051282,-11.769230063850333,29.0
0.5,4.0,3,20,5,41,2.6272800764765707,9.000000000000002,65.85365853658537,1.8839714302981916,58.536585365853654,21.951219512195124,19.51219512195122,-11.769230063850333,31.0
0.5,4.0,3,20,10,41,2.6272800764765702,9.000000000000002,65.85365853658537,1.8839714302981911,58.536585365853654,21.951219512195124,19.51219512195122,-11.769230063850333,31.0
0.5,4.0,3,20,15,41,2.4212997408089927,9.000000000000002,65.85365853658537,1.761867179415441,58.536585365853654,24.390243902439025,17.073170731707318,-11.769230063850333,31.0
0.5,4.0,3,20,20,41,2.4212997408089927,9.000000000000002,65.85365853658537,1.761867179415441,58.536585365853654,24.390243902439025,17.073170731707318,-11.769230063850333,31.0
0.5,4.0,3,30,5,41,2.6272800764765707,9.000000000000002,65.85365853658537,1.8839714302981916,58.536585365853654,21.951219512195124,19.51219512195122,-11.769230063850333,31.0
0.5,4.0,3,30,10,41,2.6272800764765702,9.000000000000002,65.85365853658537,1.8839714302981911,58.536585365853654,21.951219512195124,19.51219512195122,-11.769230063850333,31.0
0.5,4.0,3,30,15,41,2.4212997408089927,9.000000000000002,65.85365853658537,1.761867179415441,58.536585365853654,24.390243902439025,17.073170731707318,-11.769230063850333,30.0
0.5,4.0,3,30,20,41,2.4212997408089927,9.000000000000002,65.85365853658537,1.761867179415441,58.536585365853654,24.390243902439025,17.073170731707318,-11.769230063850333,30.0
0.5,4.0,3,45,5,41,2.6272800764765707,9.000000000000002,65.85365853658537,1.8839714302981916,58.536585365853654,21.951219512195124,19.51219512195122,-11.769230063850333,31.0
0.5,4.0,3,45,10,41,2.6272800764765702,9.000000000000002,65.85365853658537,1.8839714302981911,58.536585365853654,21.951219512195124,19.51219512195122,-11.769230063850333,31.0
0.5,4.0,3,45,15,42,2.577935461265921,9.000000000000002,66.66666666666666,1.8309371644842767,59.523809523809526,23.809523809523807,16.666666666666664,-11.769230063850333,29.5
0.5,4.0,3,45,20,42,2.577935461265921,9.000000000000002,66.66666666666666,1.8309371644842767,59.523809523809526,23.809523809523807,16.666666666666664,-11.769230063850333,29.5
0.5,4.0,3,60,5,42,2.527943795076849,9.0,64.28571428571429,1.869958991805394,57.14285714285714,21.428571428571427,21.428571428571427,-11.769230063850333,32.0
0.5,4.0,3,60,10,42,2.5279437950768484,9.0,64.28571428571429,1.8699589918053938,57.14285714285714,21.428571428571427,21.428571428571427,-11.769230063850333,32.0
0.5,4.0,3,60,15,43,2.482056875136208,9.000000000000002,65.11627906976744,1.8179075994487541,58.139534883720934,23.25581395348837,18.6046511627907,-11.769230063850333,30.0
0.5,4.0,3,60,20,43,2.482056875136208,9.000000000000002,65.11627906976744,1.8179075994487541,58.139534883720934,23.25581395348837,18.6046511627907,-11.769230063850333,30.0
0.5,4.0,5,15,5,31,4.182627747968062,9.000000000000005,74.19354838709677,2.61422988880131,74.19354838709677,22.58064516129032,3.225806451612903,-11.769230063850333,16.0
0.5,4.0,5,15,10,31,4.182627747968062,9.000000000000005,74.19354838709677,2.61422988880131,74.19354838709677,22.58064516129032,3.225806451612903,-11.769230063850333,16.0
0.5,4.0,5,15,15,31,3.9102021427302978,9.000000000000005,74.19354838709677,2.365521209741824,74.19354838709677,25.806451612903224,0.0,-11.769230063850333,15.0
0.5,4.0,5,15,20,31,3.9102021427302978,9.000000000000005,74.19354838709677,2.365521209741824,74.19354838709677,25.806451612903224,0.0,-11.769230063850333,15.0
0.5,4.0,5,20,5,32,4.049041143133801,9.000000000000004,71.875,2.611234414867507,71.875,21.875,6.25,-11.769230063850333,16.5
0.5,4.0,5,20,10,32,4.049041143133801,9.000000000000004,71.875,2.611234414867507,71.875,21.875,6.25,-11.769230063850333,16.5
0.5,4.0,5,20,15,32,3.785128838059717,9.000000000000004,71.875,2.3630683143267035,71.875,25.0,3.125,-11.769230063850333,15.5
0.5,4.0,5,20,20,32,3.785128838059717,9.000000000000004,71.875,2.3630683143267035,71.875,25.0,3.125,-11.769230063850333,15.5
0.5,4.0,5,30,5,32,4.0490411431338,9.000000000000004,71.875,2.6112344148675066,71.875,21.875,6.25,-11.769230063850333,16.5
0.5,4.0,5,30,10,32,4.0490411431338,9.000000000000004,71.875,2.6112344148675066,71.875,21.875,6.25,-11.769230063850333,16.5
0.5,4.0,5,30,15,32,3.785128838059716,9.000000000000004,71.875,2.3630683143267035,71.875,25.0,3.125,-11.769230063850333,15.5
0.5,4.0,5,30,20,32,3.785128838059716,9.000000000000004,71.875,2.3630683143267035,71.875,25.0,3.125,-11.769230063850333,15.5
0.5,4.0,5,45,5,33,4.014103676647671,9.000000000000005,72.72727272727273,2.647248370670896,69.6969696969697,21.21212121212121,9.090909090909092,-11.769230063850333,19.0
0.5,4.0,5,45,10,33,4.014103676647671,9.000000000000005,72.72727272727273,2.647248370670896,69.6969696969697,21.21212121212121,9.090909090909092,-11.769230063850333,19.0
0.5,4.0,5,45,15,34,3.4598778606400753,9.000000000000004,70.58823529411765,2.23507707536893,67.64705882352942,23.52941176470588,8.823529411764707,-11.769230063850333,16.0
0.5,4.0,5,45,20,34,3.4598778606400753,9.000000000000004,70.58823529411765,2.23507707536893,67.64705882352942,23.52941176470588,8.823529411764707,-11.769230063850333,16.0
0.5,4.0,5,60,5,33,4.014103676647671,9.000000000000005,72.72727272727273,2.647248370670896,69.6969696969697,21.21212121212121,9.090909090909092,-11.769230063850333,17.0
0.5,4.0,5,60,10,33,4.014103676647671,9.000000000000005,72.72727272727273,2.647248370670896,69.6969696969697,21.21212121212121,9.090909090909092,-11.769230063850333,17.0
0.5,4.0,5,60,15,34,3.4298908293829893,9.000000000000004,70.58823529411765,2.211405069158302,67.64705882352942,23.52941176470588,8.823529411764707,-11.769230063850333,14.5
0.5,4.0,5,60,20,34,3.4298908293829893,9.000000000000004,70.58823529411765,2.211405069158302,67.64705882352942,23.52941176470588,8.823529411764707,-11.769230063850333,14.5
0.5,4.0,7,15,5,27,2.986304226783238,9.000000000000007,66.66666666666666,1.9803851770945295,66.66666666666666,25.925925925925924,7.4074074074074066,-11.769230063850333,10.0
0.5,4.0,7,15,10,27,3.7270449675239785,9.000000000000007,70.37037037037037,2.412484645276643,70.37037037037037,22.22222222222222,7.4074074074074066,-11.769230063850333,10.0
0.5,4.0,7,15,15,27,3.7270449675239785,9.000000000000007,70.37037037037037,2.412484645276643,70.37037037037037,22.22222222222222,7.4074074074074066,-11.769230063850333,10.0
0.5,4.0,7,15,20,27,3.7270449675239785,9.000000000000007,70.37037037037037,2.412484645276643,70.37037037037037,22.22222222222222,7.4074074074074066,-11.769230063850333,10.0
0.5,4.0,7,20,5,29,2.710687234258984,9.000000000000005,65.51724137931035,1.9093765108659033,62.06896551724138,24.137931034482758,13.793103448275861,-11.769230063850333,14.0
0.5,4.0,7,20,10,29,3.400342406672776,9.000000000000005,68.96551724137932,2.3070653251533044,65.51724137931035,20.689655172413794,13.793103448275861,-11.769230063850333,14.0
0.5,4.0,7,20,15,29,3.400342406672776,9.000000000000005,68.96551724137932,2.3070653251533044,65.51724137931035,20.689655172413794,13.793103448275861,-11.769230063850333,14.0
0.5,4.0,7,20,20,29,3.400342406672776,9.000000000000005,68.96551724137932,2.3070653251533044,65.51724137931035,20.689655172413794,13.793103448275861,-11.769230063850333,14.0
0.5,4.0,7,30,5,29,2.710687234258983,9.000000000000005,65.51724137931035,1.9093765108659033,62.06896551724138,24.137931034482758,13.793103448275861,-11.769230063850333,14.0
0.5,4.0,7,30,10,29,2.887328337558842,9.000000000000005,65.51724137931035,2.0296521588697405,62.06896551724138,20.689655172413794,17.24137931034483,-11.769230063850333,14.0
0.5,4.0,7,30,15,29,2.887328337558841,9.000000000000005,65.51724137931035,2.0296521588697405,62.06896551724138,20.689655172413794,17.24137931034483,-11.769230063850333,14.0
0.5,4.0,7,30,20,29,2.887328337558841,9.000000000000005,65.51724137931035,2.0296521588697405,62.06896551724138,20.689655172413794,17.24137931034483,-11.769230063850333,14.0
0.5,4.0,7,45,5,29,2.5965670481867384,9.000000000000004,65.51724137931035,1.8389717776652104,62.06896551724138,24.137931034482758,13.793103448275861,-11.769230063850333,17.0
0.5,4.0,7,45,10,29,2.772475888800382,9.000000000000005,65.51724137931035,1.9497932834051321,62.06896551724138,20.689655172413794,17.24137931034483,-11.769230063850333,17.0
0.5,4.0,7,45,15,29,2.772475888800382,9.000000000000005,65.51724137931035,1.9497932834051321,62.06896551724138,20.689655172413794,17.24137931034483,-11.769230063850333,17.0
0.5,4.0,7,45,20,29,2.772475888800382,9.000000000000005,65.51724137931035,1.9497932834051321,62.06896551724138,20.689655172413794,17.24137931034483,-11.769230063850333,17.0
0.5,4.0,7,60,5,30,2.843799641788088,9.000000000000004,66.66666666666666,1.961395897366472,63.33333333333333,23.333333333333332,13.333333333333334,-11.769230063850333,20.0
0.5,4.0,7,60,10,30,3.0138448543812766,9.000000000000005,66.66666666666666,2.0810273764562206,63.33333333333333,20.0,16.666666666666664,-11.769230063850333,21.0
0.5,4.0,7,60,15,31,3.042386750117504,9.000000000000005,67.74193548387096,2.0628161117063946,64.51612903225806,22.58064516129032,12.903225806451612,-11.769230063850333,17.0
0.5,4.0,7,60,20,31,3.042386750117504,9.000000000000005,67.74193548387096,2.0628161117063946,64.51612903225806,22.58064516129032,12.903225806451612,-11.769230063850333,17.0
0.5,4.0,10,15,5,24,2.739882108816618,9.000000000000005,66.66666666666666,1.818816819237311,66.66666666666666,29.166666666666668,4.166666666666666,-11.769230063850333,8.0
0.5,4.0,10,15,10,24,2.739882108816618,9.000000000000005,66.66666666666666,1.818816819237311,66.66666666666666,29.166666666666668,4.166666666666666,-11.769230063850333,8.0
0.5,4.0,10,15,15,24,2.739882108816618,9.000000000000005,66.66666666666666,1.818816819237311,66.66666666666666,29.166666666666668,4.166666666666666,-11.769230063850333,8.0
0.5,4.0,10,15,20,24,2.739882108816618,9.000000000000005,66.66666666666666,1.818816819237311,66.66666666666666,29.166666666666668,4.166666666666666,-11.769230063850333,8.0
0.5,4.0,10,20,5,25,2.3630395765688426,9.000000000000005,64.0,1.6791223448501715,64.0,28.000000000000004,8.0,-11.769230063850333,8.0
0.5,4.0,10,20,10,25,2.363039576568843,9.000000000000005,64.0,1.679122344850172,64.0,28.000000000000004,8.0,-11.769230063850333,8.0
0.5,4.0,10,20,15,25,2.363039576568843,9.000000000000005,64.0,1.679122344850172,64.0,28.000000000000004,8.0,-11.769230063850333,8.0
0.5,4.0,10,20,20,25,2.363039576568843,9.000000000000005,64.0,1.679122344850172,64.0,28.000000000000004,8.0,-11.769230063850333,8.0
0.5,4.0,10,30,5,28,1.5408396121745285,9.000000000000004,57.14285714285714,1.419189684699796,57.14285714285714,28.57142857142857,14.285714285714285,-11.769230063850333,14.0
0.5,4.0,10,30,10,28,1.5408396121745291,9.000000000000004,57.14285714285714,1.419189684699796,57.14285714285714,28.57142857142857,14.285714285714285,-11.769230063850333,14.0
0.5,4.0,10,30,15,28,1.5408396121745291,9.000000000000004,57.14285714285714,1.419189684699796,57.14285714285714,28.57142857142857,14.285714285714285,-11.769230063850333,14.0
0.5,4.0,10,30,20,28,1.5408396121745291,9.000000000000004,57.14285714285714,1.419189684699796,57.14285714285714,28.57142857142857,14.285714285714285,-11.769230063850333,14.0
0.5,4.0,10,45,5,28,1.456679673698145,9.000000000000004,57.14285714285714,1.387423317575194,57.14285714285714,28.57142857142857,14.285714285714285,-11.769230063850333,14.0
0.5,4.0,10,45,10,28,1.4566796736981458,9.000000000000004,57.14285714285714,1.3874233175751942,57.14285714285714,28.57142857142857,14.285714285714285,-11.769230063850333,14.0
0.5,4.0,10,45,15,28,1.4566796736981458,9.000000000000004,57.14285714285714,1.3874233175751942,57.14285714285714,28.57142857142857,14.285714285714285,-11.769230063850333,14.0
0.5,4.0,10,45,20,28,1.4566796736981458,9.000000000000004,57.14285714285714,1.3874233175751942,57.14285714285714,28.57142857142857,14.285714285714285,-11.769230063850333,14.0
0.5,4.0,10,60,5,28,1.461078041471327,9.000000000000004,57.14285714285714,1.3890482322546673,57.14285714285714,28.57142857142857,14.285714285714285,-11.769230063850333,14.0
0.5,4.0,10,60,10,28,0.7467923271856137,9.000000000000004,53.57142857142857,1.1800203972117818,53.57142857142857,32.142857142857146,14.285714285714285,-11.769230063850333,14.0
0.5,4.0,10,60,15,29,0.34173052279990246,9.000000000000002,51.724137931034484,1.0779381193150706,51.724137931034484,34.48275862068966,13.793103448275861,-11.769230063850333,13.0
0.5,4.0,10,60,20,29,0.34173052279990246,9.000000000000002,51.724137931034484,1.0779381193150706,51.724137931034484,34.48275862068966,13.793103448275861,-11.769230063850333,13.0
0.5,5.0,2,15,5,44,2.0714259073614314,9.000000000000004,59.09090909090909,1.6744797226502757,54.54545454545454,20.454545454545457,25.0,-11.769230063850333,32.0
0.5,5.0,2,15,10,44,2.071425907361431,9.000000000000004,59.09090909090909,1.6744797226502754,54.54545454545454,20.454545454545457,25.0,-11.769230063850333,32.0
0.5,5.0,2,15,15,44,1.8794896854893701,9.000000000000004,59.09090909090909,1.5759859490434012,54.54545454545454,22.727272727272727,22.727272727272727,-11.769230063850333,30.5
0.5,5.0,2,15,20,44,1.8794896854893701,9.000000000000004,59.09090909090909,1.5759859490434012,54.54545454545454,22.727272727272727,22.727272727272727,-11.769230063850333,30.5
0.5,5.0,2,20,5,45,2.1350672938198363,9.000000000000002,60.0,1.7169673536402696,53.333333333333336,20.0,26.666666666666668,-11.769230063850333,33.0
0.5,5.0,2,20,10,45,2.135067293819836,9.000000000000002,60.0,1.7169673536402694,53.333333333333336,20.0,26.666666666666668,-11.769230063850333,33.0
0.5,5.0,2,20,15,45,1.9473963213227097,9.000000000000002,60.0,1.6151773492278332,53.333333333333336,22.22222222222222,24.444444444444443,-11.769230063850333,32.0
0.5,5.0,2,20,20,45,1.9473963213227097,9.000000000000002,60.0,1.6151773492278332,53.333333333333336,22.22222222222222,24.444444444444443,-11.769230063850333,32.0
0.5,5.0,2,30,5,46,2.0243964708510402,9.0,60.86956521739131,1.6783500246243614,52.17391304347826,19.565217391304348,28.26086956521739,-11.769230063850333,33.0
0.5,5.0,2,30,10,46,2.0243964708510407,9.0,60.86956521739131,1.6783500246243614,52.17391304347826,19.565217391304348,28.26086956521739,-11.769230063850333,33.0
0.5,5.0,2,30,15,46,1.8408053021038517,9.0,60.86956521739131,1.5810831902778455,52.17391304347826,21.73913043478261,26.08695652173913,-11.769230063850333,32.0
0.5,5.0,2,30,20,46,1.8408053021038517,9.0,60.86956521739131,1.5810831902778455,52.17391304347826,21.73913043478261,26.08695652173913,-11.769230063850333,32.0
0.5,5.0,2,45,5,46,2.0243964708510407,9.0,60.86956521739131,1.6783500246243614,52.17391304347826,19.565217391304348,28.26086956521739,-11.769230063850333,33.0
0.5,5.0,2,45,10,46,2.0243964708510407,9.0,60.86956521739131,1.6783500246243614,52.17391304347826,19.565217391304348,28.26086956521739,-11.769230063850333,33.0
0.5,5.0,2,45,15,47,1.9931285935484513,9.000000000000002,61.702127659574465,1.642844306063557,53.191489361702125,21.27659574468085,25.53191489361702,-11.769230063850333,31.0
0.5,5.0,2,45,20,47,1.9931285935484513,9.000000000000002,61.702127659574465,1.642844306063557,53.191489361702125,21.27659574468085,25.53191489361702,-11.769230063850333,31.0
0.5,5.0,2,60,5,46,2.040526481371776,9.0,60.86956521739131,1.6837549900999889,52.17391304347826,19.565217391304348,28.26086956521739,-11.769230063850333,33.0
0.5,5.0,2,60,10,46,2.040526481371776,9.0,60.86956521739131,1.6837549900999886,52.17391304347826,19.565217391304348,28.26086956521739,-11.769230063850333,33.0
0.5,5.0,2,60,15,47,2.0089154123559796,9.000000000000002,61.702127659574465,1.6479360330169135,53.191489361702125,21.27659574468085,25.53191489361702,-11.769230063850333,31.0
0.5,5.0,2,60,20,47,2.0089154123559796,9.000000000000002,61.702127659574465,1.6479360330169135,53.191489361702125,21.27659574468085,25.53191489361702,-11.769230063850333,31.0
0.5,5.0,3,15,5,39,2.7360700434981484,9.000000000000002,66.66666666666666,1.896256995452074,61.53846153846154,23.076923076923077,15.384615384615385,-11.769230063850333,30.0
0.5,5.0,3,15,10,39,2.7360700434981484,9.000000000000002,66.66666666666666,1.8962569954520738,61.53846153846154,23.076923076923077,15.384615384615385,-11.769230063850333,30.0
0.5,5.0,3,15,15,39,2.5195266136937717,9.000000000000002,66.66666666666666,1.770658302838534,61.53846153846154,25.64102564102564,12.82051282051282,-11.769230063850333,29.0
0.5,5.0,3,15,20,39,2.5195266136937717,9.000000000000002,66.66666666666666,1.770658302838534,61.53846153846154,25.64102564102564,12.82051282051282,-11.769230063850333,29.0
0.5,5.0,3,20,5,41,2.6272800764765707,9.000000000000002,65.85365853658537,1.8839714302981916,58.536585365853654,21.951219512195124,19.51219512195122,-11.769230063850333,31.0
0.5,5.0,3,20,10,41,2.6272800764765702,9.000000000000002,65.85365853658537,1.8839714302981911,58.536585365853654,21.951219512195124,19.51219512195122,-11.769230063850333,31.0
0.5,5.0,3,20,15,41,2.4212997408089927,9.000000000000002,65.85365853658537,1.761867179415441,58.536585365853654,24.390243902439025,17.073170731707318,-11.769230063850333,31.0
0.5,5.0,3,20,20,41,2.4212997408089927,9.000000000000002,65.85365853658537,1.761867179415441,58.536585365853654,24.390243902439025,17.073170731707318,-11.769230063850333,31.0
0.5,5.0,3,30,5,41,2.6272800764765707,9.000000000000002,65.85365853658537,1.8839714302981916,58.536585365853654,21.951219512195124,19.51219512195122,-11.769230063850333,31.0
0.5,5.0,3,30,10,41,2.6272800764765702,9.000000000000002,65.85365853658537,1.8839714302981911,58.536585365853654,21.951219512195124,19.51219512195122,-11.769230063850333,31.0
0.5,5.0,3,30,15,41,2.4212997408089927,9.000000000000002,65.85365853658537,1.761867179415441,58.536585365853654,24.390243902439025,17.073170731707318,-11.769230063850333,30.0
0.5,5.0,3,30,20,41,2.4212997408089927,9.000000000000002,65.85365853658537,1.761867179415441,58.536585365853654,24.390243902439025,17.073170731707318,-11.769230063850333,30.0
0.5,5.0,3,45,5,41,2.6272800764765707,9.000000000000002,65.85365853658537,1.8839714302981916,58.536585365853654,21.951219512195124,19.51219512195122,-11.769230063850333,31.0
0.5,5.0,3,45,10,41,2.6272800764765702,9.000000000000002,65.85365853658537,1.8839714302981911,58.536585365853654,21.951219512195124,19.51219512195122,-11.769230063850333,31.0
0.5,5.0,3,45,15,42,2.577935461265921,9.000000000000002,66.66666666666666,1.8309371644842767,59.523809523809526,23.809523809523807,16.666666666666664,-11.769230063850333,29.5
0.5,5.0,3,45,20,42,2.577935461265921,9.000000000000002,66.66666666666666,1.8309371644842767,59.523809523809526,23.809523809523807,16.666666666666664,-11.769230063850333,29.5
0.5,5.0,3,60,5,42,2.527943795076849,9.0,64.28571428571429,1.869958991805394,57.14285714285714,21.428571428571427,21.428571428571427,-11.769230063850333,32.0
0.5,5.0,3,60,10,42,2.5279437950768484,9.0,64.28571428571429,1.8699589918053938,57.14285714285714,21.428571428571427,21.428571428571427,-11.769230063850333,32.0
0.5,5.0,3,60,15,43,2.482056875136208,9.000000000000002,65.11627906976744,1.8179075994487541,58.139534883720934,23.25581395348837,18.6046511627907,-11.769230063850333,30.0
0.5,5.0,3,60,20,43,2.482056875136208,9.000000000000002,65.11627906976744,1.8179075994487541,58.139534883720934,23.25581395348837,18.6046511627907,-11.769230063850333,30.0
0.5,5.0,5,15,5,31,4.182627747968062,9.000000000000005,74.19354838709677,2.61422988880131,74.19354838709677,22.58064516129032,3.225806451612903,-11.769230063850333,16.0
0.5,5.0,5,15,10,31,4.182627747968062,9.000000000000005,74.19354838709677,2.61422988880131,74.19354838709677,22.58064516129032,3.225806451612903,-11.769230063850333,16.0
0.5,5.0,5,15,15,31,3.9102021427302978,9.000000000000005,74.19354838709677,2.365521209741824,74.19354838709677,25.806451612903224,0.0,-11.769230063850333,15.0
0.5,5.0,5,15,20,31,3.9102021427302978,9.000000000000005,74.19354838709677,2.365521209741824,74.19354838709677,25.806451612903224,0.0,-11.769230063850333,15.0
0.5,5.0,5,20,5,32,4.049041143133801,9.000000000000004,71.875,2.611234414867507,71.875,21.875,6.25,-11.769230063850333,16.5
0.5,5.0,5,20,10,32,4.049041143133801,9.000000000000004,71.875,2.611234414867507,71.875,21.875,6.25,-11.769230063850333,16.5
0.5,5.0,5,20,15,32,3.785128838059717,9.000000000000004,71.875,2.3630683143267035,71.875,25.0,3.125,-11.769230063850333,15.5
0.5,5.0,5,20,20,32,3.785128838059717,9.000000000000004,71.875,2.3630683143267035,71.875,25.0,3.125,-11.769230063850333,15.5
0.5,5.0,5,30,5,32,4.0490411431338,9.000000000000004,71.875,2.6112344148675066,71.875,21.875,6.25,-11.769230063850333,16.5
0.5,5.0,5,30,10,32,4.0490411431338,9.000000000000004,71.875,2.6112344148675066,71.875,21.875,6.25,-11.769230063850333,16.5
0.5,5.0,5,30,15,32,3.785128838059716,9.000000000000004,71.875,2.3630683143267035,71.875,25.0,3.125,-11.769230063850333,15.5
0.5,5.0,5,30,20,32,3.785128838059716,9.000000000000004,71.875,2.3630683143267035,71.875,25.0,3.125,-11.769230063850333,15.5
0.5,5.0,5,45,5,33,4.014103676647671,9.000000000000005,72.72727272727273,2.647248370670896,69.6969696969697,21.21212121212121,9.090909090909092,-11.769230063850333,19.0
0.5,5.0,5,45,10,33,4.014103676647671,9.000000000000005,72.72727272727273,2.647248370670896,69.6969696969697,21.21212121212121,9.090909090909092,-11.769230063850333,19.0
0.5,5.0,5,45,15,34,3.4598778606400753,9.000000000000004,70.58823529411765,2.23507707536893,67.64705882352942,23.52941176470588,8.823529411764707,-11.769230063850333,16.0
0.5,5.0,5,45,20,34,3.4598778606400753,9.000000000000004,70.58823529411765,2.23507707536893,67.64705882352942,23.52941176470588,8.823529411764707,-11.769230063850333,16.0
0.5,5.0,5,60,5,33,4.014103676647671,9.000000000000005,72.72727272727273,2.647248370670896,69.6969696969697,21.21212121212121,9.090909090909092,-11.769230063850333,17.0
0.5,5.0,5,60,10,33,4.014103676647671,9.000000000000005,72.72727272727273,2.647248370670896,69.6969696969697,21.21212121212121,9.090909090909092,-11.769230063850333,17.0
0.5,5.0,5,60,15,34,3.4298908293829893,9.000000000000004,70.58823529411765,2.211405069158302,67.64705882352942,23.52941176470588,8.823529411764707,-11.769230063850333,14.5
0.5,5.0,5,60,20,34,3.4298908293829893,9.000000000000004,70.58823529411765,2.211405069158302,67.64705882352942,23.52941176470588,8.823529411764707,-11.769230063850333,14.5
0.5,5.0,7,15,5,27,2.986304226783238,9.000000000000007,66.66666666666666,1.9803851770945295,66.66666666666666,25.925925925925924,7.4074074074074066,-11.769230063850333,10.0
0.5,5.0,7,15,10,27,3.7270449675239785,9.000000000000007,70.37037037037037,2.412484645276643,70.37037037037037,22.22222222222222,7.4074074074074066,-11.769230063850333,10.0
0.5,5.0,7,15,15,27,3.7270449675239785,9.000000000000007,70.37037037037037,2.412484645276643,70.37037037037037,22.22222222222222,7.4074074074074066,-11.769230063850333,10.0
0.5,5.0,7,15,20,27,3.7270449675239785,9.000000000000007,70.37037037037037,2.412484645276643,70.37037037037037,22.22222222222222,7.4074074074074066,-11.769230063850333,10.0
0.5,5.0,7,20,5,29,2.710687234258984,9.000000000000005,65.51724137931035,1.9093765108659033,62.06896551724138,24.137931034482758,13.793103448275861,-11.769230063850333,14.0
0.5,5.0,7,20,10,29,3.400342406672776,9.000000000000005,68.96551724137932,2.3070653251533044,65.51724137931035,20.689655172413794,13.793103448275861,-11.769230063850333,14.0
0.5,5.0,7,20,15,29,3.400342406672776,9.000000000000005,68.96551724137932,2.3070653251533044,65.51724137931035,20.689655172413794,13.793103448275861,-11.769230063850333,14.0
0.5,5.0,7,20,20,29,3.400342406672776,9.000000000000005,68.96551724137932,2.3070653251533044,65.51724137931035,20.689655172413794,13.793103448275861,-11.769230063850333,14.0
0.5,5.0,7,30,5,29,2.710687234258983,9.000000000000005,65.51724137931035,1.9093765108659033,62.06896551724138,24.137931034482758,13.793103448275861,-11.769230063850333,14.0
0.5,5.0,7,30,10,29,2.887328337558842,9.000000000000005,65.51724137931035,2.0296521588697405,62.06896551724138,20.689655172413794,17.24137931034483,-11.769230063850333,14.0
0.5,5.0,7,30,15,29,2.887328337558841,9.000000000000005,65.51724137931035,2.0296521588697405,62.06896551724138,20.689655172413794,17.24137931034483,-11.769230063850333,14.0
0.5,5.0,7,30,20,29,2.887328337558841,9.000000000000005,65.51724137931035,2.0296521588697405,62.06896551724138,20.689655172413794,17.24137931034483,-11.769230063850333,14.0
0.5,5.0,7,45,5,29,2.5965670481867384,9.000000000000004,65.51724137931035,1.8389717776652104,62.06896551724138,24.137931034482758,13.793103448275861,-11.769230063850333,17.0
0.5,5.0,7,45,10,29,2.772475888800382,9.000000000000005,65.51724137931035,1.9497932834051321,62.06896551724138,20.689655172413794,17.24137931034483,-11.769230063850333,17.0
0.5,5.0,7,45,15,29,2.772475888800382,9.000000000000005,65.51724137931035,1.9497932834051321,62.06896551724138,20.689655172413794,17.24137931034483,-11.769230063850333,17.0
0.5,5.0,7,45,20,29,2.772475888800382,9.000000000000005,65.51724137931035,1.9497932834051321,62.06896551724138,20.689655172413794,17.24137931034483,-11.769230063850333,17.0
0.5,5.0,7,60,5,30,2.843799641788088,9.000000000000004,66.66666666666666,1.961395897366472,63.33333333333333,23.333333333333332,13.333333333333334,-11.769230063850333,20.0
0.5,5.0,7,60,10,30,3.0138448543812766,9.000000000000005,66.66666666666666,2.0810273764562206,63.33333333333333,20.0,16.666666666666664,-11.769230063850333,21.0
0.5,5.0,7,60,15,31,3.042386750117504,9.000000000000005,67.74193548387096,2.0628161117063946,64.51612903225806,22.58064516129032,12.903225806451612,-11.769230063850333,17.0
0.5,5.0,7,60,20,31,3.042386750117504,9.000000000000005,67.74193548387096,2.0628161117063946,64.51612903225806,22.58064516129032,12.903225806451612,-11.769230063850333,17.0
0.5,5.0,10,15,5,24,2.739882108816618,9.000000000000005,66.66666666666666,1.818816819237311,66.66666666666666,29.166666666666668,4.166666666666666,-11.769230063850333,8.0
0.5,5.0,10,15,10,24,2.739882108816618,9.000000000000005,66.66666666666666,1.818816819237311,66.66666666666666,29.166666666666668,4.166666666666666,-11.769230063850333,8.0
0.5,5.0,10,15,15,24,2.739882108816618,9.000000000000005,66.66666666666666,1.818816819237311,66.66666666666666,29.166666666666668,4.166666666666666,-11.769230063850333,8.0
0.5,5.0,10,15,20,24,2.739882108816618,9.000000000000005,66.66666666666666,1.818816819237311,66.66666666666666,29.166666666666668,4.166666666666666,-11.769230063850333,8.0
0.5,5.0,10,20,5,25,2.3630395765688426,9.000000000000005,64.0,1.6791223448501715,64.0,28.000000000000004,8.0,-11.769230063850333,8.0
0.5,5.0,10,20,10,25,2.363039576568843,9.000000000000005,64.0,1.679122344850172,64.0,28.000000000000004,8.0,-11.769230063850333,8.0
0.5,5.0,10,20,15,25,2.363039576568843,9.000000000000005,64.0,1.679122344850172,64.0,28.000000000000004,8.0,-11.769230063850333,8.0
0.5,5.0,10,20,20,25,2.363039576568843,9.000000000000005,64.0,1.679122344850172,64.0,28.000000000000004,8.0,-11.769230063850333,8.0
0.5,5.0,10,30,5,28,1.5408396121745285,9.000000000000004,57.14285714285714,1.419189684699796,57.14285714285714,28.57142857142857,14.285714285714285,-11.769230063850333,14.0
0.5,5.0,10,30,10,28,1.5408396121745291,9.000000000000004,57.14285714285714,1.419189684699796,57.14285714285714,28.57142857142857,14.285714285714285,-11.769230063850333,14.0
0.5,5.0,10,30,15,28,1.5408396121745291,9.000000000000004,57.14285714285714,1.419189684699796,57.14285714285714,28.57142857142857,14.285714285714285,-11.769230063850333,14.0
0.5,5.0,10,30,20,28,1.5408396121745291,9.000000000000004,57.14285714285714,1.419189684699796,57.14285714285714,28.57142857142857,14.285714285714285,-11.769230063850333,14.0
0.5,5.0,10,45,5,28,1.456679673698145,9.000000000000004,57.14285714285714,1.387423317575194,57.14285714285714,28.57142857142857,14.285714285714285,-11.769230063850333,14.0
0.5,5.0,10,45,10,28,1.4566796736981458,9.000000000000004,57.14285714285714,1.3874233175751942,57.14285714285714,28.57142857142857,14.285714285714285,-11.769230063850333,14.0
0.5,5.0,10,45,15,28,1.4566796736981458,9.000000000000004,57.14285714285714,1.3874233175751942,57.14285714285714,28.57142857142857,14.285714285714285,-11.769230063850333,14.0
0.5,5.0,10,45,20,28,1.4566796736981458,9.000000000000004,57.14285714285714,1.3874233175751942,57.14285714285714,28.57142857142857,14.285714285714285,-11.769230063850333,14.0
0.5,5.0,10,60,5,28,1.461078041471327,9.000000000000004,57.14285714285714,1.3890482322546673,57.14285714285714,28.57142857142857,14.285714285714285,-11.769230063850333,14.0
0.5,5.0,10,60,10,28,0.7467923271856137,9.000000000000004,53.57142857142857,1.1800203972117818,53.57142857142857,32.142857142857146,14.285714285714285,-11.769230063850333,14.0
0.5,5.0,10,60,15,29,0.34173052279990246,9.000000000000002,51.724137931034484,1.0779381193150706,51.724137931034484,34.48275862068966,13.793103448275861,-11.769230063850333,13.0
0.5,5.0,10,60,20,29,0.34173052279990246,9.000000000000002,51.724137931034484,1.0779381193150706,51.724137931034484,34.48275862068966,13.793103448275861,-11.769230063850333,13.0
0.5,8.0,2,15,5,44,2.0714259073614314,9.000000000000004,59.09090909090909,1.6744797226502757,54.54545454545454,20.454545454545457,25.0,-11.769230063850333,32.0
0.5,8.0,2,15,10,44,2.071425907361431,9.000000000000004,59.09090909090909,1.6744797226502754,54.54545454545454,20.454545454545457,25.0,-11.769230063850333,32.0
0.5,8.0,2,15,15,44,1.8794896854893701,9.000000000000004,59.09090909090909,1.5759859490434012,54.54545454545454,22.727272727272727,22.727272727272727,-11.769230063850333,30.5
0.5,8.0,2,15,20,44,1.8794896854893701,9.000000000000004,59.09090909090909,1.5759859490434012,54.54545454545454,22.727272727272727,22.727272727272727,-11.769230063850333,30.5
0.5,8.0,2,20,5,45,2.1350672938198363,9.000000000000002,60.0,1.7169673536402696,53.333333333333336,20.0,26.666666666666668,-11.769230063850333,33.0
0.5,8.0,2,20,10,45,2.135067293819836,9.000000000000002,60.0,1.7169673536402694,53.333333333333336,20.0,26.666666666666668,-11.769230063850333,33.0
0.5,8.0,2,20,15,45,1.9473963213227097,9.000000000000002,60.0,1.6151773492278332,53.333333333333336,22.22222222222222,24.444444444444443,-11.769230063850333,32.0
0.5,8.0,2,20,20,45,1.9473963213227097,9.000000000000002,60.0,1.6151773492278332,53.333333333333336,22.22222222222222,24.444444444444443,-11.769230063850333,32.0
0.5,8.0,2,30,5,46,2.0243964708510402,9.0,60.86956521739131,1.6783500246243614,52.17391304347826,19.565217391304348,28.26086956521739,-11.769230063850333,33.0
0.5,8.0,2,30,10,46,2.0243964708510407,9.0,60.86956521739131,1.6783500246243614,52.17391304347826,19.565217391304348,28.26086956521739,-11.769230063850333,33.0
0.5,8.0,2,30,15,46,1.8408053021038517,9.0,60.86956521739131,1.5810831902778455,52.17391304347826,21.73913043478261,26.08695652173913,-11.769230063850333,32.0
0.5,8.0,2,30,20,46,1.8408053021038517,9.0,60.86956521739131,1.5810831902778455,52.17391304347826,21.73913043478261,26.08695652173913,-11.769230063850333,32.0
0.5,8.0,2,45,5,46,2.0243964708510407,9.0,60.86956521739131,1.6783500246243614,52.17391304347826,19.565217391304348,28.26086956521739,-11.769230063850333,33.0
0.5,8.0,2,45,10,46,2.0243964708510407,9.0,60.86956521739131,1.6783500246243614,52.17391304347826,19.565217391304348,28.26086956521739,-11.769230063850333,33.0
0.5,8.0,2,45,15,47,1.9931285935484513,9.000000000000002,61.702127659574465,1.642844306063557,53.191489361702125,21.27659574468085,25.53191489361702,-11.769230063850333,31.0
0.5,8.0,2,45,20,47,1.9931285935484513,9.000000000000002,61.702127659574465,1.642844306063557,53.191489361702125,21.27659574468085,25.53191489361702,-11.769230063850333,31.0
0.5,8.0,2,60,5,46,2.040526481371776,9.0,60.86956521739131,1.6837549900999889,52.17391304347826,19.565217391304348,28.26086956521739,-11.769230063850333,33.0
0.5,8.0,2,60,10,46,2.040526481371776,9.0,60.86956521739131,1.6837549900999886,52.17391304347826,19.565217391304348,28.26086956521739,-11.769230063850333,33.0
0.5,8.0,2,60,15,47,2.0089154123559796,9.000000000000002,61.702127659574465,1.6479360330169135,53.191489361702125,21.27659574468085,25.53191489361702,-11.769230063850333,31.0
0.5,8.0,2,60,20,47,2.0089154123559796,9.000000000000002,61.702127659574465,1.6479360330169135,53.191489361702125,21.27659574468085,25.53191489361702,-11.769230063850333,31.0
0.5,8.0,3,15,5,39,2.7360700434981484,9.000000000000002,66.66666666666666,1.896256995452074,61.53846153846154,23.076923076923077,15.384615384615385,-11.769230063850333,30.0
0.5,8.0,3,15,10,39,2.7360700434981484,9.000000000000002,66.66666666666666,1.8962569954520738,61.53846153846154,23.076923076923077,15.384615384615385,-11.769230063850333,30.0
0.5,8.0,3,15,15,39,2.5195266136937717,9.000000000000002,66.66666666666666,1.770658302838534,61.53846153846154,25.64102564102564,12.82051282051282,-11.769230063850333,29.0
0.5,8.0,3,15,20,39,2.5195266136937717,9.000000000000002,66.66666666666666,1.770658302838534,61.53846153846154,25.64102564102564,12.82051282051282,-11.769230063850333,29.0
0.5,8.0,3,20,5,41,2.6272800764765707,9.000000000000002,65.85365853658537,1.8839714302981916,58.536585365853654,21.951219512195124,19.51219512195122,-11.769230063850333,31.0
0.5,8.0,3,20,10,41,2.6272800764765702,9.000000000000002,65.85365853658537,1.8839714302981911,58.536585365853654,21.951219512195124,19.51219512195122,-11.769230063850333,31.0
0.5,8.0,3,20,15,41,2.4212997408089927,9.000000000000002,65.85365853658537,1.761867179415441,58.536585365853654,24.390243902439025,17.073170731707318,-11.769230063850333,31.0
0.5,8.0,3,20,20,41,2.4212997408089927,9.000000000000002,65.85365853658537,1.761867179415441,58.536585365853654,24.390243902439025,17.073170731707318,-11.769230063850333,31.0
0.5,8.0,3,30,5,41,2.6272800764765707,9.000000000000002,65.85365853658537,1.8839714302981916,58.536585365853654,21.951219512195124,19.51219512195122,-11.769230063850333,31.0
0.5,8.0,3,30,10,41,2.6272800764765702,9.000000000000002,65.85365853658537,1.8839714302981911,58.536585365853654,21.951219512195124,19.51219512195122,-11.769230063850333,31.0
0.5,8.0,3,30,15,41,2.4212997408089927,9.000000000000002,65.85365853658537,1.761867179415441,58.536585365853654,24.390243902439025,17.073170731707318,-11.769230063850333,30.0
0.5,8.0,3,30,20,41,2.4212997408089927,9.000000000000002,65.85365853658537,1.761867179415441,58.536585365853654,24.390243902439025,17.073170731707318,-11.769230063850333,30.0
0.5,8.0,3,45,5,41,2.6272800764765707,9.000000000000002,65.85365853658537,1.8839714302981916,58.536585365853654,21.951219512195124,19.51219512195122,-11.769230063850333,31.0
0.5,8.0,3,45,10,41,2.6272800764765702,9.000000000000002,65.85365853658537,1.8839714302981911,58.536585365853654,21.951219512195124,19.51219512195122,-11.769230063850333,31.0
0.5,8.0,3,45,15,42,2.577935461265921,9.000000000000002,66.66666666666666,1.8309371644842767,59.523809523809526,23.809523809523807,16.666666666666664,-11.769230063850333,29.5
0.5,8.0,3,45,20,42,2.577935461265921,9.000000000000002,66.66666666666666,1.8309371644842767,59.523809523809526,23.809523809523807,16.666666666666664,-11.769230063850333,29.5
0.5,8.0,3,60,5,42,2.527943795076849,9.0,64.28571428571429,1.869958991805394,57.14285714285714,21.428571428571427,21.428571428571427,-11.769230063850333,32.0
0.5,8.0,3,60,10,42,2.5279437950768484,9.0,64.28571428571429,1.8699589918053938,57.14285714285714,21.428571428571427,21.428571428571427,-11.769230063850333,32.0
0.5,8.0,3,60,15,43,2.482056875136208,9.000000000000002,65.11627906976744,1.8179075994487541,58.139534883720934,23.25581395348837,18.6046511627907,-11.769230063850333,30.0
0.5,8.0,3,60,20,43,2.482056875136208,9.000000000000002,65.11627906976744,1.8179075994487541,58.139534883720934,23.25581395348837,18.6046511627907,-11.769230063850333,30.0
0.5,8.0,5,15,5,31,4.182627747968062,9.000000000000005,74.19354838709677,2.61422988880131,74.19354838709677,22.58064516129032,3.225806451612903,-11.769230063850333,16.0
0.5,8.0,5,15,10,31,4.182627747968062,9.000000000000005,74.19354838709677,2.61422988880131,74.19354838709677,22.58064516129032,3.225806451612903,-11.769230063850333,16.0
0.5,8.0,5,15,15,31,3.9102021427302978,9.000000000000005,74.19354838709677,2.365521209741824,74.19354838709677,25.806451612903224,0.0,-11.769230063850333,15.0
0.5,8.0,5,15,20,31,3.9102021427302978,9.000000000000005,74.19354838709677,2.365521209741824,74.19354838709677,25.806451612903224,0.0,-11.769230063850333,15.0
0.5,8.0,5,20,5,32,4.049041143133801,9.000000000000004,71.875,2.611234414867507,71.875,21.875,6.25,-11.769230063850333,16.5
0.5,8.0,5,20,10,32,4.049041143133801,9.000000000000004,71.875,2.611234414867507,71.875,21.875,6.25,-11.769230063850333,16.5
0.5,8.0,5,20,15,32,3.785128838059717,9.000000000000004,71.875,2.3630683143267035,71.875,25.0,3.125,-11.769230063850333,15.5
0.5,8.0,5,20,20,32,3.785128838059717,9.000000000000004,71.875,2.3630683143267035,71.875,25.0,3.125,-11.769230063850333,15.5
0.5,8.0,5,30,5,32,4.0490411431338,9.000000000000004,71.875,2.6112344148675066,71.875,21.875,6.25,-11.769230063850333,16.5
0.5,8.0,5,30,10,32,4.0490411431338,9.000000000000004,71.875,2.6112344148675066,71.875,21.875,6.25,-11.769230063850333,16.5
0.5,8.0,5,30,15,32,3.785128838059716,9.000000000000004,71.875,2.3630683143267035,71.875,25.0,3.125,-11.769230063850333,15.5
0.5,8.0,5,30,20,32,3.785128838059716,9.000000000000004,71.875,2.3630683143267035,71.875,25.0,3.125,-11.769230063850333,15.5
0.5,8.0,5,45,5,33,4.014103676647671,9.000000000000005,72.72727272727273,2.647248370670896,69.6969696969697,21.21212121212121,9.090909090909092,-11.769230063850333,19.0
0.5,8.0,5,45,10,33,4.014103676647671,9.000000000000005,72.72727272727273,2.647248370670896,69.6969696969697,21.21212121212121,9.090909090909092,-11.769230063850333,19.0
0.5,8.0,5,45,15,34,3.4598778606400753,9.000000000000004,70.58823529411765,2.23507707536893,67.64705882352942,23.52941176470588,8.823529411764707,-11.769230063850333,16.0
0.5,8.0,5,45,20,34,3.4598778606400753,9.000000000000004,70.58823529411765,2.23507707536893,67.64705882352942,23.52941176470588,8.823529411764707,-11.769230063850333,16.0
0.5,8.0,5,60,5,33,4.014103676647671,9.000000000000005,72.72727272727273,2.647248370670896,69.6969696969697,21.21212121212121,9.090909090909092,-11.769230063850333,17.0
0.5,8.0,5,60,10,33,4.014103676647671,9.000000000000005,72.72727272727273,2.647248370670896,69.6969696969697,21.21212121212121,9.090909090909092,-11.769230063850333,17.0
0.5,8.0,5,60,15,34,3.4298908293829893,9.000000000000004,70.58823529411765,2.211405069158302,67.64705882352942,23.52941176470588,8.823529411764707,-11.769230063850333,14.5
0.5,8.0,5,60,20,34,3.4298908293829893,9.000000000000004,70.58823529411765,2.211405069158302,67.64705882352942,23.52941176470588,8.823529411764707,-11.769230063850333,14.5
0.5,8.0,7,15,5,27,2.986304226783238,9.000000000000007,66.66666666666666,1.9803851770945295,66.66666666666666,25.925925925925924,7.4074074074074066,-11.769230063850333,10.0
0.5,8.0,7,15,10,27,3.7270449675239785,9.000000000000007,70.37037037037037,2.412484645276643,70.37037037037037,22.22222222222222,7.4074074074074066,-11.769230063850333,10.0
0.5,8.0,7,15,15,27,3.7270449675239785,9.000000000000007,70.37037037037037,2.412484645276643,70.37037037037037,22.22222222222222,7.4074074074074066,-11.769230063850333,10.0
0.5,8.0,7,15,20,27,3.7270449675239785,9.000000000000007,70.37037037037037,2.412484645276643,70.37037037037037,22.22222222222222,7.4074074074074066,-11.769230063850333,10.0
0.5,8.0,7,20,5,29,2.710687234258984,9.000000000000005,65.51724137931035,1.9093765108659033,62.06896551724138,24.137931034482758,13.793103448275861,-11.769230063850333,14.0
0.5,8.0,7,20,10,29,3.400342406672776,9.000000000000005,68.96551724137932,2.3070653251533044,65.51724137931035,20.689655172413794,13.793103448275861,-11.769230063850333,14.0
0.5,8.0,7,20,15,29,3.400342406672776,9.000000000000005,68.96551724137932,2.3070653251533044,65.51724137931035,20.689655172413794,13.793103448275861,-11.769230063850333,14.0
0.5,8.0,7,20,20,29,3.400342406672776,9.000000000000005,68.96551724137932,2.3070653251533044,65.51724137931035,20.689655172413794,13.793103448275861,-11.769230063850333,14.0
0.5,8.0,7,30,5,29,2.710687234258983,9.000000000000005,65.51724137931035,1.9093765108659033,62.06896551724138,24.137931034482758,13.793103448275861,-11.769230063850333,14.0
0.5,8.0,7,30,10,29,2.887328337558842,9.000000000000005,65.51724137931035,2.0296521588697405,62.06896551724138,20.689655172413794,17.24137931034483,-11.769230063850333,14.0
0.5,8.0,7,30,15,29,2.887328337558841,9.000000000000005,65.51724137931035,2.0296521588697405,62.06896551724138,20.689655172413794,17.24137931034483,-11.769230063850333,14.0
0.5,8.0,7,30,20,29,2.887328337558841,9.000000000000005,65.51724137931035,2.0296521588697405,62.06896551724138,20.689655172413794,17.24137931034483,-11.769230063850333,14.0
0.5,8.0,7,45,5,29,2.5965670481867384,9.000000000000004,65.51724137931035,1.8389717776652104,62.06896551724138,24.137931034482758,13.793103448275861,-11.769230063850333,17.0
0.5,8.0,7,45,10,29,2.772475888800382,9.000000000000005,65.51724137931035,1.9497932834051321,62.06896551724138,20.689655172413794,17.24137931034483,-11.769230063850333,17.0
0.5,8.0,7,45,15,29,2.772475888800382,9.000000000000005,65.51724137931035,1.9497932834051321,62.06896551724138,20.689655172413794,17.24137931034483,-11.769230063850333,17.0
0.5,8.0,7,45,20,29,2.772475888800382,9.000000000000005,65.51724137931035,1.9497932834051321,62.06896551724138,20.689655172413794,17.24137931034483,-11.769230063850333,17.0
0.5,8.0,7,60,5,30,2.843799641788088,9.000000000000004,66.66666666666666,1.961395897366472,63.33333333333333,23.333333333333332,13.333333333333334,-11.769230063850333,20.0
0.5,8.0,7,60,10,30,3.0138448543812766,9.000000000000005,66.66666666666666,2.0810273764562206,63.33333333333333,20.0,16.666666666666664,-11.769230063850333,21.0
0.5,8.0,7,60,15,31,3.042386750117504,9.000000000000005,67.74193548387096,2.0628161117063946,64.51612903225806,22.58064516129032,12.903225806451612,-11.769230063850333,17.0
0.5,8.0,7,60,20,31,3.042386750117504,9.000000000000005,67.74193548387096,2.0628161117063946,64.51612903225806,22.58064516129032,12.903225806451612,-11.769230063850333,17.0
0.5,8.0,10,15,5,24,2.739882108816618,9.000000000000005,66.66666666666666,1.818816819237311,66.66666666666666,29.166666666666668,4.166666666666666,-11.769230063850333,8.0
0.5,8.0,10,15,10,24,2.739882108816618,9.000000000000005,66.66666666666666,1.818816819237311,66.66666666666666,29.166666666666668,4.166666666666666,-11.769230063850333,8.0
0.5,8.0,10,15,15,24,2.739882108816618,9.000000000000005,66.66666666666666,1.818816819237311,66.66666666666666,29.166666666666668,4.166666666666666,-11.769230063850333,8.0
0.5,8.0,10,15,20,24,2.739882108816618,9.000000000000005,66.66666666666666,1.818816819237311,66.66666666666666,29.166666666666668,4.166666666666666,-11.769230063850333,8.0
0.5,8.0,10,20,5,25,2.3630395765688426,9.000000000000005,64.0,1.6791223448501715,64.0,28.000000000000004,8.0,-11.769230063850333,8.0
0.5,8.0,10,20,10,25,2.363039576568843,9.000000000000005,64.0,1.679122344850172,64.0,28.000000000000004,8.0,-11.769230063850333,8.0
0.5,8.0,10,20,15,25,2.363039576568843,9.000000000000005,64.0,1.679122344850172,64.0,28.000000000000004,8.0,-11.769230063850333,8.0
0.5,8.0,10,20,20,25,2.363039576568843,9.000000000000005,64.0,1.679122344850172,64.0,28.000000000000004,8.0,-11.769230063850333,8.0
0.5,8.0,10,30,5,28,1.5408396121745285,9.000000000000004,57.14285714285714,1.419189684699796,57.14285714285714,28.57142857142857,14.285714285714285,-11.769230063850333,14.0
0.5,8.0,10,30,10,28,1.5408396121745291,9.000000000000004,57.14285714285714,1.419189684699796,57.14285714285714,28.57142857142857,14.285714285714285,-11.769230063850333,14.0
0.5,8.0,10,30,15,28,1.5408396121745291,9.000000000000004,57.14285714285714,1.419189684699796,57.14285714285714,28.57142857142857,14.285714285714285,-11.769230063850333,14.0
0.5,8.0,10,30,20,28,1.5408396121745291,9.000000000000004,57.14285714285714,1.419189684699796,57.14285714285714,28.57142857142857,14.285714285714285,-11.769230063850333,14.0
0.5,8.0,10,45,5,28,1.456679673698145,9.000000000000004,57.14285714285714,1.387423317575194,57.14285714285714,28.57142857142857,14.285714285714285,-11.769230063850333,14.0
0.5,8.0,10,45,10,28,1.4566796736981458,9.000000000000004,57.14285714285714,1.3874233175751942,57.14285714285714,28.57142857142857,14.285714285714285,-11.769230063850333,14.0
0.5,8.0,10,45,15,28,1.4566796736981458,9.000000000000004,57.14285714285714,1.3874233175751942,57.14285714285714,28.57142857142857,14.285714285714285,-11.769230063850333,14.0
0.5,8.0,10,45,20,28,1.4566796736981458,9.000000000000004,57.14285714285714,1.3874233175751942,57.14285714285714,28.57142857142857,14.285714285714285,-11.769230063850333,14.0
0.5,8.0,10,60,5,28,1.461078041471327,9.000000000000004,57.14285714285714,1.3890482322546673,57.14285714285714,28.57142857142857,14.285714285714285,-11.769230063850333,14.0
0.5,8.0,10,60,10,28,0.7467923271856137,9.000000000000004,53.57142857142857,1.1800203972117818,53.57142857142857,32.142857142857146,14.285714285714285,-11.769230063850333,14.0
0.5,8.0,10,60,15,29,0.34173052279990246,9.000000000000002,51.724137931034484,1.0779381193150706,51.724137931034484,34.48275862068966,13.793103448275861,-11.769230063850333,13.0
0.5,8.0,10,60,20,29,0.34173052279990246,9.000000000000002,51.724137931034484,1.0779381193150706,51.724137931034484,34.48275862068966,13.793103448275861,-11.769230063850333,13.0
0.5,10.0,2,15,5,44,2.0714259073614314,9.000000000000004,59.09090909090909,1.6744797226502757,54.54545454545454,20.454545454545457,25.0,-11.769230063850333,32.0
0.5,10.0,2,15,10,44,2.071425907361431,9.000000000000004,59.09090909090909,1.6744797226502754,54.54545454545454,20.454545454545457,25.0,-11.769230063850333,32.0
0.5,10.0,2,15,15,44,1.8794896854893701,9.000000000000004,59.09090909090909,1.5759859490434012,54.54545454545454,22.727272727272727,22.727272727272727,-11.769230063850333,30.5
0.5,10.0,2,15,20,44,1.8794896854893701,9.000000000000004,59.09090909090909,1.5759859490434012,54.54545454545454,22.727272727272727,22.727272727272727,-11.769230063850333,30.5
0.5,10.0,2,20,5,45,2.1350672938198363,9.000000000000002,60.0,1.7169673536402696,53.333333333333336,20.0,26.666666666666668,-11.769230063850333,33.0
0.5,10.0,2,20,10,45,2.135067293819836,9.000000000000002,60.0,1.7169673536402694,53.333333333333336,20.0,26.666666666666668,-11.769230063850333,33.0
0.5,10.0,2,20,15,45,1.9473963213227097,9.000000000000002,60.0,1.6151773492278332,53.333333333333336,22.22222222222222,24.444444444444443,-11.769230063850333,32.0
0.5,10.0,2,20,20,45,1.9473963213227097,9.000000000000002,60.0,1.6151773492278332,53.333333333333336,22.22222222222222,24.444444444444443,-11.769230063850333,32.0
0.5,10.0,2,30,5,46,2.0243964708510402,9.0,60.86956521739131,1.6783500246243614,52.17391304347826,19.565217391304348,28.26086956521739,-11.769230063850333,33.0
0.5,10.0,2,30,10,46,2.0243964708510407,9.0,60.86956521739131,1.6783500246243614,52.17391304347826,19.565217391304348,28.26086956521739,-11.769230063850333,33.0
0.5,10.0,2,30,15,46,1.8408053021038517,9.0,60.86956521739131,1.5810831902778455,52.17391304347826,21.73913043478261,26.08695652173913,-11.769230063850333,32.0
0.5,10.0,2,30,20,46,1.8408053021038517,9.0,60.86956521739131,1.5810831902778455,52.17391304347826,21.73913043478261,26.08695652173913,-11.769230063850333,32.0
0.5,10.0,2,45,5,46,2.0243964708510407,9.0,60.86956521739131,1.6783500246243614,52.17391304347826,19.565217391304348,28.26086956521739,-11.769230063850333,33.0
0.5,10.0,2,45,10,46,2.0243964708510407,9.0,60.86956521739131,1.6783500246243614,52.17391304347826,19.565217391304348,28.26086956521739,-11.769230063850333,33.0
0.5,10.0,2,45,15,47,1.9931285935484513,9.000000000000002,61.702127659574465,1.642844306063557,53.191489361702125,21.27659574468085,25.53191489361702,-11.769230063850333,31.0
0.5,10.0,2,45,20,47,1.9931285935484513,9.000000000000002,61.702127659574465,1.642844306063557,53.191489361702125,21.27659574468085,25.53191489361702,-11.769230063850333,31.0
0.5,10.0,2,60,5,46,2.040526481371776,9.0,60.86956521739131,1.6837549900999889,52.17391304347826,19.565217391304348,28.26086956521739,-11.769230063850333,33.0
0.5,10.0,2,60,10,46,2.040526481371776,9.0,60.86956521739131,1.6837549900999886,52.17391304347826,19.565217391304348,28.26086956521739,-11.769230063850333,33.0
0.5,10.0,2,60,15,47,2.0089154123559796,9.000000000000002,61.702127659574465,1.6479360330169135,53.191489361702125,21.27659574468085,25.53191489361702,-11.769230063850333,31.0
0.5,10.0,2,60,20,47,2.0089154123559796,9.000000000000002,61.702127659574465,1.6479360330169135,53.191489361702125,21.27659574468085,25.53191489361702,-11.769230063850333,31.0
0.5,10.0,3,15,5,39,2.7360700434981484,9.000000000000002,66.66666666666666,1.896256995452074,61.53846153846154,23.076923076923077,15.384615384615385,-11.769230063850333,30.0
0.5,10.0,3,15,10,39,2.7360700434981484,9.000000000000002,66.66666666666666,1.8962569954520738,61.53846153846154,23.076923076923077,15.384615384615385,-11.769230063850333,30.0
0.5,10.0,3,15,15,39,2.5195266136937717,9.000000000000002,66.66666666666666,1.770658302838534,61.53846153846154,25.64102564102564,12.82051282051282,-11.769230063850333,29.0
0.5,10.0,3,15,20,39,2.5195266136937717,9.000000000000002,66.66666666666666,1.770658302838534,61.53846153846154,25.64102564102564,12.82051282051282,-11.769230063850333,29.0
0.5,10.0,3,20,5,41,2.6272800764765707,9.000000000000002,65.85365853658537,1.8839714302981916,58.536585365853654,21.951219512195124,19.51219512195122,-11.769230063850333,31.0
0.5,10.0,3,20,10,41,2.6272800764765702,9.000000000000002,65.85365853658537,1.8839714302981911,58.536585365853654,21.951219512195124,19.51219512195122,-11.769230063850333,31.0
0.5,10.0,3,20,15,41,2.4212997408089927,9.000000000000002,65.85365853658537,1.761867179415441,58.536585365853654,24.390243902439025,17.073170731707318,-11.769230063850333,31.0
0.5,10.0,3,20,20,41,2.4212997408089927,9.000000000000002,65.85365853658537,1.761867179415441,58.536585365853654,24.390243902439025,17.073170731707318,-11.769230063850333,31.0
0.5,10.0,3,30,5,41,2.6272800764765707,9.000000000000002,65.85365853658537,1.8839714302981916,58.536585365853654,21.951219512195124,19.51219512195122,-11.769230063850333,31.0
0.5,10.0,3,30,10,41,2.6272800764765702,9.000000000000002,65.85365853658537,1.8839714302981911,58.536585365853654,21.951219512195124,19.51219512195122,-11.769230063850333,31.0
0.5,10.0,3,30,15,41,2.4212997408089927,9.000000000000002,65.85365853658537,1.761867179415441,58.536585365853654,24.390243902439025,17.073170731707318,-11.769230063850333,30.0
0.5,10.0,3,30,20,41,2.4212997408089927,9.000000000000002,65.85365853658537,1.761867179415441,58.536585365853654,24.390243902439025,17.073170731707318,-11.769230063850333,30.0
0.5,10.0,3,45,5,41,2.6272800764765707,9.000000000000002,65.85365853658537,1.8839714302981916,58.536585365853654,21.951219512195124,19.51219512195122,-11.769230063850333,31.0
0.5,10.0,3,45,10,41,2.6272800764765702,9.000000000000002,65.85365853658537,1.8839714302981911,58.536585365853654,21.951219512195124,19.51219512195122,-11.769230063850333,31.0
0.5,10.0,3,45,15,42,2.577935461265921,9.000000000000002,66.66666666666666,1.8309371644842767,59.523809523809526,23.809523809523807,16.666666666666664,-11.769230063850333,29.5
0.5,10.0,3,45,20,42,2.577935461265921,9.000000000000002,66.66666666666666,1.8309371644842767,59.523809523809526,23.809523809523807,16.666666666666664,-11.769230063850333,29.5
0.5,10.0,3,60,5,42,2.527943795076849,9.0,64.28571428571429,1.869958991805394,57.14285714285714,21.428571428571427,21.428571428571427,-11.769230063850333,32.0
0.5,10.0,3,60,10,42,2.5279437950768484,9.0,64.28571428571429,1.8699589918053938,57.14285714285714,21.428571428571427,21.428571428571427,-11.769230063850333,32.0
0.5,10.0,3,60,15,43,2.482056875136208,9.000000000000002,65.11627906976744,1.8179075994487541,58.139534883720934,23.25581395348837,18.6046511627907,-11.769230063850333,30.0
0.5,10.0,3,60,20,43,2.482056875136208,9.000000000000002,65.11627906976744,1.8179075994487541,58.139534883720934,23.25581395348837,18.6046511627907,-11.769230063850333,30.0
0.5,10.0,5,15,5,31,4.182627747968062,9.000000000000005,74.19354838709677,2.61422988880131,74.19354838709677,22.58064516129032,3.225806451612903,-11.769230063850333,16.0
0.5,10.0,5,15,10,31,4.182627747968062,9.000000000000005,74.19354838709677,2.61422988880131,74.19354838709677,22.58064516129032,3.225806451612903,-11.769230063850333,16.0
0.5,10.0,5,15,15,31,3.9102021427302978,9.000000000000005,74.19354838709677,2.365521209741824,74.19354838709677,25.806451612903224,0.0,-11.769230063850333,15.0
0.5,10.0,5,15,20,31,3.9102021427302978,9.000000000000005,74.19354838709677,2.365521209741824,74.19354838709677,25.806451612903224,0.0,-11.769230063850333,15.0
0.5,10.0,5,20,5,32,4.049041143133801,9.000000000000004,71.875,2.611234414867507,71.875,21.875,6.25,-11.769230063850333,16.5
0.5,10.0,5,20,10,32,4.049041143133801,9.000000000000004,71.875,2.611234414867507,71.875,21.875,6.25,-11.769230063850333,16.5
0.5,10.0,5,20,15,32,3.785128838059717,9.000000000000004,71.875,2.3630683143267035,71.875,25.0,3.125,-11.769230063850333,15.5
0.5,10.0,5,20,20,32,3.785128838059717,9.000000000000004,71.875,2.3630683143267035,71.875,25.0,3.125,-11.769230063850333,15.5
0.5,10.0,5,30,5,32,4.0490411431338,9.000000000000004,71.875,2.6112344148675066,71.875,21.875,6.25,-11.769230063850333,16.5
0.5,10.0,5,30,10,32,4.0490411431338,9.000000000000004,71.875,2.6112344148675066,71.875,21.875,6.25,-11.769230063850333,16.5
0.5,10.0,5,30,15,32,3.785128838059716,9.000000000000004,71.875,2.3630683143267035,71.875,25.0,3.125,-11.769230063850333,15.5
0.5,10.0,5,30,20,32,3.785128838059716,9.000000000000004,71.875,2.3630683143267035,71.875,25.0,3.125,-11.769230063850333,15.5
0.5,10.0,5,45,5,33,4.014103676647671,9.000000000000005,72.72727272727273,2.647248370670896,69.6969696969697,21.21212121212121,9.090909090909092,-11.769230063850333,19.0
0.5,10.0,5,45,10,33,4.014103676647671,9.000000000000005,72.72727272727273,2.647248370670896,69.6969696969697,21.21212121212121,9.090909090909092,-11.769230063850333,19.0
0.5,10.0,5,45,15,34,3.4598778606400753,9.000000000000004,70.58823529411765,2.23507707536893,67.64705882352942,23.52941176470588,8.823529411764707,-11.769230063850333,16.0
0.5,10.0,5,45,20,34,3.4598778606400753,9.000000000000004,70.58823529411765,2.23507707536893,67.64705882352942,23.52941176470588,8.823529411764707,-11.769230063850333,16.0
0.5,10.0,5,60,5,33,4.014103676647671,9.000000000000005,72.72727272727273,2.647248370670896,69.6969696969697,21.21212121212121,9.090909090909092,-11.769230063850333,17.0
0.5,10.0,5,60,10,33,4.014103676647671,9.000000000000005,72.72727272727273,2.647248370670896,69.6969696969697,21.21212121212121,9.090909090909092,-11.769230063850333,17.0
0.5,10.0,5,60,15,34,3.4298908293829893,9.000000000000004,70.58823529411765,2.211405069158302,67.64705882352942,23.52941176470588,8.823529411764707,-11.769230063850333,14.5
0.5,10.0,5,60,20,34,3.4298908293829893,9.000000000000004,70.58823529411765,2.211405069158302,67.64705882352942,23.52941176470588,8.823529411764707,-11.769230063850333,14.5
0.5,10.0,7,15,5,27,2.986304226783238,9.000000000000007,66.66666666666666,1.9803851770945295,66.66666666666666,25.925925925925924,7.4074074074074066,-11.769230063850333,10.0
0.5,10.0,7,15,10,27,3.7270449675239785,9.000000000000007,70.37037037037037,2.412484645276643,70.37037037037037,22.22222222222222,7.4074074074074066,-11.769230063850333,10.0
0.5,10.0,7,15,15,27,3.7270449675239785,9.000000000000007,70.37037037037037,2.412484645276643,70.37037037037037,22.22222222222222,7.4074074074074066,-11.769230063850333,10.0
0.5,10.0,7,15,20,27,3.7270449675239785,9.000000000000007,70.37037037037037,2.412484645276643,70.37037037037037,22.22222222222222,7.4074074074074066,-11.769230063850333,10.0
0.5,10.0,7,20,5,29,2.710687234258984,9.000000000000005,65.51724137931035,1.9093765108659033,62.06896551724138,24.137931034482758,13.793103448275861,-11.769230063850333,14.0
0.5,10.0,7,20,10,29,3.400342406672776,9.000000000000005,68.96551724137932,2.3070653251533044,65.51724137931035,20.689655172413794,13.793103448275861,-11.769230063850333,14.0
0.5,10.0,7,20,15,29,3.400342406672776,9.000000000000005,68.96551724137932,2.3070653251533044,65.51724137931035,20.689655172413794,13.793103448275861,-11.769230063850333,14.0
0.5,10.0,7,20,20,29,3.400342406672776,9.000000000000005,68.96551724137932,2.3070653251533044,65.51724137931035,20.689655172413794,13.793103448275861,-11.769230063850333,14.0
0.5,10.0,7,30,5,29,2.710687234258983,9.000000000000005,65.51724137931035,1.9093765108659033,62.06896551724138,24.137931034482758,13.793103448275861,-11.769230063850333,14.0
0.5,10.0,7,30,10,29,2.887328337558842,9.000000000000005,65.51724137931035,2.0296521588697405,62.06896551724138,20.689655172413794,17.24137931034483,-11.769230063850333,14.0
0.5,10.0,7,30,15,29,2.887328337558841,9.000000000000005,65.51724137931035,2.0296521588697405,62.06896551724138,20.689655172413794,17.24137931034483,-11.769230063850333,14.0
0.5,10.0,7,30,20,29,2.887328337558841,9.000000000000005,65.51724137931035,2.0296521588697405,62.06896551724138,20.689655172413794,17.24137931034483,-11.769230063850333,14.0
0.5,10.0,7,45,5,29,2.5965670481867384,9.000000000000004,65.51724137931035,1.8389717776652104,62.06896551724138,24.137931034482758,13.793103448275861,-11.769230063850333,17.0
0.5,10.0,7,45,10,29,2.772475888800382,9.000000000000005,65.51724137931035,1.9497932834051321,62.06896551724138,20.689655172413794,17.24137931034483,-11.769230063850333,17.0
0.5,10.0,7,45,15,29,2.772475888800382,9.000000000000005,65.51724137931035,1.9497932834051321,62.06896551724138,20.689655172413794,17.24137931034483,-11.769230063850333,17.0
0.5,10.0,7,45,20,29,2.772475888800382,9.000000000000005,65.51724137931035,1.9497932834051321,62.06896551724138,20.689655172413794,17.24137931034483,-11.769230063850333,17.0
0.5,10.0,7,60,5,30,2.843799641788088,9.000000000000004,66.66666666666666,1.961395897366472,63.33333333333333,23.333333333333332,13.333333333333334,-11.769230063850333,20.0
0.5,10.0,7,60,10,30,3.0138448543812766,9.000000000000005,66.66666666666666,2.0810273764562206,63.33333333333333,20.0,16.666666666666664,-11.769230063850333,21.0
0.5,10.0,7,60,15,31,3.042386750117504,9.000000000000005,67.74193548387096,2.0628161117063946,64.51612903225806,22.58064516129032,12.903225806451612,-11.769230063850333,17.0
0.5,10.0,7,60,20,31,3.042386750117504,9.000000000000005,67.74193548387096,2.0628161117063946,64.51612903225806,22.58064516129032,12.903225806451612,-11.769230063850333,17.0
0.5,10.0,10,15,5,24,2.739882108816618,9.000000000000005,66.66666666666666,1.818816819237311,66.66666666666666,29.166666666666668,4.166666666666666,-11.769230063850333,8.0
0.5,10.0,10,15,10,24,2.739882108816618,9.000000000000005,66.66666666666666,1.818816819237311,66.66666666666666,29.166666666666668,4.166666666666666,-11.769230063850333,8.0
0.5,10.0,10,15,15,24,2.739882108816618,9.000000000000005,66.66666666666666,1.818816819237311,66.66666666666666,29.166666666666668,4.166666666666666,-11.769230063850333,8.0
0.5,10.0,10,15,20,24,2.739882108816618,9.000000000000005,66.66666666666666,1.818816819237311,66.66666666666666,29.166666666666668,4.166666666666666,-11.769230063850333,8.0
0.5,10.0,10,20,5,25,2.3630395765688426,9.000000000000005,64.0,1.6791223448501715,64.0,28.000000000000004,8.0,-11.769230063850333,8.0
0.5,10.0,10,20,10,25,2.363039576568843,9.000000000000005,64.0,1.679122344850172,64.0,28.000000000000004,8.0,-11.769230063850333,8.0
0.5,10.0,10,20,15,25,2.363039576568843,9.000000000000005,64.0,1.679122344850172,64.0,28.000000000000004,8.0,-11.769230063850333,8.0
0.5,10.0,10,20,20,25,2.363039576568843,9.000000000000005,64.0,1.679122344850172,64.0,28.000000000000004,8.0,-11.769230063850333,8.0
0.5,10.0,10,30,5,28,1.5408396121745285,9.000000000000004,57.14285714285714,1.419189684699796,57.14285714285714,28.57142857142857,14.285714285714285,-11.769230063850333,14.0
0.5,10.0,10,30,10,28,1.5408396121745291,9.000000000000004,57.14285714285714,1.419189684699796,57.14285714285714,28.57142857142857,14.285714285714285,-11.769230063850333,14.0
0.5,10.0,10,30,15,28,1.5408396121745291,9.000000000000004,57.14285714285714,1.419189684699796,57.14285714285714,28.57142857142857,14.285714285714285,-11.769230063850333,14.0
0.5,10.0,10,30,20,28,1.5408396121745291,9.000000000000004,57.14285714285714,1.419189684699796,57.14285714285714,28.57142857142857,14.285714285714285,-11.769230063850333,14.0
0.5,10.0,10,45,5,28,1.456679673698145,9.000000000000004,57.14285714285714,1.387423317575194,57.14285714285714,28.57142857142857,14.285714285714285,-11.769230063850333,14.0
0.5,10.0,10,45,10,28,1.4566796736981458,9.000000000000004,57.14285714285714,1.3874233175751942,57.14285714285714,28.57142857142857,14.285714285714285,-11.769230063850333,14.0
0.5,10.0,10,45,15,28,1.4566796736981458,9.000000000000004,57.14285714285714,1.3874233175751942,57.14285714285714,28.57142857142857,14.285714285714285,-11.769230063850333,14.0
0.5,10.0,10,45,20,28,1.4566796736981458,9.000000000000004,57.14285714285714,1.3874233175751942,57.14285714285714,28.57142857142857,14.285714285714285,-11.769230063850333,14.0
0.5,10.0,10,60,5,28,1.461078041471327,9.000000000000004,57.14285714285714,1.3890482322546673,57.14285714285714,28.57142857142857,14.285714285714285,-11.769230063850333,14.0
0.5,10.0,10,60,10,28,0.7467923271856137,9.000000000000004,53.57142857142857,1.1800203972117818,53.57142857142857,32.142857142857146,14.285714285714285,-11.769230063850333,14.0
0.5,10.0,10,60,15,29,0.34173052279990246,9.000000000000002,51.724137931034484,1.0779381193150706,51.724137931034484,34.48275862068966,13.793103448275861,-11.769230063850333,13.0
0.5,10.0,10,60,20,29,0.34173052279990246,9.000000000000002,51.724137931034484,1.0779381193150706,51.724137931034484,34.48275862068966,13.793103448275861,-11.769230063850333,13.0
1.0,1.5,2,15,5,14,3.1640181586618854,9.000000000000004,64.28571428571429,2.201935628300607,64.28571428571429,21.428571428571427,14.285714285714285,-11.769230063850333,11.5
1.0,1.5,2,15,10,14,3.1640181586618854,9.000000000000004,64.28571428571429,2.201935628300607,64.28571428571429,21.428571428571427,14.285714285714285,-11.769230063850333,11.5
1.0,1.5,2,15,15,14,2.5607900327782653,9.000000000000004,64.28571428571429,1.7914265002042637,64.28571428571429,28.57142857142857,7.142857142857142,-11.769230063850333,7.5
1.0,1.5,2,15,20,14,2.5607900327782653,9.000000000000004,64.28571428571429,1.7914265002042637,64.28571428571429,28.57142857142857,7.142857142857142,-11.769230063850333,7.5
1.0,1.5,2,20,5,15,3.2071497369877213,9.000000000000004,66.66666666666666,2.3053431724470057,60.0,20.0,20.0,-11.769230063850333,14.0
1.0,1.5,2,20,10,15,3.2071497369877213,9.000000000000004,66.66666666666666,2.3053431724470057,60.0,20.0,20.0,-11.769230063850333,14.0
1.0,1.5,2,20,15,15,2.6441368194963433,9.000000000000004,66.66666666666666,1.8755556693425413,60.0,26.666666666666668,13.333333333333334,-11.769230063850333,9.0
1.0,1.5,2,20,20,15,2.6441368194963433,9.000000000000004,66.66666666666666,1.8755556693425413,60.0,26.666666666666668,13.333333333333334,-11.769230063850333,9.0
1.0,1.5,2,30,5,16,3.622058692086584,9.000000000000004,75.0,2.5954432649607453,62.5,18.75,18.75,-11.769230063850333,30.0
1.0,1.5,2,30,10,16,3.6220586920865854,9.000000000000004,75.0,2.5954432649607457,62.5,18.75,18.75,-11.769230063850333,30.0
1.0,1.5,2,30,15,16,3.094234081938418,9.000000000000004,75.0,2.1058431257452095,62.5,25.0,12.5,-11.769230063850333,11.5
1.0,1.5,2,30,20,16,3.094234081938418,9.000000000000004,75.0,2.1058431257452095,62.5,25.0,12.5,-11.769230063850333,11.5
1.0,1.5,2,45,5,16,3.6220586920865854,9.000000000000004,75.0,2.5954432649607457,62.5,18.75,18.75,-11.769230063850333,30.0
1.0,1.5,2,45,10,16,3.6220586920865863,9.000000000000004,75.0,2.595443264960746,62.5,18.75,18.75,-11.769230063850333,30.0
1.0,1.5,2,45,15,17,3.4416320771185123,9.000000000000005,76.47058823529412,2.3068740567476893,64.70588235294117,23.52941176470588,11.76470588235294,-11.769230063850333,9.0
1.0,1.5,2,45,20,17,3.4416320771185123,9.000000000000005,76.47058823529412,2.3068740567476893,64.70588235294117,23.52941176470588,11.76470588235294,-11.769230063850333,9.0
1.0,1.5,2,60,5,16,3.6684324723336994,9.000000000000004,75.0,2.615869972989435,62.5,18.75,18.75,-11.769230063850333,30.0
1.0,1.5,2,60,10,16,3.6684324723337007,9.000000000000004,75.0,2.6158699729894352,62.5,18.75,18.75,-11.769230063850333,30.0
1.0,1.5,2,60,15,17,3.4852779879393254,9.000000000000005,76.47058823529412,2.323447504244901,64.70588235294117,23.52941176470588,11.76470588235294,-11.769230063850333,9.0
1.0,1.5,2,60,20,17,3.4852779879393254,9.000000000000005,76.47058823529412,2.323447504244901,64.70588235294117,23.52941176470588,11.76470588235294,-11.769230063850333,9.0
1.0,1.5,3,15,5,13,3.436612592193879,9.000000000000005,69.23076923076923,2.2299283958347043,69.23076923076923,23.076923076923077,7.6923076923076925,-11.769230063850333,9.0
1.0,1.5,3,15,10,13,3.4366125921938777,9.000000000000005,69.23076923076923,2.2299283958347034,69.23076923076923,23.076923076923077,7.6923076923076925,-11.769230063850333,9.0
1.0,1.5,3,15,15,13,2.786982302780749,9.000000000000005,69.23076923076923,1.8092783790223115,69.23076923076923,30.76923076923077,0.0,-11.769230063850333,7.0
1.0,1.5,3,15,20,13,2.786982302780749,9.000000000000005,69.23076923076923,1.8092783790223115,69.23076923076923,30.76923076923077,0.0,-11.769230063850333,7.0
1.0,1.5,3,20,5,14,3.463353966576419,9.000000000000004,71.42857142857143,2.334844925537495,64.28571428571429,21.428571428571427,14.285714285714285,-11.769230063850333,11.5
1.0,1.5,3,20,10,14,3.4633539665764177,9.000000000000004,71.42857142857143,2.334844925537494,64.28571428571429,21.428571428571427,14.285714285714285,-11.769230063850333,11.5
1.0,1.5,3,20,15,14,2.8601258406927976,9.000000000000004,71.42857142857143,1.8944036275046767,64.28571428571429,28.57142857142857,7.142857142857142,-11.769230063850333,8.0
1.0,1.5,3,20,20,14,2.8601258406927976,9.000000000000004,71.42857142857143,1.8944036275046767,64.28571428571429,28.57142857142857,7.142857142857142,-11.769230063850333,8.0
1.0,1.5,3,30,5,15,3.5600306915584503,9.000000000000002,73.33333333333333,2.470113616509119,60.0,20.0,20.0,-11.769230063850333,22.0
1.0,1.5,3,30,10,15,3.5600306915584494,9.000000000000002,73.33333333333333,2.470113616509118,60.0,20.0,20.0,-11.769230063850333,22.0
1.0,1.5,3,30,15,15,2.99701777406707,9.000000000000002,73.33333333333333,2.0041554555861336,60.0,26.666666666666668,13.333333333333334,-11.769230063850333,9.0
1.0,1.5,3,30,20,15,2.99701777406707,9.000000000000002,73.33333333333333,2.0041554555861336,60.0,26.666666666666668,13.333333333333334,-11.769230063850333,9.0
1.0,1.5,3,45,5,15,3.5600306915584503,9.000000000000002,73.33333333333333,2.470113616509119,60.0,20.0,20.0,-11.769230063850333,14.0
1.0,1.5,3,45,10,15,3.5600306915584494,9.000000000000002,73.33333333333333,2.470113616509118,60.0,20.0,20.0,-11.769230063850333,14.0
1.0,1.5,3,45,15,16,3.3722041631878783,9.000000000000004,75.0,2.2051863865886125,62.5,25.0,12.5,-11.769230063850333,9.0
1.0,1.5,3,45,20,16,3.3722041631878783,9.000000000000004,75.0,2.2051863865886125,62.5,25.0,12.5,-11.769230063850333,9.0
1.0,1.5,3,60,5,16,3.3258417322191143,9.0,68.75,2.457462833346903,56.25,18.75,25.0,-11.769230063850333,27.0
1.0,1.5,3,60,10,16,3.3258417322191134,9.0,68.75,2.457462833346902,56.25,18.75,25.0,-11.769230063850333,27.0
1.0,1.5,3,60,15,17,3.1628396443020677,9.000000000000002,70.58823529411765,2.196014048732708,58.82352941176471,23.52941176470588,17.647058823529413,-11.769230063850333,9.0
1.0,1.5,3,60,20,17,3.1628396443020677,9.000000000000002,70.58823529411765,2.196014048732708,58.82352941176471,23.52941176470588,17.647058823529413,-11.769230063850333,9.0
1.0,1.5,5,15,5,12,4.639663641543367,9.000000000000004,75.0,3.198542247993355,75.0,16.666666666666664,8.333333333333332,-11.769230063850333,11.0
1.0,1.5,5,15,10,12,4.639663641543367,9.000000000000004,75.0,3.198542247993355,75.0,16.666666666666664,8.333333333333332,-11.769230063850333,11.0
1.0,1.5,5,15,15,12,3.935897494679144,9.000000000000004,75.0,2.3986333075064645,75.0,25.0,0.0,-11.769230063850333,6.0
1.0,1.5,5,15,20,12,3.935897494679144,9.000000000000004,75.0,2.3986333075064645,75.0,25.0,0.0,-11.769230063850333,6.0
1.0,1.5,5,20,5,12,4.639663641543367,9.000000000000004,75.0,3.198542247993355,75.0,16.666666666666664,8.333333333333332,-11.769230063850333,11.0
1.0,1.5,5,20,10,12,4.639663641543367,9.000000000000004,75.0,3.198542247993355,75.0,16.666666666666664,8.333333333333332,-11.769230063850333,11.0
1.0,1.5,5,20,15,12,3.935897494679144,9.000000000000004,75.0,2.3986333075064645,75.0,25.0,0.0,-11.769230063850333,6.0
1.0,1.5,5,20,20,12,3.935897494679144,9.000000000000004,75.0,2.3986333075064645,75.0,25.0,0.0,-11.769230063850333,6.0
1.0,1.5,5,30,5,12,4.639663641543367,9.000000000000004,75.0,3.198542247993355,75.0,16.666666666666664,8.333333333333332,-11.769230063850333,11.0
1.0,1.5,5,30,10,12,4.639663641543367,9.000000000000004,75.0,3.198542247993355,75.0,16.666666666666664,8.333333333333332,-11.769230063850333,11.0
1.0,1.5,5,30,15,12,3.935897494679144,9.000000000000004,75.0,2.3986333075064645,75.0,25.0,0.0,-11.769230063850333,6.0
1.0,1.5,5,30,20,12,3.935897494679144,9.000000000000004,75.0,2.3986333075064645,75.0,25.0,0.0,-11.769230063850333,6.0
1.0,1.5,5,45,5,13,4.505543726739379,9.000000000000004,76.92307692307693,3.312904141753645,69.23076923076923,15.384615384615385,15.384615384615385,-11.769230063850333,22.0
1.0,1.5,5,45,10,13,4.505543726739379,9.000000000000004,76.92307692307693,3.312904141753645,69.23076923076923,15.384615384615385,15.384615384615385,-11.769230063850333,22.0
1.0,1.5,5,45,15,14,4.223348191802947,9.000000000000004,78.57142857142857,2.750909765293586,71.42857142857143,21.428571428571427,7.142857142857142,-11.769230063850333,6.5
1.0,1.5,5,45,20,14,4.223348191802947,9.000000000000004,78.57142857142857,2.750909765293586,71.42857142857143,21.428571428571427,7.142857142857142,-11.769230063850333,6.5
1.0,1.5,5,60,5,13,4.505543726739379,9.000000000000004,76.92307692307693,3.312904141753645,69.23076923076923,15.384615384615385,15.384615384615385,-11.769230063850333,14.0
1.0,1.5,5,60,10,13,4.505543726739379,9.000000000000004,76.92307692307693,3.312904141753645,69.23076923076923,15.384615384615385,15.384615384615385,-11.769230063850333,14.0
1.0,1.5,5,60,15,14,4.223348191802947,9.000000000000004,78.57142857142857,2.7509097652935863,71.42857142857143,21.428571428571427,7.142857142857142,-11.769230063850333,6.5
1.0,1.5,5,60,20,14,4.223348191802947,9.000000000000004,78.57142857142857,2.7509097652935863,71.42857142857143,21.428571428571427,7.142857142857142,-11.769230063850333,6.5
1.0,1.5,7,15,5,11,2.3972532748771003,9.000000000000005,63.63636363636363,1.71989167305089,63.63636363636363,27.27272727272727,9.090909090909092,-11.769230063850333,4.0
1.0,1.5,7,15,10,11,2.3972532748771003,9.000000000000005,63.63636363636363,1.71989167305089,63.63636363636363,27.27272727272727,9.090909090909092,-11.769230063850333,4.0
1.0,1.5,7,15,15,11,2.3972532748771003,9.000000000000005,63.63636363636363,1.71989167305089,63.63636363636363,27.27272727272727,9.090909090909092,-11.769230063850333,4.0
1.0,1.5,7,15,20,11,2.3972532748771003,9.000000000000005,63.63636363636363,1.71989167305089,63.63636363636363,27.27272727272727,9.090909090909092,-11.769230063850333,4.0
1.0,1.5,7,20,5,12,2.9457918078342673,9.000000000000004,66.66666666666666,2.1850090427114703,58.333333333333336,16.666666666666664,25.0,-11.769230063850333,5.0
1.0,1.5,7,20,10,12,2.9457918078342673,9.000000000000004,66.66666666666666,2.1850090427114703,58.333333333333336,16.666666666666664,25.0,-11.769230063850333,5.0
1.0,1.5,7,20,15,12,2.9457918078342673,9.000000000000004,66.66666666666666,2.1850090427114703,58.333333333333336,16.666666666666664,25.0,-11.769230063850333,5.0
1.0,1.5,7,20,20,12,2.9457918078342673,9.000000000000004,66.66666666666666,2.1850090427114703,58.333333333333336,16.666666666666664,25.0,-11.769230063850333,5.0
1.0,1.5,7,30,5,12,2.9457918078342673,9.000000000000004,66.66666666666666,2.1850090427114703,58.333333333333336,16.666666666666664,25.0,-11.769230063850333,5.0
1.0,1.5,7,30,10,12,2.9457918078342673,9.000000000000004,66.66666666666666,2.1850090427114703,58.333333333333336,16.666666666666664,25.0,-11.769230063850333,5.0
1.0,1.5,7,30,15,12,2.9457918078342673,9.000000000000004,66.66666666666666,2.1850090427114703,58.333333333333336,16.666666666666664,25.0,-11.769230063850333,5.0
1.0,1.5,7,30,20,12,2.9457918078342673,9.000000000000004,66.66666666666666,2.1850090427114703,58.333333333333336,16.666666666666664,25.0,-11.769230063850333,5.0
1.0,1.5,7,45,5,12,2.7439128276884257,9.000000000000004,66.66666666666666,2.02089195159998,58.333333333333336,16.666666666666664,25.0,-11.769230063850333,5.0
1.0,1.5,7,45,10,12,2.7439128276884257,9.000000000000004,66.66666666666666,2.02089195159998,58.333333333333336,16.666666666666664,25.0,-11.769230063850333,5.0
1.0,1.5,7,45,15,12,2.7439128276884257,9.000000000000004,66.66666666666666,2.02089195159998,58.333333333333336,16.666666666666664,25.0,-11.769230063850333,5.0
1.0,1.5,7,45,20,12,2.7439128276884257,9.000000000000004,66.66666666666666,2.02089195159998,58.333333333333336,16.666666666666664,25.0,-11.769230063850333,5.0
1.0,1.5,7,60,5,12,2.828374899040693,9.000000000000004,66.66666666666666,2.0864582859853766,58.333333333333336,16.666666666666664,25.0,-11.769230063850333,5.0
1.0,1.5,7,60,10,12,2.828374899040693,9.000000000000004,66.66666666666666,2.0864582859853766,58.333333333333336,16.666666666666664,25.0,-11.769230063850333,5.0
1.0,1.5,7,60,15,13,3.3031152914221784,9.000000000000002,69.23076923076923,2.3745543636182975,61.53846153846154,15.384615384615385,23.076923076923077,-11.769230063850333,4.0
1.0,1.5,7,60,20,13,3.3031152914221784,9.000000000000002,69.23076923076923,2.3745543636182975,61.53846153846154,15.384615384615385,23.076923076923077,-11.769230063850333,4.0
1.0,1.5,10,15,5,10,0.9230769936149723,9.000000000000007,60.0,1.2061855860148745,60.0,40.0,0.0,-11.769230063850333,7.0
1.0,1.5,10,15,10,10,0.9230769936149723,9.000000000000007,60.0,1.2061855860148745,60.0,40.0,0.0,-11.769230063850333,7.0
1.0,1.5,10,15,15,10,0.9230769936149723,9.000000000000007,60.0,1.2061855860148745,60.0,40.0,0.0,-11.769230063850333,7.0
1.0,1.5,10,15,20,10,0.9230769936149723,9.000000000000007,60.0,1.2061855860148745,60.0,40.0,0.0,-11.769230063850333,7.0
1.0,1.5,10,20,5,11,0.21731075372122435,9.000000000000005,54.54545454545454,1.0463173351105366,54.54545454545454,36.36363636363637,9.090909090909092,-11.769230063850333,8.0
1.0,1.5,10,20,10,11,0.21731075372122435,9.000000000000005,54.54545454545454,1.0463173351105366,54.54545454545454,36.36363636363637,9.090909090909092,-11.769230063850333,8.0
1.0,1.5,10,20,15,11,0.21731075372122435,9.000000000000005,54.54545454545454,1.0463173351105366,54.54545454545454,36.36363636363637,9.090909090909092,-11.769230063850333,8.0
1.0,1.5,10,20,20,11,0.21731075372122435,9.000000000000005,54.54545454545454,1.0463173351105366,54.54545454545454,36.36363636363637,9.090909090909092,-11.769230063850333,8.0
1.0,1.5,10,30,5,12,0.14637444674645486,4.183037535011998,50.0,1.03362127609644,50.0,33.33333333333333,16.666666666666664,-11.769230063850333,8.0
1.0,1.5,10,30,10,12,0.14637444674645486,4.183037535011998,50.0,1.03362127609644,50.0,33.33333333333333,16.666666666666664,-11.769230063850333,8.0
1.0,1.5,10,30,15,12,0.14637444674645486,4.183037535011998,50.0,1.03362127609644,50.0,33.33333333333333,16.666666666666664,-11.769230063850333,8.0
1.0,1.5,10,30,20,12,0.14637444674645486,4.183037535011998,50.0,1.03362127609644,50.0,33.33333333333333,16.666666666666664,-11.769230063850333,8.0
1.0,1.5,10,45,5,12,-0.049998743031773284,4.183037535011998,50.0,0.989011262232029,50.0,33.33333333333333,16.666666666666664,-11.769230063850333,7.0
1.0,1.5,10,45,10,12,-0.04999874303177269,4.183037535011998,50.0,0.9890112622320291,50.0,33.33333333333333,16.666666666666664,-11.769230063850333,7.0
1.0,1.5,10,45,15,12,-0.04999874303177269,4.183037535011998,50.0,0.9890112622320291,50.0,33.33333333333333,16.666666666666664,-11.769230063850333,7.0
1.0,1.5,10,45,20,12,-0.04999874303177269,4.183037535011998,50.0,0.9890112622320291,50.0,33.33333333333333,16.666666666666664,-11.769230063850333,7.0
1.0,1.5,10,60,5,12,0.0321598172836152,4.183037535011998,50.0,1.0071980679631343,50.0,33.33333333333333,16.666666666666664,-11.769230063850333,7.0
1.0,1.5,10,60,10,12,0.0321598172836158,4.183037535011998,50.0,1.0071980679631343,50.0,33.33333333333333,16.666666666666664,-11.769230063850333,7.0
1.0,1.5,10,60,15,13,-0.8164678609689706,-0.6339249299760091,46.15384615384615,0.835731131164891,46.15384615384615,38.46153846153847,15.384615384615385,-11.769230063850333,8.0
1.0,1.5,10,60,20,13,-0.8164678609689706,-0.6339249299760091,46.15384615384615,0.835731131164891,46.15384615384615,38.46153846153847,15.384615384615385,-11.769230063850333,8.0
1.0,2.0,2,15,5,29,2.348727298339941,9.000000000000004,62.06896551724138,1.789918689104642,58.620689655172406,20.689655172413794,20.689655172413794,-11.769230063850333,31.0
1.0,2.0,2,15,10,29,2.348727298339941,9.000000000000004,62.06896551724138,1.789918689104642,58.620689655172406,20.689655172413794,20.689655172413794,-11.769230063850333,31.0
1.0,2.0,2,15,15,29,2.057513720327159,9.000000000000004,62.06896551724138,1.630251385209132,58.620689655172406,24.137931034482758,17.24137931034483,-11.769230063850333,30.0
1.0,2.0,2,15,20,29,2.057513720327159,9.000000000000004,62.06896551724138,1.630251385209132,58.620689655172406,24.137931034482758,17.24137931034483,-11.769230063850333,30.0
1.0,2.0,2,20,5,30,2.3974694495135904,9.000000000000004,63.33333333333333,1.8341153861028134,56.666666666666664,20.0,23.333333333333332,-11.769230063850333,32.0
1.0,2.0,2,20,10,30,2.3974694495135904,9.000000000000004,63.33333333333333,1.8341153861028134,56.666666666666664,20.0,23.333333333333332,-11.769230063850333,32.0
1.0,2.0,2,20,15,30,2.1159629907679007,9.000000000000004,63.33333333333333,1.670505574933794,56.666666666666664,23.333333333333332,20.0,-11.769230063850333,31.5
1.0,2.0,2,20,20,30,2.1159629907679007,9.000000000000004,63.33333333333333,1.670505574933794,56.666666666666664,23.333333333333332,20.0,-11.769230063850333,31.5
1.0,2.0,2,30,5,30,2.425659216799241,9.000000000000004,66.66666666666666,1.8491428948459803,56.666666666666664,20.0,23.333333333333332,-11.769230063850333,32.0
1.0,2.0,2,30,10,30,2.4256592167992412,9.000000000000004,66.66666666666666,1.8491428948459803,56.666666666666664,20.0,23.333333333333332,-11.769230063850333,32.0
1.0,2.0,2,30,15,30,2.144152758053552,9.000000000000004,66.66666666666666,1.683263840341129,56.666666666666664,23.333333333333332,20.0,-11.769230063850333,30.5
1.0,2.0,2,30,20,30,2.144152758053552,9.000000000000004,66.66666666666666,1.683263840341129,56.666666666666664,23.333333333333332,20.0,-11.769230063850333,30.5
1.0,2.0,2,45,5,30,2.4256592167992412,9.000000000000004,66.66666666666666,1.8491428948459803,56.666666666666664,20.0,23.333333333333332,-11.769230063850333,32.0
1.0,2.0,2,45,10,30,2.425659216799242,9.000000000000004,66.66666666666666,1.8491428948459805,56.666666666666664,20.0,23.333333333333332,-11.769230063850333,32.0
1.0,2.0,2,45,15,31,2.365309120696987,9.000000000000005,67.74193548387096,1.778862976798374,58.06451612903226,22.58064516129032,19.35483870967742,-11.769230063850333,30.0
1.0,2.0,2,45,20,31,2.365309120696987,9.000000000000005,67.74193548387096,1.778862976798374,58.06451612903226,22.58064516129032,19.35483870967742,-11.769230063850333,30.0
1.0,2.0,2,60,5,30,2.4503918995977023,9.000000000000004,66.66666666666666,1.8578009873444412,56.666666666666664,20.0,23.333333333333332,-11.769230063850333,32.0
1.0,2.0,2,60,10,30,2.450391899597703,9.000000000000004,66.66666666666666,1.8578009873444417,56.666666666666664,20.0,23.333333333333332,-11.769230063850333,32.0
1.0,2.0,2,60,15,31,2.389243975018078,9.000000000000005,67.74193548387096,1.786744387191053,58.06451612903226,22.58064516129032,19.35483870967742,-11.769230063850333,30.0
1.0,2.0,2,60,20,31,2.389243975018078,9.000000000000005,67.74193548387096,1.786744387191053,58.06451612903226,22.58064516129032,19.35483870967742,-11.769230063850333,30.0
1.0,2.0,3,15,5,26,3.050729710148446,9.000000000000004,69.23076923076923,2.0499113109030707,65.38461538461539,23.076923076923077,11.538461538461538,-11.769230063850333,30.5
1.0,2.0,3,15,10,26,3.0507297101484454,9.000000000000004,69.23076923076923,2.04991131090307,65.38461538461539,23.076923076923077,11.538461538461538,-11.769230063850333,30.5
1.0,2.0,3,15,15,26,2.7259145654418813,9.000000000000004,69.23076923076923,1.8438012215356117,65.38461538461539,26.923076923076923,7.6923076923076925,-11.769230063850333,29.5
1.0,2.0,3,15,20,26,2.7259145654418813,9.000000000000004,69.23076923076923,1.8438012215356117,65.38461538461539,26.923076923076923,7.6923076923076925,-11.769230063850333,29.5
1.0,2.0,3,20,5,27,3.078887566570705,9.000000000000004,70.37037037037037,2.100355779704351,62.96296296296296,22.22222222222222,14.814814814814813,-11.769230063850333,31.0
1.0,2.0,3,20,10,27,3.0788875665707045,9.000000000000004,70.37037037037037,2.1003557797043504,62.96296296296296,22.22222222222222,14.814814814814813,-11.769230063850333,31.0
1.0,2.0,3,20,15,27,2.766102612408827,9.000000000000004,70.37037037037037,1.8891737079943263,62.96296296296296,25.925925925925924,11.11111111111111,-11.769230063850333,31.0
1.0,2.0,3,20,20,27,2.766102612408827,9.000000000000004,70.37037037037037,1.8891737079943263,62.96296296296296,25.925925925925924,11.11111111111111,-11.769230063850333,31.0
1.0,2.0,3,30,5,27,3.078887566570705,9.000000000000004,70.37037037037037,2.100355779704351,62.96296296296296,22.22222222222222,14.814814814814813,-11.769230063850333,31.0
1.0,2.0,3,30,10,27,3.0788875665707045,9.000000000000004,70.37037037037037,2.1003557797043504,62.96296296296296,22.22222222222222,14.814814814814813,-11.769230063850333,31.0
1.0,2.0,3,30,15,27,2.766102612408827,9.000000000000004,70.37037037037037,1.8891737079943263,62.96296296296296,25.925925925925924,11.11111111111111,-11.769230063850333,30.0
1.0,2.0,3,30,20,27,2.766102612408827,9.000000000000004,70.37037037037037,1.8891737079943263,62.96296296296296,25.925925925925924,11.11111111111111,-11.769230063850333,30.0
1.0,2.0,3,45,5,27,3.078887566570705,9.000000000000004,70.37037037037037,2.100355779704351,62.96296296296296,22.22222222222222,14.814814814814813,-11.769230063850333,31.0
1.0,2.0,3,45,10,27,3.0788875665707045,9.000000000000004,70.37037037037037,2.1003557797043504,62.96296296296296,22.22222222222222,14.814814814814813,-11.769230063850333,31.0
1.0,2.0,3,45,15,28,2.988741804822798,9.000000000000004,71.42857142857143,1.9963249158593162,64.28571428571429,25.0,10.714285714285714,-11.769230063850333,29.5
1.0,2.0,3,45,20,28,2.988741804822798,9.000000000000004,71.42857142857143,1.9963249158593162,64.28571428571429,25.0,10.714285714285714,-11.769230063850333,29.5
1.0,2.0,3,60,5,28,2.913754305539188,9.000000000000002,67.85714285714286,2.0772410195659483,60.71428571428571,21.428571428571427,17.857142857142858,-11.769230063850333,32.0
1.0,2.0,3,60,10,28,2.9137543055391872,9.000000000000002,67.85714285714286,2.077241019565948,60.71428571428571,21.428571428571427,17.857142857142858,-11.769230063850333,32.0
1.0,2.0,3,60,15,29,2.832411268714709,9.000000000000002,68.96551724137932,1.9757601735166794,62.06896551724138,24.137931034482758,13.793103448275861,-11.769230063850333,30.0
1.0,2.0,3,60,20,29,2.832411268714709,9.000000000000002,68.96551724137932,1.9757601735166794,62.06896551724138,24.137931034482758,13.793103448275861,-11.769230063850333,30.0
1.0,2.0,5,15,5,21,4.603617318977166,9.000000000000005,76.19047619047619,3.0428511862902483,76.19047619047619,19.047619047619047,4.761904761904762,-11.769230063850333,15.0
1.0,2.0,5,15,10,21,4.603617318977166,9.000000000000005,76.19047619047619,3.0428511862902483,76.19047619047619,19.047619047619047,4.761904761904762,-11.769230063850333,15.0
1.0,2.0,5,15,15,21,4.201465235054753,9.000000000000005,76.19047619047619,2.5820689981757714,76.19047619047619,23.809523809523807,0.0,-11.769230063850333,9.0
1.0,2.0,5,15,20,21,4.201465235054753,9.000000000000005,76.19047619047619,2.5820689981757714,76.19047619047619,23.809523809523807,0.0,-11.769230063850333,9.0
1.0,2.0,5,20,5,22,4.390173640536009,9.000000000000004,72.72727272727273,3.036938029988221,72.72727272727273,18.181818181818183,9.090909090909092,-11.769230063850333,15.5
1.0,2.0,5,20,10,22,4.390173640536009,9.000000000000004,72.72727272727273,3.036938029988221,72.72727272727273,18.181818181818183,9.090909090909092,-11.769230063850333,15.5
1.0,2.0,5,20,15,22,4.006301196791887,9.000000000000004,72.72727272727273,2.5778098628434343,72.72727272727273,22.727272727272727,4.545454545454546,-11.769230063850333,12.0
1.0,2.0,5,20,20,22,4.006301196791887,9.000000000000004,72.72727272727273,2.5778098628434343,72.72727272727273,22.727272727272727,4.545454545454546,-11.769230063850333,12.0
1.0,2.0,5,30,5,22,4.390173640536009,9.000000000000004,72.72727272727273,3.036938029988221,72.72727272727273,18.181818181818183,9.090909090909092,-11.769230063850333,15.5
1.0,2.0,5,30,10,22,4.390173640536009,9.000000000000004,72.72727272727273,3.036938029988221,72.72727272727273,18.181818181818183,9.090909090909092,-11.769230063850333,15.5
1.0,2.0,5,30,15,22,4.006301196791887,9.000000000000004,72.72727272727273,2.5778098628434343,72.72727272727273,22.727272727272727,4.545454545454546,-11.769230063850333,12.0
1.0,2.0,5,30,20,22,4.006301196791887,9.000000000000004,72.72727272727273,2.5778098628434343,72.72727272727273,22.727272727272727,4.545454545454546,-11.769230063850333,12.0
1.0,2.0,5,45,5,23,4.325214123516683,9.000000000000005,73.91304347826086,3.098016437289232,69.56521739130434,17.391304347826086,13.043478260869565,-11.769230063850333,22.0
1.0,2.0,5,45,10,23,4.325214123516683,9.000000000000005,73.91304347826086,3.098016437289232,69.56521739130434,17.391304347826086,13.043478260869565,-11.769230063850333,22.0
1.0,2.0,5,45,15,24,4.168113794938043,9.000000000000005,75.0,2.7907674750075087,70.83333333333334,20.833333333333336,8.333333333333332,-11.769230063850333,12.0
1.0,2.0,5,45,20,24,4.168113794938043,9.000000000000005,75.0,2.7907674750075087,70.83333333333334,20.833333333333336,8.333333333333332,-11.769230063850333,12.0
1.0,2.0,5,60,5,23,4.325214123516683,9.000000000000005,73.91304347826086,3.098016437289232,69.56521739130434,17.391304347826086,13.043478260869565,-11.769230063850333,15.0
1.0,2.0,5,60,10,23,4.325214123516683,9.000000000000005,73.91304347826086,3.098016437289232,69.56521739130434,17.391304347826086,13.043478260869565,-11.769230063850333,15.0
1.0,2.0,5,60,15,24,4.168113794938043,9.000000000000005,75.0,2.7907674750075087,70.83333333333334,20.833333333333336,8.333333333333332,-11.769230063850333,11.5
1.0,2.0,5,60,20,24,4.168113794938043,9.000000000000005,75.0,2.7907674750075087,70.83333333333334,20.833333333333336,8.333333333333332,-11.769230063850333,11.5
1.0,2.0,7,15,5,19,3.566136635457641,9.000000000000009,68.42105263157895,2.375952730138154,68.42105263157895,21.052631578947366,10.526315789473683,-11.769230063850333,10.0
1.0,2.0,7,15,10,19,3.566136635457641,9.000000000000009,68.42105263157895,2.375952730138154,68.42105263157895,21.052631578947366,10.526315789473683,-11.769230063850333,10.0
1.0,2.0,7,15,15,19,3.566136635457641,9.000000000000009,68.42105263157895,2.375952730138154,68.42105263157895,21.052631578947366,10.526315789473683,-11.769230063850333,10.0
1.0,2.0,7,15,20,19,3.566136635457641,9.000000000000009,68.42105263157895,2.375952730138154,68.42105263157895,21.052631578947366,10.526315789473683,-11.769230063850333,10.0
1.0,2.0,7,20,5,20,3.8368155872029144,9.000000000000007,70.0,2.807952498212958,65.0,15.0,20.0,-11.769230063850333,13.5
1.0,2.0,7,20,10,20,3.8368155872029144,9.000000000000007,70.0,2.807952498212958,65.0,15.0,20.0,-11.769230063850333,13.5
1.0,2.0,7,20,15,20,3.8368155872029144,9.000000000000007,70.0,2.807952498212958,65.0,15.0,20.0,-11.769230063850333,13.5
1.0,2.0,7,20,20,20,3.8368155872029144,9.000000000000007,70.0,2.807952498212958,65.0,15.0,20.0,-11.769230063850333,13.5
1.0,2.0,7,30,5,20,3.8368155872029144,9.000000000000007,70.0,2.807952498212958,65.0,15.0,20.0,-11.769230063850333,13.5
1.0,2.0,7,30,10,20,3.8368155872029144,9.000000000000007,70.0,2.807952498212958,65.0,15.0,20.0,-11.769230063850333,13.5
1.0,2.0,7,30,15,20,3.8368155872029144,9.000000000000007,70.0,2.8079524982129573,65.0,15.0,20.0,-11.769230063850333,13.5
1.0,2.0,7,30,20,20,3.8368155872029144,9.000000000000007,70.0,2.8079524982129573,65.0,15.0,20.0,-11.769230063850333,13.5
1.0,2.0,7,45,5,20,3.67134131739816,9.000000000000007,70.0,2.6048439186513166,65.0,15.0,20.0,-11.769230063850333,13.5
1.0,2.0,7,45,10,20,3.6713413173981584,9.000000000000005,70.0,2.6048439186513157,65.0,15.0,20.0,-11.769230063850333,13.5
1.0,2.0,7,45,15,20,3.6713413173981584,9.000000000000005,70.0,2.6048439186513157,65.0,15.0,20.0,-11.769230063850333,13.5
1.0,2.0,7,45,20,20,3.6713413173981584,9.000000000000005,70.0,2.6048439186513157,65.0,15.0,20.0,-11.769230063850333,13.5
1.0,2.0,7,60,5,20,3.722018560209521,9.000000000000007,70.0,2.6638547256682124,65.0,15.0,20.0,-11.769230063850333,13.5
1.0,2.0,7,60,10,20,3.722018560209519,9.000000000000005,70.0,2.6638547256682115,65.0,15.0,20.0,-11.769230063850333,13.5
1.0,2.0,7,60,15,21,3.9733510097233515,9.000000000000005,71.42857142857143,2.8650183186054123,66.66666666666666,14.285714285714285,19.047619047619047,-11.769230063850333,10.0
1.0,2.0,7,60,20,21,3.9733510097233515,9.000000000000005,71.42857142857143,2.8650183186054123,66.66666666666666,14.285714285714285,19.047619047619047,-11.769230063850333,10.0
1.0,2.0,10,15,5,16,2.83096800351092,9.000000000000005,68.75,1.812194968521455,68.75,31.25,0.0,-11.769230063850333,7.5
1.0,2.0,10,15,10,16,2.83096800351092,9.000000000000005,68.75,1.812194968521455,68.75,31.25,0.0,-11.769230063850333,7.5
1.0,2.0,10,15,15,16,2.83096800351092,9.000000000000005,68.75,1.812194968521455,68.75,31.25,0.0,-11.769230063850333,7.5
1.0,2.0,10,15,20,16,2.83096800351092,9.000000000000005,68.75,1.812194968521455,68.75,31.25,0.0,-11.769230063850333,7.5
1.0,2.0,10,20,5,17,2.26206684770344,9.000000000000005,64.70588235294117,1.6142052919256238,64.70588235294117,29.411764705882355,5.88235294117647,-11.769230063850333,8.0
1.0,2.0,10,20,10,17,2.26206684770344,9.000000000000005,64.70588235294117,1.614205291925624,64.70588235294117,29.411764705882355,5.88235294117647,-11.769230063850333,8.0
1.0,2.0,10,20,15,17,2.26206684770344,9.000000000000005,64.70588235294117,1.614205291925624,64.70588235294117,29.411764705882355,5.88235294117647,-11.769230063850333,8.0
1.0,2.0,10,20,20,17,2.26206684770344,9.000000000000005,64.70588235294117,1.614205291925624,64.70588235294117,29.411764705882355,5.88235294117647,-11.769230063850333,8.0
1.0,2.0,10,30,5,20,1.1248736083014077,9.000000000000005,55.00000000000001,1.286346707115087,55.00000000000001,30.0,15.0,-11.769230063850333,11.5
1.0,2.0,10,30,10,20,1.1248736083014077,9.000000000000005,55.00000000000001,1.286346707115087,55.00000000000001,30.0,15.0,-11.769230063850333,11.5
1.0,2.0,10,30,15,20,1.1248736083014077,9.000000000000005,55.00000000000001,1.286346707115087,55.00000000000001,30.0,15.0,-11.769230063850333,11.5
1.0,2.0,10,30,20,20,1.1248736083014077,9.000000000000005,55.00000000000001,1.286346707115087,55.00000000000001,30.0,15.0,-11.769230063850333,11.5
1.0,2.0,10,45,5,20,1.0070496944344707,9.000000000000005,55.00000000000001,1.2488886180165486,55.00000000000001,30.0,15.0,-11.769230063850333,11.5
1.0,2.0,10,45,10,20,1.0070496944344713,9.000000000000005,55.00000000000001,1.2488886180165488,55.00000000000001,30.0,15.0,-11.769230063850333,11.5
1.0,2.0,10,45,15,20,1.0070496944344713,9.000000000000005,55.00000000000001,1.2488886180165488,55.00000000000001,30.0,15.0,-11.769230063850333,11.5
1.0,2.0,10,45,20,20,1.0070496944344713,9.000000000000005,55.00000000000001,1.2488886180165488,55.00000000000001,30.0,15.0,-11.769230063850333,11.5
1.0,2.0,10,60,5,20,1.0132074093169254,9.000000000000005,55.00000000000001,1.250792144201079,55.00000000000001,30.0,15.0,-11.769230063850333,11.5
1.0,2.0,10,60,10,20,1.013207409316926,9.000000000000005,55.00000000000001,1.2507921442010794,55.00000000000001,30.0,15.0,-11.769230063850333,11.5
1.0,2.0,10,60,15,21,0.44114991363516753,9.000000000000005,52.38095238095239,1.1009160203801636,52.38095238095239,33.33333333333333,14.285714285714285,-11.769230063850333,15.0
1.0,2.0,10,60,20,21,0.44114991363516753,9.000000000000005,52.38095238095239,1.1009160203801636,52.38095238095239,33.33333333333333,14.285714285714285,-11.769230063850333,15.0
1.0,2.5,2,15,5,41,1.481856633161507,9.0,56.09756097560976,1.449610932509227,51.21951219512195,21.951219512195124,26.82926829268293,-11.769230063850333,33.0
1.0,2.5,2,15,10,41,1.481856633161507,9.0,56.09756097560976,1.449610932509227,51.21951219512195,21.951219512195124,26.82926829268293,-11.769230063850333,33.0
1.0,2.5,2,15,15,41,1.2758762974939295,9.0,56.09756097560976,1.3643440588210627,51.21951219512195,24.390243902439025,24.390243902439025,-11.769230063850333,31.0
1.0,2.5,2,15,20,41,1.2758762974939295,9.0,56.09756097560976,1.3643440588210627,51.21951219512195,24.390243902439025,24.390243902439025,-11.769230063850333,31.0
1.0,2.5,2,20,5,42,1.564081196609796,7.272744648907786,57.14285714285714,1.4902119396176878,50.0,21.428571428571427,28.57142857142857,-11.769230063850333,39.5
1.0,2.5,2,20,10,42,1.5640811966097958,7.272744648907786,57.14285714285714,1.4902119396176878,50.0,21.428571428571427,28.57142857142857,-11.769230063850333,39.5
1.0,2.5,2,20,15,42,1.363005154648589,7.272744648907786,57.14285714285714,1.4018650764187204,50.0,23.809523809523807,26.190476190476193,-11.769230063850333,32.5
1.0,2.5,2,20,20,42,1.363005154648589,7.272744648907786,57.14285714285714,1.4018650764187204,50.0,23.809523809523807,26.190476190476193,-11.769230063850333,32.5
1.0,2.5,2,30,5,43,1.4589678998806197,5.545489297815572,58.139534883720934,1.4569983522153562,48.837209302325576,20.930232558139537,30.23255813953488,-11.769230063850333,46.0
1.0,2.5,2,30,10,43,1.4589678998806201,5.545489297815572,58.139534883720934,1.4569983522153562,48.837209302325576,20.930232558139537,30.23255813953488,-11.769230063850333,46.0
1.0,2.5,2,30,15,43,1.262568044941767,5.545489297815572,58.139534883720934,1.3725596980080517,48.837209302325576,23.25581395348837,27.906976744186046,-11.769230063850333,33.0
1.0,2.5,2,30,20,43,1.262568044941767,5.545489297815572,58.139534883720934,1.3725596980080517,48.837209302325576,23.25581395348837,27.906976744186046,-11.769230063850333,33.0
1.0,2.5,2,45,5,43,1.4589678998806201,5.545489297815572,58.139534883720934,1.4569983522153562,48.837209302325576,20.930232558139537,30.23255813953488,-11.769230063850333,46.0
1.0,2.5,2,45,10,43,1.4589678998806204,5.545489297815572,58.139534883720934,1.4569983522153562,48.837209302325576,20.930232558139537,30.23255813953488,-11.769230063850333,46.0
1.0,2.5,2,45,15,44,1.438418771193091,7.272744648907786,59.09090909090909,1.434320813793763,50.0,22.727272727272727,27.27272727272727,-11.769230063850333,32.0
1.0,2.5,2,45,20,44,1.438418771193091,7.272744648907786,59.09090909090909,1.434320813793763,50.0,22.727272727272727,27.27272727272727,-11.769230063850333,32.0
1.0,2.5,2,60,5,43,1.4762232599725695,5.545489297815572,58.139534883720934,1.462403317690984,48.837209302325576,20.930232558139537,30.23255813953488,-11.769230063850333,46.0
1.0,2.5,2,60,10,43,1.4762232599725702,5.545489297815572,58.139534883720934,1.462403317690984,48.837209302325576,20.930232558139537,30.23255813953488,-11.769230063850333,46.0
1.0,2.5,2,60,15,44,1.4552819640102237,7.272744648907786,59.09090909090909,1.43941254074712,50.0,22.727272727272727,27.27272727272727,-11.769230063850333,32.0
1.0,2.5,2,60,20,44,1.4552819640102237,7.272744648907786,59.09090909090909,1.43941254074712,50.0,22.727272727272727,27.27272727272727,-11.769230063850333,32.0
1.0,2.5,3,15,5,36,2.120003159226295,9.000000000000002,63.888888888888886,1.6410320580404787,58.333333333333336,25.0,16.666666666666664,-11.769230063850333,30.5
1.0,2.5,3,15,10,36,2.120003159226295,9.000000000000002,63.888888888888886,1.6410320580404785,58.333333333333336,25.0,16.666666666666664,-11.769230063850333,30.5
1.0,2.5,3,15,15,36,1.885414443604887,9.000000000000002,63.888888888888886,1.532338204031701,58.333333333333336,27.77777777777778,13.88888888888889,-11.769230063850333,29.5
1.0,2.5,3,15,20,36,1.885414443604887,9.000000000000002,63.888888888888886,1.532338204031701,58.333333333333336,27.77777777777778,13.88888888888889,-11.769230063850333,29.5
1.0,2.5,3,20,5,38,2.035049083454163,9.0,63.1578947368421,1.634609376898201,55.26315789473685,23.684210526315788,21.052631578947366,-11.769230063850333,32.0
1.0,2.5,3,20,10,38,2.035049083454163,9.0,63.1578947368421,1.6346093768982008,55.26315789473685,23.684210526315788,21.052631578947366,-11.769230063850333,32.0
1.0,2.5,3,20,15,38,1.8128071423391454,9.0,63.1578947368421,1.5286668184059615,55.26315789473685,26.31578947368421,18.421052631578945,-11.769230063850333,31.5
1.0,2.5,3,20,20,38,1.8128071423391454,9.0,63.1578947368421,1.5286668184059615,55.26315789473685,26.31578947368421,18.421052631578945,-11.769230063850333,31.5
1.0,2.5,3,30,5,38,2.035049083454163,9.0,63.1578947368421,1.634609376898201,55.26315789473685,23.684210526315788,21.052631578947366,-11.769230063850333,32.0
1.0,2.5,3,30,10,38,2.035049083454163,9.0,63.1578947368421,1.6346093768982004,55.26315789473685,23.684210526315788,21.052631578947366,-11.769230063850333,32.0
1.0,2.5,3,30,15,38,1.812807142339145,9.0,63.1578947368421,1.528666818405961,55.26315789473685,26.31578947368421,18.421052631578945,-11.769230063850333,30.5
1.0,2.5,3,30,20,38,1.812807142339145,9.0,63.1578947368421,1.528666818405961,55.26315789473685,26.31578947368421,18.421052631578945,-11.769230063850333,30.5
1.0,2.5,3,45,5,38,2.035049083454163,9.0,63.1578947368421,1.634609376898201,55.26315789473685,23.684210526315788,21.052631578947366,-11.769230063850333,32.0
1.0,2.5,3,45,10,38,2.035049083454163,9.0,63.1578947368421,1.6346093768982004,55.26315789473685,23.684210526315788,21.052631578947366,-11.769230063850333,32.0
1.0,2.5,3,45,15,39,1.9970941386894232,9.000000000000002,64.1025641025641,1.5977368034747972,56.41025641025641,25.64102564102564,17.94871794871795,-11.769230063850333,30.0
1.0,2.5,3,45,20,39,1.9970941386894232,9.000000000000002,64.1025641025641,1.5977368034747972,56.41025641025641,25.64102564102564,17.94871794871795,-11.769230063850333,30.0
1.0,2.5,3,60,5,39,1.9432569597165759,9.0,61.53846153846154,1.6209790031786888,53.84615384615385,23.076923076923077,23.076923076923077,-11.769230063850333,33.0
1.0,2.5,3,60,10,39,1.9432569597165756,9.0,61.53846153846154,1.6209790031786886,53.84615384615385,23.076923076923077,23.076923076923077,-11.769230063850333,33.0
1.0,2.5,3,60,15,40,1.908545691664394,9.0,62.5,1.585041416421105,55.00000000000001,25.0,20.0,-11.769230063850333,30.5
1.0,2.5,3,60,20,40,1.908545691664394,9.0,62.5,1.585041416421105,55.00000000000001,25.0,20.0,-11.769230063850333,30.5
1.0,2.5,5,15,5,28,3.5598558463757337,9.000000000000004,71.42857142857143,2.240923244001427,71.42857142857143,25.0,3.571428571428571,-11.769230063850333,16.5
1.0,2.5,5,15,10,28,3.5598558463757337,9.000000000000004,71.42857142857143,2.240923244001427,71.42857142857143,25.0,3.571428571428571,-11.769230063850333,16.5
1.0,2.5,5,15,15,28,3.258241783433924,9.000000000000004,71.42857142857143,2.0277296521613284,71.42857142857143,28.57142857142857,0.0,-11.769230063850333,15.5
1.0,2.5,5,15,20,28,3.258241783433924,9.000000000000004,71.42857142857143,2.0277296521613284,71.42857142857143,28.57142857142857,0.0,-11.769230063850333,15.5
1.0,2.5,5,20,5,29,3.433924830751456,9.000000000000004,68.96551724137932,2.238355517576978,68.96551724137932,24.137931034482758,6.896551724137931,-11.769230063850333,17.0
1.0,2.5,5,20,10,29,3.433924830751456,9.000000000000004,68.96551724137932,2.238355517576978,68.96551724137932,24.137931034482758,6.896551724137931,-11.769230063850333,17.0
1.0,2.5,5,20,15,29,3.1427112527386742,9.000000000000004,68.96551724137932,2.0256270251603925,68.96551724137932,27.586206896551722,3.4482758620689653,-11.769230063850333,16.0
1.0,2.5,5,20,20,29,3.1427112527386742,9.000000000000004,68.96551724137932,2.0256270251603925,68.96551724137932,27.586206896551722,3.4482758620689653,-11.769230063850333,16.0
1.0,2.5,5,30,5,29,3.433924830751456,9.000000000000004,68.96551724137932,2.238355517576978,68.96551724137932,24.137931034482758,6.896551724137931,-11.769230063850333,17.0
1.0,2.5,5,30,10,29,3.4339248307514554,9.000000000000004,68.96551724137932,2.238355517576978,68.96551724137932,24.137931034482758,6.896551724137931,-11.769230063850333,17.0
1.0,2.5,5,30,15,29,3.142711252738674,9.000000000000004,68.96551724137932,2.025627025160392,68.96551724137932,27.586206896551722,3.4482758620689653,-11.769230063850333,16.0
1.0,2.5,5,30,20,29,3.142711252738674,9.000000000000004,68.96551724137932,2.025627025160392,68.96551724137932,27.586206896551722,3.4482758620689653,-11.769230063850333,16.0
1.0,2.5,5,45,5,30,3.4159974946961253,9.000000000000004,70.0,2.274369473380366,66.66666666666666,23.333333333333332,10.0,-11.769230063850333,20.5
1.0,2.5,5,45,10,30,3.4159974946961253,9.000000000000004,70.0,2.274369473380366,66.66666666666666,23.333333333333332,10.0,-11.769230063850333,20.5
1.0,2.5,5,45,15,31,2.8274306701055862,9.000000000000004,67.74193548387096,1.9202546792324864,64.51612903225806,25.806451612903224,9.67741935483871,-11.769230063850333,17.0
1.0,2.5,5,45,20,31,2.8274306701055862,9.000000000000004,67.74193548387096,1.9202546792324864,64.51612903225806,25.806451612903224,9.67741935483871,-11.769230063850333,17.0
1.0,2.5,5,60,5,30,3.415997494696126,9.000000000000004,70.0,2.274369473380366,66.66666666666666,23.333333333333332,10.0,-11.769230063850333,18.0
1.0,2.5,5,60,10,30,3.4159974946961253,9.000000000000004,70.0,2.274369473380366,66.66666666666666,23.333333333333332,10.0,-11.769230063850333,18.0
1.0,2.5,5,60,15,31,2.794541668081686,9.000000000000004,67.74193548387096,1.8999169999668724,64.51612903225806,25.806451612903224,9.67741935483871,-11.769230063850333,15.0
1.0,2.5,5,60,20,31,2.794541668081686,9.000000000000004,67.74193548387096,1.8999169999668724,64.51612903225806,25.806451612903224,9.67741935483871,-11.769230063850333,15.0
1.0,2.5,7,15,5,24,3.864858169737301,9.000000000000007,70.83333333333334,2.5396971291191193,70.83333333333334,20.833333333333336,8.333333333333332,-11.769230063850333,15.5
1.0,2.5,7,15,10,24,3.864858169737301,9.000000000000007,70.83333333333334,2.5396971291191193,70.83333333333334,20.833333333333336,8.333333333333332,-11.769230063850333,15.5
1.0,2.5,7,15,15,24,3.864858169737301,9.000000000000007,70.83333333333334,2.5396971291191193,70.83333333333334,20.833333333333336,8.333333333333332,-11.769230063850333,15.5
1.0,2.5,7,15,20,24,3.864858169737301,9.000000000000007,70.83333333333334,2.5396971291191193,70.83333333333334,20.833333333333336,8.333333333333332,-11.769230063850333,15.5
1.0,2.5,7,20,5,26,3.4898581440022434,9.000000000000007,69.23076923076923,2.4079920863964084,65.38461538461539,19.230769230769234,15.384615384615385,-11.769230063850333,20.0
1.0,2.5,7,20,10,26,3.489858144002243,9.000000000000007,69.23076923076923,2.4079920863964084,65.38461538461539,19.230769230769234,15.384615384615385,-11.769230063850333,20.0
1.0,2.5,7,20,15,26,3.489858144002243,9.000000000000007,69.23076923076923,2.4079920863964084,65.38461538461539,19.230769230769234,15.384615384615385,-11.769230063850333,20.0
1.0,2.5,7,20,20,26,3.489858144002243,9.000000000000007,69.23076923076923,2.4079920863964084,65.38461538461539,19.230769230769234,15.384615384615385,-11.769230063850333,20.0
1.0,2.5,7,30,5,26,3.489858144002243,9.000000000000007,69.23076923076923,2.407992086396408,65.38461538461539,19.230769230769234,15.384615384615385,-11.769230063850333,20.0
1.0,2.5,7,30,10,26,2.917650143836701,9.000000000000007,65.38461538461539,2.0787491168621215,61.53846153846154,19.230769230769234,19.230769230769234,-11.769230063850333,21.0
1.0,2.5,7,30,15,26,2.9176501438367004,9.000000000000004,65.38461538461539,2.0787491168621215,61.53846153846154,19.230769230769234,19.230769230769234,-11.769230063850333,21.0
1.0,2.5,7,30,20,26,2.9176501438367004,9.000000000000004,65.38461538461539,2.0787491168621215,61.53846153846154,19.230769230769234,19.230769230769234,-11.769230063850333,21.0
1.0,2.5,7,45,5,26,3.3625702441524314,9.000000000000004,69.23076923076923,2.2903709457634633,65.38461538461539,19.230769230769234,15.384615384615385,-11.769230063850333,20.0
1.0,2.5,7,45,10,26,2.789545489452265,9.000000000000004,65.38461538461539,1.9847429352404364,61.53846153846154,19.230769230769234,19.230769230769234,-11.769230063850333,21.0
1.0,2.5,7,45,15,26,2.789545489452265,9.000000000000004,65.38461538461539,1.9847429352404364,61.53846153846154,19.230769230769234,19.230769230769234,-11.769230063850333,21.0
1.0,2.5,7,45,20,26,2.789545489452265,9.000000000000004,65.38461538461539,1.9847429352404364,61.53846153846154,19.230769230769234,19.230769230769234,-11.769230063850333,21.0
1.0,2.5,7,60,5,27,3.6089026371922386,9.000000000000005,70.37037037037037,2.4600060007323594,66.66666666666666,18.51851851851852,14.814814814814813,-11.769230063850333,23.0
1.0,2.5,7,60,10,27,3.0571010215550407,9.000000000000005,66.66666666666666,2.1363381470627734,62.96296296296296,18.51851851851852,18.51851851851852,-11.769230063850333,25.0
1.0,2.5,7,60,15,28,3.0871561144353725,9.000000000000004,67.85714285714286,2.1119204803383234,64.28571428571429,21.428571428571427,14.285714285714285,-11.769230063850333,21.0
1.0,2.5,7,60,20,28,3.0871561144353725,9.000000000000004,67.85714285714286,2.1119204803383234,64.28571428571429,21.428571428571427,14.285714285714285,-11.769230063850333,21.0
1.0,2.5,10,15,5,21,2.7979605053142294,9.000000000000005,66.66666666666666,1.8477744881169726,66.66666666666666,28.57142857142857,4.761904761904762,-11.769230063850333,11.0
1.0,2.5,10,15,10,21,2.7979605053142294,9.000000000000005,66.66666666666666,1.8477744881169726,66.66666666666666,28.57142857142857,4.761904761904762,-11.769230063850333,11.0
1.0,2.5,10,15,15,21,2.7979605053142294,9.000000000000005,66.66666666666666,1.8477744881169726,66.66666666666666,28.57142857142857,4.761904761904762,-11.769230063850333,11.0
1.0,2.5,10,15,20,21,2.7979605053142294,9.000000000000005,66.66666666666666,1.8477744881169726,66.66666666666666,28.57142857142857,4.761904761904762,-11.769230063850333,11.0
1.0,2.5,10,20,5,22,2.3670904279191385,9.000000000000005,63.63636363636363,1.6853120232585688,63.63636363636363,27.27272727272727,9.090909090909092,-11.769230063850333,18.5
1.0,2.5,10,20,10,22,2.367090427919139,9.000000000000005,63.63636363636363,1.685312023258569,63.63636363636363,27.27272727272727,9.090909090909092,-11.769230063850333,18.5
1.0,2.5,10,20,15,22,2.367090427919139,9.000000000000005,63.63636363636363,1.685312023258569,63.63636363636363,27.27272727272727,9.090909090909092,-11.769230063850333,18.5
1.0,2.5,10,20,20,22,2.367090427919139,9.000000000000005,63.63636363636363,1.685312023258569,63.63636363636363,27.27272727272727,9.090909090909092,-11.769230063850333,18.5
1.0,2.5,10,30,5,25,1.4457403656354717,9.000000000000004,56.00000000000001,1.3932009766004017,56.00000000000001,28.000000000000004,16.0,-11.769230063850333,23.0
1.0,2.5,10,30,10,25,1.4457403656354717,9.000000000000004,56.00000000000001,1.3932009766004017,56.00000000000001,28.000000000000004,16.0,-11.769230063850333,23.0
1.0,2.5,10,30,15,25,1.4457403656354717,9.000000000000004,56.00000000000001,1.3932009766004017,56.00000000000001,28.000000000000004,16.0,-11.769230063850333,23.0
1.0,2.5,10,30,20,25,1.4457403656354717,9.000000000000004,56.00000000000001,1.3932009766004017,56.00000000000001,28.000000000000004,16.0,-11.769230063850333,23.0
1.0,2.5,10,45,5,25,1.3514812345419223,9.000000000000004,56.00000000000001,1.3583778075891104,56.00000000000001,28.000000000000004,16.0,-11.769230063850333,23.0
1.0,2.5,10,45,10,25,1.3514812345419225,9.000000000000004,56.00000000000001,1.3583778075891106,56.00000000000001,28.000000000000004,16.0,-11.769230063850333,23.0
1.0,2.5,10,45,15,25,1.3514812345419225,9.000000000000004,56.00000000000001,1.3583778075891106,56.00000000000001,28.000000000000004,16.0,-11.769230063850333,23.0
1.0,2.5,10,45,20,25,1.3514812345419225,9.000000000000004,56.00000000000001,1.3583778075891106,56.00000000000001,28.000000000000004,16.0,-11.769230063850333,23.0
1.0,2.5,10,60,5,25,1.3564074064478857,9.000000000000004,56.00000000000001,1.3601545681929672,56.00000000000001,28.000000000000004,16.0,-11.769230063850333,23.0
1.0,2.5,10,60,10,25,0.5564074064478864,9.000000000000002,52.0,1.1322832670146852,52.0,32.0,16.0,-11.769230063850333,25.0
1.0,2.5,10,60,15,26,0.11193019850758276,4.183037535011996,50.0,1.0250544260913923,50.0,34.61538461538461,15.384615384615385,-11.769230063850333,16.5
1.0,2.5,10,60,20,26,0.11193019850758276,4.183037535011996,50.0,1.0250544260913923,50.0,34.61538461538461,15.384615384615385,-11.769230063850333,16.5
1.0,3.0,2,15,5,44,2.0714259073614314,9.000000000000004,59.09090909090909,1.6744797226502757,54.54545454545454,20.454545454545457,25.0,-11.769230063850333,32.0
1.0,3.0,2,15,10,44,2.071425907361431,9.000000000000004,59.09090909090909,1.6744797226502754,54.54545454545454,20.454545454545457,25.0,-11.769230063850333,32.0
1.0,3.0,2,15,15,44,1.8794896854893701,9.000000000000004,59.09090909090909,1.5759859490434012,54.54545454545454,22.727272727272727,22.727272727272727,-11.769230063850333,30.5
1.0,3.0,2,15,20,44,1.8794896854893701,9.000000000000004,59.09090909090909,1.5759859490434012,54.54545454545454,22.727272727272727,22.727272727272727,-11.769230063850333,30.5
1.0,3.0,2,20,5,45,2.1350672938198363,9.000000000000002,60.0,1.7169673536402696,53.333333333333336,20.0,26.666666666666668,-11.769230063850333,33.0
1.0,3.0,2,20,10,45,2.135067293819836,9.000000000000002,60.0,1.7169673536402694,53.333333333333336,20.0,26.666666666666668,-11.769230063850333,33.0
1.0,3.0,2,20,15,45,1.9473963213227097,9.000000000000002,60.0,1.6151773492278332,53.333333333333336,22.22222222222222,24.444444444444443,-11.769230063850333,32.0
1.0,3.0,2,20,20,45,1.9473963213227097,9.000000000000002,60.0,1.6151773492278332,53.333333333333336,22.22222222222222,24.444444444444443,-11.769230063850333,32.0
1.0,3.0,2,30,5,46,2.0243964708510402,9.0,60.86956521739131,1.6783500246243614,52.17391304347826,19.565217391304348,28.26086956521739,-11.769230063850333,33.0
1.0,3.0,2,30,10,46,2.0243964708510407,9.0,60.86956521739131,1.6783500246243614,52.17391304347826,19.565217391304348,28.26086956521739,-11.769230063850333,33.0
1.0,3.0,2,30,15,46,1.8408053021038517,9.0,60.86956521739131,1.5810831902778455,52.17391304347826,21.73913043478261,26.08695652173913,-11.769230063850333,32.0
1.0,3.0,2,30,20,46,1.8408053021038517,9.0,60.86956521739131,1.5810831902778455,52.17391304347826,21.73913043478261,26.08695652173913,-11.769230063850333,32.0
1.0,3.0,2,45,5,46,2.0243964708510407,9.0,60.86956521739131,1.6783500246243614,52.17391304347826,19.565217391304348,28.26086956521739,-11.769230063850333,33.0
1.0,3.0,2,45,10,46,2.0243964708510407,9.0,60.86956521739131,1.6783500246243614,52.17391304347826,19.565217391304348,28.26086956521739,-11.769230063850333,33.0
1.0,3.0,2,45,15,47,1.9931285935484513,9.000000000000002,61.702127659574465,1.642844306063557,53.191489361702125,21.27659574468085,25.53191489361702,-11.769230063850333,31.0
1.0,3.0,2,45,20,47,1.9931285935484513,9.000000000000002,61.702127659574465,1.642844306063557,53.191489361702125,21.27659574468085,25.53191489361702,-11.769230063850333,31.0
1.0,3.0,2,60,5,46,2.040526481371776,9.0,60.86956521739131,1.6837549900999889,52.17391304347826,19.565217391304348,28.26086956521739,-11.769230063850333,33.0
1.0,3.0,2,60,10,46,2.040526481371776,9.0,60.86956521739131,1.6837549900999886,52.17391304347826,19.565217391304348,28.26086956521739,-11.769230063850333,33.0
1.0,3.0,2,60,15,47,2.0089154123559796,9.000000000000002,61.702127659574465,1.6479360330169135,53.191489361702125,21.27659574468085,25.53191489361702,-11.769230063850333,31.0
1.0,3.0,2,60,20,47,2.0089154123559796,9.000000000000002,61.702127659574465,1.6479360330169135,53.191489361702125,21.27659574468085,25.53191489361702,-11.769230063850333,31.0
1.0,3.0,3,15,5,39,2.7360700434981484,9.000000000000002,66.66666666666666,1.896256995452074,61.53846153846154,23.076923076923077,15.384615384615385,-11.769230063850333,30.0
1.0,3.0,3,15,10,39,2.7360700434981484,9.000000000000002,66.66666666666666,1.8962569954520738,61.53846153846154,23.076923076923077,15.384615384615385,-11.769230063850333,30.0
1.0,3.0,3,15,15,39,2.5195266136937717,9.000000000000002,66.66666666666666,1.770658302838534,61.53846153846154,25.64102564102564,12.82051282051282,-11.769230063850333,29.0
1.0,3.0,3,15,20,39,2.5195266136937717,9.000000000000002,66.66666666666666,1.770658302838534,61.53846153846154,25.64102564102564,12.82051282051282,-11.769230063850333,29.0
1.0,3.0,3,20,5,41,2.6272800764765707,9.000000000000002,65.85365853658537,1.8839714302981916,58.536585365853654,21.951219512195124,19.51219512195122,-11.769230063850333,31.0
1.0,3.0,3,20,10,41,2.6272800764765702,9.000000000000002,65.85365853658537,1.8839714302981911,58.536585365853654,21.951219512195124,19.51219512195122,-11.769230063850333,31.0
1.0,3.0,3,20,15,41,2.4212997408089927,9.000000000000002,65.85365853658537,1.761867179415441,58.536585365853654,24.390243902439025,17.073170731707318,-11.769230063850333,31.0
1.0,3.0,3,20,20,41,2.4212997408089927,9.000000000000002,65.85365853658537,1.761867179415441,58.536585365853654,24.390243902439025,17.073170731707318,-11.769230063850333,31.0
1.0,3.0,3,30,5,41,2.6272800764765707,9.000000000000002,65.85365853658537,1.8839714302981916,58.536585365853654,21.951219512195124,19.51219512195122,-11.769230063850333,31.0
1.0,3.0,3,30,10,41,2.6272800764765702,9.000000000000002,65.85365853658537,1.8839714302981911,58.536585365853654,21.951219512195124,19.51219512195122,-11.769230063850333,31.0
1.0,3.0,3,30,15,41,2.4212997408089927,9.000000000000002,65.85365853658537,1.761867179415441,58.536585365853654,24.390243902439025,17.073170731707318,-11.769230063850333,30.0
1.0,3.0,3,30,20,41,2.4212997408089927,9.000000000000002,65.85365853658537,1.761867179415441,58.536585365853654,24.390243902439025,17.073170731707318,-11.769230063850333,30.0
1.0,3.0,3,45,5,41,2.6272800764765707,9.000000000000002,65.85365853658537,1.8839714302981916,58.536585365853654,21.951219512195124,19.51219512195122,-11.769230063850333,31.0
1.0,3.0,3,45,10,41,2.6272800764765702,9.000000000000002,65.85365853658537,1.8839714302981911,58.536585365853654,21.951219512195124,19.51219512195122,-11.769230063850333,31.0
1.0,3.0,3,45,15,42,2.577935461265921,9.000000000000002,66.66666666666666,1.8309371644842767,59.523809523809526,23.809523809523807,16.666666666666664,-11.769230063850333,29.5
1.0,3.0,3,45,20,42,2.577935461265921,9.000000000000002,66.66666666666666,1.8309371644842767,59.523809523809526,23.809523809523807,16.666666666666664,-11.769230063850333,29.5
1.0,3.0,3,60,5,42,2.527943795076849,9.0,64.28571428571429,1.869958991805394,57.14285714285714,21.428571428571427,21.428571428571427,-11.769230063850333,32.0
1.0,3.0,3,60,10,42,2.5279437950768484,9.0,64.28571428571429,1.8699589918053938,57.14285714285714,21.428571428571427,21.428571428571427,-11.769230063850333,32.0
1.0,3.0,3,60,15,43,2.482056875136208,9.000000000000002,65.11627906976744,1.8179075994487541,58.139534883720934,23.25581395348837,18.6046511627907,-11.769230063850333,30.0
1.0,3.0,3,60,20,43,2.482056875136208,9.000000000000002,65.11627906976744,1.8179075994487541,58.139534883720934,23.25581395348837,18.6046511627907,-11.769230063850333,30.0
1.0,3.0,5,15,5,31,4.182627747968062,9.000000000000005,74.19354838709677,2.61422988880131,74.19354838709677,22.58064516129032,3.225806451612903,-11.769230063850333,16.0
1.0,3.0,5,15,10,31,4.182627747968062,9.000000000000005,74.19354838709677,2.61422988880131,74.19354838709677,22.58064516129032,3.225806451612903,-11.769230063850333,16.0
1.0,3.0,5,15,15,31,3.9102021427302978,9.000000000000005,74.19354838709677,2.365521209741824,74.19354838709677,25.806451612903224,0.0,-11.769230063850333,15.0
1.0,3.0,5,15,20,31,3.9102021427302978,9.000000000000005,74.19354838709677,2.365521209741824,74.19354838709677,25.806451612903224,0.0,-11.769230063850333,15.0
1.0,3.0,5,20,5,32,4.049041143133801,9.000000000000004,71.875,2.611234414867507,71.875,21.875,6.25,-11.769230063850333,16.5
1.0,3.0,5,20,10,32,4.049041143133801,9.000000000000004,71.875,2.611234414867507,71.875,21.875,6.25,-11.769230063850333,16.5
1.0,3.0,5,20,15,32,3.785128838059717,9.000000000000004,71.875,2.3630683143267035,71.875,25.0,3.125,-11.769230063850333,15.5
1.0,3.0,5,20,20,32,3.785128838059717,9.000000000000004,71.875,2.3630683143267035,71.875,25.0,3.125,-11.769230063850333,15.5
1.0,3.0,5,30,5,32,4.0490411431338,9.000000000000004,71.875,2.6112344148675066,71.875,21.875,6.25,-11.769230063850333,16.5
1.0,3.0,5,30,10,32,4.0490411431338,9.000000000000004,71.875,2.6112344148675066,71.875,21.875,6.25,-11.769230063850333,16.5
1.0,3.0,5,30,15,32,3.785128838059716,9.000000000000004,71.875,2.3630683143267035,71.875,25.0,3.125,-11.769230063850333,15.5
1.0,3.0,5,30,20,32,3.785128838059716,9.000000000000004,71.875,2.3630683143267035,71.875,25.0,3.125,-11.769230063850333,15.5
1.0,3.0,5,45,5,33,4.014103676647671,9.000000000000005,72.72727272727273,2.647248370670896,69.6969696969697,21.21212121212121,9.090909090909092,-11.769230063850333,19.0
1.0,3.0,5,45,10,33,4.014103676647671,9.000000000000005,72.72727272727273,2.647248370670896,69.6969696969697,21.21212121212121,9.090909090909092,-11.769230063850333,19.0
1.0,3.0,5,45,15,34,3.4598778606400753,9.000000000000004,70.58823529411765,2.23507707536893,67.64705882352942,23.52941176470588,8.823529411764707,-11.769230063850333,16.0
1.0,3.0,5,45,20,34,3.4598778606400753,9.000000000000004,70.58823529411765,2.23507707536893,67.64705882352942,23.52941176470588,8.823529411764707,-11.769230063850333,16.0
1.0,3.0,5,60,5,33,4.014103676647671,9.000000000000005,72.72727272727273,2.647248370670896,69.6969696969697,21.21212121212121,9.090909090909092,-11.769230063850333,17.0
1.0,3.0,5,60,10,33,4.014103676647671,9.000000000000005,72.72727272727273,2.647248370670896,69.6969696969697,21.21212121212121,9.090909090909092,-11.769230063850333,17.0
1.0,3.0,5,60,15,34,3.4298908293829893,9.000000000000004,70.58823529411765,2.211405069158302,67.64705882352942,23.52941176470588,8.823529411764707,-11.769230063850333,14.5
1.0,3.0,5,60,20,34,3.4298908293829893,9.000000000000004,70.58823529411765,2.211405069158302,67.64705882352942,23.52941176470588,8.823529411764707,-11.769230063850333,14.5
1.0,3.0,7,15,5,27,2.986304226783238,9.000000000000007,66.66666666666666,1.9803851770945295,66.66666666666666,25.925925925925924,7.4074074074074066,-11.769230063850333,10.0
1.0,3.0,7,15,10,27,3.7270449675239785,9.000000000000007,70.37037037037037,2.412484645276643,70.37037037037037,22.22222222222222,7.4074074074074066,-11.769230063850333,10.0
1.0,3.0,7,15,15,27,3.7270449675239785,9.000000000000007,70.37037037037037,2.412484645276643,70.37037037037037,22.22222222222222,7.4074074074074066,-11.769230063850333,10.0
1.0,3.0,7,15,20,27,3.7270449675239785,9.000000000000007,70.37037037037037,2.412484645276643,70.37037037037037,22.22222222222222,7.4074074074074066,-11.769230063850333,10.0
1.0,3.0,7,20,5,29,2.710687234258984,9.000000000000005,65.51724137931035,1.9093765108659033,62.06896551724138,24.137931034482758,13.793103448275861,-11.769230063850333,14.0
1.0,3.0,7,20,10,29,3.400342406672776,9.000000000000005,68.96551724137932,2.3070653251533044,65.51724137931035,20.689655172413794,13.793103448275861,-11.769230063850333,14.0
1.0,3.0,7,20,15,29,3.400342406672776,9.000000000000005,68.96551724137932,2.3070653251533044,65.51724137931035,20.689655172413794,13.793103448275861,-11.769230063850333,14.0
1.0,3.0,7,20,20,29,3.400342406672776,9.000000000000005,68.96551724137932,2.3070653251533044,65.51724137931035,20.689655172413794,13.793103448275861,-11.769230063850333,14.0
1.0,3.0,7,30,5,29,2.710687234258983,9.000000000000005,65.51724137931035,1.9093765108659033,62.06896551724138,24.137931034482758,13.793103448275861,-11.769230063850333,14.0
1.0,3.0,7,30,10,29,2.887328337558842,9.000000000000005,65.51724137931035,2.0296521588697405,62.06896551724138,20.689655172413794,17.24137931034483,-11.769230063850333,14.0
1.0,3.0,7,30,15,29,2.887328337558841,9.000000000000005,65.51724137931035,2.0296521588697405,62.06896551724138,20.689655172413794,17.24137931034483,-11.769230063850333,14.0
1.0,3.0,7,30,20,29,2.887328337558841,9.000000000000005,65.51724137931035,2.0296521588697405,62.06896551724138,20.689655172413794,17.24137931034483,-11.769230063850333,14.0
1.0,3.0,7,45,5,29,2.5965670481867384,9.000000000000004,65.51724137931035,1.8389717776652104,62.06896551724138,24.137931034482758,13.793103448275861,-11.769230063850333,17.0
1.0,3.0,7,45,10,29,2.772475888800382,9.000000000000005,65.51724137931035,1.9497932834051321,62.06896551724138,20.689655172413794,17.24137931034483,-11.769230063850333,17.0
1.0,3.0,7,45,15,29,2.772475888800382,9.000000000000005,65.51724137931035,1.9497932834051321,62.06896551724138,20.689655172413794,17.24137931034483,-11.769230063850333,17.0
1.0,3.0,7,45,20,29,2.772475888800382,9.000000000000005,65.51724137931035,1.9497932834051321,62.06896551724138,20.689655172413794,17.24137931034483,-11.769230063850333,17.0
1.0,3.0,7,60,5,30,2.843799641788088,9.000000000000004,66.66666666666666,1.961395897366472,63.33333333333333,23.333333333333332,13.333333333333334,-11.769230063850333,20.0
1.0,3.0,7,60,10,30,3.0138448543812766,9.000000000000005,66.66666666666666,2.0810273764562206,63.33333333333333,20.0,16.666666666666664,-11.769230063850333,21.0
1.0,3.0,7,60,15,31,3.042386750117504,9.000000000000005,67.74193548387096,2.0628161117063946,64.51612903225806,22.58064516129032,12.903225806451612,-11.769230063850333,17.0
1.0,3.0,7,60,20,31,3.042386750117504,9.000000000000005,67.74193548387096,2.0628161117063946,64.51612903225806,22.58064516129032,12.903225806451612,-11.769230063850333,17.0
1.0,3.0,10,15,5,24,2.739882108816618,9.000000000000005,66.66666666666666,1.818816819237311,66.66666666666666,29.166666666666668,4.166666666666666,-11.769230063850333,8.0
1.0,3.0,10,15,10,24,2.739882108816618,9.000000000000005,66.66666666666666,1.818816819237311,66.66666666666666,29.166666666666668,4.166666666666666,-11.769230063850333,8.0
1.0,3.0,10,15,15,24,2.739882108816618,9.000000000000005,66.66666666666666,1.818816819237311,66.66666666666666,29.166666666666668,4.166666666666666,-11.769230063850333,8.0
1.0,3.0,10,15,20,24,2.739882108816618,9.000000000000005,66.66666666666666,1.818816819237311,66.66666666666666,29.166666666666668,4.166666666666666,-11.769230063850333,8.0
1.0,3.0,10,20,5,25,2.3630395765688426,9.000000000000005,64.0,1.6791223448501715,64.0,28.000000000000004,8.0,-11.769230063850333,8.0
1.0,3.0,10,20,10,25,2.363039576568843,9.000000000000005,64.0,1.679122344850172,64.0,28.000000000000004,8.0,-11.769230063850333,8.0
1.0,3.0,10,20,15,25,2.363039576568843,9.000000000000005,64.0,1.679122344850172,64.0,28.000000000000004,8.0,-11.769230063850333,8.0
1.0,3.0,10,20,20,25,2.363039576568843,9.000000000000005,64.0,1.679122344850172,64.0,28.000000000000004,8.0,-11.769230063850333,8.0
1.0,3.0,10,30,5,28,1.5408396121745285,9.000000000000004,57.14285714285714,1.419189684699796,57.14285714285714,28.57142857142857,14.285714285714285,-11.769230063850333,14.0
1.0,3.0,10,30,10,28,1.5408396121745291,9.000000000000004,57.14285714285714,1.419189684699796,57.14285714285714,28.57142857142857,14.285714285714285,-11.769230063850333,14.0
1.0,3.0,10,30,15,28,1.5408396121745291,9.000000000000004,57.14285714285714,1.419189684699796,57.14285714285714,28.57142857142857,14.285714285714285,-11.769230063850333,14.0
1.0,3.0,10,30,20,28,1.5408396121745291,9.000000000000004,57.14285714285714,1.419189684699796,57.14285714285714,28.57142857142857,14.285714285714285,-11.769230063850333,14.0
1.0,3.0,10,45,5,28,1.456679673698145,9.000000000000004,57.14285714285714,1.387423317575194,57.14285714285714,28.57142857142857,14.285714285714285,-11.769230063850333,14.0
1.0,3.0,10,45,10,28,1.4566796736981458,9.000000000000004,57.14285714285714,1.3874233175751942,57.14285714285714,28.57142857142857,14.285714285714285,-11.769230063850333,14.0
1.0,3.0,10,45,15,28,1.4566796736981458,9.000000000000004,57.14285714285714,1.3874233175751942,57.14285714285714,28.57142857142857,14.285714285714285,-11.769230063850333,14.0
1.0,3.0,10,45,20,28,1.4566796736981458,9.000000000000004,57.14285714285714,1.3874233175751942,57.14285714285714,28.57142857142857,14.285714285714285,-11.769230063850333,14.0
1.0,3.0,10,60,5,28,1.461078041471327,9.000000000000004,57.14285714285714,1.3890482322546673,57.14285714285714,28.57142857142857,14.285714285714285,-11.769230063850333,14.0
1.0,3.0,10,60,10,28,0.7467923271856137,9.000000000000004,53.57142857142857,1.1800203972117818,53.57142857142857,32.142857142857146,14.285714285714285,-11.769230063850333,14.0
1.0,3.0,10,60,15,29,0.34173052279990246,9.000000000000002,51.724137931034484,1.0779381193150706,51.724137931034484,34.48275862068966,13.793103448275861,-11.769230063850333,13.0
1.0,3.0,10,60,20,29,0.34173052279990246,9.000000000000002,51.724137931034484,1.0779381193150706,51.724137931034484,34.48275862068966,13.793103448275861,-11.769230063850333,13.0
1.0,4.0,2,15,5,44,2.0714259073614314,9.000000000000004,59.09090909090909,1.6744797226502757,54.54545454545454,20.454545454545457,25.0,-11.769230063850333,32.0
1.0,4.0,2,15,10,44,2.071425907361431,9.000000000000004,59.09090909090909,1.6744797226502754,54.54545454545454,20.454545454545457,25.0,-11.769230063850333,32.0
1.0,4.0,2,15,15,44,1.8794896854893701,9.000000000000004,59.09090909090909,1.5759859490434012,54.54545454545454,22.727272727272727,22.727272727272727,-11.769230063850333,30.5
1.0,4.0,2,15,20,44,1.8794896854893701,9.000000000000004,59.09090909090909,1.5759859490434012,54.54545454545454,22.727272727272727,22.727272727272727,-11.769230063850333,30.5
1.0,4.0,2,20,5,45,2.1350672938198363,9.000000000000002,60.0,1.7169673536402696,53.333333333333336,20.0,26.666666666666668,-11.769230063850333,33.0
1.0,4.0,2,20,10,45,2.135067293819836,9.000000000000002,60.0,1.7169673536402694,53.333333333333336,20.0,26.666666666666668,-11.769230063850333,33.0
1.0,4.0,2,20,15,45,1.9473963213227097,9.000000000000002,60.0,1.6151773492278332,53.333333333333336,22.22222222222222,24.444444444444443,-11.769230063850333,32.0
1.0,4.0,2,20,20,45,1.9473963213227097,9.000000000000002,60.0,1.6151773492278332,53.333333333333336,22.22222222222222,24.444444444444443,-11.769230063850333,32.0
1.0,4.0,2,30,5,46,2.0243964708510402,9.0,60.86956521739131,1.6783500246243614,52.17391304347826,19.565217391304348,28.26086956521739,-11.769230063850333,33.0
1.0,4.0,2,30,10,46,2.0243964708510407,9.0,60.86956521739131,1.6783500246243614,52.17391304347826,19.565217391304348,28.26086956521739,-11.769230063850333,33.0
1.0,4.0,2,30,15,46,1.8408053021038517,9.0,60.86956521739131,1.5810831902778455,52.17391304347826,21.73913043478261,26.08695652173913,-11.769230063850333,32.0
1.0,4.0,2,30,20,46,1.8408053021038517,9.0,60.86956521739131,1.5810831902778455,52.17391304347826,21.73913043478261,26.08695652173913,-11.769230063850333,32.0
1.0,4.0,2,45,5,46,2.0243964708510407,9.0,60.86956521739131,1.6783500246243614,52.17391304347826,19.565217391304348,28.26086956521739,-11.769230063850333,33.0
1.0,4.0,2,45,10,46,2.0243964708510407,9.0,60.86956521739131,1.6783500246243614,52.17391304347826,19.565217391304348,28.26086956521739,-11.769230063850333,33.0
1.0,4.0,2,45,15,47,1.9931285935484513,9.000000000000002,61.702127659574465,1.642844306063557,53.191489361702125,21.27659574468085,25.53191489361702,-11.769230063850333,31.0
1.0,4.0,2,45,20,47,1.9931285935484513,9.000000000000002,61.702127659574465,1.642844306063557,53.191489361702125,21.27659574468085,25.53191489361702,-11.769230063850333,31.0
1.0,4.0,2,60,5,46,2.040526481371776,9.0,60.86956521739131,1.6837549900999889,52.17391304347826,19.565217391304348,28.26086956521739,-11.769230063850333,33.0
1.0,4.0,2,60,10,46,2.040526481371776,9.0,60.86956521739131,1.6837549900999886,52.17391304347826,19.565217391304348,28.26086956521739,-11.769230063850333,33.0
1.0,4.0,2,60,15,47,2.0089154123559796,9.000000000000002,61.702127659574465,1.6479360330169135,53.191489361702125,21.27659574468085,25.53191489361702,-11.769230063850333,31.0
1.0,4.0,2,60,20,47,2.0089154123559796,9.000000000000002,61.702127659574465,1.6479360330169135,53.191489361702125,21.27659574468085,25.53191489361702,-11.769230063850333,31.0
1.0,4.0,3,15,5,39,2.7360700434981484,9.000000000000002,66.66666666666666,1.896256995452074,61.53846153846154,23.076923076923077,15.384615384615385,-11.769230063850333,30.0
1.0,4.0,3,15,10,39,2.7360700434981484,9.000000000000002,66.66666666666666,1.8962569954520738,61.53846153846154,23.076923076923077,15.384615384615385,-11.769230063850333,30.0
1.0,4.0,3,15,15,39,2.5195266136937717,9.000000000000002,66.66666666666666,1.770658302838534,61.53846153846154,25.64102564102564,12.82051282051282,-11.769230063850333,29.0
1.0,4.0,3,15,20,39,2.5195266136937717,9.000000000000002,66.66666666666666,1.770658302838534,61.53846153846154,25.64102564102564,12.82051282051282,-11.769230063850333,29.0
1.0,4.0,3,20,5,41,2.6272800764765707,9.000000000000002,65.85365853658537,1.8839714302981916,58.536585365853654,21.951219512195124,19.51219512195122,-11.769230063850333,31.0
1.0,4.0,3,20,10,41,2.6272800764765702,9.000000000000002,65.85365853658537,1.8839714302981911,58.536585365853654,21.951219512195124,19.51219512195122,-11.769230063850333,31.0
1.0,4.0,3,20,15,41,2.4212997408089927,9.000000000000002,65.85365853658537,1.761867179415441,58.536585365853654,24.390243902439025,17.073170731707318,-11.769230063850333,31.0
1.0,4.0,3,20,20,41,2.4212997408089927,9.000000000000002,65.85365853658537,1.761867179415441,58.536585365853654,24.390243902439025,17.073170731707318,-11.769230063850333,31.0
1.0,4.0,3,30,5,41,2.6272800764765707,9.000000000000002,65.85365853658537,1.8839714302981916,58.536585365853654,21.951219512195124,19.51219512195122,-11.769230063850333,31.0
1.0,4.0,3,30,10,41,2.6272800764765702,9.000000000000002,65.85365853658537,1.8839714302981911,58.536585365853654,21.951219512195124,19.51219512195122,-11.769230063850333,31.0
1.0,4.0,3,30,15,41,2.4212997408089927,9.000000000000002,65.85365853658537,1.761867179415441,58.536585365853654,24.390243902439025,17.073170731707318,-11.769230063850333,30.0
1.0,4.0,3,30,20,41,2.4212997408089927,9.000000000000002,65.85365853658537,1.761867179415441,58.536585365853654,24.390243902439025,17.073170731707318,-11.769230063850333,30.0
1.0,4.0,3,45,5,41,2.6272800764765707,9.000000000000002,65.85365853658537,1.8839714302981916,58.536585365853654,21.951219512195124,19.51219512195122,-11.769230063850333,31.0
1.0,4.0,3,45,10,41,2.6272800764765702,9.000000000000002,65.85365853658537,1.8839714302981911,58.536585365853654,21.951219512195124,19.51219512195122,-11.769230063850333,31.0
1.0,4.0,3,45,15,42,2.577935461265921,9.000000000000002,66.66666666666666,1.8309371644842767,59.523809523809526,23.809523809523807,16.666666666666664,-11.769230063850333,29.5
1.0,4.0,3,45,20,42,2.577935461265921,9.000000000000002,66.66666666666666,1.8309371644842767,59.523809523809526,23.809523809523807,16.666666666666664,-11.769230063850333,29.5
1.0,4.0,3,60,5,42,2.527943795076849,9.0,64.28571428571429,1.869958991805394,57.14285714285714,21.428571428571427,21.428571428571427,-11.769230063850333,32.0
1.0,4.0,3,60,10,42,2.5279437950768484,9.0,64.28571428571429,1.8699589918053938,57.14285714285714,21.428571428571427,21.428571428571427,-11.769230063850333,32.0
1.0,4.0,3,60,15,43,2.482056875136208,9.000000000000002,65.11627906976744,1.8179075994487541,58.139534883720934,23.25581395348837,18.6046511627907,-11.769230063850333,30.0
1.0,4.0,3,60,20,43,2.482056875136208,9.000000000000002,65.11627906976744,1.8179075994487541,58.139534883720934,23.25581395348837,18.6046511627907,-11.769230063850333,30.0
1.0,4.0,5,15,5,31,4.182627747968062,9.000000000000005,74.19354838709677,2.61422988880131,74.19354838709677,22.58064516129032,3.225806451612903,-11.769230063850333,16.0
1.0,4.0,5,15,10,31,4.182627747968062,9.000000000000005,74.19354838709677,2.61422988880131,74.19354838709677,22.58064516129032,3.225806451612903,-11.769230063850333,16.0
1.0,4.0,5,15,15,31,3.9102021427302978,9.000000000000005,74.19354838709677,2.365521209741824,74.19354838709677,25.806451612903224,0.0,-11.769230063850333,15.0
1.0,4.0,5,15,20,31,3.9102021427302978,9.000000000000005,74.19354838709677,2.365521209741824,74.19354838709677,25.806451612903224,0.0,-11.769230063850333,15.0
1.0,4.0,5,20,5,32,4.049041143133801,9.000000000000004,71.875,2.611234414867507,71.875,21.875,6.25,-11.769230063850333,16.5
1.0,4.0,5,20,10,32,4.049041143133801,9.000000000000004,71.875,2.611234414867507,71.875,21.875,6.25,-11.769230063850333,16.5
1.0,4.0,5,20,15,32,3.785128838059717,9.000000000000004,71.875,2.3630683143267035,71.875,25.0,3.125,-11.769230063850333,15.5
1.0,4.0,5,20,20,32,3.785128838059717,9.000000000000004,71.875,2.3630683143267035,71.875,25.0,3.125,-11.769230063850333,15.5
1.0,4.0,5,30,5,32,4.0490411431338,9.000000000000004,71.875,2.6112344148675066,71.875,21.875,6.25,-11.769230063850333,16.5
1.0,4.0,5,30,10,32,4.0490411431338,9.000000000000004,71.875,2.6112344148675066,71.875,21.875,6.25,-11.769230063850333,16.5
1.0,4.0,5,30,15,32,3.785128838059716,9.000000000000004,71.875,2.3630683143267035,71.875,25.0,3.125,-11.769230063850333,15.5
1.0,4.0,5,30,20,32,3.785128838059716,9.000000000000004,71.875,2.3630683143267035,71.875,25.0,3.125,-11.769230063850333,15.5
1.0,4.0,5,45,5,33,4.014103676647671,9.000000000000005,72.72727272727273,2.647248370670896,69.6969696969697,21.21212121212121,9.090909090909092,-11.769230063850333,19.0
1.0,4.0,5,45,10,33,4.014103676647671,9.000000000000005,72.72727272727273,2.647248370670896,69.6969696969697,21.21212121212121,9.090909090909092,-11.769230063850333,19.0
1.0,4.0,5,45,15,34,3.4598778606400753,9.000000000000004,70.58823529411765,2.23507707536893,67.64705882352942,23.52941176470588,8.823529411764707,-11.769230063850333,16.0
1.0,4.0,5,45,20,34,3.4598778606400753,9.000000000000004,70.58823529411765,2.23507707536893,67.64705882352942,23.52941176470588,8.823529411764707,-11.769230063850333,16.0
1.0,4.0,5,60,5,33,4.014103676647671,9.000000000000005,72.72727272727273,2.647248370670896,69.6969696969697,21.21212121212121,9.090909090909092,-11.769230063850333,17.0
1.0,4.0,5,60,10,33,4.014103676647671,9.000000000000005,72.72727272727273,2.647248370670896,69.6969696969697,21.21212121212121,9.090909090909092,-11.769230063850333,17.0
1.0,4.0,5,60,15,34,3.4298908293829893,9.000000000000004,70.58823529411765,2.211405069158302,67.64705882352942,23.52941176470588,8.823529411764707,-11.769230063850333,14.5
1.0,4.0,5,60,20,34,3.4298908293829893,9.000000000000004,70.58823529411765,2.211405069158302,67.64705882352942,23.52941176470588,8.823529411764707,-11.769230063850333,14.5
1.0,4.0,7,15,5,27,2.986304226783238,9.000000000000007,66.66666666666666,1.9803851770945295,66.66666666666666,25.925925925925924,7.4074074074074066,-11.769230063850333,10.0
1.0,4.0,7,15,10,27,3.7270449675239785,9.000000000000007,70.37037037037037,2.412484645276643,70.37037037037037,22.22222222222222,7.4074074074074066,-11.769230063850333,10.0
1.0,4.0,7,15,15,27,3.7270449675239785,9.000000000000007,70.37037037037037,2.412484645276643,70.37037037037037,22.22222222222222,7.4074074074074066,-11.769230063850333,10.0
1.0,4.0,7,15,20,27,3.7270449675239785,9.000000000000007,70.37037037037037,2.412484645276643,70.37037037037037,22.22222222222222,7.4074074074074066,-11.769230063850333,10.0
1.0,4.0,7,20,5,29,2.710687234258984,9.000000000000005,65.51724137931035,1.9093765108659033,62.06896551724138,24.137931034482758,13.793103448275861,-11.769230063850333,14.0
1.0,4.0,7,20,10,29,3.400342406672776,9.000000000000005,68.96551724137932,2.3070653251533044,65.51724137931035,20.689655172413794,13.793103448275861,-11.769230063850333,14.0
1.0,4.0,7,20,15,29,3.400342406672776,9.000000000000005,68.96551724137932,2.3070653251533044,65.51724137931035,20.689655172413794,13.793103448275861,-11.769230063850333,14.0
1.0,4.0,7,20,20,29,3.400342406672776,9.000000000000005,68.96551724137932,2.3070653251533044,65.51724137931035,20.689655172413794,13.793103448275861,-11.769230063850333,14.0
1.0,4.0,7,30,5,29,2.710687234258983,9.000000000000005,65.51724137931035,1.9093765108659033,62.06896551724138,24.137931034482758,13.793103448275861,-11.769230063850333,14.0
1.0,4.0,7,30,10,29,2.887328337558842,9.000000000000005,65.51724137931035,2.0296521588697405,62.06896551724138,20.689655172413794,17.24137931034483,-11.769230063850333,14.0
1.0,4.0,7,30,15,29,2.887328337558841,9.000000000000005,65.51724137931035,2.0296521588697405,62.06896551724138,20.689655172413794,17.24137931034483,-11.769230063850333,14.0
1.0,4.0,7,30,20,29,2.887328337558841,9.000000000000005,65.51724137931035,2.0296521588697405,62.06896551724138,20.689655172413794,17.24137931034483,-11.769230063850333,14.0
1.0,4.0,7,45,5,29,2.5965670481867384,9.000000000000004,65.51724137931035,1.8389717776652104,62.06896551724138,24.137931034482758,13.793103448275861,-11.769230063850333,17.0
1.0,4.0,7,45,10,29,2.772475888800382,9.000000000000005,65.51724137931035,1.9497932834051321,62.06896551724138,20.689655172413794,17.24137931034483,-11.769230063850333,17.0
1.0,4.0,7,45,15,29,2.772475888800382,9.000000000000005,65.51724137931035,1.9497932834051321,62.06896551724138,20.689655172413794,17.24137931034483,-11.769230063850333,17.0
1.0,4.0,7,45,20,29,2.772475888800382,9.000000000000005,65.51724137931035,1.9497932834051321,62.06896551724138,20.689655172413794,17.24137931034483,-11.769230063850333,17.0
1.0,4.0,7,60,5,30,2.843799641788088,9.000000000000004,66.66666666666666,1.961395897366472,63.33333333333333,23.333333333333332,13.333333333333334,-11.769230063850333,20.0
1.0,4.0,7,60,10,30,3.0138448543812766,9.000000000000005,66.66666666666666,2.0810273764562206,63.33333333333333,20.0,16.666666666666664,-11.769230063850333,21.0
1.0,4.0,7,60,15,31,3.042386750117504,9.000000000000005,67.74193548387096,2.0628161117063946,64.51612903225806,22.58064516129032,12.903225806451612,-11.769230063850333,17.0
1.0,4.0,7,60,20,31,3.042386750117504,9.000000000000005,67.74193548387096,2.0628161117063946,64.51612903225806,22.58064516129032,12.903225806451612,-11.769230063850333,17.0
1.0,4.0,10,15,5,24,2.739882108816618,9.000000000000005,66.66666666666666,1.818816819237311,66.66666666666666,29.166666666666668,4.166666666666666,-11.769230063850333,8.0
1.0,4.0,10,15,10,24,2.739882108816618,9.000000000000005,66.66666666666666,1.818816819237311,66.66666666666666,29.166666666666668,4.166666666666666,-11.769230063850333,8.0
1.0,4.0,10,15,15,24,2.739882108816618,9.000000000000005,66.66666666666666,1.818816819237311,66.66666666666666,29.166666666666668,4.166666666666666,-11.769230063850333,8.0
1.0,4.0,10,15,20,24,2.739882108816618,9.000000000000005,66.66666666666666,1.818816819237311,66.66666666666666,29.166666666666668,4.166666666666666,-11.769230063850333,8.0
1.0,4.0,10,20,5,25,2.3630395765688426,9.000000000000005,64.0,1.6791223448501715,64.0,28.000000000000004,8.0,-11.769230063850333,8.0
1.0,4.0,10,20,10,25,2.363039576568843,9.000000000000005,64.0,1.679122344850172,64.0,28.000000000000004,8.0,-11.769230063850333,8.0
1.0,4.0,10,20,15,25,2.363039576568843,9.000000000000005,64.0,1.679122344850172,64.0,28.000000000000004,8.0,-11.769230063850333,8.0
1.0,4.0,10,20,20,25,2.363039576568843,9.000000000000005,64.0,1.679122344850172,64.0,28.000000000000004,8.0,-11.769230063850333,8.0
1.0,4.0,10,30,5,28,1.5408396121745285,9.000000000000004,57.14285714285714,1.419189684699796,57.14285714285714,28.57142857142857,14.285714285714285,-11.769230063850333,14.0
1.0,4.0,10,30,10,28,1.5408396121745291,9.000000000000004,57.14285714285714,1.419189684699796,57.14285714285714,28.57142857142857,14.285714285714285,-11.769230063850333,14.0
1.0,4.0,10,30,15,28,1.5408396121745291,9.000000000000004,57.14285714285714,1.419189684699796,57.14285714285714,28.57142857142857,14.285714285714285,-11.769230063850333,14.0
1.0,4.0,10,30,20,28,1.5408396121745291,9.000000000000004,57.14285714285714,1.419189684699796,57.14285714285714,28.57142857142857,14.285714285714285,-11.769230063850333,14.0
1.0,4.0,10,45,5,28,1.456679673698145,9.000000000000004,57.14285714285714,1.387423317575194,57.14285714285714,28.57142857142857,14.285714285714285,-11.769230063850333,14.0
1.0,4.0,10,45,10,28,1.4566796736981458,9.000000000000004,57.14285714285714,1.3874233175751942,57.14285714285714,28.57142857142857,14.285714285714285,-11.769230063850333,14.0
1.0,4.0,10,45,15,28,1.4566796736981458,9.000000000000004,57.14285714285714,1.3874233175751942,57.14285714285714,28.57142857142857,14.285714285714285,-11.769230063850333,14.0
1.0,4.0,10,45,20,28,1.4566796736981458,9.000000000000004,57.14285714285714,1.3874233175751942,57.14285714285714,28.57142857142857,14.285714285714285,-11.769230063850333,14.0
1.0,4.0,10,60,5,28,1.461078041471327,9.000000000000004,57.14285714285714,1.3890482322546673,57.14285714285714,28.57142857142857,14.285714285714285,-11.769230063850333,14.0
1.0,4.0,10,60,10,28,0.7467923271856137,9.000000000000004,53.57142857142857,1.1800203972117818,53.57142857142857,32.142857142857146,14.285714285714285,-11.769230063850333,14.0
1.0,4.0,10,60,15,29,0.34173052279990246,9.000000000000002,51.724137931034484,1.0779381193150706,51.724137931034484,34.48275862068966,13.793103448275861,-11.769230063850333,13.0
1.0,4.0,10,60,20,29,0.34173052279990246,9.000000000000002,51.724137931034484,1.0779381193150706,51.724137931034484,34.48275862068966,13.793103448275861,-11.769230063850333,13.0
1.0,5.0,2,15,5,44,2.0714259073614314,9.000000000000004,59.09090909090909,1.6744797226502757,54.54545454545454,20.454545454545457,25.0,-11.769230063850333,32.0
1.0,5.0,2,15,10,44,2.071425907361431,9.000000000000004,59.09090909090909,1.6744797226502754,54.54545454545454,20.454545454545457,25.0,-11.769230063850333,32.0
1.0,5.0,2,15,15,44,1.8794896854893701,9.000000000000004,59.09090909090909,1.5759859490434012,54.54545454545454,22.727272727272727,22.727272727272727,-11.769230063850333,30.5
1.0,5.0,2,15,20,44,1.8794896854893701,9.000000000000004,59.09090909090909,1.5759859490434012,54.54545454545454,22.727272727272727,22.727272727272727,-11.769230063850333,30.5
1.0,5.0,2,20,5,45,2.1350672938198363,9.000000000000002,60.0,1.7169673536402696,53.333333333333336,20.0,26.666666666666668,-11.769230063850333,33.0
1.0,5.0,2,20,10,45,2.135067293819836,9.000000000000002,60.0,1.7169673536402694,53.333333333333336,20.0,26.666666666666668,-11.769230063850333,33.0
1.0,5.0,2,20,15,45,1.9473963213227097,9.000000000000002,60.0,1.6151773492278332,53.333333333333336,22.22222222222222,24.444444444444443,-11.769230063850333,32.0
1.0,5.0,2,20,20,45,1.9473963213227097,9.000000000000002,60.0,1.6151773492278332,53.333333333333336,22.22222222222222,24.444444444444443,-11.769230063850333,32.0
1.0,5.0,2,30,5,46,2.0243964708510402,9.0,60.86956521739131,1.6783500246243614,52.17391304347826,19.565217391304348,28.26086956521739,-11.769230063850333,33.0
1.0,5.0,2,30,10,46,2.0243964708510407,9.0,60.86956521739131,1.6783500246243614,52.17391304347826,19.565217391304348,28.26086956521739,-11.769230063850333,33.0
1.0,5.0,2,30,15,46,1.8408053021038517,9.0,60.86956521739131,1.5810831902778455,52.17391304347826,21.73913043478261,26.08695652173913,-11.769230063850333,32.0
1.0,5.0,2,30,20,46,1.8408053021038517,9.0,60.86956521739131,1.5810831902778455,52.17391304347826,21.73913043478261,26.08695652173913,-11.769230063850333,32.0
1.0,5.0,2,45,5,46,2.0243964708510407,9.0,60.86956521739131,1.6783500246243614,52.17391304347826,19.565217391304348,28.26086956521739,-11.769230063850333,33.0
1.0,5.0,2,45,10,46,2.0243964708510407,9.0,60.86956521739131,1.6783500246243614,52.17391304347826,19.565217391304348,28.26086956521739,-11.769230063850333,33.0
1.0,5.0,2,45,15,47,1.9931285935484513,9.000000000000002,61.702127659574465,1.642844306063557,53.191489361702125,21.27659574468085,25.53191489361702,-11.769230063850333,31.0
1.0,5.0,2,45,20,47,1.9931285935484513,9.000000000000002,61.702127659574465,1.642844306063557,53.191489361702125,21.27659574468085,25.53191489361702,-11.769230063850333,31.0
1.0,5.0,2,60,5,46,2.040526481371776,9.0,60.86956521739131,1.6837549900999889,52.17391304347826,19.565217391304348,28.26086956521739,-11.769230063850333,33.0
1.0,5.0,2,60,10,46,2.040526481371776,9.0,60.86956521739131,1.6837549900999886,52.17391304347826,19.565217391304348,28.26086956521739,-11.769230063850333,33.0
1.0,5.0,2,60,15,47,2.0089154123559796,9.000000000000002,61.702127659574465,1.6479360330169135,53.191489361702125,21.27659574468085,25.53191489361702,-11.769230063850333,31.0
1.0,5.0,2,60,20,47,2.0089154123559796,9.000000000000002,61.702127659574465,1.6479360330169135,53.191489361702125,21.27659574468085,25.53191489361702,-11.769230063850333,31.0
1.0,5.0,3,15,5,39,2.7360700434981484,9.000000000000002,66.66666666666666,1.896256995452074,61.53846153846154,23.076923076923077,15.384615384615385,-11.769230063850333,30.0
1.0,5.0,3,15,10,39,2.7360700434981484,9.000000000000002,66.66666666666666,1.8962569954520738,61.53846153846154,23.076923076923077,15.384615384615385,-11.769230063850333,30.0
1.0,5.0,3,15,15,39,2.5195266136937717,9.000000000000002,66.66666666666666,1.770658302838534,61.53846153846154,25.64102564102564,12.82051282051282,-11.769230063850333,29.0
1.0,5.0,3,15,20,39,2.5195266136937717,9.000000000000002,66.66666666666666,1.770658302838534,61.53846153846154,25.64102564102564,12.82051282051282,-11.769230063850333,29.0
1.0,5.0,3,20,5,41,2.6272800764765707,9.000000000000002,65.85365853658537,1.8839714302981916,58.536585365853654,21.951219512195124,19.51219512195122,-11.769230063850333,31.0
1.0,5.0,3,20,10,41,2.6272800764765702,9.000000000000002,65.85365853658537,1.8839714302981911,58.536585365853654,21.951219512195124,19.51219512195122,-11.769230063850333,31.0
1.0,5.0,3,20,15,41,2.4212997408089927,9.000000000000002,65.85365853658537,1.761867179415441,58.536585365853654,24.390243902439025,17.073170731707318,-11.769230063850333,31.0
1.0,5.0,3,20,20,41,2.4212997408089927,9.000000000000002,65.85365853658537,1.761867179415441,58.536585365853654,24.390243902439025,17.073170731707318,-11.769230063850333,31.0
1.0,5.0,3,30,5,41,2.6272800764765707,9.000000000000002,65.85365853658537,1.8839714302981916,58.536585365853654,21.951219512195124,19.51219512195122,-11.769230063850333,31.0
1.0,5.0,3,30,10,41,2.6272800764765702,9.000000000000002,65.85365853658537,1.8839714302981911,58.536585365853654,21.951219512195124,19.51219512195122,-11.769230063850333,31.0
1.0,5.0,3,30,15,41,2.4212997408089927,9.000000000000002,65.85365853658537,1.761867179415441,58.536585365853654,24.390243902439025,17.073170731707318,-11.769230063850333,30.0
1.0,5.0,3,30,20,41,2.4212997408089927,9.000000000000002,65.85365853658537,1.761867179415441,58.536585365853654,24.390243902439025,17.073170731707318,-11.769230063850333,30.0
1.0,5.0,3,45,5,41,2.6272800764765707,9.000000000000002,65.85365853658537,1.8839714302981916,58.536585365853654,21.951219512195124,19.51219512195122,-11.769230063850333,31.0
1.0,5.0,3,45,10,41,2.6272800764765702,9.000000000000002,65.85365853658537,1.8839714302981911,58.536585365853654,21.951219512195124,19.51219512195122,-11.769230063850333,31.0
1.0,5.0,3,45,15,42,2.577935461265921,9.000000000000002,66.66666666666666,1.8309371644842767,59.523809523809526,23.809523809523807,16.666666666666664,-11.769230063850333,29.5
1.0,5.0,3,45,20,42,2.577935461265921,9.000000000000002,66.66666666666666,1.8309371644842767,59.523809523809526,23.809523809523807,16.666666666666664,-11.769230063850333,29.5
1.0,5.0,3,60,5,42,2.527943795076849,9.0,64.28571428571429,1.869958991805394,57.14285714285714,21.428571428571427,21.428571428571427,-11.769230063850333,32.0
1.0,5.0,3,60,10,42,2.5279437950768484,9.0,64.28571428571429,1.8699589918053938,57.14285714285714,21.428571428571427,21.428571428571427,-11.769230063850333,32.0
1.0,5.0,3,60,15,43,2.482056875136208,9.000000000000002,65.11627906976744,1.8179075994487541,58.139534883720934,23.25581395348837,18.6046511627907,-11.769230063850333,30.0
1.0,5.0,3,60,20,43,2.482056875136208,9.000000000000002,65.11627906976744,1.8179075994487541,58.139534883720934,23.25581395348837,18.6046511627907,-11.769230063850333,30.0
1.0,5.0,5,15,5,31,4.182627747968062,9.000000000000005,74.19354838709677,2.61422988880131,74.19354838709677,22.58064516129032,3.225806451612903,-11.769230063850333,16.0
1.0,5.0,5,15,10,31,4.182627747968062,9.000000000000005,74.19354838709677,2.61422988880131,74.19354838709677,22.58064516129032,3.225806451612903,-11.769230063850333,16.0
1.0,5.0,5,15,15,31,3.9102021427302978,9.000000000000005,74.19354838709677,2.365521209741824,74.19354838709677,25.806451612903224,0.0,-11.769230063850333,15.0
1.0,5.0,5,15,20,31,3.9102021427302978,9.000000000000005,74.19354838709677,2.365521209741824,74.19354838709677,25.806451612903224,0.0,-11.769230063850333,15.0
1.0,5.0,5,20,5,32,4.049041143133801,9.000000000000004,71.875,2.611234414867507,71.875,21.875,6.25,-11.769230063850333,16.5
1.0,5.0,5,20,10,32,4.049041143133801,9.000000000000004,71.875,2.611234414867507,71.875,21.875,6.25,-11.769230063850333,16.5
1.0,5.0,5,20,15,32,3.785128838059717,9.000000000000004,71.875,2.3630683143267035,71.875,25.0,3.125,-11.769230063850333,15.5
1.0,5.0,5,20,20,32,3.785128838059717,9.000000000000004,71.875,2.3630683143267035,71.875,25.0,3.125,-11.769230063850333,15.5
1.0,5.0,5,30,5,32,4.0490411431338,9.000000000000004,71.875,2.6112344148675066,71.875,21.875,6.25,-11.769230063850333,16.5
1.0,5.0,5,30,10,32,4.0490411431338,9.000000000000004,71.875,2.6112344148675066,71.875,21.875,6.25,-11.769230063850333,16.5
1.0,5.0,5,30,15,32,3.785128838059716,9.000000000000004,71.875,2.3630683143267035,71.875,25.0,3.125,-11.769230063850333,15.5
1.0,5.0,5,30,20,32,3.785128838059716,9.000000000000004,71.875,2.3630683143267035,71.875,25.0,3.125,-11.769230063850333,15.5
1.0,5.0,5,45,5,33,4.014103676647671,9.000000000000005,72.72727272727273,2.647248370670896,69.6969696969697,21.21212121212121,9.090909090909092,-11.769230063850333,19.0
1.0,5.0,5,45,10,33,4.014103676647671,9.000000000000005,72.72727272727273,2.647248370670896,69.6969696969697,21.21212121212121,9.090909090909092,-11.769230063850333,19.0
1.0,5.0,5,45,15,34,3.4598778606400753,9.000000000000004,70.58823529411765,2.23507707536893,67.64705882352942,23.52941176470588,8.823529411764707,-11.769230063850333,16.0
1.0,5.0,5,45,20,34,3.4598778606400753,9.000000000000004,70.58823529411765,2.23507707536893,67.64705882352942,23.52941176470588,8.823529411764707,-11.769230063850333,16.0
1.0,5.0,5,60,5,33,4.014103676647671,9.000000000000005,72.72727272727273,2.647248370670896,69.6969696969697,21.21212121212121,9.090909090909092,-11.769230063850333,17.0
1.0,5.0,5,60,10,33,4.014103676647671,9.000000000000005,72.72727272727273,2.647248370670896,69.6969696969697,21.21212121212121,9.090909090909092,-11.769230063850333,17.0
1.0,5.0,5,60,15,34,3.4298908293829893,9.000000000000004,70.58823529411765,2.211405069158302,67.64705882352942,23.52941176470588,8.823529411764707,-11.769230063850333,14.5
1.0,5.0,5,60,20,34,3.4298908293829893,9.000000000000004,70.58823529411765,2.211405069158302,67.64705882352942,23.52941176470588,8.823529411764707,-11.769230063850333,14.5
1.0,5.0,7,15,5,27,2.986304226783238,9.000000000000007,66.66666666666666,1.9803851770945295,66.66666666666666,25.925925925925924,7.4074074074074066,-11.769230063850333,10.0
1.0,5.0,7,15,10,27,3.7270449675239785,9.000000000000007,70.37037037037037,2.412484645276643,70.37037037037037,22.22222222222222,7.4074074074074066,-11.769230063850333,10.0
1.0,5.0,7,15,15,27,3.7270449675239785,9.000000000000007,70.37037037037037,2.412484645276643,70.37037037037037,22.22222222222222,7.4074074074074066,-11.769230063850333,10.0
1.0,5.0,7,15,20,27,3.7270449675239785,9.000000000000007,70.37037037037037,2.412484645276643,70.37037037037037,22.22222222222222,7.4074074074074066,-11.769230063850333,10.0
1.0,5.0,7,20,5,29,2.710687234258984,9.000000000000005,65.51724137931035,1.9093765108659033,62.06896551724138,24.137931034482758,13.793103448275861,-11.769230063850333,14.0
1.0,5.0,7,20,10,29,3.400342406672776,9.000000000000005,68.96551724137932,2.3070653251533044,65.51724137931035,20.689655172413794,13.793103448275861,-11.769230063850333,14.0
1.0,5.0,7,20,15,29,3.400342406672776,9.000000000000005,68.96551724137932,2.3070653251533044,65.51724137931035,20.689655172413794,13.793103448275861,-11.769230063850333,14.0
1.0,5.0,7,20,20,29,3.400342406672776,9.000000000000005,68.96551724137932,2.3070653251533044,65.51724137931035,20.689655172413794,13.793103448275861,-11.769230063850333,14.0
1.0,5.0,7,30,5,29,2.710687234258983,9.000000000000005,65.51724137931035,1.9093765108659033,62.06896551724138,24.137931034482758,13.793103448275861,-11.769230063850333,14.0
1.0,5.0,7,30,10,29,2.887328337558842,9.000000000000005,65.51724137931035,2.0296521588697405,62.06896551724138,20.689655172413794,17.24137931034483,-11.769230063850333,14.0
1.0,5.0,7,30,15,29,2.887328337558841,9.000000000000005,65.51724137931035,2.0296521588697405,62.06896551724138,20.689655172413794,17.24137931034483,-11.769230063850333,14.0
1.0,5.0,7,30,20,29,2.887328337558841,9.000000000000005,65.51724137931035,2.0296521588697405,62.06896551724138,20.689655172413794,17.24137931034483,-11.769230063850333,14.0
1.0,5.0,7,45,5,29,2.5965670481867384,9.000000000000004,65.51724137931035,1.8389717776652104,62.06896551724138,24.137931034482758,13.793103448275861,-11.769230063850333,17.0
1.0,5.0,7,45,10,29,2.772475888800382,9.000000000000005,65.51724137931035,1.9497932834051321,62.06896551724138,20.689655172413794,17.24137931034483,-11.769230063850333,17.0
1.0,5.0,7,45,15,29,2.772475888800382,9.000000000000005,65.51724137931035,1.9497932834051321,62.06896551724138,20.689655172413794,17.24137931034483,-11.769230063850333,17.0
1.0,5.0,7,45,20,29,2.772475888800382,9.000000000000005,65.51724137931035,1.9497932834051321,62.06896551724138,20.689655172413794,17.24137931034483,-11.769230063850333,17.0
1.0,5.0,7,60,5,30,2.843799641788088,9.000000000000004,66.66666666666666,1.961395897366472,63.33333333333333,23.333333333333332,13.333333333333334,-11.769230063850333,20.0
1.0,5.0,7,60,10,30,3.0138448543812766,9.000000000000005,66.66666666666666,2.0810273764562206,63.33333333333333,20.0,16.666666666666664,-11.769230063850333,21.0
1.0,5.0,7,60,15,31,3.042386750117504,9.000000000000005,67.74193548387096,2.0628161117063946,64.51612903225806,22.58064516129032,12.903225806451612,-11.769230063850333,17.0
1.0,5.0,7,60,20,31,3.042386750117504,9.000000000000005,67.74193548387096,2.0628161117063946,64.51612903225806,22.58064516129032,12.903225806451612,-11.769230063850333,17.0
1.0,5.0,10,15,5,24,2.739882108816618,9.000000000000005,66.66666666666666,1.818816819237311,66.66666666666666,29.166666666666668,4.166666666666666,-11.769230063850333,8.0
1.0,5.0,10,15,10,24,2.739882108816618,9.000000000000005,66.66666666666666,1.818816819237311,66.66666666666666,29.166666666666668,4.166666666666666,-11.769230063850333,8.0
1.0,5.0,10,15,15,24,2.739882108816618,9.000000000000005,66.66666666666666,1.818816819237311,66.66666666666666,29.166666666666668,4.166666666666666,-11.769230063850333,8.0
1.0,5.0,10,15,20,24,2.739882108816618,9.000000000000005,66.66666666666666,1.818816819237311,66.66666666666666,29.166666666666668,4.166666666666666,-11.769230063850333,8.0
1.0,5.0,10,20,5,25,2.3630395765688426,9.000000000000005,64.0,1.6791223448501715,64.0,28.000000000000004,8.0,-11.769230063850333,8.0
1.0,5.0,10,20,10,25,2.363039576568843,9.000000000000005,64.0,1.679122344850172,64.0,28.000000000000004,8.0,-11.769230063850333,8.0
1.0,5.0,10,20,15,25,2.363039576568843,9.000000000000005,64.0,1.679122344850172,64.0,28.000000000000004,8.0,-11.769230063850333,8.0
1.0,5.0,10,20,20,25,2.363039576568843,9.000000000000005,64.0,1.679122344850172,64.0,28.000000000000004,8.0,-11.769230063850333,8.0
1.0,5.0,10,30,5,28,1.5408396121745285,9.000000000000004,57.14285714285714,1.419189684699796,57.14285714285714,28.57142857142857,14.285714285714285,-11.769230063850333,14.0
1.0,5.0,10,30,10,28,1.5408396121745291,9.000000000000004,57.14285714285714,1.419189684699796,57.14285714285714,28.57142857142857,14.285714285714285,-11.769230063850333,14.0
1.0,5.0,10,30,15,28,1.5408396121745291,9.000000000000004,57.14285714285714,1.419189684699796,57.14285714285714,28.57142857142857,14.285714285714285,-11.769230063850333,14.0
1.0,5.0,10,30,20,28,1.5408396121745291,9.000000000000004,57.14285714285714,1.419189684699796,57.14285714285714,28.57142857142857,14.285714285714285,-11.769230063850333,14.0
1.0,5.0,10,45,5,28,1.456679673698145,9.000000000000004,57.14285714285714,1.387423317575194,57.14285714285714,28.57142857142857,14.285714285714285,-11.769230063850333,14.0
1.0,5.0,10,45,10,28,1.4566796736981458,9.000000000000004,57.14285714285714,1.3874233175751942,57.14285714285714,28.57142857142857,14.285714285714285,-11.769230063850333,14.0
1.0,5.0,10,45,15,28,1.4566796736981458,9.000000000000004,57.14285714285714,1.3874233175751942,57.14285714285714,28.57142857142857,14.285714285714285,-11.769230063850333,14.0
1.0,5.0,10,45,20,28,1.4566796736981458,9.000000000000004,57.14285714285714,1.3874233175751942,57.14285714285714,28.57142857142857,14.285714285714285,-11.769230063850333,14.0
1.0,5.0,10,60,5,28,1.461078041471327,9.000000000000004,57.14285714285714,1.3890482322546673,57.14285714285714,28.57142857142857,14.285714285714285,-11.769230063850333,14.0
1.0,5.0,10,60,10,28,0.7467923271856137,9.000000000000004,53.57142857142857,1.1800203972117818,53.57142857142857,32.142857142857146,14.285714285714285,-11.769230063850333,14.0
1.0,5.0,10,60,15,29,0.34173052279990246,9.000000000000002,51.724137931034484,1.0779381193150706,51.724137931034484,34.48275862068966,13.793103448275861,-11.769230063850333,13.0
1.0,5.0,10,60,20,29,0.34173052279990246,9.000000000000002,51.724137931034484,1.0779381193150706,51.724137931034484,34.48275862068966,13.793103448275861,-11.769230063850333,13.0
1.0,8.0,2,15,5,44,2.0714259073614314,9.000000000000004,59.09090909090909,1.6744797226502757,54.54545454545454,20.454545454545457,25.0,-11.769230063850333,32.0
1.0,8.0,2,15,10,44,2.071425907361431,9.000000000000004,59.09090909090909,1.6744797226502754,54.54545454545454,20.454545454545457,25.0,-11.769230063850333,32.0
1.0,8.0,2,15,15,44,1.8794896854893701,9.000000000000004,59.09090909090909,1.5759859490434012,54.54545454545454,22.727272727272727,22.727272727272727,-11.769230063850333,30.5
1.0,8.0,2,15,20,44,1.8794896854893701,9.000000000000004,59.09090909090909,1.5759859490434012,54.54545454545454,22.727272727272727,22.727272727272727,-11.769230063850333,30.5
1.0,8.0,2,20,5,45,2.1350672938198363,9.000000000000002,60.0,1.7169673536402696,53.333333333333336,20.0,26.666666666666668,-11.769230063850333,33.0
1.0,8.0,2,20,10,45,2.135067293819836,9.000000000000002,60.0,1.7169673536402694,53.333333333333336,20.0,26.666666666666668,-11.769230063850333,33.0
1.0,8.0,2,20,15,45,1.9473963213227097,9.000000000000002,60.0,1.6151773492278332,53.333333333333336,22.22222222222222,24.444444444444443,-11.769230063850333,32.0
1.0,8.0,2,20,20,45,1.9473963213227097,9.000000000000002,60.0,1.6151773492278332,53.333333333333336,22.22222222222222,24.444444444444443,-11.769230063850333,32.0
1.0,8.0,2,30,5,46,2.0243964708510402,9.0,60.86956521739131,1.6783500246243614,52.17391304347826,19.565217391304348,28.26086956521739,-11.769230063850333,33.0
1.0,8.0,2,30,10,46,2.0243964708510407,9.0,60.86956521739131,1.6783500246243614,52.17391304347826,19.565217391304348,28.26086956521739,-11.769230063850333,33.0
1.0,8.0,2,30,15,46,1.8408053021038517,9.0,60.86956521739131,1.5810831902778455,52.17391304347826,21.73913043478261,26.08695652173913,-11.769230063850333,32.0
1.0,8.0,2,30,20,46,1.8408053021038517,9.0,60.86956521739131,1.5810831902778455,52.17391304347826,21.73913043478261,26.08695652173913,-11.769230063850333,32.0
1.0,8.0,2,45,5,46,2.0243964708510407,9.0,60.86956521739131,1.6783500246243614,52.17391304347826,19.565217391304348,28.26086956521739,-11.769230063850333,33.0
1.0,8.0,2,45,10,46,2.0243964708510407,9.0,60.86956521739131,1.6783500246243614,52.17391304347826,19.565217391304348,28.26086956521739,-11.769230063850333,33.0
1.0,8.0,2,45,15,47,1.9931285935484513,9.000000000000002,61.702127659574465,1.642844306063557,53.191489361702125,21.27659574468085,25.53191489361702,-11.769230063850333,31.0
1.0,8.0,2,45,20,47,1.9931285935484513,9.000000000000002,61.702127659574465,1.642844306063557,53.191489361702125,21.27659574468085,25.53191489361702,-11.769230063850333,31.0
1.0,8.0,2,60,5,46,2.040526481371776,9.0,60.86956521739131,1.6837549900999889,52.17391304347826,19.565217391304348,28.26086956521739,-11.769230063850333,33.0
1.0,8.0,2,60,10,46,2.040526481371776,9.0,60.86956521739131,1.6837549900999886,52.17391304347826,19.565217391304348,28.26086956521739,-11.769230063850333,33.0
1.0,8.0,2,60,15,47,2.0089154123559796,9.000000000000002,61.702127659574465,1.6479360330169135,53.191489361702125,21.27659574468085,25.53191489361702,-11.769230063850333,31.0
1.0,8.0,2,60,20,47,2.0089154123559796,9.000000000000002,61.702127659574465,1.6479360330169135,53.191489361702125,21.27659574468085,25.53191489361702,-11.769230063850333,31.0
1.0,8.0,3,15,5,39,2.7360700434981484,9.000000000000002,66.66666666666666,1.896256995452074,61.53846153846154,23.076923076923077,15.384615384615385,-11.769230063850333,30.0
1.0,8.0,3,15,10,39,2.7360700434981484,9.000000000000002,66.66666666666666,1.8962569954520738,61.53846153846154,23.076923076923077,15.384615384615385,-11.769230063850333,30.0
1.0,8.0,3,15,15,39,2.5195266136937717,9.000000000000002,66.66666666666666,1.770658302838534,61.53846153846154,25.64102564102564,12.82051282051282,-11.769230063850333,29.0
1.0,8.0,3,15,20,39,2.5195266136937717,9.000000000000002,66.66666666666666,1.770658302838534,61.53846153846154,25.64102564102564,12.82051282051282,-11.769230063850333,29.0
1.0,8.0,3,20,5,41,2.6272800764765707,9.000000000000002,65.85365853658537,1.8839714302981916,58.536585365853654,21.951219512195124,19.51219512195122,-11.769230063850333,31.0
1.0,8.0,3,20,10,41,2.6272800764765702,9.000000000000002,65.85365853658537,1.8839714302981911,58.536585365853654,21.951219512195124,19.51219512195122,-11.769230063850333,31.0
1.0,8.0,3,20,15,41,2.4212997408089927,9.000000000000002,65.85365853658537,1.761867179415441,58.536585365853654,24.390243902439025,17.073170731707318,-11.769230063850333,31.0
1.0,8.0,3,20,20,41,2.4212997408089927,9.000000000000002,65.85365853658537,1.761867179415441,58.536585365853654,24.390243902439025,17.073170731707318,-11.769230063850333,31.0
1.0,8.0,3,30,5,41,2.6272800764765707,9.000000000000002,65.85365853658537,1.8839714302981916,58.536585365853654,21.951219512195124,19.51219512195122,-11.769230063850333,31.0
1.0,8.0,3,30,10,41,2.6272800764765702,9.000000000000002,65.85365853658537,1.8839714302981911,58.536585365853654,21.951219512195124,19.51219512195122,-11.769230063850333,31.0
1.0,8.0,3,30,15,41,2.4212997408089927,9.000000000000002,65.85365853658537,1.761867179415441,58.536585365853654,24.390243902439025,17.073170731707318,-11.769230063850333,30.0
1.0,8.0,3,30,20,41,2.4212997408089927,9.000000000000002,65.85365853658537,1.761867179415441,58.536585365853654,24.390243902439025,17.073170731707318,-11.769230063850333,30.0
1.0,8.0,3,45,5,41,2.6272800764765707,9.000000000000002,65.85365853658537,1.8839714302981916,58.536585365853654,21.951219512195124,19.51219512195122,-11.769230063850333,31.0
1.0,8.0,3,45,10,41,2.6272800764765702,9.000000000000002,65.85365853658537,1.8839714302981911,58.536585365853654,21.951219512195124,19.51219512195122,-11.769230063850333,31.0
1.0,8.0,3,45,15,42,2.577935461265921,9.000000000000002,66.66666666666666,1.8309371644842767,59.523809523809526,23.809523809523807,16.666666666666664,-11.769230063850333,29.5
1.0,8.0,3,45,20,42,2.577935461265921,9.000000000000002,66.66666666666666,1.8309371644842767,59.523809523809526,23.809523809523807,16.666666666666664,-11.769230063850333,29.5
1.0,8.0,3,60,5,42,2.527943795076849,9.0,64.28571428571429,1.869958991805394,57.14285714285714,21.428571428571427,21.428571428571427,-11.769230063850333,32.0
1.0,8.0,3,60,10,42,2.5279437950768484,9.0,64.28571428571429,1.8699589918053938,57.14285714285714,21.428571428571427,21.428571428571427,-11.769230063850333,32.0
1.0,8.0,3,60,15,43,2.482056875136208,9.000000000000002,65.11627906976744,1.8179075994487541,58.139534883720934,23.25581395348837,18.6046511627907,-11.769230063850333,30.0
1.0,8.0,3,60,20,43,2.482056875136208,9.000000000000002,65.11627906976744,1.8179075994487541,58.139534883720934,23.25581395348837,18.6046511627907,-11.769230063850333,30.0
1.0,8.0,5,15,5,31,4.182627747968062,9.000000000000005,74.19354838709677,2.61422988880131,74.19354838709677,22.58064516129032,3.225806451612903,-11.769230063850333,16.0
1.0,8.0,5,15,10,31,4.182627747968062,9.000000000000005,74.19354838709677,2.61422988880131,74.19354838709677,22.58064516129032,3.225806451612903,-11.769230063850333,16.0
1.0,8.0,5,15,15,31,3.9102021427302978,9.000000000000005,74.19354838709677,2.365521209741824,74.19354838709677,25.806451612903224,0.0,-11.769230063850333,15.0
1.0,8.0,5,15,20,31,3.9102021427302978,9.000000000000005,74.19354838709677,2.365521209741824,74.19354838709677,25.806451612903224,0.0,-11.769230063850333,15.0
1.0,8.0,5,20,5,32,4.049041143133801,9.000000000000004,71.875,2.611234414867507,71.875,21.875,6.25,-11.769230063850333,16.5
1.0,8.0,5,20,10,32,4.049041143133801,9.000000000000004,71.875,2.611234414867507,71.875,21.875,6.25,-11.769230063850333,16.5
1.0,8.0,5,20,15,32,3.785128838059717,9.000000000000004,71.875,2.3630683143267035,71.875,25.0,3.125,-11.769230063850333,15.5
1.0,8.0,5,20,20,32,3.785128838059717,9.000000000000004,71.875,2.3630683143267035,71.875,25.0,3.125,-11.769230063850333,15.5
1.0,8.0,5,30,5,32,4.0490411431338,9.000000000000004,71.875,2.6112344148675066,71.875,21.875,6.25,-11.769230063850333,16.5
1.0,8.0,5,30,10,32,4.0490411431338,9.000000000000004,71.875,2.6112344148675066,71.875,21.875,6.25,-11.769230063850333,16.5
1.0,8.0,5,30,15,32,3.785128838059716,9.000000000000004,71.875,2.3630683143267035,71.875,25.0,3.125,-11.769230063850333,15.5
1.0,8.0,5,30,20,32,3.785128838059716,9.000000000000004,71.875,2.3630683143267035,71.875,25.0,3.125,-11.769230063850333,15.5
1.0,8.0,5,45,5,33,4.014103676647671,9.000000000000005,72.72727272727273,2.647248370670896,69.6969696969697,21.21212121212121,9.090909090909092,-11.769230063850333,19.0
1.0,8.0,5,45,10,33,4.014103676647671,9.000000000000005,72.72727272727273,2.647248370670896,69.6969696969697,21.21212121212121,9.090909090909092,-11.769230063850333,19.0
1.0,8.0,5,45,15,34,3.4598778606400753,9.000000000000004,70.58823529411765,2.23507707536893,67.64705882352942,23.52941176470588,8.823529411764707,-11.769230063850333,16.0
1.0,8.0,5,45,20,34,3.4598778606400753,9.000000000000004,70.58823529411765,2.23507707536893,67.64705882352942,23.52941176470588,8.823529411764707,-11.769230063850333,16.0
1.0,8.0,5,60,5,33,4.014103676647671,9.000000000000005,72.72727272727273,2.647248370670896,69.6969696969697,21.21212121212121,9.090909090909092,-11.769230063850333,17.0
1.0,8.0,5,60,10,33,4.014103676647671,9.000000000000005,72.72727272727273,2.647248370670896,69.6969696969697,21.21212121212121,9.090909090909092,-11.769230063850333,17.0
1.0,8.0,5,60,15,34,3.4298908293829893,9.000000000000004,70.58823529411765,2.211405069158302,67.64705882352942,23.52941176470588,8.823529411764707,-11.769230063850333,14.5
1.0,8.0,5,60,20,34,3.4298908293829893,9.000000000000004,70.58823529411765,2.211405069158302,67.64705882352942,23.52941176470588,8.823529411764707,-11.769230063850333,14.5
1.0,8.0,7,15,5,27,2.986304226783238,9.000000000000007,66.66666666666666,1.9803851770945295,66.66666666666666,25.925925925925924,7.4074074074074066,-11.769230063850333,10.0
1.0,8.0,7,15,10,27,3.7270449675239785,9.000000000000007,70.37037037037037,2.412484645276643,70.37037037037037,22.22222222222222,7.4074074074074066,-11.769230063850333,10.0
1.0,8.0,7,15,15,27,3.7270449675239785,9.000000000000007,70.37037037037037,2.412484645276643,70.37037037037037,22.22222222222222,7.4074074074074066,-11.769230063850333,10.0
1.0,8.0,7,15,20,27,3.7270449675239785,9.000000000000007,70.37037037037037,2.412484645276643,70.37037037037037,22.22222222222222,7.4074074074074066,-11.769230063850333,10.0
1.0,8.0,7,20,5,29,2.710687234258984,9.000000000000005,65.51724137931035,1.9093765108659033,62.06896551724138,24.137931034482758,13.793103448275861,-11.769230063850333,14.0
1.0,8.0,7,20,10,29,3.400342406672776,9.000000000000005,68.96551724137932,2.3070653251533044,65.51724137931035,20.689655172413794,13.793103448275861,-11.769230063850333,14.0
1.0,8.0,7,20,15,29,3.400342406672776,9.000000000000005,68.96551724137932,2.3070653251533044,65.51724137931035,20.689655172413794,13.793103448275861,-11.769230063850333,14.0
1.0,8.0,7,20,20,29,3.400342406672776,9.000000000000005,68.96551724137932,2.3070653251533044,65.51724137931035,20.689655172413794,13.793103448275861,-11.769230063850333,14.0
1.0,8.0,7,30,5,29,2.710687234258983,9.000000000000005,65.51724137931035,1.9093765108659033,62.06896551724138,24.137931034482758,13.793103448275861,-11.769230063850333,14.0
1.0,8.0,7,30,10,29,2.887328337558842,9.000000000000005,65.51724137931035,2.0296521588697405,62.06896551724138,20.689655172413794,17.24137931034483,-11.769230063850333,14.0
1.0,8.0,7,30,15,29,2.887328337558841,9.000000000000005,65.51724137931035,2.0296521588697405,62.06896551724138,20.689655172413794,17.24137931034483,-11.769230063850333,14.0
1.0,8.0,7,30,20,29,2.887328337558841,9.000000000000005,65.51724137931035,2.0296521588697405,62.06896551724138,20.689655172413794,17.24137931034483,-11.769230063850333,14.0
1.0,8.0,7,45,5,29,2.5965670481867384,9.000000000000004,65.51724137931035,1.8389717776652104,62.06896551724138,24.137931034482758,13.793103448275861,-11.769230063850333,17.0
1.0,8.0,7,45,10,29,2.772475888800382,9.000000000000005,65.51724137931035,1.9497932834051321,62.06896551724138,20.689655172413794,17.24137931034483,-11.769230063850333,17.0
1.0,8.0,7,45,15,29,2.772475888800382,9.000000000000005,65.51724137931035,1.9497932834051321,62.06896551724138,20.689655172413794,17.24137931034483,-11.769230063850333,17.0
1.0,8.0,7,45,20,29,2.772475888800382,9.000000000000005,65.51724137931035,1.9497932834051321,62.06896551724138,20.689655172413794,17.24137931034483,-11.769230063850333,17.0
1.0,8.0,7,60,5,30,2.843799641788088,9.000000000000004,66.66666666666666,1.961395897366472,63.33333333333333,23.333333333333332,13.333333333333334,-11.769230063850333,20.0
1.0,8.0,7,60,10,30,3.0138448543812766,9.000000000000005,66.66666666666666,2.0810273764562206,63.33333333333333,20.0,16.666666666666664,-11.769230063850333,21.0
1.0,8.0,7,60,15,31,3.042386750117504,9.000000000000005,67.74193548387096,2.0628161117063946,64.51612903225806,22.58064516129032,12.903225806451612,-11.769230063850333,17.0
1.0,8.0,7,60,20,31,3.042386750117504,9.000000000000005,67.74193548387096,2.0628161117063946,64.51612903225806,22.58064516129032,12.903225806451612,-11.769230063850333,17.0
1.0,8.0,10,15,5,24,2.739882108816618,9.000000000000005,66.66666666666666,1.818816819237311,66.66666666666666,29.166666666666668,4.166666666666666,-11.769230063850333,8.0
1.0,8.0,10,15,10,24,2.739882108816618,9.000000000000005,66.66666666666666,1.818816819237311,66.66666666666666,29.166666666666668,4.166666666666666,-11.769230063850333,8.0
1.0,8.0,10,15,15,24,2.739882108816618,9.000000000000005,66.66666666666666,1.818816819237311,66.66666666666666,29.166666666666668,4.166666666666666,-11.769230063850333,8.0
1.0,8.0,10,15,20,24,2.739882108816618,9.000000000000005,66.66666666666666,1.818816819237311,66.66666666666666,29.166666666666668,4.166666666666666,-11.769230063850333,8.0
1.0,8.0,10,20,5,25,2.3630395765688426,9.000000000000005,64.0,1.6791223448501715,64.0,28.000000000000004,8.0,-11.769230063850333,8.0
1.0,8.0,10,20,10,25,2.363039576568843,9.000000000000005,64.0,1.679122344850172,64.0,28.000000000000004,8.0,-11.769230063850333,8.0
1.0,8.0,10,20,15,25,2.363039576568843,9.000000000000005,64.0,1.679122344850172,64.0,28.000000000000004,8.0,-11.769230063850333,8.0
1.0,8.0,10,20,20,25,2.363039576568843,9.000000000000005,64.0,1.679122344850172,64.0,28.000000000000004,8.0,-11.769230063850333,8.0
1.0,8.0,10,30,5,28,1.5408396121745285,9.000000000000004,57.14285714285714,1.419189684699796,57.14285714285714,28.57142857142857,14.285714285714285,-11.769230063850333,14.0
1.0,8.0,10,30,10,28,1.5408396121745291,9.000000000000004,57.14285714285714,1.419189684699796,57.14285714285714,28.57142857142857,14.285714285714285,-11.769230063850333,14.0
1.0,8.0,10,30,15,28,1.5408396121745291,9.000000000000004,57.14285714285714,1.419189684699796,57.14285714285714,28.57142857142857,14.285714285714285,-11.769230063850333,14.0
1.0,8.0,10,30,20,28,1.5408396121745291,9.000000000000004,57.14285714285714,1.419189684699796,57.14285714285714,28.57142857142857,14.285714285714285,-11.769230063850333,14.0
1.0,8.0,10,45,5,28,1.456679673698145,9.000000000000004,57.14285714285714,1.387423317575194,57.14285714285714,28.57142857142857,14.285714285714285,-11.769230063850333,14.0
1.0,8.0,10,45,10,28,1.4566796736981458,9.000000000000004,57.14285714285714,1.3874233175751942,57.14285714285714,28.57142857142857,14.285714285714285,-11.769230063850333,14.0
1.0,8.0,10,45,15,28,1.4566796736981458,9.000000000000004,57.14285714285714,1.3874233175751942,57.14285714285714,28.57142857142857,14.285714285714285,-11.769230063850333,14.0
1.0,8.0,10,45,20,28,1.4566796736981458,9.000000000000004,57.14285714285714,1.3874233175751942,57.14285714285714,28.57142857142857,14.285714285714285,-11.769230063850333,14.0
1.0,8.0,10,60,5,28,1.461078041471327,9.000000000000004,57.14285714285714,1.3890482322546673,57.14285714285714,28.57142857142857,14.285714285714285,-11.769230063850333,14.0
1.0,8.0,10,60,10,28,0.7467923271856137,9.000000000000004,53.57142857142857,1.1800203972117818,53.57142857142857,32.142857142857146,14.285714285714285,-11.769230063850333,14.0
1.0,8.0,10,60,15,29,0.34173052279990246,9.000000000000002,51.724137931034484,1.0779381193150706,51.724137931034484,34.48275862068966,13.793103448275861,-11.769230063850333,13.0
1.0,8.0,10,60,20,29,0.34173052279990246,9.000000000000002,51.724137931034484,1.0779381193150706,51.724137931034484,34.48275862068966,13.793103448275861,-11.769230063850333,13.0
1.0,10.0,2,15,5,44,2.0714259073614314,9.000000000000004,59.09090909090909,1.6744797226502757,54.54545454545454,20.454545454545457,25.0,-11.769230063850333,32.0
1.0,10.0,2,15,10,44,2.071425907361431,9.000000000000004,59.09090909090909,1.6744797226502754,54.54545454545454,20.454545454545457,25.0,-11.769230063850333,32.0
1.0,10.0,2,15,15,44,1.8794896854893701,9.000000000000004,59.09090909090909,1.5759859490434012,54.54545454545454,22.727272727272727,22.727272727272727,-11.769230063850333,30.5
1.0,10.0,2,15,20,44,1.8794896854893701,9.000000000000004,59.09090909090909,1.5759859490434012,54.54545454545454,22.727272727272727,22.727272727272727,-11.769230063850333,30.5
1.0,10.0,2,20,5,45,2.1350672938198363,9.000000000000002,60.0,1.7169673536402696,53.333333333333336,20.0,26.666666666666668,-11.769230063850333,33.0
1.0,10.0,2,20,10,45,2.135067293819836,9.000000000000002,60.0,1.7169673536402694,53.333333333333336,20.0,26.666666666666668,-11.769230063850333,33.0
1.0,10.0,2,20,15,45,1.9473963213227097,9.000000000000002,60.0,1.6151773492278332,53.333333333333336,22.22222222222222,24.444444444444443,-11.769230063850333,32.0
1.0,10.0,2,20,20,45,1.9473963213227097,9.000000000000002,60.0,1.6151773492278332,53.333333333333336,22.22222222222222,24.444444444444443,-11.769230063850333,32.0
1.0,10.0,2,30,5,46,2.0243964708510402,9.0,60.86956521739131,1.6783500246243614,52.17391304347826,19.565217391304348,28.26086956521739,-11.769230063850333,33.0
1.0,10.0,2,30,10,46,2.0243964708510407,9.0,60.86956521739131,1.6783500246243614,52.17391304347826,19.565217391304348,28.26086956521739,-11.769230063850333,33.0
1.0,10.0,2,30,15,46,1.8408053021038517,9.0,60.86956521739131,1.5810831902778455,52.17391304347826,21.73913043478261,26.08695652173913,-11.769230063850333,32.0
1.0,10.0,2,30,20,46,1.8408053021038517,9.0,60.86956521739131,1.5810831902778455,52.17391304347826,21.73913043478261,26.08695652173913,-11.769230063850333,32.0
1.0,10.0,2,45,5,46,2.0243964708510407,9.0,60.86956521739131,1.6783500246243614,52.17391304347826,19.565217391304348,28.26086956521739,-11.769230063850333,33.0
1.0,10.0,2,45,10,46,2.0243964708510407,9.0,60.86956521739131,1.6783500246243614,52.17391304347826,19.565217391304348,28.26086956521739,-11.769230063850333,33.0
1.0,10.0,2,45,15,47,1.9931285935484513,9.000000000000002,61.702127659574465,1.642844306063557,53.191489361702125,21.27659574468085,25.53191489361702,-11.769230063850333,31.0
1.0,10.0,2,45,20,47,1.9931285935484513,9.000000000000002,61.702127659574465,1.642844306063557,53.191489361702125,21.27659574468085,25.53191489361702,-11.769230063850333,31.0
1.0,10.0,2,60,5,46,2.040526481371776,9.0,60.86956521739131,1.6837549900999889,52.17391304347826,19.565217391304348,28.26086956521739,-11.769230063850333,33.0
1.0,10.0,2,60,10,46,2.040526481371776,9.0,60.86956521739131,1.6837549900999886,52.17391304347826,19.565217391304348,28.26086956521739,-11.769230063850333,33.0
1.0,10.0,2,60,15,47,2.0089154123559796,9.000000000000002,61.702127659574465,1.6479360330169135,53.191489361702125,21.27659574468085,25.53191489361702,-11.769230063850333,31.0
1.0,10.0,2,60,20,47,2.0089154123559796,9.000000000000002,61.702127659574465,1.6479360330169135,53.191489361702125,21.27659574468085,25.53191489361702,-11.769230063850333,31.0
1.0,10.0,3,15,5,39,2.7360700434981484,9.000000000000002,66.66666666666666,1.896256995452074,61.53846153846154,23.076923076923077,15.384615384615385,-11.769230063850333,30.0
1.0,10.0,3,15,10,39,2.7360700434981484,9.000000000000002,66.66666666666666,1.8962569954520738,61.53846153846154,23.076923076923077,15.384615384615385,-11.769230063850333,30.0
1.0,10.0,3,15,15,39,2.5195266136937717,9.000000000000002,66.66666666666666,1.770658302838534,61.53846153846154,25.64102564102564,12.82051282051282,-11.769230063850333,29.0
1.0,10.0,3,15,20,39,2.5195266136937717,9.000000000000002,66.66666666666666,1.770658302838534,61.53846153846154,25.64102564102564,12.82051282051282,-11.769230063850333,29.0
1.0,10.0,3,20,5,41,2.6272800764765707,9.000000000000002,65.85365853658537,1.8839714302981916,58.536585365853654,21.951219512195124,19.51219512195122,-11.769230063850333,31.0
1.0,10.0,3,20,10,41,2.6272800764765702,9.000000000000002,65.85365853658537,1.8839714302981911,58.536585365853654,21.951219512195124,19.51219512195122,-11.769230063850333,31.0
1.0,10.0,3,20,15,41,2.4212997408089927,9.000000000000002,65.85365853658537,1.761867179415441,58.536585365853654,24.390243902439025,17.073170731707318,-11.769230063850333,31.0
1.0,10.0,3,20,20,41,2.4212997408089927,9.000000000000002,65.85365853658537,1.761867179415441,58.536585365853654,24.390243902439025,17.073170731707318,-11.769230063850333,31.0
1.0,10.0,3,30,5,41,2.6272800764765707,9.000000000000002,65.85365853658537,1.8839714302981916,58.536585365853654,21.951219512195124,19.51219512195122,-11.769230063850333,31.0
1.0,10.0,3,30,10,41,2.6272800764765702,9.000000000000002,65.85365853658537,1.8839714302981911,58.536585365853654,21.951219512195124,19.51219512195122,-11.769230063850333,31.0
1.0,10.0,3,30,15,41,2.4212997408089927,9.000000000000002,65.85365853658537,1.761867179415441,58.536585365853654,24.390243902439025,17.073170731707318,-11.769230063850333,30.0
1.0,10.0,3,30,20,41,2.4212997408089927,9.000000000000002,65.85365853658537,1.761867179415441,58.536585365853654,24.390243902439025,17.073170731707318,-11.769230063850333,30.0
1.0,10.0,3,45,5,41,2.6272800764765707,9.000000000000002,65.85365853658537,1.8839714302981916,58.536585365853654,21.951219512195124,19.51219512195122,-11.769230063850333,31.0
1.0,10.0,3,45,10,41,2.6272800764765702,9.000000000000002,65.85365853658537,1.8839714302981911,58.536585365853654,21.951219512195124,19.51219512195122,-11.769230063850333,31.0
1.0,10.0,3,45,15,42,2.577935461265921,9.000000000000002,66.66666666666666,1.8309371644842767,59.523809523809526,23.809523809523807,16.666666666666664,-11.769230063850333,29.5
1.0,10.0,3,45,20,42,2.577935461265921,9.000000000000002,66.66666666666666,1.8309371644842767,59.523809523809526,23.809523809523807,16.666666666666664,-11.769230063850333,29.5
1.0,10.0,3,60,5,42,2.527943795076849,9.0,64.28571428571429,1.869958991805394,57.14285714285714,21.428571428571427,21.428571428571427,-11.769230063850333,32.0
1.0,10.0,3,60,10,42,2.5279437950768484,9.0,64.28571428571429,1.8699589918053938,57.14285714285714,21.428571428571427,21.428571428571427,-11.769230063850333,32.0
1.0,10.0,3,60,15,43,2.482056875136208,9.000000000000002,65.11627906976744,1.8179075994487541,58.139534883720934,23.25581395348837,18.6046511627907,-11.769230063850333,30.0
1.0,10.0,3,60,20,43,2.482056875136208,9.000000000000002,65.11627906976744,1.8179075994487541,58.139534883720934,23.25581395348837,18.6046511627907,-11.769230063850333,30.0
1.0,10.0,5,15,5,31,4.182627747968062,9.000000000000005,74.19354838709677,2.61422988880131,74.19354838709677,22.58064516129032,3.225806451612903,-11.769230063850333,16.0
1.0,10.0,5,15,10,31,4.182627747968062,9.000000000000005,74.19354838709677,2.61422988880131,74.19354838709677,22.58064516129032,3.225806451612903,-11.769230063850333,16.0
1.0,10.0,5,15,15,31,3.9102021427302978,9.000000000000005,74.19354838709677,2.365521209741824,74.19354838709677,25.806451612903224,0.0,-11.769230063850333,15.0
1.0,10.0,5,15,20,31,3.9102021427302978,9.000000000000005,74.19354838709677,2.365521209741824,74.19354838709677,25.806451612903224,0.0,-11.769230063850333,15.0
1.0,10.0,5,20,5,32,4.049041143133801,9.000000000000004,71.875,2.611234414867507,71.875,21.875,6.25,-11.769230063850333,16.5
1.0,10.0,5,20,10,32,4.049041143133801,9.000000000000004,71.875,2.611234414867507,71.875,21.875,6.25,-11.769230063850333,16.5
1.0,10.0,5,20,15,32,3.785128838059717,9.000000000000004,71.875,2.3630683143267035,71.875,25.0,3.125,-11.769230063850333,15.5
1.0,10.0,5,20,20,32,3.785128838059717,9.000000000000004,71.875,2.3630683143267035,71.875,25.0,3.125,-11.769230063850333,15.5
1.0,10.0,5,30,5,32,4.0490411431338,9.000000000000004,71.875,2.6112344148675066,71.875,21.875,6.25,-11.769230063850333,16.5
1.0,10.0,5,30,10,32,4.0490411431338,9.000000000000004,71.875,2.6112344148675066,71.875,21.875,6.25,-11.769230063850333,16.5
1.0,10.0,5,30,15,32,3.785128838059716,9.000000000000004,71.875,2.3630683143267035,71.875,25.0,3.125,-11.769230063850333,15.5
1.0,10.0,5,30,20,32,3.785128838059716,9.000000000000004,71.875,2.3630683143267035,71.875,25.0,3.125,-11.769230063850333,15.5
1.0,10.0,5,45,5,33,4.014103676647671,9.000000000000005,72.72727272727273,2.647248370670896,69.6969696969697,21.21212121212121,9.090909090909092,-11.769230063850333,19.0
1.0,10.0,5,45,10,33,4.014103676647671,9.000000000000005,72.72727272727273,2.647248370670896,69.6969696969697,21.21212121212121,9.090909090909092,-11.769230063850333,19.0
1.0,10.0,5,45,15,34,3.4598778606400753,9.000000000000004,70.58823529411765,2.23507707536893,67.64705882352942,23.52941176470588,8.823529411764707,-11.769230063850333,16.0
1.0,10.0,5,45,20,34,3.4598778606400753,9.000000000000004,70.58823529411765,2.23507707536893,67.64705882352942,23.52941176470588,8.823529411764707,-11.769230063850333,16.0
1.0,10.0,5,60,5,33,4.014103676647671,9.000000000000005,72.72727272727273,2.647248370670896,69.6969696969697,21.21212121212121,9.090909090909092,-11.769230063850333,17.0
1.0,10.0,5,60,10,33,4.014103676647671,9.000000000000005,72.72727272727273,2.647248370670896,69.6969696969697,21.21212121212121,9.090909090909092,-11.769230063850333,17.0
1.0,10.0,5,60,15,34,3.4298908293829893,9.000000000000004,70.58823529411765,2.211405069158302,67.64705882352942,23.52941176470588,8.823529411764707,-11.769230063850333,14.5
1.0,10.0,5,60,20,34,3.4298908293829893,9.000000000000004,70.58823529411765,2.211405069158302,67.64705882352942,23.52941176470588,8.823529411764707,-11.769230063850333,14.5
1.0,10.0,7,15,5,27,2.986304226783238,9.000000000000007,66.66666666666666,1.9803851770945295,66.66666666666666,25.925925925925924,7.4074074074074066,-11.769230063850333,10.0
1.0,10.0,7,15,10,27,3.7270449675239785,9.000000000000007,70.37037037037037,2.412484645276643,70.37037037037037,22.22222222222222,7.4074074074074066,-11.769230063850333,10.0
1.0,10.0,7,15,15,27,3.7270449675239785,9.000000000000007,70.37037037037037,2.412484645276643,70.37037037037037,22.22222222222222,7.4074074074074066,-11.769230063850333,10.0
1.0,10.0,7,15,20,27,3.7270449675239785,9.000000000000007,70.37037037037037,2.412484645276643,70.37037037037037,22.22222222222222,7.4074074074074066,-11.769230063850333,10.0
1.0,10.0,7,20,5,29,2.710687234258984,9.000000000000005,65.51724137931035,1.9093765108659033,62.06896551724138,24.137931034482758,13.793103448275861,-11.769230063850333,14.0
1.0,10.0,7,20,10,29,3.400342406672776,9.000000000000005,68.96551724137932,2.3070653251533044,65.51724137931035,20.689655172413794,13.793103448275861,-11.769230063850333,14.0
1.0,10.0,7,20,15,29,3.400342406672776,9.000000000000005,68.96551724137932,2.3070653251533044,65.51724137931035,20.689655172413794,13.793103448275861,-11.769230063850333,14.0
1.0,10.0,7,20,20,29,3.400342406672776,9.000000000000005,68.96551724137932,2.3070653251533044,65.51724137931035,20.689655172413794,13.793103448275861,-11.769230063850333,14.0
1.0,10.0,7,30,5,29,2.710687234258983,9.000000000000005,65.51724137931035,1.9093765108659033,62.06896551724138,24.137931034482758,13.793103448275861,-11.769230063850333,14.0
1.0,10.0,7,30,10,29,2.887328337558842,9.000000000000005,65.51724137931035,2.0296521588697405,62.06896551724138,20.689655172413794,17.24137931034483,-11.769230063850333,14.0
1.0,10.0,7,30,15,29,2.887328337558841,9.000000000000005,65.51724137931035,2.0296521588697405,62.06896551724138,20.689655172413794,17.24137931034483,-11.769230063850333,14.0
1.0,10.0,7,30,20,29,2.887328337558841,9.000000000000005,65.51724137931035,2.0296521588697405,62.06896551724138,20.689655172413794,17.24137931034483,-11.769230063850333,14.0
1.0,10.0,7,45,5,29,2.5965670481867384,9.000000000000004,65.51724137931035,1.8389717776652104,62.06896551724138,24.137931034482758,13.793103448275861,-11.769230063850333,17.0
1.0,10.0,7,45,10,29,2.772475888800382,9.000000000000005,65.51724137931035,1.9497932834051321,62.06896551724138,20.689655172413794,17.24137931034483,-11.769230063850333,17.0
1.0,10.0,7,45,15,29,2.772475888800382,9.000000000000005,65.51724137931035,1.9497932834051321,62.06896551724138,20.689655172413794,17.24137931034483,-11.769230063850333,17.0
1.0,10.0,7,45,20,29,2.772475888800382,9.000000000000005,65.51724137931035,1.9497932834051321,62.06896551724138,20.689655172413794,17.24137931034483,-11.769230063850333,17.0
1.0,10.0,7,60,5,30,2.843799641788088,9.000000000000004,66.66666666666666,1.961395897366472,63.33333333333333,23.333333333333332,13.333333333333334,-11.769230063850333,20.0
1.0,10.0,7,60,10,30,3.0138448543812766,9.000000000000005,66.66666666666666,2.0810273764562206,63.33333333333333,20.0,16.666666666666664,-11.769230063850333,21.0
1.0,10.0,7,60,15,31,3.042386750117504,9.000000000000005,67.74193548387096,2.0628161117063946,64.51612903225806,22.58064516129032,12.903225806451612,-11.769230063850333,17.0
1.0,10.0,7,60,20,31,3.042386750117504,9.000000000000005,67.74193548387096,2.0628161117063946,64.51612903225806,22.58064516129032,12.903225806451612,-11.769230063850333,17.0
1.0,10.0,10,15,5,24,2.739882108816618,9.000000000000005,66.66666666666666,1.818816819237311,66.66666666666666,29.166666666666668,4.166666666666666,-11.769230063850333,8.0
1.0,10.0,10,15,10,24,2.739882108816618,9.000000000000005,66.66666666666666,1.818816819237311,66.66666666666666,29.166666666666668,4.166666666666666,-11.769230063850333,8.0
1.0,10.0,10,15,15,24,2.739882108816618,9.000000000000005,66.66666666666666,1.818816819237311,66.66666666666666,29.166666666666668,4.166666666666666,-11.769230063850333,8.0
1.0,10.0,10,15,20,24,2.739882108816618,9.000000000000005,66.66666666666666,1.818816819237311,66.66666666666666,29.166666666666668,4.166666666666666,-11.769230063850333,8.0
1.0,10.0,10,20,5,25,2.3630395765688426,9.000000000000005,64.0,1.6791223448501715,64.0,28.000000000000004,8.0,-11.769230063850333,8.0
1.0,10.0,10,20,10,25,2.363039576568843,9.000000000000005,64.0,1.679122344850172,64.0,28.000000000000004,8.0,-11.769230063850333,8.0
1.0,10.0,10,20,15,25,2.363039576568843,9.000000000000005,64.0,1.679122344850172,64.0,28.000000000000004,8.0,-11.769230063850333,8.0
1.0,10.0,10,20,20,25,2.363039576568843,9.000000000000005,64.0,1.679122344850172,64.0,28.000000000000004,8.0,-11.769230063850333,8.0
1.0,10.0,10,30,5,28,1.5408396121745285,9.000000000000004,57.14285714285714,1.419189684699796,57.14285714285714,28.57142857142857,14.285714285714285,-11.769230063850333,14.0
1.0,10.0,10,30,10,28,1.5408396121745291,9.000000000000004,57.14285714285714,1.419189684699796,57.14285714285714,28.57142857142857,14.285714285714285,-11.769230063850333,14.0
1.0,10.0,10,30,15,28,1.5408396121745291,9.000000000000004,57.14285714285714,1.419189684699796,57.14285714285714,28.57142857142857,14.285714285714285,-11.769230063850333,14.0
1.0,10.0,10,30,20,28,1.5408396121745291,9.000000000000004,57.14285714285714,1.419189684699796,57.14285714285714,28.57142857142857,14.285714285714285,-11.769230063850333,14.0
1.0,10.0,10,45,5,28,1.456679673698145,9.000000000000004,57.14285714285714,1.387423317575194,57.14285714285714,28.57142857142857,14.285714285714285,-11.769230063850333,14.0
1.0,10.0,10,45,10,28,1.4566796736981458,9.000000000000004,57.14285714285714,1.3874233175751942,57.14285714285714,28.57142857142857,14.285714285714285,-11.769230063850333,14.0
1.0,10.0,10,45,15,28,1.4566796736981458,9.000000000000004,57.14285714285714,1.3874233175751942,57.14285714285714,28.57142857142857,14.285714285714285,-11.769230063850333,14.0
1.0,10.0,10,45,20,28,1.4566796736981458,9.000000000000004,57.14285714285714,1.3874233175751942,57.14285714285714,28.57142857142857,14.285714285714285,-11.769230063850333,14.0
1.0,10.0,10,60,5,28,1.461078041471327,9.000000000000004,57.14285714285714,1.3890482322546673,57.14285714285714,28.57142857142857,14.285714285714285,-11.769230063850333,14.0
1.0,10.0,10,60,10,28,0.7467923271856137,9.000000000000004,53.57142857142857,1.1800203972117818,53.57142857142857,32.142857142857146,14.285714285714285,-11.769230063850333,14.0
1.0,10.0,10,60,15,29,0.34173052279990246,9.000000000000002,51.724137931034484,1.0779381193150706,51.724137931034484,34.48275862068966,13.793103448275861,-11.769230063850333,13.0
1.0,10.0,10,60,20,29,0.34173052279990246,9.000000000000002,51.724137931034484,1.0779381193150706,51.724137931034484,34.48275862068966,13.793103448275861,-11.769230063850333,13.0
1.5,2.0,2,15,5,15,1.5877891620394593,9.000000000000005,60.0,1.482377272340717,53.333333333333336,20.0,26.666666666666668,-11.000000000000004,33.0
1.5,2.0,2,15,10,15,1.5877891620394593,9.000000000000005,60.0,1.482377272340717,53.333333333333336,20.0,26.666666666666668,-11.000000000000004,33.0
1.5,2.0,2,15,15,15,1.5877891620394593,9.000000000000005,60.0,1.482377272340717,53.333333333333336,20.0,26.666666666666668,-11.000000000000004,33.0
1.5,2.0,2,15,20,15,1.5877891620394593,9.000000000000005,60.0,1.482377272340717,53.333333333333336,20.0,26.666666666666668,-11.000000000000004,33.0
1.5,2.0,2,20,5,15,1.5877891620394593,9.000000000000005,60.0,1.482377272340717,53.333333333333336,20.0,26.666666666666668,-11.000000000000004,33.0
1.5,2.0,2,20,10,15,1.5877891620394589,9.000000000000005,60.0,1.4823772723407167,53.333333333333336,20.0,26.666666666666668,-11.000000000000004,33.0
1.5,2.0,2,20,15,15,1.5877891620394584,9.000000000000005,60.0,1.4823772723407167,53.333333333333336,20.0,26.666666666666668,-11.000000000000004,33.0
1.5,2.0,2,20,20,15,1.5877891620394584,9.000000000000005,60.0,1.4823772723407167,53.333333333333336,20.0,26.666666666666668,-11.000000000000004,33.0
1.5,2.0,2,30,5,15,1.5877891620394593,9.000000000000005,60.0,1.482377272340717,53.333333333333336,20.0,26.666666666666668,-11.000000000000004,33.0
1.5,2.0,2,30,10,15,1.5877891620394593,9.000000000000005,60.0,1.482377272340717,53.333333333333336,20.0,26.666666666666668,-11.000000000000004,33.0
1.5,2.0,2,30,15,15,1.5877891620394593,9.000000000000005,60.0,1.482377272340717,53.333333333333336,20.0,26.666666666666668,-11.000000000000004,33.0
1.5,2.0,2,30,20,15,1.5877891620394593,9.000000000000005,60.0,1.482377272340717,53.333333333333336,20.0,26.666666666666668,-11.000000000000004,33.0
1.5,2.0,2,45,5,15,1.5877891620394593,9.000000000000005,60.0,1.482377272340717,53.333333333333336,20.0,26.666666666666668,-11.000000000000004,33.0
1.5,2.0,2,45,10,15,1.5877891620394593,9.000000000000005,60.0,1.482377272340717,53.333333333333336,20.0,26.666666666666668,-11.000000000000004,33.0
1.5,2.0,2,45,15,15,1.5877891620394593,9.000000000000005,60.0,1.482377272340717,53.333333333333336,20.0,26.666666666666668,-11.000000000000004,33.0
1.5,2.0,2,45,20,15,1.5877891620394593,9.000000000000005,60.0,1.482377272340717,53.333333333333336,20.0,26.666666666666668,-11.000000000000004,33.0
1.5,2.0,2,60,5,15,1.5877891620394593,9.000000000000005,60.0,1.482377272340717,53.333333333333336,20.0,26.666666666666668,-11.000000000000004,33.0
1.5,2.0,2,60,10,15,1.5877891620394593,9.000000000000005,60.0,1.482377272340717,53.333333333333336,20.0,26.666666666666668,-11.000000000000004,33.0
1.5,2.0,2,60,15,15,1.5877891620394593,9.000000000000005,60.0,1.482377272340717,53.333333333333336,20.0,26.666666666666668,-11.000000000000004,33.0
1.5,2.0,2,60,20,15,1.5877891620394593,9.000000000000005,60.0,1.482377272340717,53.333333333333336,20.0,26.666666666666668,-11.000000000000004,33.0
1.5,2.0,3,15,5,13,2.6648468281030135,9.000000000000004,69.23076923076923,1.8832044510148396,61.53846153846154,23.076923076923077,15.384615384615385,-11.0,33.0
1.5,2.0,3,15,10,13,2.6648468281030135,9.000000000000004,69.23076923076923,1.8832044510148396,61.53846153846154,23.076923076923077,15.384615384615385,-11.0,33.0
1.5,2.0,3,15,15,13,2.6648468281030135,9.000000000000004,69.23076923076923,1.8832044510148396,61.53846153846154,23.076923076923077,15.384615384615385,-11.0,33.0
1.5,2.0,3,15,20,13,2.6648468281030135,9.000000000000004,69.23076923076923,1.8832044510148396,61.53846153846154,23.076923076923077,15.384615384615385,-11.0,33.0
1.5,2.0,3,20,5,13,2.6648468281030135,9.000000000000004,69.23076923076923,1.8832044510148396,61.53846153846154,23.076923076923077,15.384615384615385,-11.0,33.0
1.5,2.0,3,20,10,13,2.6648468281030135,9.000000000000004,69.23076923076923,1.8832044510148396,61.53846153846154,23.076923076923077,15.384615384615385,-11.0,33.0
1.5,2.0,3,20,15,13,2.6648468281030135,9.000000000000004,69.23076923076923,1.8832044510148396,61.53846153846154,23.076923076923077,15.384615384615385,-11.0,33.0
1.5,2.0,3,20,20,13,2.6648468281030135,9.000000000000004,69.23076923076923,1.8832044510148396,61.53846153846154,23.076923076923077,15.384615384615385,-11.0,33.0
1.5,2.0,3,30,5,13,2.6648468281030135,9.000000000000004,69.23076923076923,1.8832044510148396,61.53846153846154,23.076923076923077,15.384615384615385,-11.0,33.0
1.5,2.0,3,30,10,13,2.6648468281030135,9.000000000000004,69.23076923076923,1.8832044510148396,61.53846153846154,23.076923076923077,15.384615384615385,-11.0,33.0
1.5,2.0,3,30,15,13,2.6648468281030135,9.000000000000004,69.23076923076923,1.8832044510148396,61.53846153846154,23.076923076923077,15.384615384615385,-11.0,33.0
1.5,2.0,3,30,20,13,2.6648468281030135,9.000000000000004,69.23076923076923,1.8832044510148396,61.53846153846154,23.076923076923077,15.384615384615385,-11.0,33.0
1.5,2.0,3,45,5,13,2.6648468281030135,9.000000000000004,69.23076923076923,1.8832044510148396,61.53846153846154,23.076923076923077,15.384615384615385,-11.0,33.0
1.5,2.0,3,45,10,13,2.6648468281030135,9.000000000000004,69.23076923076923,1.8832044510148396,61.53846153846154,23.076923076923077,15.384615384615385,-11.0,33.0
1.5,2.0,3,45,15,13,2.6648468281030135,9.000000000000004,69.23076923076923,1.8832044510148396,61.53846153846154,23.076923076923077,15.384615384615385,-11.0,33.0
1.5,2.0,3,45,20,13,2.6648468281030135,9.000000000000004,69.23076923076923,1.8832044510148396,61.53846153846154,23.076923076923077,15.384615384615385,-11.0,33.0
1.5,2.0,3,60,5,13,2.5603967446844864,9.000000000000004,69.23076923076923,1.848586784584164,61.53846153846154,23.076923076923077,15.384615384615385,-11.0,33.0
1.5,2.0,3,60,10,13,2.5603967446844864,9.000000000000004,69.23076923076923,1.848586784584164,61.53846153846154,23.076923076923077,15.384615384615385,-11.0,33.0
1.5,2.0,3,60,15,13,2.5603967446844864,9.000000000000004,69.23076923076923,1.848586784584164,61.53846153846154,23.076923076923077,15.384615384615385,-11.0,33.0
1.5,2.0,3,60,20,13,2.5603967446844864,9.000000000000004,69.23076923076923,1.848586784584164,61.53846153846154,23.076923076923077,15.384615384615385,-11.0,33.0
1.5,2.0,5,15,5,9,4.555555555555567,9.000000000000012,77.77777777777779,2.8636363636363678,77.77777777777779,22.22222222222222,0.0,-11.000000000000005,15.0
1.5,2.0,5,15,10,9,4.555555555555567,9.000000000000012,77.77777777777779,2.8636363636363678,77.77777777777779,22.22222222222222,0.0,-11.000000000000005,15.0
1.5,2.0,5,15,15,9,4.555555555555567,9.000000000000012,77.77777777777779,2.8636363636363678,77.77777777777779,22.22222222222222,0.0,-11.000000000000005,15.0
1.5,2.0,5,15,20,9,4.555555555555567,9.000000000000012,77.77777777777779,2.8636363636363678,77.77777777777779,22.22222222222222,0.0,-11.000000000000005,15.0
1.5,2.0,5,20,5,10,4.090785639327178,9.000000000000012,70.0,2.85169248948812,70.0,20.0,10.0,-11.000000000000005,22.5
1.5,2.0,5,20,10,10,4.090785639327178,9.000000000000012,70.0,2.8516924894881197,70.0,20.0,10.0,-11.000000000000005,23.5
1.5,2.0,5,20,15,10,4.090785639327178,9.000000000000012,70.0,2.8516924894881197,70.0,20.0,10.0,-11.000000000000005,23.5
1.5,2.0,5,20,20,10,4.090785639327178,9.000000000000012,70.0,2.8516924894881197,70.0,20.0,10.0,-11.000000000000005,23.5
1.5,2.0,5,30,5,10,4.090785639327178,9.000000000000012,70.0,2.8516924894881197,70.0,20.0,10.0,-11.000000000000005,22.5
1.5,2.0,5,30,10,10,4.090785639327178,9.000000000000012,70.0,2.8516924894881197,70.0,20.0,10.0,-11.000000000000005,22.5
1.5,2.0,5,30,15,10,4.090785639327178,9.000000000000012,70.0,2.8516924894881197,70.0,20.0,10.0,-11.000000000000005,22.5
1.5,2.0,5,30,20,10,4.090785639327178,9.000000000000012,70.0,2.8516924894881197,70.0,20.0,10.0,-11.000000000000005,22.5
1.5,2.0,5,45,5,10,4.090785639327178,9.000000000000012,70.0,2.8516924894881197,70.0,20.0,10.0,-11.000000000000005,22.5
1.5,2.0,5,45,10,10,4.090785639327178,9.000000000000012,70.0,2.8516924894881197,70.0,20.0,10.0,-11.000000000000005,22.5
1.5,2.0,5,45,15,10,4.090785639327178,9.000000000000012,70.0,2.8516924894881197,70.0,20.0,10.0,-11.000000000000005,22.5
1.5,2.0,5,45,20,10,4.090785639327178,9.000000000000012,70.0,2.8516924894881197,70.0,20.0,10.0,-11.000000000000005,22.5
1.5,2.0,5,60,5,10,4.090785639327178,9.000000000000012,70.0,2.8516924894881197,70.0,20.0,10.0,-11.000000000000005,22.5
1.5,2.0,5,60,10,10,4.090785639327178,9.000000000000012,70.0,2.8516924894881197,70.0,20.0,10.0,-11.000000000000005,22.5
1.5,2.0,5,60,15,10,4.090785639327178,9.000000000000012,70.0,2.8516924894881197,70.0,20.0,10.0,-11.000000000000005,22.5
1.5,2.0,5,60,20,10,4.090785639327178,9.000000000000012,70.0,2.8516924894881197,70.0,20.0,10.0,-11.000000000000005,22.5
1.5,2.0,7,15,5,8,5.173351256255884,9.00000000000001,75.0,4.281232599704191,75.0,12.5,12.5,-10.999999999999996,21.0
1.5,2.0,7,15,10,8,5.173351256255884,9.00000000000001,75.0,4.281232599704191,75.0,12.5,12.5,-10.999999999999996,21.0
1.5,2.0,7,15,15,8,5.173351256255884,9.00000000000001,75.0,4.281232599704191,75.0,12.5,12.5,-10.999999999999996,21.0
1.5,2.0,7,15,20,8,5.173351256255884,9.00000000000001,75.0,4.281232599704191,75.0,12.5,12.5,-10.999999999999996,21.0
1.5,2.0,7,20,5,8,5.173351256255884,9.00000000000001,75.0,4.281232599704191,75.0,12.5,12.5,-10.999999999999996,21.0
1.5,2.0,7,20,10,8,5.173351256255883,9.00000000000001,75.0,4.2812325997041905,75.0,12.5,12.5,-10.999999999999996,21.0
1.5,2.0,7,20,15,8,5.173351256255883,9.00000000000001,75.0,4.2812325997041905,75.0,12.5,12.5,-10.999999999999996,21.0
1.5,2.0,7,20,20,8,5.173351256255883,9.00000000000001,75.0,4.2812325997041905,75.0,12.5,12.5,-10.999999999999996,21.0
1.5,2.0,7,30,5,8,5.173351256255884,9.00000000000001,75.0,4.281232599704191,75.0,12.5,12.5,-10.999999999999996,21.0
1.5,2.0,7,30,10,8,5.173351256255883,9.00000000000001,75.0,4.2812325997041905,75.0,12.5,12.5,-10.999999999999996,21.0
1.5,2.0,7,30,15,8,5.1733512562558825,9.00000000000001,75.0,4.2812325997041905,75.0,12.5,12.5,-10.999999999999996,21.0
1.5,2.0,7,30,20,8,5.1733512562558825,9.00000000000001,75.0,4.2812325997041905,75.0,12.5,12.5,-10.999999999999996,21.0
1.5,2.0,7,45,5,8,5.062484051962761,9.00000000000001,75.0,3.9999621976023034,75.0,12.5,12.5,-10.999999999999996,21.0
1.5,2.0,7,45,10,8,5.062484051962759,9.00000000000001,75.0,3.999962197602302,75.0,12.5,12.5,-10.999999999999996,21.0
1.5,2.0,7,45,15,8,5.062484051962759,9.00000000000001,75.0,3.999962197602302,75.0,12.5,12.5,-10.999999999999996,21.0
1.5,2.0,7,45,20,8,5.062484051962759,9.00000000000001,75.0,3.999962197602302,75.0,12.5,12.5,-10.999999999999996,21.0
1.5,2.0,7,60,5,8,5.062484051962761,9.00000000000001,75.0,3.9999621976023034,75.0,12.5,12.5,-10.999999999999996,21.0
1.5,2.0,7,60,10,8,5.062484051962759,9.00000000000001,75.0,3.999962197602302,75.0,12.5,12.5,-10.999999999999996,21.0
1.5,2.0,7,60,15,8,5.062484051962759,9.00000000000001,75.0,3.999962197602302,75.0,12.5,12.5,-10.999999999999996,21.0
1.5,2.0,7,60,20,8,5.062484051962759,9.00000000000001,75.0,3.999962197602302,75.0,12.5,12.5,-10.999999999999996,21.0
1.5,2.0,10,15,5,6,6.0107863533375,9.000000000000005,83.33333333333334,4.278610738184092,83.33333333333334,16.666666666666664,0.0,-10.999999999999995,17.5
1.5,2.0,10,15,10,6,6.0107863533375,9.000000000000005,83.33333333333334,4.278610738184092,83.33333333333334,16.666666666666664,0.0,-10.999999999999995,17.5
1.5,2.0,10,15,15,6,6.0107863533375,9.000000000000005,83.33333333333334,4.278610738184092,83.33333333333334,16.666666666666664,0.0,-10.999999999999995,17.5
1.5,2.0,10,15,20,6,6.0107863533375,9.000000000000005,83.33333333333334,4.278610738184092,83.33333333333334,16.666666666666664,0.0,-10.999999999999995,17.5
1.5,2.0,10,20,5,6,6.0107863533375,9.000000000000005,83.33333333333334,4.278610738184092,83.33333333333334,16.666666666666664,0.0,-10.999999999999995,17.5
1.5,2.0,10,20,10,6,6.010786353337501,9.000000000000007,83.33333333333334,4.278610738184093,83.33333333333334,16.666666666666664,0.0,-10.999999999999995,17.5
1.5,2.0,10,20,15,6,6.010786353337501,9.000000000000007,83.33333333333334,4.278610738184093,83.33333333333334,16.666666666666664,0.0,-10.999999999999995,17.5
1.5,2.0,10,20,20,6,6.010786353337501,9.000000000000007,83.33333333333334,4.278610738184093,83.33333333333334,16.666666666666664,0.0,-10.999999999999995,17.5
1.5,2.0,10,30,5,8,2.592622350633837,9.000000000000005,62.5,1.7879191689642633,62.5,25.0,12.5,-11.0,21.5
1.5,2.0,10,30,10,8,2.592622350633837,9.000000000000005,62.5,1.7879191689642633,62.5,25.0,12.5,-11.0,21.5
1.5,2.0,10,30,15,8,2.592622350633837,9.000000000000005,62.5,1.7879191689642633,62.5,25.0,12.5,-11.0,21.5
1.5,2.0,10,30,20,8,2.592622350633837,9.000000000000005,62.5,1.7879191689642633,62.5,25.0,12.5,-11.0,21.5
1.5,2.0,10,45,5,8,2.592622350633837,9.000000000000005,62.5,1.7879191689642633,62.5,25.0,12.5,-11.0,21.5
1.5,2.0,10,45,10,8,2.592622350633838,9.000000000000005,62.5,1.7879191689642637,62.5,25.0,12.5,-11.0,21.5
1.5,2.0,10,45,15,8,2.592622350633838,9.000000000000005,62.5,1.7879191689642637,62.5,25.0,12.5,-11.0,21.5
1.5,2.0,10,45,20,8,2.592622350633838,9.000000000000005,62.5,1.7879191689642637,62.5,25.0,12.5,-11.0,21.5
1.5,2.0,10,60,5,8,2.4847787973668907,9.000000000000005,62.5,1.7311805249815708,62.5,25.0,12.5,-11.0,21.5
1.5,2.0,10,60,10,8,2.484778797366892,9.000000000000005,62.5,1.7311805249815713,62.5,25.0,12.5,-11.0,21.5
1.5,2.0,10,60,15,8,2.484778797366892,9.000000000000005,62.5,1.7311805249815713,62.5,25.0,12.5,-11.0,21.5
1.5,2.0,10,60,20,8,2.484778797366892,9.000000000000005,62.5,1.7311805249815713,62.5,25.0,12.5,-11.0,21.5
1.5,2.5,2,15,5,27,0.6096247310501997,1.1907171638172311,51.85185185185185,1.1674855611451136,44.44444444444444,22.22222222222222,33.33333333333333,-11.000000000000004,49.0
1.5,2.5,2,15,10,27,0.6096247310501997,1.1907171638172311,51.85185185185185,1.1674855611451136,44.44444444444444,22.22222222222222,33.33333333333333,-11.000000000000004,49.0
1.5,2.5,2,15,15,27,0.6096247310501997,1.1907171638172311,51.85185185185185,1.1674855611451136,44.44444444444444,22.22222222222222,33.33333333333333,-11.000000000000004,49.0
1.5,2.5,2,15,20,27,0.6096247310501997,1.1907171638172311,51.85185185185185,1.1674855611451136,44.44444444444444,22.22222222222222,33.33333333333333,-11.000000000000004,49.0
1.5,2.5,2,20,5,27,0.6512653408442822,1.1907171638172311,51.85185185185185,1.1809963413424394,44.44444444444444,22.22222222222222,33.33333333333333,-11.000000000000004,49.0
1.5,2.5,2,20,10,27,0.651265340844282,1.1907171638172311,51.85185185185185,1.1809963413424394,44.44444444444444,22.22222222222222,33.33333333333333,-11.000000000000004,49.0
1.5,2.5,2,20,15,27,0.6512653408442817,1.1907171638172311,51.85185185185185,1.1809963413424394,44.44444444444444,22.22222222222222,33.33333333333333,-11.000000000000004,49.0
1.5,2.5,2,20,20,27,0.6512653408442817,1.1907171638172311,51.85185185185185,1.1809963413424394,44.44444444444444,22.22222222222222,33.33333333333333,-11.000000000000004,49.0
1.5,2.5,2,30,5,28,0.49223859362433336,-0.5219276943889524,50.0,1.136525005013739,42.857142857142854,21.428571428571427,35.714285714285715,-11.000000000000004,57.5
1.5,2.5,2,30,10,28,0.49223859362433336,-0.5219276943889524,50.0,1.136525005013739,42.857142857142854,21.428571428571427,35.714285714285715,-11.000000000000004,57.5
1.5,2.5,2,30,15,28,0.49223859362433336,-0.5219276943889524,50.0,1.136525005013739,42.857142857142854,21.428571428571427,35.714285714285715,-11.000000000000004,57.5
1.5,2.5,2,30,20,28,0.49223859362433336,-0.5219276943889524,50.0,1.136525005013739,42.857142857142854,21.428571428571427,35.714285714285715,-11.000000000000004,57.5
1.5,2.5,2,45,5,28,0.49223859362433336,-0.5219276943889524,50.0,1.136525005013739,42.857142857142854,21.428571428571427,35.714285714285715,-11.000000000000004,57.5
1.5,2.5,2,45,10,28,0.49223859362433336,-0.5219276943889524,50.0,1.136525005013739,42.857142857142854,21.428571428571427,35.714285714285715,-11.000000000000004,57.5
1.5,2.5,2,45,15,28,0.49223859362433287,-0.5219276943889524,50.0,1.136525005013739,42.857142857142854,21.428571428571427,35.714285714285715,-11.000000000000004,57.5
1.5,2.5,2,45,20,28,0.49223859362433287,-0.5219276943889524,50.0,1.136525005013739,42.857142857142854,21.428571428571427,35.714285714285715,-11.000000000000004,57.5
1.5,2.5,2,60,5,28,0.49223859362433336,-0.5219276943889524,50.0,1.136525005013739,42.857142857142854,21.428571428571427,35.714285714285715,-11.000000000000004,57.5
1.5,2.5,2,60,10,28,0.49223859362433336,-0.5219276943889524,50.0,1.136525005013739,42.857142857142854,21.428571428571427,35.714285714285715,-11.000000000000004,57.5
1.5,2.5,2,60,15,28,0.49223859362433287,-0.5219276943889524,50.0,1.136525005013739,42.857142857142854,21.428571428571427,35.714285714285715,-11.000000000000004,57.5
1.5,2.5,2,60,20,28,0.49223859362433287,-0.5219276943889524,50.0,1.136525005013739,42.857142857142854,21.428571428571427,35.714285714285715,-11.000000000000004,57.5
1.5,2.5,3,15,5,23,1.3758326101576608,9.0,60.86956521739131,1.3824799107460226,52.17391304347826,26.08695652173913,21.73913043478261,-11.000000000000002,33.0
1.5,2.5,3,15,10,23,1.3758326101576608,9.0,60.86956521739131,1.3824799107460226,52.17391304347826,26.08695652173913,21.73913043478261,-11.000000000000002,33.0
1.5,2.5,3,15,15,23,1.3758326101576608,9.0,60.86956521739131,1.3824799107460226,52.17391304347826,26.08695652173913,21.73913043478261,-11.000000000000002,33.0
1.5,2.5,3,15,20,23,1.3758326101576608,9.0,60.86956521739131,1.3824799107460226,52.17391304347826,26.08695652173913,21.73913043478261,-11.000000000000002,33.0
1.5,2.5,3,20,5,24,1.2018712349661815,6.755533535811594,58.333333333333336,1.3372356660688556,50.0,25.0,25.0,-11.000000000000002,35.5
1.5,2.5,3,20,10,24,1.2018712349661815,6.755533535811594,58.333333333333336,1.3372356660688556,50.0,25.0,25.0,-11.000000000000002,35.5
1.5,2.5,3,20,15,24,1.2018712349661815,6.755533535811594,58.333333333333336,1.3372356660688556,50.0,25.0,25.0,-11.000000000000002,35.5
1.5,2.5,3,20,20,24,1.2018712349661815,6.755533535811594,58.333333333333336,1.3372356660688556,50.0,25.0,25.0,-11.000000000000002,35.5
1.5,2.5,3,30,5,24,1.2018712349661813,6.755533535811594,58.333333333333336,1.3372356660688554,50.0,25.0,25.0,-11.000000000000002,35.5
1.5,2.5,3,30,10,24,1.2018712349661806,6.755533535811594,58.333333333333336,1.3372356660688551,50.0,25.0,25.0,-11.000000000000002,35.5
1.5,2.5,3,30,15,24,1.2018712349661806,6.755533535811594,58.333333333333336,1.3372356660688551,50.0,25.0,25.0,-11.000000000000002,35.5
1.5,2.5,3,30,20,24,1.2018712349661806,6.755533535811594,58.333333333333336,1.3372356660688551,50.0,25.0,25.0,-11.000000000000002,35.5
1.5,2.5,3,45,5,24,1.2018712349661813,6.755533535811594,58.333333333333336,1.3372356660688554,50.0,25.0,25.0,-11.000000000000002,35.5
1.5,2.5,3,45,10,24,1.201871234966181,6.755533535811594,58.333333333333336,1.3372356660688554,50.0,25.0,25.0,-11.000000000000002,35.5
1.5,2.5,3,45,15,24,1.2018712349661806,6.755533535811594,58.333333333333336,1.3372356660688551,50.0,25.0,25.0,-11.000000000000002,35.5
1.5,2.5,3,45,20,24,1.2018712349661806,6.755533535811594,58.333333333333336,1.3372356660688551,50.0,25.0,25.0,-11.000000000000002,35.5
1.5,2.5,3,60,5,24,1.1452941064478128,6.755533535811594,58.333333333333336,1.3213605664200214,50.0,25.0,25.0,-11.000000000000002,35.5
1.5,2.5,3,60,10,24,1.1452941064478124,6.755533535811594,58.333333333333336,1.3213605664200214,50.0,25.0,25.0,-11.000000000000002,35.5
1.5,2.5,3,60,15,24,1.1452941064478122,6.755533535811594,58.333333333333336,1.3213605664200212,50.0,25.0,25.0,-11.000000000000002,35.5
1.5,2.5,3,60,20,24,1.1452941064478122,6.755533535811594,58.333333333333336,1.3213605664200212,50.0,25.0,25.0,-11.000000000000002,35.5
1.5,2.5,5,15,5,16,2.750000000000008,9.000000000000004,68.75,1.8000000000000018,68.75,31.25,0.0,-11.000000000000005,18.0
1.5,2.5,5,15,10,16,2.750000000000008,9.000000000000004,68.75,1.8000000000000018,68.75,31.25,0.0,-11.000000000000005,18.0
1.5,2.5,5,15,15,16,2.750000000000008,9.000000000000004,68.75,1.8000000000000018,68.75,31.25,0.0,-11.000000000000005,18.0
1.5,2.5,5,15,20,16,2.750000000000008,9.000000000000004,68.75,1.8000000000000018,68.75,31.25,0.0,-11.000000000000005,18.0
1.5,2.5,5,20,5,17,2.582815081957166,9.000000000000002,64.70588235294117,1.7969894347677813,64.70588235294117,29.411764705882355,5.88235294117647,-11.000000000000005,19.0
1.5,2.5,5,20,10,17,2.582815081957166,9.000000000000002,64.70588235294117,1.7969894347677813,64.70588235294117,29.411764705882355,5.88235294117647,-11.000000000000005,19.0
1.5,2.5,5,20,15,17,2.582815081957166,9.000000000000002,64.70588235294117,1.7969894347677813,64.70588235294117,29.411764705882355,5.88235294117647,-11.000000000000005,19.0
1.5,2.5,5,20,20,17,2.582815081957166,9.000000000000002,64.70588235294117,1.7969894347677813,64.70588235294117,29.411764705882355,5.88235294117647,-11.000000000000005,19.0
1.5,2.5,5,30,5,17,2.582815081957165,9.000000000000002,64.70588235294117,1.796989434767781,64.70588235294117,29.411764705882355,5.88235294117647,-11.000000000000005,19.0
1.5,2.5,5,30,10,17,2.5828150819571647,9.000000000000002,64.70588235294117,1.7969894347677808,64.70588235294117,29.411764705882355,5.88235294117647,-11.000000000000005,19.0
1.5,2.5,5,30,15,17,2.5828150819571647,9.000000000000002,64.70588235294117,1.7969894347677808,64.70588235294117,29.411764705882355,5.88235294117647,-11.000000000000005,19.0
1.5,2.5,5,30,20,17,2.5828150819571647,9.000000000000002,64.70588235294117,1.7969894347677808,64.70588235294117,29.411764705882355,5.88235294117647,-11.000000000000005,19.0
1.5,2.5,5,45,5,17,2.582815081957165,9.000000000000002,64.70588235294117,1.796989434767781,64.70588235294117,29.411764705882355,5.88235294117647,-11.000000000000005,19.0
1.5,2.5,5,45,10,17,2.582815081957165,9.000000000000002,64.70588235294117,1.796989434767781,64.70588235294117,29.411764705882355,5.88235294117647,-11.000000000000005,19.0
1.5,2.5,5,45,15,17,1.6778515345901122,9.000000000000002,58.82352941176471,1.463973469431621,58.82352941176471,29.411764705882355,11.76470588235294,-11.000000000000005,19.0
1.5,2.5,5,45,20,17,1.6778515345901122,9.000000000000002,58.82352941176471,1.463973469431621,58.82352941176471,29.411764705882355,11.76470588235294,-11.000000000000005,19.0
1.5,2.5,5,60,5,17,2.582815081957165,9.000000000000002,64.70588235294117,1.796989434767781,64.70588235294117,29.411764705882355,5.88235294117647,-11.000000000000005,19.0
1.5,2.5,5,60,10,17,2.582815081957165,9.000000000000002,64.70588235294117,1.796989434767781,64.70588235294117,29.411764705882355,5.88235294117647,-11.000000000000005,19.0
1.5,2.5,5,60,15,17,1.6178774720759401,9.000000000000002,58.82352941176471,1.4400902539191336,58.82352941176471,29.411764705882355,11.76470588235294,-11.000000000000005,19.0
1.5,2.5,5,60,20,17,1.6178774720759401,9.000000000000002,58.82352941176471,1.4400902539191336,58.82352941176471,29.411764705882355,11.76470588235294,-11.000000000000005,19.0
1.5,2.5,7,15,5,13,5.106677696157472,9.00000000000001,76.92307692307693,3.811429128836499,76.92307692307693,15.384615384615385,7.6923076923076925,-10.999999999999996,23.0
1.5,2.5,7,15,10,13,5.106677696157472,9.00000000000001,76.92307692307693,3.811429128836499,76.92307692307693,15.384615384615385,7.6923076923076925,-10.999999999999996,23.0
1.5,2.5,7,15,15,13,5.106677696157472,9.00000000000001,76.92307692307693,3.811429128836499,76.92307692307693,15.384615384615385,7.6923076923076925,-10.999999999999996,23.0
1.5,2.5,7,15,20,13,5.106677696157472,9.00000000000001,76.92307692307693,3.811429128836499,76.92307692307693,15.384615384615385,7.6923076923076925,-10.999999999999996,23.0
1.5,2.5,7,20,5,14,3.9562007178605083,9.00000000000001,71.42857142857143,2.6001648542110845,71.42857142857143,21.428571428571427,7.142857142857142,-10.999999999999996,24.0
1.5,2.5,7,20,10,14,3.9562007178605083,9.000000000000009,71.42857142857143,2.6001648542110845,71.42857142857143,21.428571428571427,7.142857142857142,-10.999999999999996,24.0
1.5,2.5,7,20,15,14,3.9562007178605083,9.000000000000009,71.42857142857143,2.6001648542110845,71.42857142857143,21.428571428571427,7.142857142857142,-10.999999999999996,24.0
1.5,2.5,7,20,20,14,3.9562007178605083,9.000000000000009,71.42857142857143,2.6001648542110845,71.42857142857143,21.428571428571427,7.142857142857142,-10.999999999999996,24.0
1.5,2.5,7,30,5,14,3.9562007178605083,9.000000000000009,71.42857142857143,2.6001648542110845,71.42857142857143,21.428571428571427,7.142857142857142,-10.999999999999996,24.0
1.5,2.5,7,30,10,14,2.8935287175530724,9.000000000000007,64.28571428571429,2.000464406366811,64.28571428571429,21.428571428571427,14.285714285714285,-10.999999999999996,25.0
1.5,2.5,7,30,15,14,2.8935287175530715,9.000000000000004,64.28571428571429,2.000464406366811,64.28571428571429,21.428571428571427,14.285714285714285,-10.999999999999996,25.0
1.5,2.5,7,30,20,14,2.8935287175530715,9.000000000000004,64.28571428571429,2.000464406366811,64.28571428571429,21.428571428571427,14.285714285714285,-10.999999999999996,25.0
1.5,2.5,7,45,5,14,3.8928480296930084,9.000000000000009,71.42857142857143,2.5352021562820495,71.42857142857143,21.428571428571427,7.142857142857142,-10.999999999999996,24.0
1.5,2.5,7,45,10,14,2.8286591995355557,9.000000000000007,64.28571428571429,1.956579812380465,64.28571428571429,21.428571428571427,14.285714285714285,-10.999999999999996,25.0
1.5,2.5,7,45,15,14,2.8286591995355557,9.000000000000007,64.28571428571429,1.956579812380465,64.28571428571429,21.428571428571427,14.285714285714285,-10.999999999999996,25.0
1.5,2.5,7,45,20,14,2.8286591995355557,9.000000000000007,64.28571428571429,1.956579812380465,64.28571428571429,21.428571428571427,14.285714285714285,-10.999999999999996,25.0
1.5,2.5,7,60,5,15,4.233324827713475,9.000000000000007,73.33333333333333,2.788722371910254,73.33333333333333,20.0,6.666666666666667,-10.999999999999996,25.0
1.5,2.5,7,60,10,15,3.240081919566519,9.000000000000005,66.66666666666666,2.173977569311628,66.66666666666666,20.0,13.333333333333334,-10.999999999999996,25.0
1.5,2.5,7,60,15,15,2.8999914943801417,9.000000000000005,66.66666666666666,1.9354785605016496,66.66666666666666,26.666666666666668,6.666666666666667,-10.999999999999996,25.0
1.5,2.5,7,60,20,15,2.8999914943801417,9.000000000000005,66.66666666666666,1.9354785605016496,66.66666666666666,26.666666666666668,6.666666666666667,-10.999999999999996,25.0
1.5,2.5,10,15,5,11,4.5024000614044635,9.000000000000005,72.72727272727273,3.0183291208662992,72.72727272727273,18.181818181818183,9.090909090909092,-11.000000000000002,28.0
1.5,2.5,10,15,10,11,4.5024000614044635,9.000000000000005,72.72727272727273,3.0183291208662992,72.72727272727273,18.181818181818183,9.090909090909092,-11.000000000000002,28.0
1.5,2.5,10,15,15,11,4.5024000614044635,9.000000000000005,72.72727272727273,3.0183291208662992,72.72727272727273,18.181818181818183,9.090909090909092,-11.000000000000002,28.0
1.5,2.5,10,15,20,11,4.5024000614044635,9.000000000000005,72.72727272727273,3.0183291208662992,72.72727272727273,18.181818181818183,9.090909090909092,-11.000000000000002,28.0
1.5,2.5,10,20,5,11,4.5168701021170525,9.000000000000005,72.72727272727273,3.0380356675291713,72.72727272727273,18.181818181818183,9.090909090909092,-11.000000000000002,28.0
1.5,2.5,10,20,10,11,4.516870102117053,9.000000000000005,72.72727272727273,3.0380356675291713,72.72727272727273,18.181818181818183,9.090909090909092,-11.000000000000002,28.0
1.5,2.5,10,20,15,11,4.516870102117053,9.000000000000005,72.72727272727273,3.0380356675291713,72.72727272727273,18.181818181818183,9.090909090909092,-11.000000000000002,28.0
1.5,2.5,10,20,20,11,4.516870102117053,9.000000000000005,72.72727272727273,3.0380356675291713,72.72727272727273,18.181818181818183,9.090909090909092,-11.000000000000002,28.0
1.5,2.5,10,30,5,13,2.645155059994564,9.000000000000004,61.53846153846154,1.8666584442108702,61.53846153846154,23.076923076923077,15.384615384615385,-11.000000000000002,28.0
1.5,2.5,10,30,10,13,2.645155059994564,9.000000000000004,61.53846153846154,1.8666584442108702,61.53846153846154,23.076923076923077,15.384615384615385,-11.000000000000002,28.0
1.5,2.5,10,30,15,13,2.645155059994564,9.000000000000004,61.53846153846154,1.8666584442108702,61.53846153846154,23.076923076923077,15.384615384615385,-11.000000000000002,28.0
1.5,2.5,10,30,20,13,2.645155059994564,9.000000000000004,61.53846153846154,1.8666584442108702,61.53846153846154,23.076923076923077,15.384615384615385,-11.000000000000002,28.0
1.5,2.5,10,45,5,13,2.645155059994564,9.000000000000004,61.53846153846154,1.8666584442108702,61.53846153846154,23.076923076923077,15.384615384615385,-11.000000000000002,28.0
1.5,2.5,10,45,10,13,2.6451550599945644,9.000000000000004,61.53846153846154,1.8666584442108702,61.53846153846154,23.076923076923077,15.384615384615385,-11.000000000000002,28.0
1.5,2.5,10,45,15,13,2.6451550599945644,9.000000000000004,61.53846153846154,1.8666584442108702,61.53846153846154,23.076923076923077,15.384615384615385,-11.000000000000002,28.0
1.5,2.5,10,45,20,13,2.6451550599945644,9.000000000000004,61.53846153846154,1.8666584442108702,61.53846153846154,23.076923076923077,15.384615384615385,-11.000000000000002,28.0
1.5,2.5,10,60,5,13,2.578789796445674,9.000000000000004,61.53846153846154,1.8269337592496204,61.53846153846154,23.076923076923077,15.384615384615385,-11.000000000000002,28.0
1.5,2.5,10,60,10,13,1.0403282579841364,9.000000000000002,53.84615384615385,1.2624010297297346,53.84615384615385,30.76923076923077,15.384615384615385,-11.000000000000002,28.0
1.5,2.5,10,60,15,13,1.040328257984136,9.000000000000002,53.84615384615385,1.2624010297297346,53.84615384615385,30.76923076923077,15.384615384615385,-11.000000000000002,28.0
1.5,2.5,10,60,20,13,1.040328257984136,9.000000000000002,53.84615384615385,1.2624010297297346,53.84615384615385,30.76923076923077,15.384615384615385,-11.000000000000002,28.0
1.5,3.0,2,15,5,30,1.5615495234212198,7.272744648907786,56.666666666666664,1.4766812267451785,50.0,20.0,30.0,-11.000000000000004,33.0
1.5,3.0,2,15,10,30,1.5615495234212193,7.272744648907786,56.666666666666664,1.4766812267451783,50.0,20.0,30.0,-11.000000000000004,33.0
1.5,3.0,2,15,15,30,1.5615495234212193,7.272744648907786,56.666666666666664,1.4766812267451783,50.0,20.0,30.0,-11.000000000000004,33.0
1.5,3.0,2,15,20,30,1.5615495234212193,7.272744648907786,56.666666666666664,1.4766812267451783,50.0,20.0,30.0,-11.000000000000004,33.0
1.5,3.0,2,20,5,30,1.5990260722358942,7.272744648907786,56.666666666666664,1.493770187962397,50.0,20.0,30.0,-11.000000000000004,33.0
1.5,3.0,2,20,10,30,1.5990260722358933,7.272744648907786,56.666666666666664,1.4937701879623968,50.0,20.0,30.0,-11.000000000000004,33.0
1.5,3.0,2,20,15,30,1.5990260722358933,7.272744648907786,56.666666666666664,1.4937701879623968,50.0,20.0,30.0,-11.000000000000004,33.0
1.5,3.0,2,20,20,30,1.5990260722358933,7.272744648907786,56.666666666666664,1.4937701879623968,50.0,20.0,30.0,-11.000000000000004,33.0
1.5,3.0,2,30,5,31,1.4248160834116943,5.545489297815572,54.83870967741935,1.437521109026936,48.38709677419355,19.35483870967742,32.25806451612903,-11.000000000000004,33.0
1.5,3.0,2,30,10,31,1.4248160834116939,5.545489297815572,54.83870967741935,1.4375211090269358,48.38709677419355,19.35483870967742,32.25806451612903,-11.000000000000004,33.0
1.5,3.0,2,30,15,31,1.4248160834116939,5.545489297815572,54.83870967741935,1.4375211090269358,48.38709677419355,19.35483870967742,32.25806451612903,-11.000000000000004,33.0
1.5,3.0,2,30,20,31,1.4248160834116939,5.545489297815572,54.83870967741935,1.4375211090269358,48.38709677419355,19.35483870967742,32.25806451612903,-11.000000000000004,33.0
1.5,3.0,2,45,5,31,1.4248160834116943,5.545489297815572,54.83870967741935,1.437521109026936,48.38709677419355,19.35483870967742,32.25806451612903,-11.000000000000004,33.0
1.5,3.0,2,45,10,31,1.4248160834116939,5.545489297815572,54.83870967741935,1.4375211090269358,48.38709677419355,19.35483870967742,32.25806451612903,-11.000000000000004,33.0
1.5,3.0,2,45,15,31,1.4248160834116934,5.545489297815572,54.83870967741935,1.4375211090269358,48.38709677419355,19.35483870967742,32.25806451612903,-11.000000000000004,33.0
1.5,3.0,2,45,20,31,1.4248160834116934,5.545489297815572,54.83870967741935,1.4375211090269358,48.38709677419355,19.35483870967742,32.25806451612903,-11.000000000000004,33.0
1.5,3.0,2,60,5,31,1.4248160834116943,5.545489297815572,54.83870967741935,1.437521109026936,48.38709677419355,19.35483870967742,32.25806451612903,-11.000000000000004,33.0
1.5,3.0,2,60,10,31,1.4248160834116939,5.545489297815572,54.83870967741935,1.4375211090269358,48.38709677419355,19.35483870967742,32.25806451612903,-11.000000000000004,33.0
1.5,3.0,2,60,15,31,1.4248160834116934,5.545489297815572,54.83870967741935,1.4375211090269358,48.38709677419355,19.35483870967742,32.25806451612903,-11.000000000000004,33.0
1.5,3.0,2,60,20,31,1.4248160834116934,5.545489297815572,54.83870967741935,1.4375211090269358,48.38709677419355,19.35483870967742,32.25806451612903,-11.000000000000004,33.0
1.5,3.0,3,15,5,26,2.3857987691502847,9.0,65.38461538461539,1.749760147835707,57.692307692307686,23.076923076923077,19.230769230769234,-11.000000000000002,32.0
1.5,3.0,3,15,10,26,2.385798769150284,9.0,65.38461538461539,1.749760147835707,57.692307692307686,23.076923076923077,19.230769230769234,-11.000000000000002,32.0
1.5,3.0,3,15,15,26,2.385798769150284,9.0,65.38461538461539,1.749760147835707,57.692307692307686,23.076923076923077,19.230769230769234,-11.000000000000002,32.0
1.5,3.0,3,15,20,26,2.385798769150284,9.0,65.38461538461539,1.749760147835707,57.692307692307686,23.076923076923077,19.230769230769234,-11.000000000000002,32.0
1.5,3.0,3,20,5,27,2.193760281609983,9.0,62.96296296296296,1.6924959694272736,55.55555555555556,22.22222222222222,22.22222222222222,-11.000000000000002,33.0
1.5,3.0,3,20,10,27,2.193760281609983,9.0,62.96296296296296,1.6924959694272736,55.55555555555556,22.22222222222222,22.22222222222222,-11.000000000000002,33.0
1.5,3.0,3,20,15,27,2.193760281609983,9.0,62.96296296296296,1.6924959694272736,55.55555555555556,22.22222222222222,22.22222222222222,-11.000000000000002,33.0
1.5,3.0,3,20,20,27,2.193760281609983,9.0,62.96296296296296,1.6924959694272736,55.55555555555556,22.22222222222222,22.22222222222222,-11.000000000000002,33.0
1.5,3.0,3,30,5,27,2.193760281609983,9.0,62.96296296296296,1.6924959694272736,55.55555555555556,22.22222222222222,22.22222222222222,-11.000000000000002,33.0
1.5,3.0,3,30,10,27,2.1937602816099826,9.0,62.96296296296296,1.6924959694272734,55.55555555555556,22.22222222222222,22.22222222222222,-11.000000000000002,33.0
1.5,3.0,3,30,15,27,2.1937602816099826,9.0,62.96296296296296,1.6924959694272734,55.55555555555556,22.22222222222222,22.22222222222222,-11.000000000000002,33.0
1.5,3.0,3,30,20,27,2.1937602816099826,9.0,62.96296296296296,1.6924959694272734,55.55555555555556,22.22222222222222,22.22222222222222,-11.000000000000002,33.0
1.5,3.0,3,45,5,27,2.193760281609983,9.0,62.96296296296296,1.6924959694272736,55.55555555555556,22.22222222222222,22.22222222222222,-11.000000000000002,33.0
1.5,3.0,3,45,10,27,2.193760281609983,9.0,62.96296296296296,1.6924959694272734,55.55555555555556,22.22222222222222,22.22222222222222,-11.000000000000002,33.0
1.5,3.0,3,45,15,27,2.1937602816099826,9.0,62.96296296296296,1.6924959694272734,55.55555555555556,22.22222222222222,22.22222222222222,-11.000000000000002,33.0
1.5,3.0,3,45,20,27,2.1937602816099826,9.0,62.96296296296296,1.6924959694272734,55.55555555555556,22.22222222222222,22.22222222222222,-11.000000000000002,33.0
1.5,3.0,3,60,5,27,2.143469500704766,9.0,62.96296296296296,1.6766208697784397,55.55555555555556,22.22222222222222,22.22222222222222,-11.000000000000002,33.0
1.5,3.0,3,60,10,27,2.143469500704766,9.0,62.96296296296296,1.6766208697784397,55.55555555555556,22.22222222222222,22.22222222222222,-11.000000000000002,33.0
1.5,3.0,3,60,15,27,2.1434695007047657,9.0,62.96296296296296,1.6766208697784393,55.55555555555556,22.22222222222222,22.22222222222222,-11.000000000000002,33.0
1.5,3.0,3,60,20,27,2.1434695007047657,9.0,62.96296296296296,1.6766208697784393,55.55555555555556,22.22222222222222,22.22222222222222,-11.000000000000002,33.0
1.5,3.0,5,15,5,19,3.893973499394185,9.000000000000005,73.68421052631578,2.3451908452452632,73.68421052631578,26.31578947368421,0.0,-11.000000000000005,17.0
1.5,3.0,5,15,10,19,3.893973499394185,9.000000000000005,73.68421052631578,2.3451908452452632,73.68421052631578,26.31578947368421,0.0,-11.000000000000005,17.0
1.5,3.0,5,15,15,19,3.893973499394185,9.000000000000005,73.68421052631578,2.3451908452452632,73.68421052631578,26.31578947368421,0.0,-11.000000000000005,17.0
1.5,3.0,5,15,20,19,3.893973499394185,9.000000000000005,73.68421052631578,2.3451908452452632,73.68421052631578,26.31578947368421,0.0,-11.000000000000005,17.0
1.5,3.0,5,20,5,20,3.69466764408806,9.000000000000005,70.0,2.341268428566587,70.0,25.0,5.0,-11.000000000000005,18.0
1.5,3.0,5,20,10,20,3.694667644088061,9.000000000000007,70.0,2.341268428566587,70.0,25.0,5.0,-11.000000000000005,18.0
1.5,3.0,5,20,15,20,3.694667644088061,9.000000000000007,70.0,2.341268428566587,70.0,25.0,5.0,-11.000000000000005,18.0
1.5,3.0,5,20,20,20,3.694667644088061,9.000000000000007,70.0,2.341268428566587,70.0,25.0,5.0,-11.000000000000005,18.0
1.5,3.0,5,30,5,20,3.6946676440880593,9.000000000000005,70.0,2.341268428566587,70.0,25.0,5.0,-11.000000000000005,18.0
1.5,3.0,5,30,10,20,3.6946676440880593,9.000000000000005,70.0,2.3412684285665866,70.0,25.0,5.0,-11.000000000000005,18.0
1.5,3.0,5,30,15,20,3.6946676440880593,9.000000000000005,70.0,2.3412684285665866,70.0,25.0,5.0,-11.000000000000005,18.0
1.5,3.0,5,30,20,20,3.6946676440880593,9.000000000000005,70.0,2.3412684285665866,70.0,25.0,5.0,-11.000000000000005,18.0
1.5,3.0,5,45,5,20,3.6946676440880593,9.000000000000005,70.0,2.341268428566587,70.0,25.0,5.0,-11.000000000000005,18.0
1.5,3.0,5,45,10,20,3.69466764408806,9.000000000000005,70.0,2.341268428566587,70.0,25.0,5.0,-11.000000000000005,18.0
1.5,3.0,5,45,15,20,2.9254486288260644,9.000000000000004,65.0,1.9517287063969928,65.0,25.0,10.0,-11.000000000000005,18.0
1.5,3.0,5,45,20,20,2.9254486288260644,9.000000000000004,65.0,1.9517287063969928,65.0,25.0,10.0,-11.000000000000005,18.0
1.5,3.0,5,60,5,20,3.6946676440880593,9.000000000000005,70.0,2.341268428566587,70.0,25.0,5.0,-11.000000000000005,18.0
1.5,3.0,5,60,10,20,3.69466764408806,9.000000000000005,70.0,2.341268428566587,70.0,25.0,5.0,-11.000000000000005,18.0
1.5,3.0,5,60,15,20,2.874470675689018,9.000000000000004,65.0,1.919888267830244,65.0,25.0,10.0,-11.000000000000005,18.0
1.5,3.0,5,60,20,20,2.874470675689018,9.000000000000004,65.0,1.919888267830244,65.0,25.0,10.0,-11.000000000000005,18.0
1.5,3.0,7,15,5,16,3.3912767562187067,9.00000000000001,68.75,2.189577579621906,68.75,25.0,6.25,-11.000000000000004,15.5
1.5,3.0,7,15,10,16,4.641276756218707,9.00000000000001,75.0,3.1454372800331907,75.0,18.75,6.25,-11.000000000000004,15.5
1.5,3.0,7,15,15,16,4.641276756218707,9.00000000000001,75.0,3.1454372800331907,75.0,18.75,6.25,-11.000000000000004,15.5
1.5,3.0,7,15,20,16,4.641276756218707,9.00000000000001,75.0,3.1454372800331907,75.0,18.75,6.25,-11.000000000000004,15.5
1.5,3.0,7,20,5,17,2.54473106467643,9.00000000000001,64.70588235294117,1.7641404439096657,64.70588235294117,29.411764705882355,5.88235294117647,-11.000000000000004,17.0
1.5,3.0,7,20,10,17,3.721201652911723,9.000000000000007,70.58823529411765,2.3868889277182532,70.58823529411765,23.52941176470588,5.88235294117647,-11.000000000000004,17.0
1.5,3.0,7,20,15,17,3.721201652911723,9.000000000000007,70.58823529411765,2.3868889277182532,70.58823529411765,23.52941176470588,5.88235294117647,-11.000000000000004,17.0
1.5,3.0,7,20,20,17,3.721201652911723,9.000000000000007,70.58823529411765,2.3868889277182532,70.58823529411765,23.52941176470588,5.88235294117647,-11.000000000000004,17.0
1.5,3.0,7,30,5,17,2.544731064676429,9.000000000000007,64.70588235294117,1.7641404439096653,64.70588235294117,29.411764705882355,5.88235294117647,-11.000000000000004,17.0
1.5,3.0,7,30,10,17,2.846060005599718,9.000000000000007,64.70588235294117,1.9396476641847789,64.70588235294117,23.52941176470588,11.76470588235294,-11.0,17.0
1.5,3.0,7,30,15,17,2.846060005599717,9.000000000000005,64.70588235294117,1.9396476641847786,64.70588235294117,23.52941176470588,11.76470588235294,-11.0,17.0
1.5,3.0,7,30,20,17,2.846060005599717,9.000000000000005,64.70588235294117,1.9396476641847786,64.70588235294117,23.52941176470588,11.76470588235294,-11.0,17.0
1.5,3.0,7,45,5,17,2.4925582626561362,9.000000000000007,64.70588235294117,1.7369286338196854,64.70588235294117,29.411764705882355,5.88235294117647,-11.0,23.0
1.5,3.0,7,45,10,17,2.7926380495852925,9.000000000000005,64.70588235294117,1.906029774168802,64.70588235294117,23.52941176470588,11.76470588235294,-10.999999999999996,25.0
1.5,3.0,7,45,15,17,2.7926380495852925,9.000000000000005,64.70588235294117,1.906029774168802,64.70588235294117,23.52941176470588,11.76470588235294,-10.999999999999996,25.0
1.5,3.0,7,45,20,17,2.7926380495852925,9.000000000000005,64.70588235294117,1.906029774168802,64.70588235294117,23.52941176470588,11.76470588235294,-10.999999999999996,25.0
1.5,3.0,7,60,5,18,2.8540828036196846,9.000000000000007,66.66666666666666,1.8934500256514784,66.66666666666666,27.77777777777778,5.555555555555555,-11.0,24.0
1.5,3.0,7,60,10,18,3.1374914912749983,9.000000000000005,66.66666666666666,2.077789527170093,66.66666666666666,22.22222222222222,11.11111111111111,-10.999999999999996,25.0
1.5,3.0,7,60,15,18,2.8540828036196846,9.000000000000005,66.66666666666666,1.893450025651479,66.66666666666666,27.77777777777778,5.555555555555555,-10.999999999999996,25.0
1.5,3.0,7,60,20,18,2.8540828036196846,9.000000000000005,66.66666666666666,1.893450025651479,66.66666666666666,27.77777777777778,5.555555555555555,-10.999999999999996,25.0
1.5,3.0,10,15,5,14,4.037600048246365,9.000000000000005,71.42857142857143,2.5905761651098236,71.42857142857143,21.428571428571427,7.142857142857142,-11.000000000000005,17.5
1.5,3.0,10,15,10,14,4.037600048246365,9.000000000000005,71.42857142857143,2.5905761651098236,71.42857142857143,21.428571428571427,7.142857142857142,-11.000000000000005,17.5
1.5,3.0,10,15,15,14,4.037600048246365,9.000000000000005,71.42857142857143,2.5905761651098236,71.42857142857143,21.428571428571427,7.142857142857142,-11.000000000000005,17.5
1.5,3.0,10,15,20,14,4.037600048246365,9.000000000000005,71.42857142857143,2.5905761651098236,71.42857142857143,21.428571428571427,7.142857142857142,-11.000000000000005,17.5
1.5,3.0,10,20,5,14,4.048969365949114,9.000000000000005,71.42857142857143,2.6022311427834866,71.42857142857143,21.428571428571427,7.142857142857142,-11.000000000000005,18.5
1.5,3.0,10,20,10,14,4.048969365949115,9.000000000000007,71.42857142857143,2.6022311427834866,71.42857142857143,21.428571428571427,7.142857142857142,-11.000000000000005,18.5
1.5,3.0,10,20,15,14,4.048969365949115,9.000000000000007,71.42857142857143,2.6022311427834866,71.42857142857143,21.428571428571427,7.142857142857142,-11.000000000000005,18.5
1.5,3.0,10,20,20,14,4.048969365949115,9.000000000000007,71.42857142857143,2.6022311427834866,71.42857142857143,21.428571428571427,7.142857142857142,-11.000000000000005,18.5
1.5,3.0,10,30,5,16,2.586688486245584,9.000000000000004,62.5,1.8166711170562353,62.5,25.0,12.5,-11.000000000000005,19.0
1.5,3.0,10,30,10,16,2.5866884862455843,9.000000000000004,62.5,1.8166711170562357,62.5,25.0,12.5,-11.000000000000002,19.0
1.5,3.0,10,30,15,16,2.5866884862455843,9.000000000000004,62.5,1.8166711170562357,62.5,25.0,12.5,-11.000000000000002,19.0
1.5,3.0,10,30,20,16,2.5866884862455843,9.000000000000004,62.5,1.8166711170562357,62.5,25.0,12.5,-11.000000000000002,19.0
1.5,3.0,10,45,5,16,2.586688486245584,9.000000000000004,62.5,1.8166711170562353,62.5,25.0,12.5,-11.000000000000004,19.0
1.5,3.0,10,45,10,16,2.586688486245585,9.000000000000004,62.5,1.8166711170562353,62.5,25.0,12.5,-11.000000000000004,19.0
1.5,3.0,10,45,15,16,2.586688486245585,9.000000000000004,62.5,1.8166711170562353,62.5,25.0,12.5,-11.000000000000004,19.0
1.5,3.0,10,45,20,16,2.586688486245585,9.000000000000004,62.5,1.8166711170562353,62.5,25.0,12.5,-11.000000000000004,19.0
1.5,3.0,10,60,5,16,2.532766709612111,9.000000000000004,62.5,1.7862614073283354,62.5,25.0,12.5,-11.000000000000004,19.0
1.5,3.0,10,60,10,16,1.282766709612112,9.000000000000004,56.25,1.328175878208986,56.25,31.25,12.5,-11.000000000000004,20.0
1.5,3.0,10,60,15,16,1.2827667096121116,9.000000000000004,56.25,1.328175878208986,56.25,31.25,12.5,-11.000000000000004,14.0
1.5,3.0,10,60,20,16,1.2827667096121116,9.000000000000004,56.25,1.328175878208986,56.25,31.25,12.5,-11.000000000000004,14.0
1.5,4.0,2,15,5,30,1.5615495234212198,7.272744648907786,56.666666666666664,1.4766812267451785,50.0,20.0,30.0,-11.000000000000004,33.0
1.5,4.0,2,15,10,30,1.5615495234212193,7.272744648907786,56.666666666666664,1.4766812267451783,50.0,20.0,30.0,-11.000000000000004,33.0
1.5,4.0,2,15,15,30,1.5615495234212193,7.272744648907786,56.666666666666664,1.4766812267451783,50.0,20.0,30.0,-11.000000000000004,33.0
1.5,4.0,2,15,20,30,1.5615495234212193,7.272744648907786,56.666666666666664,1.4766812267451783,50.0,20.0,30.0,-11.000000000000004,33.0
1.5,4.0,2,20,5,30,1.5990260722358942,7.272744648907786,56.666666666666664,1.493770187962397,50.0,20.0,30.0,-11.000000000000004,33.0
1.5,4.0,2,20,10,30,1.5990260722358933,7.272744648907786,56.666666666666664,1.4937701879623968,50.0,20.0,30.0,-11.000000000000004,33.0
1.5,4.0,2,20,15,30,1.5990260722358933,7.272744648907786,56.666666666666664,1.4937701879623968,50.0,20.0,30.0,-11.000000000000004,33.0
1.5,4.0,2,20,20,30,1.5990260722358933,7.272744648907786,56.666666666666664,1.4937701879623968,50.0,20.0,30.0,-11.000000000000004,33.0
1.5,4.0,2,30,5,31,1.4248160834116943,5.545489297815572,54.83870967741935,1.437521109026936,48.38709677419355,19.35483870967742,32.25806451612903,-11.000000000000004,33.0
1.5,4.0,2,30,10,31,1.4248160834116939,5.545489297815572,54.83870967741935,1.4375211090269358,48.38709677419355,19.35483870967742,32.25806451612903,-11.000000000000004,33.0
1.5,4.0,2,30,15,31,1.4248160834116939,5.545489297815572,54.83870967741935,1.4375211090269358,48.38709677419355,19.35483870967742,32.25806451612903,-11.000000000000004,33.0
1.5,4.0,2,30,20,31,1.4248160834116939,5.545489297815572,54.83870967741935,1.4375211090269358,48.38709677419355,19.35483870967742,32.25806451612903,-11.000000000000004,33.0
1.5,4.0,2,45,5,31,1.4248160834116943,5.545489297815572,54.83870967741935,1.437521109026936,48.38709677419355,19.35483870967742,32.25806451612903,-11.000000000000004,33.0
1.5,4.0,2,45,10,31,1.4248160834116939,5.545489297815572,54.83870967741935,1.4375211090269358,48.38709677419355,19.35483870967742,32.25806451612903,-11.000000000000004,33.0
1.5,4.0,2,45,15,31,1.4248160834116934,5.545489297815572,54.83870967741935,1.4375211090269358,48.38709677419355,19.35483870967742,32.25806451612903,-11.000000000000004,33.0
1.5,4.0,2,45,20,31,1.4248160834116934,5.545489297815572,54.83870967741935,1.4375211090269358,48.38709677419355,19.35483870967742,32.25806451612903,-11.000000000000004,33.0
1.5,4.0,2,60,5,31,1.4248160834116943,5.545489297815572,54.83870967741935,1.437521109026936,48.38709677419355,19.35483870967742,32.25806451612903,-11.000000000000004,33.0
1.5,4.0,2,60,10,31,1.4248160834116939,5.545489297815572,54.83870967741935,1.4375211090269358,48.38709677419355,19.35483870967742,32.25806451612903,-11.000000000000004,33.0
1.5,4.0,2,60,15,31,1.4248160834116934,5.545489297815572,54.83870967741935,1.4375211090269358,48.38709677419355,19.35483870967742,32.25806451612903,-11.000000000000004,33.0
1.5,4.0,2,60,20,31,1.4248160834116934,5.545489297815572,54.83870967741935,1.4375211090269358,48.38709677419355,19.35483870967742,32.25806451612903,-11.000000000000004,33.0
1.5,4.0,3,15,5,26,2.3857987691502847,9.0,65.38461538461539,1.749760147835707,57.692307692307686,23.076923076923077,19.230769230769234,-11.000000000000002,32.0
1.5,4.0,3,15,10,26,2.385798769150284,9.0,65.38461538461539,1.749760147835707,57.692307692307686,23.076923076923077,19.230769230769234,-11.000000000000002,32.0
1.5,4.0,3,15,15,26,2.385798769150284,9.0,65.38461538461539,1.749760147835707,57.692307692307686,23.076923076923077,19.230769230769234,-11.000000000000002,32.0
1.5,4.0,3,15,20,26,2.385798769150284,9.0,65.38461538461539,1.749760147835707,57.692307692307686,23.076923076923077,19.230769230769234,-11.000000000000002,32.0
1.5,4.0,3,20,5,27,2.193760281609983,9.0,62.96296296296296,1.6924959694272736,55.55555555555556,22.22222222222222,22.22222222222222,-11.000000000000002,33.0
1.5,4.0,3,20,10,27,2.193760281609983,9.0,62.96296296296296,1.6924959694272736,55.55555555555556,22.22222222222222,22.22222222222222,-11.000000000000002,33.0
1.5,4.0,3,20,15,27,2.193760281609983,9.0,62.96296296296296,1.6924959694272736,55.55555555555556,22.22222222222222,22.22222222222222,-11.000000000000002,33.0
1.5,4.0,3,20,20,27,2.193760281609983,9.0,62.96296296296296,1.6924959694272736,55.55555555555556,22.22222222222222,22.22222222222222,-11.000000000000002,33.0
1.5,4.0,3,30,5,27,2.193760281609983,9.0,62.96296296296296,1.6924959694272736,55.55555555555556,22.22222222222222,22.22222222222222,-11.000000000000002,33.0
1.5,4.0,3,30,10,27,2.1937602816099826,9.0,62.96296296296296,1.6924959694272734,55.55555555555556,22.22222222222222,22.22222222222222,-11.000000000000002,33.0
1.5,4.0,3,30,15,27,2.1937602816099826,9.0,62.96296296296296,1.6924959694272734,55.55555555555556,22.22222222222222,22.22222222222222,-11.000000000000002,33.0
1.5,4.0,3,30,20,27,2.1937602816099826,9.0,62.96296296296296,1.6924959694272734,55.55555555555556,22.22222222222222,22.22222222222222,-11.000000000000002,33.0
1.5,4.0,3,45,5,27,2.193760281609983,9.0,62.96296296296296,1.6924959694272736,55.55555555555556,22.22222222222222,22.22222222222222,-11.000000000000002,33.0
1.5,4.0,3,45,10,27,2.193760281609983,9.0,62.96296296296296,1.6924959694272734,55.55555555555556,22.22222222222222,22.22222222222222,-11.000000000000002,33.0
1.5,4.0,3,45,15,27,2.1937602816099826,9.0,62.96296296296296,1.6924959694272734,55.55555555555556,22.22222222222222,22.22222222222222,-11.000000000000002,33.0
1.5,4.0,3,45,20,27,2.1937602816099826,9.0,62.96296296296296,1.6924959694272734,55.55555555555556,22.22222222222222,22.22222222222222,-11.000000000000002,33.0
1.5,4.0,3,60,5,27,2.143469500704766,9.0,62.96296296296296,1.6766208697784397,55.55555555555556,22.22222222222222,22.22222222222222,-11.000000000000002,33.0
1.5,4.0,3,60,10,27,2.143469500704766,9.0,62.96296296296296,1.6766208697784397,55.55555555555556,22.22222222222222,22.22222222222222,-11.000000000000002,33.0
1.5,4.0,3,60,15,27,2.1434695007047657,9.0,62.96296296296296,1.6766208697784393,55.55555555555556,22.22222222222222,22.22222222222222,-11.000000000000002,33.0
1.5,4.0,3,60,20,27,2.1434695007047657,9.0,62.96296296296296,1.6766208697784393,55.55555555555556,22.22222222222222,22.22222222222222,-11.000000000000002,33.0
1.5,4.0,5,15,5,19,3.893973499394185,9.000000000000005,73.68421052631578,2.3451908452452632,73.68421052631578,26.31578947368421,0.0,-11.000000000000005,17.0
1.5,4.0,5,15,10,19,3.893973499394185,9.000000000000005,73.68421052631578,2.3451908452452632,73.68421052631578,26.31578947368421,0.0,-11.000000000000005,17.0
1.5,4.0,5,15,15,19,3.893973499394185,9.000000000000005,73.68421052631578,2.3451908452452632,73.68421052631578,26.31578947368421,0.0,-11.000000000000005,17.0
1.5,4.0,5,15,20,19,3.893973499394185,9.000000000000005,73.68421052631578,2.3451908452452632,73.68421052631578,26.31578947368421,0.0,-11.000000000000005,17.0
1.5,4.0,5,20,5,20,3.69466764408806,9.000000000000005,70.0,2.341268428566587,70.0,25.0,5.0,-11.000000000000005,18.0
1.5,4.0,5,20,10,20,3.694667644088061,9.000000000000007,70.0,2.341268428566587,70.0,25.0,5.0,-11.000000000000005,18.0
1.5,4.0,5,20,15,20,3.694667644088061,9.000000000000007,70.0,2.341268428566587,70.0,25.0,5.0,-11.000000000000005,18.0
1.5,4.0,5,20,20,20,3.694667644088061,9.000000000000007,70.0,2.341268428566587,70.0,25.0,5.0,-11.000000000000005,18.0
1.5,4.0,5,30,5,20,3.6946676440880593,9.000000000000005,70.0,2.341268428566587,70.0,25.0,5.0,-11.000000000000005,18.0
1.5,4.0,5,30,10,20,3.6946676440880593,9.000000000000005,70.0,2.3412684285665866,70.0,25.0,5.0,-11.000000000000005,18.0
1.5,4.0,5,30,15,20,3.6946676440880593,9.000000000000005,70.0,2.3412684285665866,70.0,25.0,5.0,-11.000000000000005,18.0
1.5,4.0,5,30,20,20,3.6946676440880593,9.000000000000005,70.0,2.3412684285665866,70.0,25.0,5.0,-11.000000000000005,18.0
1.5,4.0,5,45,5,20,3.6946676440880593,9.000000000000005,70.0,2.341268428566587,70.0,25.0,5.0,-11.000000000000005,18.0
1.5,4.0,5,45,10,20,3.69466764408806,9.000000000000005,70.0,2.341268428566587,70.0,25.0,5.0,-11.000000000000005,18.0
1.5,4.0,5,45,15,20,2.9254486288260644,9.000000000000004,65.0,1.9517287063969928,65.0,25.0,10.0,-11.000000000000005,18.0
1.5,4.0,5,45,20,20,2.9254486288260644,9.000000000000004,65.0,1.9517287063969928,65.0,25.0,10.0,-11.000000000000005,18.0
1.5,4.0,5,60,5,20,3.6946676440880593,9.000000000000005,70.0,2.341268428566587,70.0,25.0,5.0,-11.000000000000005,18.0
1.5,4.0,5,60,10,20,3.69466764408806,9.000000000000005,70.0,2.341268428566587,70.0,25.0,5.0,-11.000000000000005,18.0
1.5,4.0,5,60,15,20,2.874470675689018,9.000000000000004,65.0,1.919888267830244,65.0,25.0,10.0,-11.000000000000005,18.0
1.5,4.0,5,60,20,20,2.874470675689018,9.000000000000004,65.0,1.919888267830244,65.0,25.0,10.0,-11.000000000000005,18.0
1.5,4.0,7,15,5,16,3.3912767562187067,9.00000000000001,68.75,2.189577579621906,68.75,25.0,6.25,-11.000000000000004,15.5
1.5,4.0,7,15,10,16,4.641276756218707,9.00000000000001,75.0,3.1454372800331907,75.0,18.75,6.25,-11.000000000000004,15.5
1.5,4.0,7,15,15,16,4.641276756218707,9.00000000000001,75.0,3.1454372800331907,75.0,18.75,6.25,-11.000000000000004,15.5
1.5,4.0,7,15,20,16,4.641276756218707,9.00000000000001,75.0,3.1454372800331907,75.0,18.75,6.25,-11.000000000000004,15.5
1.5,4.0,7,20,5,17,2.54473106467643,9.00000000000001,64.70588235294117,1.7641404439096657,64.70588235294117,29.411764705882355,5.88235294117647,-11.000000000000004,17.0
1.5,4.0,7,20,10,17,3.721201652911723,9.000000000000007,70.58823529411765,2.3868889277182532,70.58823529411765,23.52941176470588,5.88235294117647,-11.000000000000004,17.0
1.5,4.0,7,20,15,17,3.721201652911723,9.000000000000007,70.58823529411765,2.3868889277182532,70.58823529411765,23.52941176470588,5.88235294117647,-11.000000000000004,17.0
1.5,4.0,7,20,20,17,3.721201652911723,9.000000000000007,70.58823529411765,2.3868889277182532,70.58823529411765,23.52941176470588,5.88235294117647,-11.000000000000004,17.0
1.5,4.0,7,30,5,17,2.544731064676429,9.000000000000007,64.70588235294117,1.7641404439096653,64.70588235294117,29.411764705882355,5.88235294117647,-11.000000000000004,17.0
1.5,4.0,7,30,10,17,2.846060005599718,9.000000000000007,64.70588235294117,1.9396476641847789,64.70588235294117,23.52941176470588,11.76470588235294,-11.0,17.0
1.5,4.0,7,30,15,17,2.846060005599717,9.000000000000005,64.70588235294117,1.9396476641847786,64.70588235294117,23.52941176470588,11.76470588235294,-11.0,17.0
1.5,4.0,7,30,20,17,2.846060005599717,9.000000000000005,64.70588235294117,1.9396476641847786,64.70588235294117,23.52941176470588,11.76470588235294,-11.0,17.0
1.5,4.0,7,45,5,17,2.4925582626561362,9.000000000000007,64.70588235294117,1.7369286338196854,64.70588235294117,29.411764705882355,5.88235294117647,-11.0,23.0
1.5,4.0,7,45,10,17,2.7926380495852925,9.000000000000005,64.70588235294117,1.906029774168802,64.70588235294117,23.52941176470588,11.76470588235294,-10.999999999999996,25.0
1.5,4.0,7,45,15,17,2.7926380495852925,9.000000000000005,64.70588235294117,1.906029774168802,64.70588235294117,23.52941176470588,11.76470588235294,-10.999999999999996,25.0
1.5,4.0,7,45,20,17,2.7926380495852925,9.000000000000005,64.70588235294117,1.906029774168802,64.70588235294117,23.52941176470588,11.76470588235294,-10.999999999999996,25.0
1.5,4.0,7,60,5,18,2.8540828036196846,9.000000000000007,66.66666666666666,1.8934500256514784,66.66666666666666,27.77777777777778,5.555555555555555,-11.0,24.0
1.5,4.0,7,60,10,18,3.1374914912749983,9.000000000000005,66.66666666666666,2.077789527170093,66.66666666666666,22.22222222222222,11.11111111111111,-10.999999999999996,25.0
1.5,4.0,7,60,15,18,2.8540828036196846,9.000000000000005,66.66666666666666,1.893450025651479,66.66666666666666,27.77777777777778,5.555555555555555,-10.999999999999996,25.0
1.5,4.0,7,60,20,18,2.8540828036196846,9.000000000000005,66.66666666666666,1.893450025651479,66.66666666666666,27.77777777777778,5.555555555555555,-10.999999999999996,25.0
1.5,4.0,10,15,5,14,4.037600048246365,9.000000000000005,71.42857142857143,2.5905761651098236,71.42857142857143,21.428571428571427,7.142857142857142,-11.000000000000005,17.5
1.5,4.0,10,15,10,14,4.037600048246365,9.000000000000005,71.42857142857143,2.5905761651098236,71.42857142857143,21.428571428571427,7.142857142857142,-11.000000000000005,17.5
1.5,4.0,10,15,15,14,4.037600048246365,9.000000000000005,71.42857142857143,2.5905761651098236,71.42857142857143,21.428571428571427,7.142857142857142,-11.000000000000005,17.5
1.5,4.0,10,15,20,14,4.037600048246365,9.000000000000005,71.42857142857143,2.5905761651098236,71.42857142857143,21.428571428571427,7.142857142857142,-11.000000000000005,17.5
1.5,4.0,10,20,5,14,4.048969365949114,9.000000000000005,71.42857142857143,2.6022311427834866,71.42857142857143,21.428571428571427,7.142857142857142,-11.000000000000005,18.5
1.5,4.0,10,20,10,14,4.048969365949115,9.000000000000007,71.42857142857143,2.6022311427834866,71.42857142857143,21.428571428571427,7.142857142857142,-11.000000000000005,18.5
1.5,4.0,10,20,15,14,4.048969365949115,9.000000000000007,71.42857142857143,2.6022311427834866,71.42857142857143,21.428571428571427,7.142857142857142,-11.000000000000005,18.5
1.5,4.0,10,20,20,14,4.048969365949115,9.000000000000007,71.42857142857143,2.6022311427834866,71.42857142857143,21.428571428571427,7.142857142857142,-11.000000000000005,18.5
1.5,4.0,10,30,5,16,2.586688486245584,9.000000000000004,62.5,1.8166711170562353,62.5,25.0,12.5,-11.000000000000005,19.0
1.5,4.0,10,30,10,16,2.5866884862455843,9.000000000000004,62.5,1.8166711170562357,62.5,25.0,12.5,-11.000000000000002,19.0
1.5,4.0,10,30,15,16,2.5866884862455843,9.000000000000004,62.5,1.8166711170562357,62.5,25.0,12.5,-11.000000000000002,19.0
1.5,4.0,10,30,20,16,2.5866884862455843,9.000000000000004,62.5,1.8166711170562357,62.5,25.0,12.5,-11.000000000000002,19.0
1.5,4.0,10,45,5,16,2.586688486245584,9.000000000000004,62.5,1.8166711170562353,62.5,25.0,12.5,-11.000000000000004,19.0
1.5,4.0,10,45,10,16,2.586688486245585,9.000000000000004,62.5,1.8166711170562353,62.5,25.0,12.5,-11.000000000000004,19.0
1.5,4.0,10,45,15,16,2.586688486245585,9.000000000000004,62.5,1.8166711170562353,62.5,25.0,12.5,-11.000000000000004,19.0
1.5,4.0,10,45,20,16,2.586688486245585,9.000000000000004,62.5,1.8166711170562353,62.5,25.0,12.5,-11.000000000000004,19.0
1.5,4.0,10,60,5,16,2.532766709612111,9.000000000000004,62.5,1.7862614073283354,62.5,25.0,12.5,-11.000000000000004,19.0
1.5,4.0,10,60,10,16,1.282766709612112,9.000000000000004,56.25,1.328175878208986,56.25,31.25,12.5,-11.000000000000004,20.0
1.5,4.0,10,60,15,16,1.2827667096121116,9.000000000000004,56.25,1.328175878208986,56.25,31.25,12.5,-11.000000000000004,14.0
1.5,4.0,10,60,20,16,1.2827667096121116,9.000000000000004,56.25,1.328175878208986,56.25,31.25,12.5,-11.000000000000004,14.0
1.5,5.0,2,15,5,30,1.5615495234212198,7.272744648907786,56.666666666666664,1.4766812267451785,50.0,20.0,30.0,-11.000000000000004,33.0
1.5,5.0,2,15,10,30,1.5615495234212193,7.272744648907786,56.666666666666664,1.4766812267451783,50.0,20.0,30.0,-11.000000000000004,33.0
1.5,5.0,2,15,15,30,1.5615495234212193,7.272744648907786,56.666666666666664,1.4766812267451783,50.0,20.0,30.0,-11.000000000000004,33.0
1.5,5.0,2,15,20,30,1.5615495234212193,7.272744648907786,56.666666666666664,1.4766812267451783,50.0,20.0,30.0,-11.000000000000004,33.0
1.5,5.0,2,20,5,30,1.5990260722358942,7.272744648907786,56.666666666666664,1.493770187962397,50.0,20.0,30.0,-11.000000000000004,33.0
1.5,5.0,2,20,10,30,1.5990260722358933,7.272744648907786,56.666666666666664,1.4937701879623968,50.0,20.0,30.0,-11.000000000000004,33.0
1.5,5.0,2,20,15,30,1.5990260722358933,7.272744648907786,56.666666666666664,1.4937701879623968,50.0,20.0,30.0,-11.000000000000004,33.0
1.5,5.0,2,20,20,30,1.5990260722358933,7.272744648907786,56.666666666666664,1.4937701879623968,50.0,20.0,30.0,-11.000000000000004,33.0
1.5,5.0,2,30,5,31,1.4248160834116943,5.545489297815572,54.83870967741935,1.437521109026936,48.38709677419355,19.35483870967742,32.25806451612903,-11.000000000000004,33.0
1.5,5.0,2,30,10,31,1.4248160834116939,5.545489297815572,54.83870967741935,1.4375211090269358,48.38709677419355,19.35483870967742,32.25806451612903,-11.000000000000004,33.0
1.5,5.0,2,30,15,31,1.4248160834116939,5.545489297815572,54.83870967741935,1.4375211090269358,48.38709677419355,19.35483870967742,32.25806451612903,-11.000000000000004,33.0
1.5,5.0,2,30,20,31,1.4248160834116939,5.545489297815572,54.83870967741935,1.4375211090269358,48.38709677419355,19.35483870967742,32.25806451612903,-11.000000000000004,33.0
1.5,5.0,2,45,5,31,1.4248160834116943,5.545489297815572,54.83870967741935,1.437521109026936,48.38709677419355,19.35483870967742,32.25806451612903,-11.000000000000004,33.0
1.5,5.0,2,45,10,31,1.4248160834116939,5.545489297815572,54.83870967741935,1.4375211090269358,48.38709677419355,19.35483870967742,32.25806451612903,-11.000000000000004,33.0
1.5,5.0,2,45,15,31,1.4248160834116934,5.545489297815572,54.83870967741935,1.4375211090269358,48.38709677419355,19.35483870967742,32.25806451612903,-11.000000000000004,33.0
1.5,5.0,2,45,20,31,1.4248160834116934,5.545489297815572,54.83870967741935,1.4375211090269358,48.38709677419355,19.35483870967742,32.25806451612903,-11.000000000000004,33.0
1.5,5.0,2,60,5,31,1.4248160834116943,5.545489297815572,54.83870967741935,1.437521109026936,48.38709677419355,19.35483870967742,32.25806451612903,-11.000000000000004,33.0
1.5,5.0,2,60,10,31,1.4248160834116939,5.545489297815572,54.83870967741935,1.4375211090269358,48.38709677419355,19.35483870967742,32.25806451612903,-11.000000000000004,33.0
1.5,5.0,2,60,15,31,1.4248160834116934,5.545489297815572,54.83870967741935,1.4375211090269358,48.38709677419355,19.35483870967742,32.25806451612903,-11.000000000000004,33.0
1.5,5.0,2,60,20,31,1.4248160834116934,5.545489297815572,54.83870967741935,1.4375211090269358,48.38709677419355,19.35483870967742,32.25806451612903,-11.000000000000004,33.0
1.5,5.0,3,15,5,26,2.3857987691502847,9.0,65.38461538461539,1.749760147835707,57.692307692307686,23.076923076923077,19.230769230769234,-11.000000000000002,32.0
1.5,5.0,3,15,10,26,2.385798769150284,9.0,65.38461538461539,1.749760147835707,57.692307692307686,23.076923076923077,19.230769230769234,-11.000000000000002,32.0
1.5,5.0,3,15,15,26,2.385798769150284,9.0,65.38461538461539,1.749760147835707,57.692307692307686,23.076923076923077,19.230769230769234,-11.000000000000002,32.0
1.5,5.0,3,15,20,26,2.385798769150284,9.0,65.38461538461539,1.749760147835707,57.692307692307686,23.076923076923077,19.230769230769234,-11.000000000000002,32.0
1.5,5.0,3,20,5,27,2.193760281609983,9.0,62.96296296296296,1.6924959694272736,55.55555555555556,22.22222222222222,22.22222222222222,-11.000000000000002,33.0
1.5,5.0,3,20,10,27,2.193760281609983,9.0,62.96296296296296,1.6924959694272736,55.55555555555556,22.22222222222222,22.22222222222222,-11.000000000000002,33.0
1.5,5.0,3,20,15,27,2.193760281609983,9.0,62.96296296296296,1.6924959694272736,55.55555555555556,22.22222222222222,22.22222222222222,-11.000000000000002,33.0
1.5,5.0,3,20,20,27,2.193760281609983,9.0,62.96296296296296,1.6924959694272736,55.55555555555556,22.22222222222222,22.22222222222222,-11.000000000000002,33.0
1.5,5.0,3,30,5,27,2.193760281609983,9.0,62.96296296296296,1.6924959694272736,55.55555555555556,22.22222222222222,22.22222222222222,-11.000000000000002,33.0
1.5,5.0,3,30,10,27,2.1937602816099826,9.0,62.96296296296296,1.6924959694272734,55.55555555555556,22.22222222222222,22.22222222222222,-11.000000000000002,33.0
1.5,5.0,3,30,15,27,2.1937602816099826,9.0,62.96296296296296,1.6924959694272734,55.55555555555556,22.22222222222222,22.22222222222222,-11.000000000000002,33.0
1.5,5.0,3,30,20,27,2.1937602816099826,9.0,62.96296296296296,1.6924959694272734,55.55555555555556,22.22222222222222,22.22222222222222,-11.000000000000002,33.0
1.5,5.0,3,45,5,27,2.193760281609983,9.0,62.96296296296296,1.6924959694272736,55.55555555555556,22.22222222222222,22.22222222222222,-11.000000000000002,33.0
1.5,5.0,3,45,10,27,2.193760281609983,9.0,62.96296296296296,1.6924959694272734,55.55555555555556,22.22222222222222,22.22222222222222,-11.000000000000002,33.0
1.5,5.0,3,45,15,27,2.1937602816099826,9.0,62.96296296296296,1.6924959694272734,55.55555555555556,22.22222222222222,22.22222222222222,-11.000000000000002,33.0
1.5,5.0,3,45,20,27,2.1937602816099826,9.0,62.96296296296296,1.6924959694272734,55.55555555555556,22.22222222222222,22.22222222222222,-11.000000000000002,33.0
1.5,5.0,3,60,5,27,2.143469500704766,9.0,62.96296296296296,1.6766208697784397,55.55555555555556,22.22222222222222,22.22222222222222,-11.000000000000002,33.0
1.5,5.0,3,60,10,27,2.143469500704766,9.0,62.96296296296296,1.6766208697784397,55.55555555555556,22.22222222222222,22.22222222222222,-11.000000000000002,33.0
1.5,5.0,3,60,15,27,2.1434695007047657,9.0,62.96296296296296,1.6766208697784393,55.55555555555556,22.22222222222222,22.22222222222222,-11.000000000000002,33.0
1.5,5.0,3,60,20,27,2.1434695007047657,9.0,62.96296296296296,1.6766208697784393,55.55555555555556,22.22222222222222,22.22222222222222,-11.000000000000002,33.0
1.5,5.0,5,15,5,19,3.893973499394185,9.000000000000005,73.68421052631578,2.3451908452452632,73.68421052631578,26.31578947368421,0.0,-11.000000000000005,17.0
1.5,5.0,5,15,10,19,3.893973499394185,9.000000000000005,73.68421052631578,2.3451908452452632,73.68421052631578,26.31578947368421,0.0,-11.000000000000005,17.0
1.5,5.0,5,15,15,19,3.893973499394185,9.000000000000005,73.68421052631578,2.3451908452452632,73.68421052631578,26.31578947368421,0.0,-11.000000000000005,17.0
1.5,5.0,5,15,20,19,3.893973499394185,9.000000000000005,73.68421052631578,2.3451908452452632,73.68421052631578,26.31578947368421,0.0,-11.000000000000005,17.0
1.5,5.0,5,20,5,20,3.69466764408806,9.000000000000005,70.0,2.341268428566587,70.0,25.0,5.0,-11.000000000000005,18.0
1.5,5.0,5,20,10,20,3.694667644088061,9.000000000000007,70.0,2.341268428566587,70.0,25.0,5.0,-11.000000000000005,18.0
1.5,5.0,5,20,15,20,3.694667644088061,9.000000000000007,70.0,2.341268428566587,70.0,25.0,5.0,-11.000000000000005,18.0
1.5,5.0,5,20,20,20,3.694667644088061,9.000000000000007,70.0,2.341268428566587,70.0,25.0,5.0,-11.000000000000005,18.0
1.5,5.0,5,30,5,20,3.6946676440880593,9.000000000000005,70.0,2.341268428566587,70.0,25.0,5.0,-11.000000000000005,18.0
1.5,5.0,5,30,10,20,3.6946676440880593,9.000000000000005,70.0,2.3412684285665866,70.0,25.0,5.0,-11.000000000000005,18.0
1.5,5.0,5,30,15,20,3.6946676440880593,9.000000000000005,70.0,2.3412684285665866,70.0,25.0,5.0,-11.000000000000005,18.0
1.5,5.0,5,30,20,20,3.6946676440880593,9.000000000000005,70.0,2.3412684285665866,70.0,25.0,5.0,-11.000000000000005,18.0
1.5,5.0,5,45,5,20,3.6946676440880593,9.000000000000005,70.0,2.341268428566587,70.0,25.0,5.0,-11.000000000000005,18.0
1.5,5.0,5,45,10,20,3.69466764408806,9.000000000000005,70.0,2.341268428566587,70.0,25.0,5.0,-11.000000000000005,18.0
1.5,5.0,5,45,15,20,2.9254486288260644,9.000000000000004,65.0,1.9517287063969928,65.0,25.0,10.0,-11.000000000000005,18.0
1.5,5.0,5,45,20,20,2.9254486288260644,9.000000000000004,65.0,1.9517287063969928,65.0,25.0,10.0,-11.000000000000005,18.0
1.5,5.0,5,60,5,20,3.6946676440880593,9.000000000000005,70.0,2.341268428566587,70.0,25.0,5.0,-11.000000000000005,18.0
1.5,5.0,5,60,10,20,3.69466764408806,9.000000000000005,70.0,2.341268428566587,70.0,25.0,5.0,-11.000000000000005,18.0
1.5,5.0,5,60,15,20,2.874470675689018,9.000000000000004,65.0,1.919888267830244,65.0,25.0,10.0,-11.000000000000005,18.0
1.5,5.0,5,60,20,20,2.874470675689018,9.000000000000004,65.0,1.919888267830244,65.0,25.0,10.0,-11.000000000000005,18.0
1.5,5.0,7,15,5,16,3.3912767562187067,9.00000000000001,68.75,2.189577579621906,68.75,25.0,6.25,-11.000000000000004,15.5
1.5,5.0,7,15,10,16,4.641276756218707,9.00000000000001,75.0,3.1454372800331907,75.0,18.75,6.25,-11.000000000000004,15.5
1.5,5.0,7,15,15,16,4.641276756218707,9.00000000000001,75.0,3.1454372800331907,75.0,18.75,6.25,-11.000000000000004,15.5
1.5,5.0,7,15,20,16,4.641276756218707,9.00000000000001,75.0,3.1454372800331907,75.0,18.75,6.25,-11.000000000000004,15.5
1.5,5.0,7,20,5,17,2.54473106467643,9.00000000000001,64.70588235294117,1.7641404439096657,64.70588235294117,29.411764705882355,5.88235294117647,-11.000000000000004,17.0
1.5,5.0,7,20,10,17,3.721201652911723,9.000000000000007,70.58823529411765,2.3868889277182532,70.58823529411765,23.52941176470588,5.88235294117647,-11.000000000000004,17.0
1.5,5.0,7,20,15,17,3.721201652911723,9.000000000000007,70.58823529411765,2.3868889277182532,70.58823529411765,23.52941176470588,5.88235294117647,-11.000000000000004,17.0
1.5,5.0,7,20,20,17,3.721201652911723,9.000000000000007,70.58823529411765,2.3868889277182532,70.58823529411765,23.52941176470588,5.88235294117647,-11.000000000000004,17.0
1.5,5.0,7,30,5,17,2.544731064676429,9.000000000000007,64.70588235294117,1.7641404439096653,64.70588235294117,29.411764705882355,5.88235294117647,-11.000000000000004,17.0
1.5,5.0,7,30,10,17,2.846060005599718,9.000000000000007,64.70588235294117,1.9396476641847789,64.70588235294117,23.52941176470588,11.76470588235294,-11.0,17.0
1.5,5.0,7,30,15,17,2.846060005599717,9.000000000000005,64.70588235294117,1.9396476641847786,64.70588235294117,23.52941176470588,11.76470588235294,-11.0,17.0
1.5,5.0,7,30,20,17,2.846060005599717,9.000000000000005,64.70588235294117,1.9396476641847786,64.70588235294117,23.52941176470588,11.76470588235294,-11.0,17.0
1.5,5.0,7,45,5,17,2.4925582626561362,9.000000000000007,64.70588235294117,1.7369286338196854,64.70588235294117,29.411764705882355,5.88235294117647,-11.0,23.0
1.5,5.0,7,45,10,17,2.7926380495852925,9.000000000000005,64.70588235294117,1.906029774168802,64.70588235294117,23.52941176470588,11.76470588235294,-10.999999999999996,25.0
1.5,5.0,7,45,15,17,2.7926380495852925,9.000000000000005,64.70588235294117,1.906029774168802,64.70588235294117,23.52941176470588,11.76470588235294,-10.999999999999996,25.0
1.5,5.0,7,45,20,17,2.7926380495852925,9.000000000000005,64.70588235294117,1.906029774168802,64.70588235294117,23.52941176470588,11.76470588235294,-10.999999999999996,25.0
1.5,5.0,7,60,5,18,2.8540828036196846,9.000000000000007,66.66666666666666,1.8934500256514784,66.66666666666666,27.77777777777778,5.555555555555555,-11.0,24.0
1.5,5.0,7,60,10,18,3.1374914912749983,9.000000000000005,66.66666666666666,2.077789527170093,66.66666666666666,22.22222222222222,11.11111111111111,-10.999999999999996,25.0
1.5,5.0,7,60,15,18,2.8540828036196846,9.000000000000005,66.66666666666666,1.893450025651479,66.66666666666666,27.77777777777778,5.555555555555555,-10.999999999999996,25.0
1.5,5.0,7,60,20,18,2.8540828036196846,9.000000000000005,66.66666666666666,1.893450025651479,66.66666666666666,27.77777777777778,5.555555555555555,-10.999999999999996,25.0
1.5,5.0,10,15,5,14,4.037600048246365,9.000000000000005,71.42857142857143,2.5905761651098236,71.42857142857143,21.428571428571427,7.142857142857142,-11.000000000000005,17.5
1.5,5.0,10,15,10,14,4.037600048246365,9.000000000000005,71.42857142857143,2.5905761651098236,71.42857142857143,21.428571428571427,7.142857142857142,-11.000000000000005,17.5
1.5,5.0,10,15,15,14,4.037600048246365,9.000000000000005,71.42857142857143,2.5905761651098236,71.42857142857143,21.428571428571427,7.142857142857142,-11.000000000000005,17.5
1.5,5.0,10,15,20,14,4.037600048246365,9.000000000000005,71.42857142857143,2.5905761651098236,71.42857142857143,21.428571428571427,7.142857142857142,-11.000000000000005,17.5
1.5,5.0,10,20,5,14,4.048969365949114,9.000000000000005,71.42857142857143,2.6022311427834866,71.42857142857143,21.428571428571427,7.142857142857142,-11.000000000000005,18.5
1.5,5.0,10,20,10,14,4.048969365949115,9.000000000000007,71.42857142857143,2.6022311427834866,71.42857142857143,21.428571428571427,7.142857142857142,-11.000000000000005,18.5
1.5,5.0,10,20,15,14,4.048969365949115,9.000000000000007,71.42857142857143,2.6022311427834866,71.42857142857143,21.428571428571427,7.142857142857142,-11.000000000000005,18.5
1.5,5.0,10,20,20,14,4.048969365949115,9.000000000000007,71.42857142857143,2.6022311427834866,71.42857142857143,21.428571428571427,7.142857142857142,-11.000000000000005,18.5
1.5,5.0,10,30,5,16,2.586688486245584,9.000000000000004,62.5,1.8166711170562353,62.5,25.0,12.5,-11.000000000000005,19.0
1.5,5.0,10,30,10,16,2.5866884862455843,9.000000000000004,62.5,1.8166711170562357,62.5,25.0,12.5,-11.000000000000002,19.0
1.5,5.0,10,30,15,16,2.5866884862455843,9.000000000000004,62.5,1.8166711170562357,62.5,25.0,12.5,-11.000000000000002,19.0
1.5,5.0,10,30,20,16,2.5866884862455843,9.000000000000004,62.5,1.8166711170562357,62.5,25.0,12.5,-11.000000000000002,19.0
1.5,5.0,10,45,5,16,2.586688486245584,9.000000000000004,62.5,1.8166711170562353,62.5,25.0,12.5,-11.000000000000004,19.0
1.5,5.0,10,45,10,16,2.586688486245585,9.000000000000004,62.5,1.8166711170562353,62.5,25.0,12.5,-11.000000000000004,19.0
1.5,5.0,10,45,15,16,2.586688486245585,9.000000000000004,62.5,1.8166711170562353,62.5,25.0,12.5,-11.000000000000004,19.0
1.5,5.0,10,45,20,16,2.586688486245585,9.000000000000004,62.5,1.8166711170562353,62.5,25.0,12.5,-11.000000000000004,19.0
1.5,5.0,10,60,5,16,2.532766709612111,9.000000000000004,62.5,1.7862614073283354,62.5,25.0,12.5,-11.000000000000004,19.0
1.5,5.0,10,60,10,16,1.282766709612112,9.000000000000004,56.25,1.328175878208986,56.25,31.25,12.5,-11.000000000000004,20.0
1.5,5.0,10,60,15,16,1.2827667096121116,9.000000000000004,56.25,1.328175878208986,56.25,31.25,12.5,-11.000000000000004,14.0
1.5,5.0,10,60,20,16,1.2827667096121116,9.000000000000004,56.25,1.328175878208986,56.25,31.25,12.5,-11.000000000000004,14.0
1.5,8.0,2,15,5,30,1.5615495234212198,7.272744648907786,56.666666666666664,1.4766812267451785,50.0,20.0,30.0,-11.000000000000004,33.0
1.5,8.0,2,15,10,30,1.5615495234212193,7.272744648907786,56.666666666666664,1.4766812267451783,50.0,20.0,30.0,-11.000000000000004,33.0
1.5,8.0,2,15,15,30,1.5615495234212193,7.272744648907786,56.666666666666664,1.4766812267451783,50.0,20.0,30.0,-11.000000000000004,33.0
1.5,8.0,2,15,20,30,1.5615495234212193,7.272744648907786,56.666666666666664,1.4766812267451783,50.0,20.0,30.0,-11.000000000000004,33.0
1.5,8.0,2,20,5,30,1.5990260722358942,7.272744648907786,56.666666666666664,1.493770187962397,50.0,20.0,30.0,-11.000000000000004,33.0
1.5,8.0,2,20,10,30,1.5990260722358933,7.272744648907786,56.666666666666664,1.4937701879623968,50.0,20.0,30.0,-11.000000000000004,33.0
1.5,8.0,2,20,15,30,1.5990260722358933,7.272744648907786,56.666666666666664,1.4937701879623968,50.0,20.0,30.0,-11.000000000000004,33.0
1.5,8.0,2,20,20,30,1.5990260722358933,7.272744648907786,56.666666666666664,1.4937701879623968,50.0,20.0,30.0,-11.000000000000004,33.0
1.5,8.0,2,30,5,31,1.4248160834116943,5.545489297815572,54.83870967741935,1.437521109026936,48.38709677419355,19.35483870967742,32.25806451612903,-11.000000000000004,33.0
1.5,8.0,2,30,10,31,1.4248160834116939,5.545489297815572,54.83870967741935,1.4375211090269358,48.38709677419355,19.35483870967742,32.25806451612903,-11.000000000000004,33.0
1.5,8.0,2,30,15,31,1.4248160834116939,5.545489297815572,54.83870967741935,1.4375211090269358,48.38709677419355,19.35483870967742,32.25806451612903,-11.000000000000004,33.0
1.5,8.0,2,30,20,31,1.4248160834116939,5.545489297815572,54.83870967741935,1.4375211090269358,48.38709677419355,19.35483870967742,32.25806451612903,-11.000000000000004,33.0
1.5,8.0,2,45,5,31,1.4248160834116943,5.545489297815572,54.83870967741935,1.437521109026936,48.38709677419355,19.35483870967742,32.25806451612903,-11.000000000000004,33.0
1.5,8.0,2,45,10,31,1.4248160834116939,5.545489297815572,54.83870967741935,1.4375211090269358,48.38709677419355,19.35483870967742,32.25806451612903,-11.000000000000004,33.0
1.5,8.0,2,45,15,31,1.4248160834116934,5.545489297815572,54.83870967741935,1.4375211090269358,48.38709677419355,19.35483870967742,32.25806451612903,-11.000000000000004,33.0
1.5,8.0,2,45,20,31,1.4248160834116934,5.545489297815572,54.83870967741935,1.4375211090269358,48.38709677419355,19.35483870967742,32.25806451612903,-11.000000000000004,33.0
1.5,8.0,2,60,5,31,1.4248160834116943,5.545489297815572,54.83870967741935,1.437521109026936,48.38709677419355,19.35483870967742,32.25806451612903,-11.000000000000004,33.0
1.5,8.0,2,60,10,31,1.4248160834116939,5.545489297815572,54.83870967741935,1.4375211090269358,48.38709677419355,19.35483870967742,32.25806451612903,-11.000000000000004,33.0
1.5,8.0,2,60,15,31,1.4248160834116934,5.545489297815572,54.83870967741935,1.4375211090269358,48.38709677419355,19.35483870967742,32.25806451612903,-11.000000000000004,33.0
1.5,8.0,2,60,20,31,1.4248160834116934,5.545489297815572,54.83870967741935,1.4375211090269358,48.38709677419355,19.35483870967742,32.25806451612903,-11.000000000000004,33.0
1.5,8.0,3,15,5,26,2.3857987691502847,9.0,65.38461538461539,1.749760147835707,57.692307692307686,23.076923076923077,19.230769230769234,-11.000000000000002,32.0
1.5,8.0,3,15,10,26,2.385798769150284,9.0,65.38461538461539,1.749760147835707,57.692307692307686,23.076923076923077,19.230769230769234,-11.000000000000002,32.0
1.5,8.0,3,15,15,26,2.385798769150284,9.0,65.38461538461539,1.749760147835707,57.692307692307686,23.076923076923077,19.230769230769234,-11.000000000000002,32.0
1.5,8.0,3,15,20,26,2.385798769150284,9.0,65.38461538461539,1.749760147835707,57.692307692307686,23.076923076923077,19.230769230769234,-11.000000000000002,32.0
1.5,8.0,3,20,5,27,2.193760281609983,9.0,62.96296296296296,1.6924959694272736,55.55555555555556,22.22222222222222,22.22222222222222,-11.000000000000002,33.0
1.5,8.0,3,20,10,27,2.193760281609983,9.0,62.96296296296296,1.6924959694272736,55.55555555555556,22.22222222222222,22.22222222222222,-11.000000000000002,33.0
1.5,8.0,3,20,15,27,2.193760281609983,9.0,62.96296296296296,1.6924959694272736,55.55555555555556,22.22222222222222,22.22222222222222,-11.000000000000002,33.0
1.5,8.0,3,20,20,27,2.193760281609983,9.0,62.96296296296296,1.6924959694272736,55.55555555555556,22.22222222222222,22.22222222222222,-11.000000000000002,33.0
1.5,8.0,3,30,5,27,2.193760281609983,9.0,62.96296296296296,1.6924959694272736,55.55555555555556,22.22222222222222,22.22222222222222,-11.000000000000002,33.0
1.5,8.0,3,30,10,27,2.1937602816099826,9.0,62.96296296296296,1.6924959694272734,55.55555555555556,22.22222222222222,22.22222222222222,-11.000000000000002,33.0
1.5,8.0,3,30,15,27,2.1937602816099826,9.0,62.96296296296296,1.6924959694272734,55.55555555555556,22.22222222222222,22.22222222222222,-11.000000000000002,33.0
1.5,8.0,3,30,20,27,2.1937602816099826,9.0,62.96296296296296,1.6924959694272734,55.55555555555556,22.22222222222222,22.22222222222222,-11.000000000000002,33.0
1.5,8.0,3,45,5,27,2.193760281609983,9.0,62.96296296296296,1.6924959694272736,55.55555555555556,22.22222222222222,22.22222222222222,-11.000000000000002,33.0
1.5,8.0,3,45,10,27,2.193760281609983,9.0,62.96296296296296,1.6924959694272734,55.55555555555556,22.22222222222222,22.22222222222222,-11.000000000000002,33.0
1.5,8.0,3,45,15,27,2.1937602816099826,9.0,62.96296296296296,1.6924959694272734,55.55555555555556,22.22222222222222,22.22222222222222,-11.000000000000002,33.0
1.5,8.0,3,45,20,27,2.1937602816099826,9.0,62.96296296296296,1.6924959694272734,55.55555555555556,22.22222222222222,22.22222222222222,-11.000000000000002,33.0
1.5,8.0,3,60,5,27,2.143469500704766,9.0,62.96296296296296,1.6766208697784397,55.55555555555556,22.22222222222222,22.22222222222222,-11.000000000000002,33.0
1.5,8.0,3,60,10,27,2.143469500704766,9.0,62.96296296296296,1.6766208697784397,55.55555555555556,22.22222222222222,22.22222222222222,-11.000000000000002,33.0
1.5,8.0,3,60,15,27,2.1434695007047657,9.0,62.96296296296296,1.6766208697784393,55.55555555555556,22.22222222222222,22.22222222222222,-11.000000000000002,33.0
1.5,8.0,3,60,20,27,2.1434695007047657,9.0,62.96296296296296,1.6766208697784393,55.55555555555556,22.22222222222222,22.22222222222222,-11.000000000000002,33.0
1.5,8.0,5,15,5,19,3.893973499394185,9.000000000000005,73.68421052631578,2.3451908452452632,73.68421052631578,26.31578947368421,0.0,-11.000000000000005,17.0
1.5,8.0,5,15,10,19,3.893973499394185,9.000000000000005,73.68421052631578,2.3451908452452632,73.68421052631578,26.31578947368421,0.0,-11.000000000000005,17.0
1.5,8.0,5,15,15,19,3.893973499394185,9.000000000000005,73.68421052631578,2.3451908452452632,73.68421052631578,26.31578947368421,0.0,-11.000000000000005,17.0
1.5,8.0,5,15,20,19,3.893973499394185,9.000000000000005,73.68421052631578,2.3451908452452632,73.68421052631578,26.31578947368421,0.0,-11.000000000000005,17.0
1.5,8.0,5,20,5,20,3.69466764408806,9.000000000000005,70.0,2.341268428566587,70.0,25.0,5.0,-11.000000000000005,18.0
1.5,8.0,5,20,10,20,3.694667644088061,9.000000000000007,70.0,2.341268428566587,70.0,25.0,5.0,-11.000000000000005,18.0
1.5,8.0,5,20,15,20,3.694667644088061,9.000000000000007,70.0,2.341268428566587,70.0,25.0,5.0,-11.000000000000005,18.0
1.5,8.0,5,20,20,20,3.694667644088061,9.000000000000007,70.0,2.341268428566587,70.0,25.0,5.0,-11.000000000000005,18.0
1.5,8.0,5,30,5,20,3.6946676440880593,9.000000000000005,70.0,2.341268428566587,70.0,25.0,5.0,-11.000000000000005,18.0
1.5,8.0,5,30,10,20,3.6946676440880593,9.000000000000005,70.0,2.3412684285665866,70.0,25.0,5.0,-11.000000000000005,18.0
1.5,8.0,5,30,15,20,3.6946676440880593,9.000000000000005,70.0,2.3412684285665866,70.0,25.0,5.0,-11.000000000000005,18.0
1.5,8.0,5,30,20,20,3.6946676440880593,9.000000000000005,70.0,2.3412684285665866,70.0,25.0,5.0,-11.000000000000005,18.0
1.5,8.0,5,45,5,20,3.6946676440880593,9.000000000000005,70.0,2.341268428566587,70.0,25.0,5.0,-11.000000000000005,18.0
1.5,8.0,5,45,10,20,3.69466764408806,9.000000000000005,70.0,2.341268428566587,70.0,25.0,5.0,-11.000000000000005,18.0
1.5,8.0,5,45,15,20,2.9254486288260644,9.000000000000004,65.0,1.9517287063969928,65.0,25.0,10.0,-11.000000000000005,18.0
1.5,8.0,5,45,20,20,2.9254486288260644,9.000000000000004,65.0,1.9517287063969928,65.0,25.0,10.0,-11.000000000000005,18.0
1.5,8.0,5,60,5,20,3.6946676440880593,9.000000000000005,70.0,2.341268428566587,70.0,25.0,5.0,-11.000000000000005,18.0
1.5,8.0,5,60,10,20,3.69466764408806,9.000000000000005,70.0,2.341268428566587,70.0,25.0,5.0,-11.000000000000005,18.0
1.5,8.0,5,60,15,20,2.874470675689018,9.000000000000004,65.0,1.919888267830244,65.0,25.0,10.0,-11.000000000000005,18.0
1.5,8.0,5,60,20,20,2.874470675689018,9.000000000000004,65.0,1.919888267830244,65.0,25.0,10.0,-11.000000000000005,18.0
1.5,8.0,7,15,5,16,3.3912767562187067,9.00000000000001,68.75,2.189577579621906,68.75,25.0,6.25,-11.000000000000004,15.5
1.5,8.0,7,15,10,16,4.641276756218707,9.00000000000001,75.0,3.1454372800331907,75.0,18.75,6.25,-11.000000000000004,15.5
1.5,8.0,7,15,15,16,4.641276756218707,9.00000000000001,75.0,3.1454372800331907,75.0,18.75,6.25,-11.000000000000004,15.5
1.5,8.0,7,15,20,16,4.641276756218707,9.00000000000001,75.0,3.1454372800331907,75.0,18.75,6.25,-11.000000000000004,15.5
1.5,8.0,7,20,5,17,2.54473106467643,9.00000000000001,64.70588235294117,1.7641404439096657,64.70588235294117,29.411764705882355,5.88235294117647,-11.000000000000004,17.0
1.5,8.0,7,20,10,17,3.721201652911723,9.000000000000007,70.58823529411765,2.3868889277182532,70.58823529411765,23.52941176470588,5.88235294117647,-11.000000000000004,17.0
1.5,8.0,7,20,15,17,3.721201652911723,9.000000000000007,70.58823529411765,2.3868889277182532,70.58823529411765,23.52941176470588,5.88235294117647,-11.000000000000004,17.0
1.5,8.0,7,20,20,17,3.721201652911723,9.000000000000007,70.58823529411765,2.3868889277182532,70.58823529411765,23.52941176470588,5.88235294117647,-11.000000000000004,17.0
1.5,8.0,7,30,5,17,2.544731064676429,9.000000000000007,64.70588235294117,1.7641404439096653,64.70588235294117,29.411764705882355,5.88235294117647,-11.000000000000004,17.0
1.5,8.0,7,30,10,17,2.846060005599718,9.000000000000007,64.70588235294117,1.9396476641847789,64.70588235294117,23.52941176470588,11.76470588235294,-11.0,17.0
1.5,8.0,7,30,15,17,2.846060005599717,9.000000000000005,64.70588235294117,1.9396476641847786,64.70588235294117,23.52941176470588,11.76470588235294,-11.0,17.0
1.5,8.0,7,30,20,17,2.846060005599717,9.000000000000005,64.70588235294117,1.9396476641847786,64.70588235294117,23.52941176470588,11.76470588235294,-11.0,17.0
1.5,8.0,7,45,5,17,2.4925582626561362,9.000000000000007,64.70588235294117,1.7369286338196854,64.70588235294117,29.411764705882355,5.88235294117647,-11.0,23.0
1.5,8.0,7,45,10,17,2.7926380495852925,9.000000000000005,64.70588235294117,1.906029774168802,64.70588235294117,23.52941176470588,11.76470588235294,-10.999999999999996,25.0
1.5,8.0,7,45,15,17,2.7926380495852925,9.000000000000005,64.70588235294117,1.906029774168802,64.70588235294117,23.52941176470588,11.76470588235294,-10.999999999999996,25.0
1.5,8.0,7,45,20,17,2.7926380495852925,9.000000000000005,64.70588235294117,1.906029774168802,64.70588235294117,23.52941176470588,11.76470588235294,-10.999999999999996,25.0
1.5,8.0,7,60,5,18,2.8540828036196846,9.000000000000007,66.66666666666666,1.8934500256514784,66.66666666666666,27.77777777777778,5.555555555555555,-11.0,24.0
1.5,8.0,7,60,10,18,3.1374914912749983,9.000000000000005,66.66666666666666,2.077789527170093,66.66666666666666,22.22222222222222,11.11111111111111,-10.999999999999996,25.0
1.5,8.0,7,60,15,18,2.8540828036196846,9.000000000000005,66.66666666666666,1.893450025651479,66.66666666666666,27.77777777777778,5.555555555555555,-10.999999999999996,25.0
1.5,8.0,7,60,20,18,2.8540828036196846,9.000000000000005,66.66666666666666,1.893450025651479,66.66666666666666,27.77777777777778,5.555555555555555,-10.999999999999996,25.0
1.5,8.0,10,15,5,14,4.037600048246365,9.000000000000005,71.42857142857143,2.5905761651098236,71.42857142857143,21.428571428571427,7.142857142857142,-11.000000000000005,17.5
1.5,8.0,10,15,10,14,4.037600048246365,9.000000000000005,71.42857142857143,2.5905761651098236,71.42857142857143,21.428571428571427,7.142857142857142,-11.000000000000005,17.5
1.5,8.0,10,15,15,14,4.037600048246365,9.000000000000005,71.42857142857143,2.5905761651098236,71.42857142857143,21.428571428571427,7.142857142857142,-11.000000000000005,17.5
1.5,8.0,10,15,20,14,4.037600048246365,9.000000000000005,71.42857142857143,2.5905761651098236,71.42857142857143,21.428571428571427,7.142857142857142,-11.000000000000005,17.5
1.5,8.0,10,20,5,14,4.048969365949114,9.000000000000005,71.42857142857143,2.6022311427834866,71.42857142857143,21.428571428571427,7.142857142857142,-11.000000000000005,18.5
1.5,8.0,10,20,10,14,4.048969365949115,9.000000000000007,71.42857142857143,2.6022311427834866,71.42857142857143,21.428571428571427,7.142857142857142,-11.000000000000005,18.5
1.5,8.0,10,20,15,14,4.048969365949115,9.000000000000007,71.42857142857143,2.6022311427834866,71.42857142857143,21.428571428571427,7.142857142857142,-11.000000000000005,18.5
1.5,8.0,10,20,20,14,4.048969365949115,9.000000000000007,71.42857142857143,2.6022311427834866,71.42857142857143,21.428571428571427,7.142857142857142,-11.000000000000005,18.5
1.5,8.0,10,30,5,16,2.586688486245584,9.000000000000004,62.5,1.8166711170562353,62.5,25.0,12.5,-11.000000000000005,19.0
1.5,8.0,10,30,10,16,2.5866884862455843,9.000000000000004,62.5,1.8166711170562357,62.5,25.0,12.5,-11.000000000000002,19.0
1.5,8.0,10,30,15,16,2.5866884862455843,9.000000000000004,62.5,1.8166711170562357,62.5,25.0,12.5,-11.000000000000002,19.0
1.5,8.0,10,30,20,16,2.5866884862455843,9.000000000000004,62.5,1.8166711170562357,62.5,25.0,12.5,-11.000000000000002,19.0
1.5,8.0,10,45,5,16,2.586688486245584,9.000000000000004,62.5,1.8166711170562353,62.5,25.0,12.5,-11.000000000000004,19.0
1.5,8.0,10,45,10,16,2.586688486245585,9.000000000000004,62.5,1.8166711170562353,62.5,25.0,12.5,-11.000000000000004,19.0
1.5,8.0,10,45,15,16,2.586688486245585,9.000000000000004,62.5,1.8166711170562353,62.5,25.0,12.5,-11.000000000000004,19.0
1.5,8.0,10,45,20,16,2.586688486245585,9.000000000000004,62.5,1.8166711170562353,62.5,25.0,12.5,-11.000000000000004,19.0
1.5,8.0,10,60,5,16,2.532766709612111,9.000000000000004,62.5,1.7862614073283354,62.5,25.0,12.5,-11.000000000000004,19.0
1.5,8.0,10,60,10,16,1.282766709612112,9.000000000000004,56.25,1.328175878208986,56.25,31.25,12.5,-11.000000000000004,20.0
1.5,8.0,10,60,15,16,1.2827667096121116,9.000000000000004,56.25,1.328175878208986,56.25,31.25,12.5,-11.000000000000004,14.0
1.5,8.0,10,60,20,16,1.2827667096121116,9.000000000000004,56.25,1.328175878208986,56.25,31.25,12.5,-11.000000000000004,14.0
1.5,10.0,2,15,5,30,1.5615495234212198,7.272744648907786,56.666666666666664,1.4766812267451785,50.0,20.0,30.0,-11.000000000000004,33.0
1.5,10.0,2,15,10,30,1.5615495234212193,7.272744648907786,56.666666666666664,1.4766812267451783,50.0,20.0,30.0,-11.000000000000004,33.0
1.5,10.0,2,15,15,30,1.5615495234212193,7.272744648907786,56.666666666666664,1.4766812267451783,50.0,20.0,30.0,-11.000000000000004,33.0
1.5,10.0,2,15,20,30,1.5615495234212193,7.272744648907786,56.666666666666664,1.4766812267451783,50.0,20.0,30.0,-11.000000000000004,33.0
1.5,10.0,2,20,5,30,1.5990260722358942,7.272744648907786,56.666666666666664,1.493770187962397,50.0,20.0,30.0,-11.000000000000004,33.0
1.5,10.0,2,20,10,30,1.5990260722358933,7.272744648907786,56.666666666666664,1.4937701879623968,50.0,20.0,30.0,-11.000000000000004,33.0
1.5,10.0,2,20,15,30,1.5990260722358933,7.272744648907786,56.666666666666664,1.4937701879623968,50.0,20.0,30.0,-11.000000000000004,33.0
1.5,10.0,2,20,20,30,1.5990260722358933,7.272744648907786,56.666666666666664,1.4937701879623968,50.0,20.0,30.0,-11.000000000000004,33.0
1.5,10.0,2,30,5,31,1.4248160834116943,5.545489297815572,54.83870967741935,1.437521109026936,48.38709677419355,19.35483870967742,32.25806451612903,-11.000000000000004,33.0
1.5,10.0,2,30,10,31,1.4248160834116939,5.545489297815572,54.83870967741935,1.4375211090269358,48.38709677419355,19.35483870967742,32.25806451612903,-11.000000000000004,33.0
1.5,10.0,2,30,15,31,1.4248160834116939,5.545489297815572,54.83870967741935,1.4375211090269358,48.38709677419355,19.35483870967742,32.25806451612903,-11.000000000000004,33.0
1.5,10.0,2,30,20,31,1.4248160834116939,5.545489297815572,54.83870967741935,1.4375211090269358,48.38709677419355,19.35483870967742,32.25806451612903,-11.000000000000004,33.0
1.5,10.0,2,45,5,31,1.4248160834116943,5.545489297815572,54.83870967741935,1.437521109026936,48.38709677419355,19.35483870967742,32.25806451612903,-11.000000000000004,33.0
1.5,10.0,2,45,10,31,1.4248160834116939,5.545489297815572,54.83870967741935,1.4375211090269358,48.38709677419355,19.35483870967742,32.25806451612903,-11.000000000000004,33.0
1.5,10.0,2,45,15,31,1.4248160834116934,5.545489297815572,54.83870967741935,1.4375211090269358,48.38709677419355,19.35483870967742,32.25806451612903,-11.000000000000004,33.0
1.5,10.0,2,45,20,31,1.4248160834116934,5.545489297815572,54.83870967741935,1.4375211090269358,48.38709677419355,19.35483870967742,32.25806451612903,-11.000000000000004,33.0
1.5,10.0,2,60,5,31,1.4248160834116943,5.545489297815572,54.83870967741935,1.437521109026936,48.38709677419355,19.35483870967742,32.25806451612903,-11.000000000000004,33.0
1.5,10.0,2,60,10,31,1.4248160834116939,5.545489297815572,54.83870967741935,1.4375211090269358,48.38709677419355,19.35483870967742,32.25806451612903,-11.000000000000004,33.0
1.5,10.0,2,60,15,31,1.4248160834116934,5.545489297815572,54.83870967741935,1.4375211090269358,48.38709677419355,19.35483870967742,32.25806451612903,-11.000000000000004,33.0
1.5,10.0,2,60,20,31,1.4248160834116934,5.545489297815572,54.83870967741935,1.4375211090269358,48.38709677419355,19.35483870967742,32.25806451612903,-11.000000000000004,33.0
1.5,10.0,3,15,5,26,2.3857987691502847,9.0,65.38461538461539,1.749760147835707,57.692307692307686,23.076923076923077,19.230769230769234,-11.000000000000002,32.0
1.5,10.0,3,15,10,26,2.385798769150284,9.0,65.38461538461539,1.749760147835707,57.692307692307686,23.076923076923077,19.230769230769234,-11.000000000000002,32.0
1.5,10.0,3,15,15,26,2.385798769150284,9.0,65.38461538461539,1.749760147835707,57.692307692307686,23.076923076923077,19.230769230769234,-11.000000000000002,32.0
1.5,10.0,3,15,20,26,2.385798769150284,9.0,65.38461538461539,1.749760147835707,57.692307692307686,23.076923076923077,19.230769230769234,-11.000000000000002,32.0
1.5,10.0,3,20,5,27,2.193760281609983,9.0,62.96296296296296,1.6924959694272736,55.55555555555556,22.22222222222222,22.22222222222222,-11.000000000000002,33.0
1.5,10.0,3,20,10,27,2.193760281609983,9.0,62.96296296296296,1.6924959694272736,55.55555555555556,22.22222222222222,22.22222222222222,-11.000000000000002,33.0
1.5,10.0,3,20,15,27,2.193760281609983,9.0,62.96296296296296,1.6924959694272736,55.55555555555556,22.22222222222222,22.22222222222222,-11.000000000000002,33.0
1.5,10.0,3,20,20,27,2.193760281609983,9.0,62.96296296296296,1.6924959694272736,55.55555555555556,22.22222222222222,22.22222222222222,-11.000000000000002,33.0
1.5,10.0,3,30,5,27,2.193760281609983,9.0,62.96296296296296,1.6924959694272736,55.55555555555556,22.22222222222222,22.22222222222222,-11.000000000000002,33.0
1.5,10.0,3,30,10,27,2.1937602816099826,9.0,62.96296296296296,1.6924959694272734,55.55555555555556,22.22222222222222,22.22222222222222,-11.000000000000002,33.0
1.5,10.0,3,30,15,27,2.1937602816099826,9.0,62.96296296296296,1.6924959694272734,55.55555555555556,22.22222222222222,22.22222222222222,-11.000000000000002,33.0
1.5,10.0,3,30,20,27,2.1937602816099826,9.0,62.96296296296296,1.6924959694272734,55.55555555555556,22.22222222222222,22.22222222222222,-11.000000000000002,33.0
1.5,10.0,3,45,5,27,2.193760281609983,9.0,62.96296296296296,1.6924959694272736,55.55555555555556,22.22222222222222,22.22222222222222,-11.000000000000002,33.0
1.5,10.0,3,45,10,27,2.193760281609983,9.0,62.96296296296296,1.6924959694272734,55.55555555555556,22.22222222222222,22.22222222222222,-11.000000000000002,33.0
1.5,10.0,3,45,15,27,2.1937602816099826,9.0,62.96296296296296,1.6924959694272734,55.55555555555556,22.22222222222222,22.22222222222222,-11.000000000000002,33.0
1.5,10.0,3,45,20,27,2.1937602816099826,9.0,62.96296296296296,1.6924959694272734,55.55555555555556,22.22222222222222,22.22222222222222,-11.000000000000002,33.0
1.5,10.0,3,60,5,27,2.143469500704766,9.0,62.96296296296296,1.6766208697784397,55.55555555555556,22.22222222222222,22.22222222222222,-11.000000000000002,33.0
1.5,10.0,3,60,10,27,2.143469500704766,9.0,62.96296296296296,1.6766208697784397,55.55555555555556,22.22222222222222,22.22222222222222,-11.000000000000002,33.0
1.5,10.0,3,60,15,27,2.1434695007047657,9.0,62.96296296296296,1.6766208697784393,55.55555555555556,22.22222222222222,22.22222222222222,-11.000000000000002,33.0
1.5,10.0,3,60,20,27,2.1434695007047657,9.0,62.96296296296296,1.6766208697784393,55.55555555555556,22.22222222222222,22.22222222222222,-11.000000000000002,33.0
1.5,10.0,5,15,5,19,3.893973499394185,9.000000000000005,73.68421052631578,2.3451908452452632,73.68421052631578,26.31578947368421,0.0,-11.000000000000005,17.0
1.5,10.0,5,15,10,19,3.893973499394185,9.000000000000005,73.68421052631578,2.3451908452452632,73.68421052631578,26.31578947368421,0.0,-11.000000000000005,17.0
1.5,10.0,5,15,15,19,3.893973499394185,9.000000000000005,73.68421052631578,2.3451908452452632,73.68421052631578,26.31578947368421,0.0,-11.000000000000005,17.0
1.5,10.0,5,15,20,19,3.893973499394185,9.000000000000005,73.68421052631578,2.3451908452452632,73.68421052631578,26.31578947368421,0.0,-11.000000000000005,17.0
1.5,10.0,5,20,5,20,3.69466764408806,9.000000000000005,70.0,2.341268428566587,70.0,25.0,5.0,-11.000000000000005,18.0
1.5,10.0,5,20,10,20,3.694667644088061,9.000000000000007,70.0,2.341268428566587,70.0,25.0,5.0,-11.000000000000005,18.0
1.5,10.0,5,20,15,20,3.694667644088061,9.000000000000007,70.0,2.341268428566587,70.0,25.0,5.0,-11.000000000000005,18.0
1.5,10.0,5,20,20,20,3.694667644088061,9.000000000000007,70.0,2.341268428566587,70.0,25.0,5.0,-11.000000000000005,18.0
1.5,10.0,5,30,5,20,3.6946676440880593,9.000000000000005,70.0,2.341268428566587,70.0,25.0,5.0,-11.000000000000005,18.0
1.5,10.0,5,30,10,20,3.6946676440880593,9.000000000000005,70.0,2.3412684285665866,70.0,25.0,5.0,-11.000000000000005,18.0
1.5,10.0,5,30,15,20,3.6946676440880593,9.000000000000005,70.0,2.3412684285665866,70.0,25.0,5.0,-11.000000000000005,18.0
1.5,10.0,5,30,20,20,3.6946676440880593,9.000000000000005,70.0,2.3412684285665866,70.0,25.0,5.0,-11.000000000000005,18.0
1.5,10.0,5,45,5,20,3.6946676440880593,9.000000000000005,70.0,2.341268428566587,70.0,25.0,5.0,-11.000000000000005,18.0
1.5,10.0,5,45,10,20,3.69466764408806,9.000000000000005,70.0,2.341268428566587,70.0,25.0,5.0,-11.000000000000005,18.0
1.5,10.0,5,45,15,20,2.9254486288260644,9.000000000000004,65.0,1.9517287063969928,65.0,25.0,10.0,-11.000000000000005,18.0
1.5,10.0,5,45,20,20,2.9254486288260644,9.000000000000004,65.0,1.9517287063969928,65.0,25.0,10.0,-11.000000000000005,18.0
1.5,10.0,5,60,5,20,3.6946676440880593,9.000000000000005,70.0,2.341268428566587,70.0,25.0,5.0,-11.000000000000005,18.0
1.5,10.0,5,60,10,20,3.69466764408806,9.000000000000005,70.0,2.341268428566587,70.0,25.0,5.0,-11.000000000000005,18.0
1.5,10.0,5,60,15,20,2.874470675689018,9.000000000000004,65.0,1.919888267830244,65.0,25.0,10.0,-11.000000000000005,18.0
1.5,10.0,5,60,20,20,2.874470675689018,9.000000000000004,65.0,1.919888267830244,65.0,25.0,10.0,-11.000000000000005,18.0
1.5,10.0,7,15,5,16,3.3912767562187067,9.00000000000001,68.75,2.189577579621906,68.75,25.0,6.25,-11.000000000000004,15.5
1.5,10.0,7,15,10,16,4.641276756218707,9.00000000000001,75.0,3.1454372800331907,75.0,18.75,6.25,-11.000000000000004,15.5
1.5,10.0,7,15,15,16,4.641276756218707,9.00000000000001,75.0,3.1454372800331907,75.0,18.75,6.25,-11.000000000000004,15.5
1.5,10.0,7,15,20,16,4.641276756218707,9.00000000000001,75.0,3.1454372800331907,75.0,18.75,6.25,-11.000000000000004,15.5
1.5,10.0,7,20,5,17,2.54473106467643,9.00000000000001,64.70588235294117,1.7641404439096657,64.70588235294117,29.411764705882355,5.88235294117647,-11.000000000000004,17.0
1.5,10.0,7,20,10,17,3.721201652911723,9.000000000000007,70.58823529411765,2.3868889277182532,70.58823529411765,23.52941176470588,5.88235294117647,-11.000000000000004,17.0
1.5,10.0,7,20,15,17,3.721201652911723,9.000000000000007,70.58823529411765,2.3868889277182532,70.58823529411765,23.52941176470588,5.88235294117647,-11.000000000000004,17.0
1.5,10.0,7,20,20,17,3.721201652911723,9.000000000000007,70.58823529411765,2.3868889277182532,70.58823529411765,23.52941176470588,5.88235294117647,-11.000000000000004,17.0
1.5,10.0,7,30,5,17,2.544731064676429,9.000000000000007,64.70588235294117,1.7641404439096653,64.70588235294117,29.411764705882355,5.88235294117647,-11.000000000000004,17.0
1.5,10.0,7,30,10,17,2.846060005599718,9.000000000000007,64.70588235294117,1.9396476641847789,64.70588235294117,23.52941176470588,11.76470588235294,-11.0,17.0
1.5,10.0,7,30,15,17,2.846060005599717,9.000000000000005,64.70588235294117,1.9396476641847786,64.70588235294117,23.52941176470588,11.76470588235294,-11.0,17.0
1.5,10.0,7,30,20,17,2.846060005599717,9.000000000000005,64.70588235294117,1.9396476641847786,64.70588235294117,23.52941176470588,11.76470588235294,-11.0,17.0
1.5,10.0,7,45,5,17,2.4925582626561362,9.000000000000007,64.70588235294117,1.7369286338196854,64.70588235294117,29.411764705882355,5.88235294117647,-11.0,23.0
1.5,10.0,7,45,10,17,2.7926380495852925,9.000000000000005,64.70588235294117,1.906029774168802,64.70588235294117,23.52941176470588,11.76470588235294,-10.999999999999996,25.0
1.5,10.0,7,45,15,17,2.7926380495852925,9.000000000000005,64.70588235294117,1.906029774168802,64.70588235294117,23.52941176470588,11.76470588235294,-10.999999999999996,25.0
1.5,10.0,7,45,20,17,2.7926380495852925,9.000000000000005,64.70588235294117,1.906029774168802,64.70588235294117,23.52941176470588,11.76470588235294,-10.999999999999996,25.0
1.5,10.0,7,60,5,18,2.8540828036196846,9.000000000000007,66.66666666666666,1.8934500256514784,66.66666666666666,27.77777777777778,5.555555555555555,-11.0,24.0
1.5,10.0,7,60,10,18,3.1374914912749983,9.000000000000005,66.66666666666666,2.077789527170093,66.66666666666666,22.22222222222222,11.11111111111111,-10.999999999999996,25.0
1.5,10.0,7,60,15,18,2.8540828036196846,9.000000000000005,66.66666666666666,1.893450025651479,66.66666666666666,27.77777777777778,5.555555555555555,-10.999999999999996,25.0
1.5,10.0,7,60,20,18,2.8540828036196846,9.000000000000005,66.66666666666666,1.893450025651479,66.66666666666666,27.77777777777778,5.555555555555555,-10.999999999999996,25.0
1.5,10.0,10,15,5,14,4.037600048246365,9.000000000000005,71.42857142857143,2.5905761651098236,71.42857142857143,21.428571428571427,7.142857142857142,-11.000000000000005,17.5
1.5,10.0,10,15,10,14,4.037600048246365,9.000000000000005,71.42857142857143,2.5905761651098236,71.42857142857143,21.428571428571427,7.142857142857142,-11.000000000000005,17.5
1.5,10.0,10,15,15,14,4.037600048246365,9.000000000000005,71.42857142857143,2.5905761651098236,71.42857142857143,21.428571428571427,7.142857142857142,-11.000000000000005,17.5
1.5,10.0,10,15,20,14,4.037600048246365,9.000000000000005,71.42857142857143,2.5905761651098236,71.42857142857143,21.428571428571427,7.142857142857142,-11.000000000000005,17.5
1.5,10.0,10,20,5,14,4.048969365949114,9.000000000000005,71.42857142857143,2.6022311427834866,71.42857142857143,21.428571428571427,7.142857142857142,-11.000000000000005,18.5
1.5,10.0,10,20,10,14,4.048969365949115,9.000000000000007,71.42857142857143,2.6022311427834866,71.42857142857143,21.428571428571427,7.142857142857142,-11.000000000000005,18.5
1.5,10.0,10,20,15,14,4.048969365949115,9.000000000000007,71.42857142857143,2.6022311427834866,71.42857142857143,21.428571428571427,7.142857142857142,-11.000000000000005,18.5
1.5,10.0,10,20,20,14,4.048969365949115,9.000000000000007,71.42857142857143,2.6022311427834866,71.42857142857143,21.428571428571427,7.142857142857142,-11.000000000000005,18.5
1.5,10.0,10,30,5,16,2.586688486245584,9.000000000000004,62.5,1.8166711170562353,62.5,25.0,12.5,-11.000000000000005,19.0
1.5,10.0,10,30,10,16,2.5866884862455843,9.000000000000004,62.5,1.8166711170562357,62.5,25.0,12.5,-11.000000000000002,19.0
1.5,10.0,10,30,15,16,2.5866884862455843,9.000000000000004,62.5,1.8166711170562357,62.5,25.0,12.5,-11.000000000000002,19.0
1.5,10.0,10,30,20,16,2.5866884862455843,9.000000000000004,62.5,1.8166711170562357,62.5,25.0,12.5,-11.000000000000002,19.0
1.5,10.0,10,45,5,16,2.586688486245584,9.000000000000004,62.5,1.8166711170562353,62.5,25.0,12.5,-11.000000000000004,19.0
1.5,10.0,10,45,10,16,2.586688486245585,9.000000000000004,62.5,1.8166711170562353,62.5,25.0,12.5,-11.000000000000004,19.0
1.5,10.0,10,45,15,16,2.586688486245585,9.000000000000004,62.5,1.8166711170562353,62.5,25.0,12.5,-11.000000000000004,19.0
1.5,10.0,10,45,20,16,2.586688486245585,9.000000000000004,62.5,1.8166711170562353,62.5,25.0,12.5,-11.000000000000004,19.0
1.5,10.0,10,60,5,16,2.532766709612111,9.000000000000004,62.5,1.7862614073283354,62.5,25.0,12.5,-11.000000000000004,19.0
1.5,10.0,10,60,10,16,1.282766709612112,9.000000000000004,56.25,1.328175878208986,56.25,31.25,12.5,-11.000000000000004,20.0
1.5,10.0,10,60,15,16,1.2827667096121116,9.000000000000004,56.25,1.328175878208986,56.25,31.25,12.5,-11.000000000000004,14.0
1.5,10.0,10,60,20,16,1.2827667096121116,9.000000000000004,56.25,1.328175878208986,56.25,31.25,12.5,-11.000000000000004,14.0
2.0,2.5,2,15,5,12,-0.6130808076863752,-3.175311925336392,41.66666666666667,0.8495582871664371,33.33333333333333,25.0,41.66666666666667,-11.000000000000002,86.5
2.0,2.5,2,15,10,12,-0.6130808076863752,-3.175311925336392,41.66666666666667,0.8495582871664371,33.33333333333333,25.0,41.66666666666667,-11.000000000000002,86.5
2.0,2.5,2,15,15,12,-0.6130808076863752,-3.175311925336392,41.66666666666667,0.8495582871664371,33.33333333333333,25.0,41.66666666666667,-11.000000000000002,86.5
2.0,2.5,2,15,20,12,-0.6130808076863752,-3.175311925336392,41.66666666666667,0.8495582871664371,33.33333333333333,25.0,41.66666666666667,-11.000000000000002,86.5
2.0,2.5,2,20,5,12,-0.5193894356496896,-2.6131636931162796,41.66666666666667,0.8695497503811453,33.33333333333333,25.0,41.66666666666667,-11.000000000000002,86.0
2.0,2.5,2,20,10,12,-0.5193894356496896,-2.6131636931162796,41.66666666666667,0.8695497503811453,33.33333333333333,25.0,41.66666666666667,-11.000000000000002,86.0
2.0,2.5,2,20,15,12,-0.5193894356496896,-2.6131636931162796,41.66666666666667,0.8695497503811453,33.33333333333333,25.0,41.66666666666667,-11.000000000000002,86.0
2.0,2.5,2,20,20,12,-0.5193894356496896,-2.6131636931162796,41.66666666666667,0.8695497503811453,33.33333333333333,25.0,41.66666666666667,-11.000000000000002,86.0
2.0,2.5,2,30,5,13,-0.771858216085428,-3.389839536947286,38.46153846153847,0.8054628605184795,30.76923076923077,23.076923076923077,46.15384615384615,-11.000000000000002,106.0
2.0,2.5,2,30,10,13,-0.7718582160854279,-3.389839536947286,38.46153846153847,0.8054628605184795,30.76923076923077,23.076923076923077,46.15384615384615,-11.000000000000002,106.0
2.0,2.5,2,30,15,13,-0.7718582160854279,-3.389839536947286,38.46153846153847,0.8054628605184795,30.76923076923077,23.076923076923077,46.15384615384615,-11.000000000000002,106.0
2.0,2.5,2,30,20,13,-0.7718582160854279,-3.389839536947286,38.46153846153847,0.8054628605184795,30.76923076923077,23.076923076923077,46.15384615384615,-11.000000000000002,106.0
2.0,2.5,2,45,5,13,-0.771858216085428,-3.389839536947286,38.46153846153847,0.8054628605184795,30.76923076923077,23.076923076923077,46.15384615384615,-11.000000000000002,106.0
2.0,2.5,2,45,10,13,-0.771858216085428,-3.389839536947286,38.46153846153847,0.8054628605184795,30.76923076923077,23.076923076923077,46.15384615384615,-11.000000000000002,106.0
2.0,2.5,2,45,15,13,-0.771858216085429,-3.389839536947286,38.46153846153847,0.8054628605184792,30.76923076923077,23.076923076923077,46.15384615384615,-11.000000000000002,106.0
2.0,2.5,2,45,20,13,-0.771858216085429,-3.389839536947286,38.46153846153847,0.8054628605184792,30.76923076923077,23.076923076923077,46.15384615384615,-11.000000000000002,106.0
2.0,2.5,2,60,5,13,-0.771858216085428,-3.389839536947286,38.46153846153847,0.8054628605184795,30.76923076923077,23.076923076923077,46.15384615384615,-11.000000000000002,106.0
2.0,2.5,2,60,10,13,-0.771858216085428,-3.389839536947286,38.46153846153847,0.8054628605184795,30.76923076923077,23.076923076923077,46.15384615384615,-11.000000000000002,106.0
2.0,2.5,2,60,15,13,-0.771858216085429,-3.389839536947286,38.46153846153847,0.8054628605184792,30.76923076923077,23.076923076923077,46.15384615384615,-11.000000000000002,106.0
2.0,2.5,2,60,20,13,-0.771858216085429,-3.389839536947286,38.46153846153847,0.8054628605184792,30.76923076923077,23.076923076923077,46.15384615384615,-11.000000000000002,106.0
2.0,2.5,3,15,5,10,-0.29988587317129695,0.08677803693477504,50.0,0.9310764457455584,40.0,30.0,30.0,-11.000000000000002,44.0
2.0,2.5,3,15,10,10,-0.29988587317129695,0.08677803693477504,50.0,0.9310764457455584,40.0,30.0,30.0,-11.000000000000002,44.0
2.0,2.5,3,15,15,10,-0.29988587317129695,0.08677803693477504,50.0,0.9310764457455584,40.0,30.0,30.0,-11.000000000000002,44.0
2.0,2.5,3,15,20,10,-0.29988587317129695,0.08677803693477504,50.0,0.9310764457455584,40.0,30.0,30.0,-11.000000000000002,44.0
2.0,2.5,3,20,5,11,-0.5270999205591645,-2.7992403944378443,45.45454545454545,0.8747958643567737,36.36363636363637,27.27272727272727,36.36363636363637,-11.000000000000002,65.0
2.0,2.5,3,20,10,11,-0.5270999205591645,-2.7992403944378443,45.45454545454545,0.8747958643567737,36.36363636363637,27.27272727272727,36.36363636363637,-11.000000000000002,65.0
2.0,2.5,3,20,15,11,-0.5270999205591645,-2.7992403944378443,45.45454545454545,0.8747958643567737,36.36363636363637,27.27272727272727,36.36363636363637,-11.000000000000002,65.0
2.0,2.5,3,20,20,11,-0.5270999205591645,-2.7992403944378443,45.45454545454545,0.8747958643567737,36.36363636363637,27.27272727272727,36.36363636363637,-11.000000000000002,65.0
2.0,2.5,3,30,5,11,-0.5270999205591649,-2.7992403944378443,45.45454545454545,0.8747958643567736,36.36363636363637,27.27272727272727,36.36363636363637,-11.000000000000002,65.0
2.0,2.5,3,30,10,11,-0.5270999205591662,-2.7992403944378443,45.45454545454545,0.8747958643567733,36.36363636363637,27.27272727272727,36.36363636363637,-11.000000000000002,65.0
2.0,2.5,3,30,15,11,-0.5270999205591662,-2.7992403944378443,45.45454545454545,0.8747958643567733,36.36363636363637,27.27272727272727,36.36363636363637,-11.000000000000002,65.0
2.0,2.5,3,30,20,11,-0.5270999205591662,-2.7992403944378443,45.45454545454545,0.8747958643567733,36.36363636363637,27.27272727272727,36.36363636363637,-11.000000000000002,65.0
2.0,2.5,3,45,5,11,-0.5270999205591649,-2.7992403944378443,45.45454545454545,0.8747958643567736,36.36363636363637,27.27272727272727,36.36363636363637,-11.000000000000002,65.0
2.0,2.5,3,45,10,11,-0.5270999205591654,-2.7992403944378443,45.45454545454545,0.8747958643567734,36.36363636363637,27.27272727272727,36.36363636363637,-11.000000000000002,65.0
2.0,2.5,3,45,15,11,-0.527099920559166,-2.7992403944378443,45.45454545454545,0.8747958643567733,36.36363636363637,27.27272727272727,36.36363636363637,-11.000000000000002,65.0
2.0,2.5,3,45,20,11,-0.527099920559166,-2.7992403944378443,45.45454545454545,0.8747958643567733,36.36363636363637,27.27272727272727,36.36363636363637,-11.000000000000002,65.0
2.0,2.5,3,60,5,11,-0.5270999205591649,-2.7992403944378443,45.45454545454545,0.8747958643567736,36.36363636363637,27.27272727272727,36.36363636363637,-11.000000000000002,65.0
2.0,2.5,3,60,10,11,-0.5270999205591654,-2.7992403944378443,45.45454545454545,0.8747958643567734,36.36363636363637,27.27272727272727,36.36363636363637,-11.000000000000002,65.0
2.0,2.5,3,60,15,11,-0.527099920559166,-2.7992403944378443,45.45454545454545,0.8747958643567733,36.36363636363637,27.27272727272727,36.36363636363637,-11.000000000000002,65.0
2.0,2.5,3,60,20,11,-0.527099920559166,-2.7992403944378443,45.45454545454545,0.8747958643567733,36.36363636363637,27.27272727272727,36.36363636363637,-11.000000000000002,65.0
2.0,2.5,5,15,5,7,0.42857142857143266,9.000000000000002,57.14285714285714,1.0909090909090915,57.14285714285714,42.857142857142854,0.0,-11.000000000000005,19.0
2.0,2.5,5,15,10,7,0.42857142857143266,9.000000000000002,57.14285714285714,1.0909090909090915,57.14285714285714,42.857142857142854,0.0,-11.000000000000005,19.0
2.0,2.5,5,15,15,7,0.42857142857143266,9.000000000000002,57.14285714285714,1.0909090909090915,57.14285714285714,42.857142857142854,0.0,-11.000000000000005,19.0
2.0,2.5,5,15,20,7,0.42857142857143266,9.000000000000002,57.14285714285714,1.0909090909090915,57.14285714285714,42.857142857142854,0.0,-11.000000000000005,19.0
2.0,2.5,5,20,5,7,0.42857142857143443,9.000000000000002,57.14285714285714,1.0909090909090922,57.14285714285714,42.857142857142854,0.0,-11.000000000000002,19.0
2.0,2.5,5,20,10,7,0.42857142857143443,9.000000000000002,57.14285714285714,1.0909090909090922,57.14285714285714,42.857142857142854,0.0,-11.000000000000002,19.0
2.0,2.5,5,20,15,7,0.42857142857143443,9.000000000000002,57.14285714285714,1.0909090909090922,57.14285714285714,42.857142857142854,0.0,-11.000000000000002,19.0
2.0,2.5,5,20,20,7,0.42857142857143443,9.000000000000002,57.14285714285714,1.0909090909090922,57.14285714285714,42.857142857142854,0.0,-11.000000000000002,19.0
2.0,2.5,5,30,5,7,0.42857142857143266,9.000000000000002,57.14285714285714,1.0909090909090917,57.14285714285714,42.857142857142854,0.0,-11.000000000000002,19.0
2.0,2.5,5,30,10,7,0.4285714285714316,9.000000000000002,57.14285714285714,1.0909090909090915,57.14285714285714,42.857142857142854,0.0,-11.000000000000002,19.0
2.0,2.5,5,30,15,7,0.4285714285714316,9.000000000000002,57.14285714285714,1.0909090909090915,57.14285714285714,42.857142857142854,0.0,-11.000000000000002,19.0
2.0,2.5,5,30,20,7,0.4285714285714316,9.000000000000002,57.14285714285714,1.0909090909090915,57.14285714285714,42.857142857142854,0.0,-11.000000000000002,19.0
2.0,2.5,5,45,5,7,0.42857142857143266,9.000000000000002,57.14285714285714,1.0909090909090917,57.14285714285714,42.857142857142854,0.0,-11.000000000000002,19.0
2.0,2.5,5,45,10,7,0.42857142857143266,9.000000000000002,57.14285714285714,1.0909090909090917,57.14285714285714,42.857142857142854,0.0,-11.000000000000002,19.0
2.0,2.5,5,45,15,7,-1.7691971864628393,-6.384380305239887,42.857142857142854,0.6855509669250224,42.857142857142854,42.857142857142854,14.285714285714285,-11.000000000000002,19.0
2.0,2.5,5,45,20,7,-1.7691971864628393,-6.384380305239887,42.857142857142854,0.6855509669250224,42.857142857142854,42.857142857142854,14.285714285714285,-11.000000000000002,19.0
2.0,2.5,5,60,5,7,0.42857142857143266,9.000000000000002,57.14285714285714,1.0909090909090917,57.14285714285714,42.857142857142854,0.0,-11.000000000000002,19.0
2.0,2.5,5,60,10,7,0.42857142857143266,9.000000000000002,57.14285714285714,1.0909090909090917,57.14285714285714,42.857142857142854,0.0,-11.000000000000002,19.0
2.0,2.5,5,60,15,7,-1.9148484811401136,-7.40393936798081,42.857142857142854,0.6682516710585129,42.857142857142854,42.857142857142854,14.285714285714285,-11.000000000000002,19.0
2.0,2.5,5,60,20,7,-1.9148484811401136,-7.40393936798081,42.857142857142854,0.6682516710585129,42.857142857142854,42.857142857142854,14.285714285714285,-11.000000000000002,19.0
2.0,2.5,7,15,5,5,5.000000000000009,9.000000000000007,80.0,3.2727272727272787,80.0,20.0,0.0,-10.999999999999993,23.0
2.0,2.5,7,15,10,5,5.000000000000009,9.000000000000007,80.0,3.2727272727272787,80.0,20.0,0.0,-10.999999999999993,23.0
2.0,2.5,7,15,15,5,5.000000000000009,9.000000000000007,80.0,3.2727272727272787,80.0,20.0,0.0,-10.999999999999993,23.0
2.0,2.5,7,15,20,5,5.000000000000009,9.000000000000007,80.0,3.2727272727272787,80.0,20.0,0.0,-10.999999999999993,23.0
2.0,2.5,7,20,5,6,2.3333333333333406,9.0,66.66666666666666,1.6363636363636385,66.66666666666666,33.33333333333333,0.0,-10.999999999999996,24.0
2.0,2.5,7,20,10,6,2.3333333333333406,9.0,66.66666666666666,1.6363636363636385,66.66666666666666,33.33333333333333,0.0,-10.999999999999996,24.0
2.0,2.5,7,20,15,6,2.3333333333333406,9.0,66.66666666666666,1.6363636363636385,66.66666666666666,33.33333333333333,0.0,-10.999999999999996,24.0
2.0,2.5,7,20,20,6,2.3333333333333406,9.0,66.66666666666666,1.6363636363636385,66.66666666666666,33.33333333333333,0.0,-10.999999999999996,24.0
2.0,2.5,7,30,5,6,2.333333333333339,9.0,66.66666666666666,1.6363636363636382,66.66666666666666,33.33333333333333,0.0,-10.999999999999996,24.0
2.0,2.5,7,30,10,6,-0.14623466738400914,1.561295997847957,50.0,0.9685261985558847,50.0,33.33333333333333,16.666666666666664,-10.999999999999996,37.0
2.0,2.5,7,30,15,6,-0.14623466738400914,1.561295997847957,50.0,0.9685261985558847,50.0,33.33333333333333,16.666666666666664,-10.999999999999996,37.0
2.0,2.5,7,30,20,6,-0.14623466738400914,1.561295997847957,50.0,0.9685261985558847,50.0,33.33333333333333,16.666666666666664,-10.999999999999996,37.0
2.0,2.5,7,45,5,6,2.333333333333339,9.0,66.66666666666666,1.6363636363636382,66.66666666666666,33.33333333333333,0.0,-10.999999999999996,24.0
2.0,2.5,7,45,10,6,-0.14977393703404887,1.5506781888978378,50.0,0.9677889852147123,50.0,33.33333333333333,16.666666666666664,-10.999999999999996,37.0
2.0,2.5,7,45,15,6,-0.14977393703404887,1.5506781888978378,50.0,0.9677889852147123,50.0,33.33333333333333,16.666666666666664,-10.999999999999996,37.0
2.0,2.5,7,45,20,6,-0.14977393703404887,1.5506781888978378,50.0,0.9677889852147123,50.0,33.33333333333333,16.666666666666664,-10.999999999999996,37.0
2.0,2.5,7,60,5,7,3.2857142857142905,9.000000000000002,71.42857142857143,2.045454545454547,71.42857142857143,28.57142857142857,0.0,-10.999999999999996,25.0
2.0,2.5,7,60,10,7,1.1573366253993878,9.0,57.14285714285714,1.2903853136196164,57.14285714285714,28.57142857142857,14.285714285714285,-10.999999999999996,49.0
2.0,2.5,7,60,15,7,0.42857142857143515,9.0,57.14285714285714,1.0909090909090922,57.14285714285714,42.857142857142854,0.0,-10.999999999999996,25.0
2.0,2.5,7,60,20,7,0.42857142857143515,9.0,57.14285714285714,1.0909090909090922,57.14285714285714,42.857142857142854,0.0,-10.999999999999996,25.0
2.0,2.5,10,15,5,5,2.6923365110848203,9.000000000000002,60.0,1.994339408167554,60.0,20.0,20.0,-11.000000000000002,72.0
2.0,2.5,10,15,10,5,2.6923365110848203,9.000000000000002,60.0,1.994339408167554,60.0,20.0,20.0,-11.000000000000002,72.0
2.0,2.5,10,15,15,5,2.6923365110848203,9.000000000000002,60.0,1.994339408167554,60.0,20.0,20.0,-11.000000000000002,72.0
2.0,2.5,10,15,20,5,2.6923365110848203,9.000000000000002,60.0,1.994339408167554,60.0,20.0,20.0,-11.000000000000002,72.0
2.0,2.5,10,20,5,5,2.724170600652516,9.000000000000002,60.0,2.0180658756932766,60.0,20.0,20.0,-11.000000000000002,72.0
2.0,2.5,10,20,10,5,2.724170600652516,9.000000000000002,60.0,2.0180658756932766,60.0,20.0,20.0,-11.000000000000002,72.0
2.0,2.5,10,20,15,5,2.724170600652516,9.000000000000002,60.0,2.0180658756932766,60.0,20.0,20.0,-11.000000000000002,72.0
2.0,2.5,10,20,20,5,2.724170600652516,9.000000000000002,60.0,2.0180658756932766,60.0,20.0,20.0,-11.000000000000002,72.0
2.0,2.5,10,30,5,5,2.729207394971726,9.000000000000002,60.0,2.021871705737642,60.0,20.0,20.0,-11.000000000000002,72.0
2.0,2.5,10,30,10,5,2.729207394971726,9.000000000000002,60.0,2.021871705737642,60.0,20.0,20.0,-11.000000000000002,72.0
2.0,2.5,10,30,15,5,2.729207394971726,9.000000000000002,60.0,2.021871705737642,60.0,20.0,20.0,-11.000000000000002,72.0
2.0,2.5,10,30,20,5,2.729207394971726,9.000000000000002,60.0,2.021871705737642,60.0,20.0,20.0,-11.000000000000002,72.0
2.0,2.5,10,45,5,5,2.729207394971726,9.000000000000002,60.0,2.021871705737642,60.0,20.0,20.0,-11.000000000000002,72.0
2.0,2.5,10,45,10,5,2.729207394971726,9.000000000000002,60.0,2.021871705737642,60.0,20.0,20.0,-11.000000000000002,72.0
2.0,2.5,10,45,15,5,2.729207394971726,9.000000000000002,60.0,2.021871705737642,60.0,20.0,20.0,-11.000000000000002,72.0
2.0,2.5,10,45,20,5,2.729207394971726,9.000000000000002,60.0,2.021871705737642,60.0,20.0,20.0,-11.000000000000002,72.0
2.0,2.5,10,60,5,5,2.729207394971726,9.000000000000002,60.0,2.021871705737642,60.0,20.0,20.0,-11.000000000000002,72.0
2.0,2.5,10,60,10,5,-1.2707926050282718,-2.3539630251413866,40.0,0.7390994221933423,40.0,40.0,20.0,-11.000000000000002,72.0
2.0,2.5,10,60,15,5,-1.2707926050282734,-2.3539630251413866,40.0,0.7390994221933421,40.0,40.0,20.0,-11.000000000000002,72.0
2.0,2.5,10,60,20,5,-1.2707926050282734,-2.3539630251413866,40.0,0.7390994221933421,40.0,40.0,20.0,-11.000000000000002,72.0
2.0,3.0,2,15,5,15,1.5353098848029798,5.545489297815572,53.333333333333336,1.4709302711491352,46.666666666666664,20.0,33.33333333333333,-11.000000000000002,33.0
2.0,3.0,2,15,10,15,1.5353098848029787,5.545489297815572,53.333333333333336,1.470930271149135,46.666666666666664,20.0,33.33333333333333,-11.000000000000002,33.0
2.0,3.0,2,15,15,15,1.5353098848029787,5.545489297815572,53.333333333333336,1.470930271149135,46.666666666666664,20.0,33.33333333333333,-11.000000000000002,33.0
2.0,3.0,2,15,20,15,1.5353098848029787,5.545489297815572,53.333333333333336,1.470930271149135,46.666666666666664,20.0,33.33333333333333,-11.000000000000002,33.0
2.0,3.0,2,20,5,15,1.6102629824323287,5.545489297815572,53.333333333333336,1.505543609458338,46.666666666666664,20.0,33.33333333333333,-11.000000000000002,33.0
2.0,3.0,2,20,10,15,1.6102629824323278,5.545489297815572,53.333333333333336,1.5055436094583377,46.666666666666664,20.0,33.33333333333333,-11.000000000000002,33.0
2.0,3.0,2,20,15,15,1.6102629824323278,5.545489297815572,53.333333333333336,1.5055436094583377,46.666666666666664,20.0,33.33333333333333,-11.000000000000002,33.0
2.0,3.0,2,20,20,15,1.6102629824323278,5.545489297815572,53.333333333333336,1.5055436094583377,46.666666666666664,20.0,33.33333333333333,-11.000000000000002,33.0
2.0,3.0,2,30,5,16,1.2720288221981644,1.655458372610218,50.0,1.3945831871932464,43.75,18.75,37.5,-11.000000000000002,49.5
2.0,3.0,2,30,10,16,1.272028822198164,1.655458372610218,50.0,1.3945831871932461,43.75,18.75,37.5,-11.000000000000002,49.5
2.0,3.0,2,30,15,16,1.272028822198164,1.655458372610218,50.0,1.3945831871932461,43.75,18.75,37.5,-11.000000000000002,49.5
2.0,3.0,2,30,20,16,1.272028822198164,1.655458372610218,50.0,1.3945831871932461,43.75,18.75,37.5,-11.000000000000002,49.5
2.0,3.0,2,45,5,16,1.2720288221981644,1.655458372610218,50.0,1.3945831871932464,43.75,18.75,37.5,-11.000000000000002,49.5
2.0,3.0,2,45,10,16,1.2720288221981635,1.655458372610218,50.0,1.3945831871932461,43.75,18.75,37.5,-11.000000000000002,49.5
2.0,3.0,2,45,15,16,1.272028822198163,1.655458372610218,50.0,1.3945831871932457,43.75,18.75,37.5,-11.000000000000002,49.5
2.0,3.0,2,45,20,16,1.272028822198163,1.655458372610218,50.0,1.3945831871932457,43.75,18.75,37.5,-11.000000000000002,49.5
2.0,3.0,2,60,5,16,1.2720288221981644,1.655458372610218,50.0,1.3945831871932464,43.75,18.75,37.5,-11.000000000000002,49.5
2.0,3.0,2,60,10,16,1.2720288221981635,1.655458372610218,50.0,1.3945831871932461,43.75,18.75,37.5,-11.000000000000002,49.5
2.0,3.0,2,60,15,16,1.272028822198163,1.655458372610218,50.0,1.3945831871932457,43.75,18.75,37.5,-11.000000000000002,49.5
2.0,3.0,2,60,20,16,1.272028822198163,1.655458372610218,50.0,1.3945831871932457,43.75,18.75,37.5,-11.000000000000002,49.5
2.0,3.0,3,15,5,13,2.1067507101975558,9.0,61.53846153846154,1.6294600307148357,53.84615384615385,23.076923076923077,23.076923076923077,-11.000000000000002,23.0
2.0,3.0,3,15,10,13,2.106750710197555,9.0,61.53846153846154,1.6294600307148357,53.84615384615385,23.076923076923077,23.076923076923077,-11.000000000000002,23.0
2.0,3.0,3,15,15,13,2.106750710197555,9.0,61.53846153846154,1.6294600307148357,53.84615384615385,23.076923076923077,23.076923076923077,-11.000000000000002,23.0
2.0,3.0,3,15,20,13,2.106750710197555,9.0,61.53846153846154,1.6294600307148357,53.84615384615385,23.076923076923077,23.076923076923077,-11.000000000000002,23.0
2.0,3.0,3,20,5,14,1.75632277415217,6.755533535811594,57.14285714285714,1.5309644041769055,50.0,21.428571428571427,28.57142857142857,-11.000000000000002,28.0
2.0,3.0,3,20,10,14,1.75632277415217,6.755533535811594,57.14285714285714,1.5309644041769055,50.0,21.428571428571427,28.57142857142857,-11.000000000000002,28.0
2.0,3.0,3,20,15,14,1.75632277415217,6.755533535811594,57.14285714285714,1.5309644041769055,50.0,21.428571428571427,28.57142857142857,-11.000000000000002,28.0
2.0,3.0,3,20,20,14,1.75632277415217,6.755533535811594,57.14285714285714,1.5309644041769055,50.0,21.428571428571427,28.57142857142857,-11.000000000000002,28.0
2.0,3.0,3,30,5,14,1.75632277415217,6.755533535811594,57.14285714285714,1.5309644041769053,50.0,21.428571428571427,28.57142857142857,-11.000000000000002,28.0
2.0,3.0,3,30,10,14,1.7563227741521679,6.755533535811594,57.14285714285714,1.5309644041769053,50.0,21.428571428571427,28.57142857142857,-11.000000000000002,28.0
2.0,3.0,3,30,15,14,1.7563227741521679,6.755533535811594,57.14285714285714,1.5309644041769053,50.0,21.428571428571427,28.57142857142857,-11.000000000000002,28.0
2.0,3.0,3,30,20,14,1.7563227741521679,6.755533535811594,57.14285714285714,1.5309644041769053,50.0,21.428571428571427,28.57142857142857,-11.000000000000002,28.0
2.0,3.0,3,45,5,14,1.75632277415217,6.755533535811594,57.14285714285714,1.5309644041769053,50.0,21.428571428571427,28.57142857142857,-11.000000000000002,28.0
2.0,3.0,3,45,10,14,1.756322774152169,6.755533535811594,57.14285714285714,1.5309644041769053,50.0,21.428571428571427,28.57142857142857,-11.000000000000002,28.0
2.0,3.0,3,45,15,14,1.756322774152169,6.755533535811594,57.14285714285714,1.5309644041769053,50.0,21.428571428571427,28.57142857142857,-11.000000000000002,28.5
2.0,3.0,3,45,20,14,1.756322774152169,6.755533535811594,57.14285714285714,1.5309644041769053,50.0,21.428571428571427,28.57142857142857,-11.000000000000002,28.5
2.0,3.0,3,60,5,14,1.75632277415217,6.755533535811594,57.14285714285714,1.5309644041769053,50.0,21.428571428571427,28.57142857142857,-11.000000000000002,28.0
2.0,3.0,3,60,10,14,1.756322774152169,6.755533535811594,57.14285714285714,1.5309644041769053,50.0,21.428571428571427,28.57142857142857,-11.000000000000002,28.0
2.0,3.0,3,60,15,14,1.756322774152169,6.755533535811594,57.14285714285714,1.5309644041769053,50.0,21.428571428571427,28.57142857142857,-11.000000000000002,28.5
2.0,3.0,3,60,20,14,1.756322774152169,6.755533535811594,57.14285714285714,1.5309644041769053,50.0,21.428571428571427,28.57142857142857,-11.000000000000002,28.5
2.0,3.0,5,15,5,10,3.298549648848941,9.000000000000004,70.0,1.999560499651194,70.0,30.0,0.0,-11.000000000000005,18.0
2.0,3.0,5,15,10,10,3.298549648848941,9.000000000000004,70.0,1.999560499651194,70.0,30.0,0.0,-11.000000000000005,18.0
2.0,3.0,5,15,15,10,3.298549648848941,9.000000000000004,70.0,1.999560499651194,70.0,30.0,0.0,-11.000000000000005,18.0
2.0,3.0,5,15,20,10,3.298549648848941,9.000000000000004,70.0,1.999560499651194,70.0,30.0,0.0,-11.000000000000005,18.0
2.0,3.0,5,20,5,10,3.298549648848943,9.000000000000004,70.0,1.9995604996511949,70.0,30.0,0.0,-11.000000000000002,18.0
2.0,3.0,5,20,10,10,3.298549648848943,9.000000000000004,70.0,1.9995604996511949,70.0,30.0,0.0,-11.000000000000002,18.0
2.0,3.0,5,20,15,10,3.298549648848943,9.000000000000004,70.0,1.9995604996511949,70.0,30.0,0.0,-11.000000000000002,18.0
2.0,3.0,5,20,20,10,3.298549648848943,9.000000000000004,70.0,1.9995604996511949,70.0,30.0,0.0,-11.000000000000002,18.0
2.0,3.0,5,30,5,10,3.2985496488489416,9.000000000000004,70.0,1.9995604996511944,70.0,30.0,0.0,-11.000000000000002,18.0
2.0,3.0,5,30,10,10,3.2985496488489403,9.000000000000004,70.0,1.9995604996511944,70.0,30.0,0.0,-11.000000000000002,18.0
2.0,3.0,5,30,15,10,3.2985496488489403,9.000000000000004,70.0,1.9995604996511944,70.0,30.0,0.0,-11.000000000000002,18.0
2.0,3.0,5,30,20,10,3.2985496488489403,9.000000000000004,70.0,1.9995604996511944,70.0,30.0,0.0,-11.000000000000002,18.0
2.0,3.0,5,45,5,10,3.2985496488489416,9.000000000000004,70.0,1.9995604996511944,70.0,30.0,0.0,-11.000000000000002,18.0
2.0,3.0,5,45,10,10,3.2985496488489416,9.000000000000004,70.0,1.9995604996511944,70.0,30.0,0.0,-11.000000000000002,18.0
2.0,3.0,5,45,15,10,1.760111618324951,9.000000000000002,60.0,1.4469060080883835,60.0,30.0,10.0,-11.000000000000002,18.0
2.0,3.0,5,45,20,10,1.760111618324951,9.000000000000002,60.0,1.4469060080883835,60.0,30.0,10.0,-11.000000000000002,18.0
2.0,3.0,5,60,5,10,3.2985496488489416,9.000000000000004,70.0,1.9995604996511944,70.0,30.0,0.0,-11.000000000000002,18.0
2.0,3.0,5,60,10,10,3.2985496488489416,9.000000000000004,70.0,1.9995604996511944,70.0,30.0,0.0,-11.000000000000002,18.0
2.0,3.0,5,60,15,10,1.6581557120508585,9.000000000000002,60.0,1.4103945649826681,60.0,30.0,10.0,-11.000000000000002,18.0
2.0,3.0,5,60,20,10,1.6581557120508585,9.000000000000002,60.0,1.4103945649826681,60.0,30.0,10.0,-11.000000000000002,18.0
2.0,3.0,7,15,5,8,1.6092022561815296,9.000000000000004,62.5,1.390109637862189,62.5,37.5,0.0,-11.000000000000004,9.0
2.0,3.0,7,15,10,8,4.10920225618153,9.000000000000007,75.0,2.494255365884193,75.0,25.0,0.0,-11.000000000000004,9.0
2.0,3.0,7,15,15,8,4.10920225618153,9.000000000000007,75.0,2.494255365884193,75.0,25.0,0.0,-11.000000000000004,9.0
2.0,3.0,7,15,20,8,4.10920225618153,9.000000000000007,75.0,2.494255365884193,75.0,25.0,0.0,-11.000000000000004,9.0
2.0,3.0,7,20,5,9,0.20817978327247033,9.0,55.55555555555556,1.0425822283966415,55.55555555555556,44.44444444444444,0.0,-11.000000000000004,14.0
2.0,3.0,7,20,10,9,2.430402005494693,9.000000000000002,66.66666666666666,1.6628369105894623,66.66666666666666,33.33333333333333,0.0,-11.000000000000004,14.0
2.0,3.0,7,20,15,9,2.430402005494693,9.000000000000002,66.66666666666666,1.6628369105894623,66.66666666666666,33.33333333333333,0.0,-11.000000000000004,14.0
2.0,3.0,7,20,20,9,2.430402005494693,9.000000000000002,66.66666666666666,1.6628369105894623,66.66666666666666,33.33333333333333,0.0,-11.000000000000004,14.0
2.0,3.0,7,30,5,9,0.20817978327246914,9.0,55.55555555555556,1.0425822283966415,55.55555555555556,44.44444444444444,0.0,-11.000000000000004,14.0
2.0,3.0,7,30,10,9,0.7773566716831274,9.0,55.55555555555556,1.1799556710255377,55.55555555555556,33.33333333333333,11.11111111111111,-11.0,14.0
2.0,3.0,7,30,15,9,0.7773566716831274,9.0,55.55555555555556,1.1799556710255377,55.55555555555556,33.33333333333333,11.11111111111111,-11.0,14.0
2.0,3.0,7,30,20,9,0.7773566716831274,9.0,55.55555555555556,1.1799556710255377,55.55555555555556,33.33333333333333,11.11111111111111,-11.0,14.0
2.0,3.0,7,45,5,9,0.20817978327247033,9.0,55.55555555555556,1.042582228396642,55.55555555555556,44.44444444444444,0.0,-11.0,23.0
2.0,3.0,7,45,10,9,0.7749971585831017,9.0,55.55555555555556,1.179311507490879,55.55555555555556,33.33333333333333,11.11111111111111,-10.999999999999996,25.0
2.0,3.0,7,45,15,9,0.7749971585831017,9.0,55.55555555555556,1.179311507490879,55.55555555555556,33.33333333333333,11.11111111111111,-10.999999999999996,25.0
2.0,3.0,7,45,20,9,0.7749971585831017,9.0,55.55555555555556,1.179311507490879,55.55555555555556,33.33333333333333,11.11111111111111,-10.999999999999996,25.0
2.0,3.0,7,60,5,10,1.087361804945224,9.0,60.0,1.2471276829420965,60.0,40.0,0.0,-11.0,24.0
2.0,3.0,7,60,10,10,1.5974974427247925,9.000000000000004,60.0,1.4106820428599476,60.0,30.0,10.0,-10.999999999999996,31.0
2.0,3.0,7,60,15,10,1.0873618049452258,9.000000000000004,60.0,1.2471276829420972,60.0,40.0,0.0,-10.999999999999996,25.0
2.0,3.0,7,60,20,10,1.0873618049452258,9.000000000000004,60.0,1.2471276829420972,60.0,40.0,0.0,-10.999999999999996,25.0
2.0,3.0,10,15,5,8,2.557710319428014,9.000000000000004,62.5,1.8338665681394168,62.5,25.0,12.5,-11.000000000000005,17.5
2.0,3.0,10,15,10,8,2.557710319428015,9.000000000000005,62.5,1.8338665681394168,62.5,25.0,12.5,-11.000000000000005,17.5
2.0,3.0,10,15,15,8,2.557710319428015,9.000000000000005,62.5,1.8338665681394168,62.5,25.0,12.5,-11.000000000000005,17.5
2.0,3.0,10,15,20,8,2.557710319428015,9.000000000000005,62.5,1.8338665681394168,62.5,25.0,12.5,-11.000000000000005,17.5
2.0,3.0,10,20,5,8,2.5776066254078245,9.000000000000004,62.5,1.8458398075216573,62.5,25.0,12.5,-11.000000000000005,18.5
2.0,3.0,10,20,10,8,2.5776066254078254,9.000000000000005,62.5,1.8458398075216573,62.5,25.0,12.5,-11.000000000000005,18.5
2.0,3.0,10,20,15,8,2.5776066254078254,9.000000000000005,62.5,1.8458398075216573,62.5,25.0,12.5,-11.000000000000005,18.5
2.0,3.0,10,20,20,8,2.5776066254078254,9.000000000000005,62.5,1.8458398075216573,62.5,25.0,12.5,-11.000000000000005,18.5
2.0,3.0,10,30,5,8,2.5807546218573307,9.000000000000004,62.5,1.8477485554833546,62.5,25.0,12.5,-11.000000000000005,18.0
2.0,3.0,10,30,10,8,2.5807546218573325,9.000000000000004,62.5,1.847748555483355,62.5,25.0,12.5,-11.000000000000002,18.0
2.0,3.0,10,30,15,8,2.5807546218573325,9.000000000000004,62.5,1.847748555483355,62.5,25.0,12.5,-11.000000000000002,18.0
2.0,3.0,10,30,20,8,2.5807546218573325,9.000000000000004,62.5,1.847748555483355,62.5,25.0,12.5,-11.000000000000002,18.0
2.0,3.0,10,45,5,8,2.5807546218573307,9.000000000000004,62.5,1.8477485554833548,62.5,25.0,12.5,-11.000000000000004,18.0
2.0,3.0,10,45,10,8,2.5807546218573316,9.000000000000004,62.5,1.847748555483355,62.5,25.0,12.5,-11.000000000000004,18.0
2.0,3.0,10,45,15,8,2.5807546218573316,9.000000000000004,62.5,1.847748555483355,62.5,25.0,12.5,-11.000000000000004,18.0
2.0,3.0,10,45,20,8,2.5807546218573316,9.000000000000004,62.5,1.847748555483355,62.5,25.0,12.5,-11.000000000000004,18.0
2.0,3.0,10,60,5,8,2.5807546218573307,9.000000000000004,62.5,1.8477485554833548,62.5,25.0,12.5,-11.000000000000004,18.0
2.0,3.0,10,60,10,8,0.08075462185733229,3.323018487429308,50.0,1.0182733962356423,50.0,37.5,12.5,-11.000000000000004,19.0
2.0,3.0,10,60,15,8,0.0807546218573314,3.323018487429308,50.0,1.0182733962356423,50.0,37.5,12.5,-11.000000000000004,13.0
2.0,3.0,10,60,20,8,0.0807546218573314,3.323018487429308,50.0,1.0182733962356423,50.0,37.5,12.5,-11.000000000000004,13.0
2.0,4.0,2,15,5,15,1.5353098848029798,5.545489297815572,53.333333333333336,1.4709302711491352,46.666666666666664,20.0,33.33333333333333,-11.000000000000002,33.0
2.0,4.0,2,15,10,15,1.5353098848029787,5.545489297815572,53.333333333333336,1.470930271149135,46.666666666666664,20.0,33.33333333333333,-11.000000000000002,33.0
2.0,4.0,2,15,15,15,1.5353098848029787,5.545489297815572,53.333333333333336,1.470930271149135,46.666666666666664,20.0,33.33333333333333,-11.000000000000002,33.0
2.0,4.0,2,15,20,15,1.5353098848029787,5.545489297815572,53.333333333333336,1.470930271149135,46.666666666666664,20.0,33.33333333333333,-11.000000000000002,33.0
2.0,4.0,2,20,5,15,1.6102629824323287,5.545489297815572,53.333333333333336,1.505543609458338,46.666666666666664,20.0,33.33333333333333,-11.000000000000002,33.0
2.0,4.0,2,20,10,15,1.6102629824323278,5.545489297815572,53.333333333333336,1.5055436094583377,46.666666666666664,20.0,33.33333333333333,-11.000000000000002,33.0
2.0,4.0,2,20,15,15,1.6102629824323278,5.545489297815572,53.333333333333336,1.5055436094583377,46.666666666666664,20.0,33.33333333333333,-11.000000000000002,33.0
2.0,4.0,2,20,20,15,1.6102629824323278,5.545489297815572,53.333333333333336,1.5055436094583377,46.666666666666664,20.0,33.33333333333333,-11.000000000000002,33.0
2.0,4.0,2,30,5,16,1.2720288221981644,1.655458372610218,50.0,1.3945831871932464,43.75,18.75,37.5,-11.000000000000002,49.5
2.0,4.0,2,30,10,16,1.272028822198164,1.655458372610218,50.0,1.3945831871932461,43.75,18.75,37.5,-11.000000000000002,49.5
2.0,4.0,2,30,15,16,1.272028822198164,1.655458372610218,50.0,1.3945831871932461,43.75,18.75,37.5,-11.000000000000002,49.5
2.0,4.0,2,30,20,16,1.272028822198164,1.655458372610218,50.0,1.3945831871932461,43.75,18.75,37.5,-11.000000000000002,49.5
2.0,4.0,2,45,5,16,1.2720288221981644,1.655458372610218,50.0,1.3945831871932464,43.75,18.75,37.5,-11.000000000000002,49.5
2.0,4.0,2,45,10,16,1.2720288221981635,1.655458372610218,50.0,1.3945831871932461,43.75,18.75,37.5,-11.000000000000002,49.5
2.0,4.0,2,45,15,16,1.272028822198163,1.655458372610218,50.0,1.3945831871932457,43.75,18.75,37.5,-11.000000000000002,49.5
2.0,4.0,2,45,20,16,1.272028822198163,1.655458372610218,50.0,1.3945831871932457,43.75,18.75,37.5,-11.000000000000002,49.5
2.0,4.0,2,60,5,16,1.2720288221981644,1.655458372610218,50.0,1.3945831871932464,43.75,18.75,37.5,-11.000000000000002,49.5
2.0,4.0,2,60,10,16,1.2720288221981635,1.655458372610218,50.0,1.3945831871932461,43.75,18.75,37.5,-11.000000000000002,49.5
2.0,4.0,2,60,15,16,1.272028822198163,1.655458372610218,50.0,1.3945831871932457,43.75,18.75,37.5,-11.000000000000002,49.5
2.0,4.0,2,60,20,16,1.272028822198163,1.655458372610218,50.0,1.3945831871932457,43.75,18.75,37.5,-11.000000000000002,49.5
2.0,4.0,3,15,5,13,2.1067507101975558,9.0,61.53846153846154,1.6294600307148357,53.84615384615385,23.076923076923077,23.076923076923077,-11.000000000000002,23.0
2.0,4.0,3,15,10,13,2.106750710197555,9.0,61.53846153846154,1.6294600307148357,53.84615384615385,23.076923076923077,23.076923076923077,-11.000000000000002,23.0
2.0,4.0,3,15,15,13,2.106750710197555,9.0,61.53846153846154,1.6294600307148357,53.84615384615385,23.076923076923077,23.076923076923077,-11.000000000000002,23.0
2.0,4.0,3,15,20,13,2.106750710197555,9.0,61.53846153846154,1.6294600307148357,53.84615384615385,23.076923076923077,23.076923076923077,-11.000000000000002,23.0
2.0,4.0,3,20,5,14,1.75632277415217,6.755533535811594,57.14285714285714,1.5309644041769055,50.0,21.428571428571427,28.57142857142857,-11.000000000000002,28.0
2.0,4.0,3,20,10,14,1.75632277415217,6.755533535811594,57.14285714285714,1.5309644041769055,50.0,21.428571428571427,28.57142857142857,-11.000000000000002,28.0
2.0,4.0,3,20,15,14,1.75632277415217,6.755533535811594,57.14285714285714,1.5309644041769055,50.0,21.428571428571427,28.57142857142857,-11.000000000000002,28.0
2.0,4.0,3,20,20,14,1.75632277415217,6.755533535811594,57.14285714285714,1.5309644041769055,50.0,21.428571428571427,28.57142857142857,-11.000000000000002,28.0
2.0,4.0,3,30,5,14,1.75632277415217,6.755533535811594,57.14285714285714,1.5309644041769053,50.0,21.428571428571427,28.57142857142857,-11.000000000000002,28.0
2.0,4.0,3,30,10,14,1.7563227741521679,6.755533535811594,57.14285714285714,1.5309644041769053,50.0,21.428571428571427,28.57142857142857,-11.000000000000002,28.0
2.0,4.0,3,30,15,14,1.7563227741521679,6.755533535811594,57.14285714285714,1.5309644041769053,50.0,21.428571428571427,28.57142857142857,-11.000000000000002,28.0
2.0,4.0,3,30,20,14,1.7563227741521679,6.755533535811594,57.14285714285714,1.5309644041769053,50.0,21.428571428571427,28.57142857142857,-11.000000000000002,28.0
2.0,4.0,3,45,5,14,1.75632277415217,6.755533535811594,57.14285714285714,1.5309644041769053,50.0,21.428571428571427,28.57142857142857,-11.000000000000002,28.0
2.0,4.0,3,45,10,14,1.756322774152169,6.755533535811594,57.14285714285714,1.5309644041769053,50.0,21.428571428571427,28.57142857142857,-11.000000000000002,28.0
2.0,4.0,3,45,15,14,1.756322774152169,6.755533535811594,57.14285714285714,1.5309644041769053,50.0,21.428571428571427,28.57142857142857,-11.000000000000002,28.5
2.0,4.0,3,45,20,14,1.756322774152169,6.755533535811594,57.14285714285714,1.5309644041769053,50.0,21.428571428571427,28.57142857142857,-11.000000000000002,28.5
2.0,4.0,3,60,5,14,1.75632277415217,6.755533535811594,57.14285714285714,1.5309644041769053,50.0,21.428571428571427,28.57142857142857,-11.000000000000002,28.0
2.0,4.0,3,60,10,14,1.756322774152169,6.755533535811594,57.14285714285714,1.5309644041769053,50.0,21.428571428571427,28.57142857142857,-11.000000000000002,28.0
2.0,4.0,3,60,15,14,1.756322774152169,6.755533535811594,57.14285714285714,1.5309644041769053,50.0,21.428571428571427,28.57142857142857,-11.000000000000002,28.5
2.0,4.0,3,60,20,14,1.756322774152169,6.755533535811594,57.14285714285714,1.5309644041769053,50.0,21.428571428571427,28.57142857142857,-11.000000000000002,28.5
2.0,4.0,5,15,5,10,3.298549648848941,9.000000000000004,70.0,1.999560499651194,70.0,30.0,0.0,-11.000000000000005,18.0
2.0,4.0,5,15,10,10,3.298549648848941,9.000000000000004,70.0,1.999560499651194,70.0,30.0,0.0,-11.000000000000005,18.0
2.0,4.0,5,15,15,10,3.298549648848941,9.000000000000004,70.0,1.999560499651194,70.0,30.0,0.0,-11.000000000000005,18.0
2.0,4.0,5,15,20,10,3.298549648848941,9.000000000000004,70.0,1.999560499651194,70.0,30.0,0.0,-11.000000000000005,18.0
2.0,4.0,5,20,5,10,3.298549648848943,9.000000000000004,70.0,1.9995604996511949,70.0,30.0,0.0,-11.000000000000002,18.0
2.0,4.0,5,20,10,10,3.298549648848943,9.000000000000004,70.0,1.9995604996511949,70.0,30.0,0.0,-11.000000000000002,18.0
2.0,4.0,5,20,15,10,3.298549648848943,9.000000000000004,70.0,1.9995604996511949,70.0,30.0,0.0,-11.000000000000002,18.0
2.0,4.0,5,20,20,10,3.298549648848943,9.000000000000004,70.0,1.9995604996511949,70.0,30.0,0.0,-11.000000000000002,18.0
2.0,4.0,5,30,5,10,3.2985496488489416,9.000000000000004,70.0,1.9995604996511944,70.0,30.0,0.0,-11.000000000000002,18.0
2.0,4.0,5,30,10,10,3.2985496488489403,9.000000000000004,70.0,1.9995604996511944,70.0,30.0,0.0,-11.000000000000002,18.0
2.0,4.0,5,30,15,10,3.2985496488489403,9.000000000000004,70.0,1.9995604996511944,70.0,30.0,0.0,-11.000000000000002,18.0
2.0,4.0,5,30,20,10,3.2985496488489403,9.000000000000004,70.0,1.9995604996511944,70.0,30.0,0.0,-11.000000000000002,18.0
2.0,4.0,5,45,5,10,3.2985496488489416,9.000000000000004,70.0,1.9995604996511944,70.0,30.0,0.0,-11.000000000000002,18.0
2.0,4.0,5,45,10,10,3.2985496488489416,9.000000000000004,70.0,1.9995604996511944,70.0,30.0,0.0,-11.000000000000002,18.0
2.0,4.0,5,45,15,10,1.760111618324951,9.000000000000002,60.0,1.4469060080883835,60.0,30.0,10.0,-11.000000000000002,18.0
2.0,4.0,5,45,20,10,1.760111618324951,9.000000000000002,60.0,1.4469060080883835,60.0,30.0,10.0,-11.000000000000002,18.0
2.0,4.0,5,60,5,10,3.2985496488489416,9.000000000000004,70.0,1.9995604996511944,70.0,30.0,0.0,-11.000000000000002,18.0
2.0,4.0,5,60,10,10,3.2985496488489416,9.000000000000004,70.0,1.9995604996511944,70.0,30.0,0.0,-11.000000000000002,18.0
2.0,4.0,5,60,15,10,1.6581557120508585,9.000000000000002,60.0,1.4103945649826681,60.0,30.0,10.0,-11.000000000000002,18.0
2.0,4.0,5,60,20,10,1.6581557120508585,9.000000000000002,60.0,1.4103945649826681,60.0,30.0,10.0,-11.000000000000002,18.0
2.0,4.0,7,15,5,8,1.6092022561815296,9.000000000000004,62.5,1.390109637862189,62.5,37.5,0.0,-11.000000000000004,9.0
2.0,4.0,7,15,10,8,4.10920225618153,9.000000000000007,75.0,2.494255365884193,75.0,25.0,0.0,-11.000000000000004,9.0
2.0,4.0,7,15,15,8,4.10920225618153,9.000000000000007,75.0,2.494255365884193,75.0,25.0,0.0,-11.000000000000004,9.0
2.0,4.0,7,15,20,8,4.10920225618153,9.000000000000007,75.0,2.494255365884193,75.0,25.0,0.0,-11.000000000000004,9.0
2.0,4.0,7,20,5,9,0.20817978327247033,9.0,55.55555555555556,1.0425822283966415,55.55555555555556,44.44444444444444,0.0,-11.000000000000004,14.0
2.0,4.0,7,20,10,9,2.430402005494693,9.000000000000002,66.66666666666666,1.6628369105894623,66.66666666666666,33.33333333333333,0.0,-11.000000000000004,14.0
2.0,4.0,7,20,15,9,2.430402005494693,9.000000000000002,66.66666666666666,1.6628369105894623,66.66666666666666,33.33333333333333,0.0,-11.000000000000004,14.0
2.0,4.0,7,20,20,9,2.430402005494693,9.000000000000002,66.66666666666666,1.6628369105894623,66.66666666666666,33.33333333333333,0.0,-11.000000000000004,14.0
2.0,4.0,7,30,5,9,0.20817978327246914,9.0,55.55555555555556,1.0425822283966415,55.55555555555556,44.44444444444444,0.0,-11.000000000000004,14.0
2.0,4.0,7,30,10,9,0.7773566716831274,9.0,55.55555555555556,1.1799556710255377,55.55555555555556,33.33333333333333,11.11111111111111,-11.0,14.0
2.0,4.0,7,30,15,9,0.7773566716831274,9.0,55.55555555555556,1.1799556710255377,55.55555555555556,33.33333333333333,11.11111111111111,-11.0,14.0
2.0,4.0,7,30,20,9,0.7773566716831274,9.0,55.55555555555556,1.1799556710255377,55.55555555555556,33.33333333333333,11.11111111111111,-11.0,14.0
2.0,4.0,7,45,5,9,0.20817978327247033,9.0,55.55555555555556,1.042582228396642,55.55555555555556,44.44444444444444,0.0,-11.0,23.0
2.0,4.0,7,45,10,9,0.7749971585831017,9.0,55.55555555555556,1.179311507490879,55.55555555555556,33.33333333333333,11.11111111111111,-10.999999999999996,25.0
2.0,4.0,7,45,15,9,0.7749971585831017,9.0,55.55555555555556,1.179311507490879,55.55555555555556,33.33333333333333,11.11111111111111,-10.999999999999996,25.0
2.0,4.0,7,45,20,9,0.7749971585831017,9.0,55.55555555555556,1.179311507490879,55.55555555555556,33.33333333333333,11.11111111111111,-10.999999999999996,25.0
2.0,4.0,7,60,5,10,1.087361804945224,9.0,60.0,1.2471276829420965,60.0,40.0,0.0,-11.0,24.0
2.0,4.0,7,60,10,10,1.5974974427247925,9.000000000000004,60.0,1.4106820428599476,60.0,30.0,10.0,-10.999999999999996,31.0
2.0,4.0,7,60,15,10,1.0873618049452258,9.000000000000004,60.0,1.2471276829420972,60.0,40.0,0.0,-10.999999999999996,25.0
2.0,4.0,7,60,20,10,1.0873618049452258,9.000000000000004,60.0,1.2471276829420972,60.0,40.0,0.0,-10.999999999999996,25.0
2.0,4.0,10,15,5,8,2.557710319428014,9.000000000000004,62.5,1.8338665681394168,62.5,25.0,12.5,-11.000000000000005,17.5
2.0,4.0,10,15,10,8,2.557710319428015,9.000000000000005,62.5,1.8338665681394168,62.5,25.0,12.5,-11.000000000000005,17.5
2.0,4.0,10,15,15,8,2.557710319428015,9.000000000000005,62.5,1.8338665681394168,62.5,25.0,12.5,-11.000000000000005,17.5
2.0,4.0,10,15,20,8,2.557710319428015,9.000000000000005,62.5,1.8338665681394168,62.5,25.0,12.5,-11.000000000000005,17.5
2.0,4.0,10,20,5,8,2.5776066254078245,9.000000000000004,62.5,1.8458398075216573,62.5,25.0,12.5,-11.000000000000005,18.5
2.0,4.0,10,20,10,8,2.5776066254078254,9.000000000000005,62.5,1.8458398075216573,62.5,25.0,12.5,-11.000000000000005,18.5
2.0,4.0,10,20,15,8,2.5776066254078254,9.000000000000005,62.5,1.8458398075216573,62.5,25.0,12.5,-11.000000000000005,18.5
2.0,4.0,10,20,20,8,2.5776066254078254,9.000000000000005,62.5,1.8458398075216573,62.5,25.0,12.5,-11.000000000000005,18.5
2.0,4.0,10,30,5,8,2.5807546218573307,9.000000000000004,62.5,1.8477485554833546,62.5,25.0,12.5,-11.000000000000005,18.0
2.0,4.0,10,30,10,8,2.5807546218573325,9.000000000000004,62.5,1.847748555483355,62.5,25.0,12.5,-11.000000000000002,18.0
2.0,4.0,10,30,15,8,2.5807546218573325,9.000000000000004,62.5,1.847748555483355,62.5,25.0,12.5,-11.000000000000002,18.0
2.0,4.0,10,30,20,8,2.5807546218573325,9.000000000000004,62.5,1.847748555483355,62.5,25.0,12.5,-11.000000000000002,18.0
2.0,4.0,10,45,5,8,2.5807546218573307,9.000000000000004,62.5,1.8477485554833548,62.5,25.0,12.5,-11.000000000000004,18.0
2.0,4.0,10,45,10,8,2.5807546218573316,9.000000000000004,62.5,1.847748555483355,62.5,25.0,12.5,-11.000000000000004,18.0
2.0,4.0,10,45,15,8,2.5807546218573316,9.000000000000004,62.5,1.847748555483355,62.5,25.0,12.5,-11.000000000000004,18.0
2.0,4.0,10,45,20,8,2.5807546218573316,9.000000000000004,62.5,1.847748555483355,62.5,25.0,12.5,-11.000000000000004,18.0
2.0,4.0,10,60,5,8,2.5807546218573307,9.000000000000004,62.5,1.8477485554833548,62.5,25.0,12.5,-11.000000000000004,18.0
2.0,4.0,10,60,10,8,0.08075462185733229,3.323018487429308,50.0,1.0182733962356423,50.0,37.5,12.5,-11.000000000000004,19.0
2.0,4.0,10,60,15,8,0.0807546218573314,3.323018487429308,50.0,1.0182733962356423,50.0,37.5,12.5,-11.000000000000004,13.0
2.0,4.0,10,60,20,8,0.0807546218573314,3.323018487429308,50.0,1.0182733962356423,50.0,37.5,12.5,-11.000000000000004,13.0
2.0,5.0,2,15,5,15,1.5353098848029798,5.545489297815572,53.333333333333336,1.4709302711491352,46.666666666666664,20.0,33.33333333333333,-11.000000000000002,33.0
2.0,5.0,2,15,10,15,1.5353098848029787,5.545489297815572,53.333333333333336,1.470930271149135,46.666666666666664,20.0,33.33333333333333,-11.000000000000002,33.0
2.0,5.0,2,15,15,15,1.5353098848029787,5.545489297815572,53.333333333333336,1.470930271149135,46.666666666666664,20.0,33.33333333333333,-11.000000000000002,33.0
2.0,5.0,2,15,20,15,1.5353098848029787,5.545489297815572,53.333333333333336,1.470930271149135,46.666666666666664,20.0,33.33333333333333,-11.000000000000002,33.0
2.0,5.0,2,20,5,15,1.6102629824323287,5.545489297815572,53.333333333333336,1.505543609458338,46.666666666666664,20.0,33.33333333333333,-11.000000000000002,33.0
2.0,5.0,2,20,10,15,1.6102629824323278,5.545489297815572,53.333333333333336,1.5055436094583377,46.666666666666664,20.0,33.33333333333333,-11.000000000000002,33.0
2.0,5.0,2,20,15,15,1.6102629824323278,5.545489297815572,53.333333333333336,1.5055436094583377,46.666666666666664,20.0,33.33333333333333,-11.000000000000002,33.0
2.0,5.0,2,20,20,15,1.6102629824323278,5.545489297815572,53.333333333333336,1.5055436094583377,46.666666666666664,20.0,33.33333333333333,-11.000000000000002,33.0
2.0,5.0,2,30,5,16,1.2720288221981644,1.655458372610218,50.0,1.3945831871932464,43.75,18.75,37.5,-11.000000000000002,49.5
2.0,5.0,2,30,10,16,1.272028822198164,1.655458372610218,50.0,1.3945831871932461,43.75,18.75,37.5,-11.000000000000002,49.5
2.0,5.0,2,30,15,16,1.272028822198164,1.655458372610218,50.0,1.3945831871932461,43.75,18.75,37.5,-11.000000000000002,49.5
2.0,5.0,2,30,20,16,1.272028822198164,1.655458372610218,50.0,1.3945831871932461,43.75,18.75,37.5,-11.000000000000002,49.5
2.0,5.0,2,45,5,16,1.2720288221981644,1.655458372610218,50.0,1.3945831871932464,43.75,18.75,37.5,-11.000000000000002,49.5
2.0,5.0,2,45,10,16,1.2720288221981635,1.655458372610218,50.0,1.3945831871932461,43.75,18.75,37.5,-11.000000000000002,49.5
2.0,5.0,2,45,15,16,1.272028822198163,1.655458372610218,50.0,1.3945831871932457,43.75,18.75,37.5,-11.000000000000002,49.5
2.0,5.0,2,45,20,16,1.272028822198163,1.655458372610218,50.0,1.3945831871932457,43.75,18.75,37.5,-11.000000000000002,49.5
2.0,5.0,2,60,5,16,1.2720288221981644,1.655458372610218,50.0,1.3945831871932464,43.75,18.75,37.5,-11.000000000000002,49.5
2.0,5.0,2,60,10,16,1.2720288221981635,1.655458372610218,50.0,1.3945831871932461,43.75,18.75,37.5,-11.000000000000002,49.5
2.0,5.0,2,60,15,16,1.272028822198163,1.655458372610218,50.0,1.3945831871932457,43.75,18.75,37.5,-11.000000000000002,49.5
2.0,5.0,2,60,20,16,1.272028822198163,1.655458372610218,50.0,1.3945831871932457,43.75,18.75,37.5,-11.000000000000002,49.5
2.0,5.0,3,15,5,13,2.1067507101975558,9.0,61.53846153846154,1.6294600307148357,53.84615384615385,23.076923076923077,23.076923076923077,-11.000000000000002,23.0
2.0,5.0,3,15,10,13,2.106750710197555,9.0,61.53846153846154,1.6294600307148357,53.84615384615385,23.076923076923077,23.076923076923077,-11.000000000000002,23.0
2.0,5.0,3,15,15,13,2.106750710197555,9.0,61.53846153846154,1.6294600307148357,53.84615384615385,23.076923076923077,23.076923076923077,-11.000000000000002,23.0
2.0,5.0,3,15,20,13,2.106750710197555,9.0,61.53846153846154,1.6294600307148357,53.84615384615385,23.076923076923077,23.076923076923077,-11.000000000000002,23.0
2.0,5.0,3,20,5,14,1.75632277415217,6.755533535811594,57.14285714285714,1.5309644041769055,50.0,21.428571428571427,28.57142857142857,-11.000000000000002,28.0
2.0,5.0,3,20,10,14,1.75632277415217,6.755533535811594,57.14285714285714,1.5309644041769055,50.0,21.428571428571427,28.57142857142857,-11.000000000000002,28.0
2.0,5.0,3,20,15,14,1.75632277415217,6.755533535811594,57.14285714285714,1.5309644041769055,50.0,21.428571428571427,28.57142857142857,-11.000000000000002,28.0
2.0,5.0,3,20,20,14,1.75632277415217,6.755533535811594,57.14285714285714,1.5309644041769055,50.0,21.428571428571427,28.57142857142857,-11.000000000000002,28.0
2.0,5.0,3,30,5,14,1.75632277415217,6.755533535811594,57.14285714285714,1.5309644041769053,50.0,21.428571428571427,28.57142857142857,-11.000000000000002,28.0
2.0,5.0,3,30,10,14,1.7563227741521679,6.755533535811594,57.14285714285714,1.5309644041769053,50.0,21.428571428571427,28.57142857142857,-11.000000000000002,28.0
2.0,5.0,3,30,15,14,1.7563227741521679,6.755533535811594,57.14285714285714,1.5309644041769053,50.0,21.428571428571427,28.57142857142857,-11.000000000000002,28.0
2.0,5.0,3,30,20,14,1.7563227741521679,6.755533535811594,57.14285714285714,1.5309644041769053,50.0,21.428571428571427,28.57142857142857,-11.000000000000002,28.0
2.0,5.0,3,45,5,14,1.75632277415217,6.755533535811594,57.14285714285714,1.5309644041769053,50.0,21.428571428571427,28.57142857142857,-11.000000000000002,28.0
2.0,5.0,3,45,10,14,1.756322774152169,6.755533535811594,57.14285714285714,1.5309644041769053,50.0,21.428571428571427,28.57142857142857,-11.000000000000002,28.0
2.0,5.0,3,45,15,14,1.756322774152169,6.755533535811594,57.14285714285714,1.5309644041769053,50.0,21.428571428571427,28.57142857142857,-11.000000000000002,28.5
2.0,5.0,3,45,20,14,1.756322774152169,6.755533535811594,57.14285714285714,1.5309644041769053,50.0,21.428571428571427,28.57142857142857,-11.000000000000002,28.5
2.0,5.0,3,60,5,14,1.75632277415217,6.755533535811594,57.14285714285714,1.5309644041769053,50.0,21.428571428571427,28.57142857142857,-11.000000000000002,28.0
2.0,5.0,3,60,10,14,1.756322774152169,6.755533535811594,57.14285714285714,1.5309644041769053,50.0,21.428571428571427,28.57142857142857,-11.000000000000002,28.0
2.0,5.0,3,60,15,14,1.756322774152169,6.755533535811594,57.14285714285714,1.5309644041769053,50.0,21.428571428571427,28.57142857142857,-11.000000000000002,28.5
2.0,5.0,3,60,20,14,1.756322774152169,6.755533535811594,57.14285714285714,1.5309644041769053,50.0,21.428571428571427,28.57142857142857,-11.000000000000002,28.5
2.0,5.0,5,15,5,10,3.298549648848941,9.000000000000004,70.0,1.999560499651194,70.0,30.0,0.0,-11.000000000000005,18.0
2.0,5.0,5,15,10,10,3.298549648848941,9.000000000000004,70.0,1.999560499651194,70.0,30.0,0.0,-11.000000000000005,18.0
2.0,5.0,5,15,15,10,3.298549648848941,9.000000000000004,70.0,1.999560499651194,70.0,30.0,0.0,-11.000000000000005,18.0
2.0,5.0,5,15,20,10,3.298549648848941,9.000000000000004,70.0,1.999560499651194,70.0,30.0,0.0,-11.000000000000005,18.0
2.0,5.0,5,20,5,10,3.298549648848943,9.000000000000004,70.0,1.9995604996511949,70.0,30.0,0.0,-11.000000000000002,18.0
2.0,5.0,5,20,10,10,3.298549648848943,9.000000000000004,70.0,1.9995604996511949,70.0,30.0,0.0,-11.000000000000002,18.0
2.0,5.0,5,20,15,10,3.298549648848943,9.000000000000004,70.0,1.9995604996511949,70.0,30.0,0.0,-11.000000000000002,18.0
2.0,5.0,5,20,20,10,3.298549648848943,9.000000000000004,70.0,1.9995604996511949,70.0,30.0,0.0,-11.000000000000002,18.0
2.0,5.0,5,30,5,10,3.2985496488489416,9.000000000000004,70.0,1.9995604996511944,70.0,30.0,0.0,-11.000000000000002,18.0
2.0,5.0,5,30,10,10,3.2985496488489403,9.000000000000004,70.0,1.9995604996511944,70.0,30.0,0.0,-11.000000000000002,18.0
2.0,5.0,5,30,15,10,3.2985496488489403,9.000000000000004,70.0,1.9995604996511944,70.0,30.0,0.0,-11.000000000000002,18.0
2.0,5.0,5,30,20,10,3.2985496488489403,9.000000000000004,70.0,1.9995604996511944,70.0,30.0,0.0,-11.000000000000002,18.0
2.0,5.0,5,45,5,10,3.2985496488489416,9.000000000000004,70.0,1.9995604996511944,70.0,30.0,0.0,-11.000000000000002,18.0
2.0,5.0,5,45,10,10,3.2985496488489416,9.000000000000004,70.0,1.9995604996511944,70.0,30.0,0.0,-11.000000000000002,18.0
2.0,5.0,5,45,15,10,1.760111618324951,9.000000000000002,60.0,1.4469060080883835,60.0,30.0,10.0,-11.000000000000002,18.0
2.0,5.0,5,45,20,10,1.760111618324951,9.000000000000002,60.0,1.4469060080883835,60.0,30.0,10.0,-11.000000000000002,18.0
2.0,5.0,5,60,5,10,3.2985496488489416,9.000000000000004,70.0,1.9995604996511944,70.0,30.0,0.0,-11.000000000000002,18.0
2.0,5.0,5,60,10,10,3.2985496488489416,9.000000000000004,70.0,1.9995604996511944,70.0,30.0,0.0,-11.000000000000002,18.0
2.0,5.0,5,60,15,10,1.6581557120508585,9.000000000000002,60.0,1.4103945649826681,60.0,30.0,10.0,-11.000000000000002,18.0
2.0,5.0,5,60,20,10,1.6581557120508585,9.000000000000002,60.0,1.4103945649826681,60.0,30.0,10.0,-11.000000000000002,18.0
2.0,5.0,7,15,5,8,1.6092022561815296,9.000000000000004,62.5,1.390109637862189,62.5,37.5,0.0,-11.000000000000004,9.0
2.0,5.0,7,15,10,8,4.10920225618153,9.000000000000007,75.0,2.494255365884193,75.0,25.0,0.0,-11.000000000000004,9.0
2.0,5.0,7,15,15,8,4.10920225618153,9.000000000000007,75.0,2.494255365884193,75.0,25.0,0.0,-11.000000000000004,9.0
2.0,5.0,7,15,20,8,4.10920225618153,9.000000000000007,75.0,2.494255365884193,75.0,25.0,0.0,-11.000000000000004,9.0
2.0,5.0,7,20,5,9,0.20817978327247033,9.0,55.55555555555556,1.0425822283966415,55.55555555555556,44.44444444444444,0.0,-11.000000000000004,14.0
2.0,5.0,7,20,10,9,2.430402005494693,9.000000000000002,66.66666666666666,1.6628369105894623,66.66666666666666,33.33333333333333,0.0,-11.000000000000004,14.0
2.0,5.0,7,20,15,9,2.430402005494693,9.000000000000002,66.66666666666666,1.6628369105894623,66.66666666666666,33.33333333333333,0.0,-11.000000000000004,14.0
2.0,5.0,7,20,20,9,2.430402005494693,9.000000000000002,66.66666666666666,1.6628369105894623,66.66666666666666,33.33333333333333,0.0,-11.000000000000004,14.0
2.0,5.0,7,30,5,9,0.20817978327246914,9.0,55.55555555555556,1.0425822283966415,55.55555555555556,44.44444444444444,0.0,-11.000000000000004,14.0
2.0,5.0,7,30,10,9,0.7773566716831274,9.0,55.55555555555556,1.1799556710255377,55.55555555555556,33.33333333333333,11.11111111111111,-11.0,14.0
2.0,5.0,7,30,15,9,0.7773566716831274,9.0,55.55555555555556,1.1799556710255377,55.55555555555556,33.33333333333333,11.11111111111111,-11.0,14.0
2.0,5.0,7,30,20,9,0.7773566716831274,9.0,55.55555555555556,1.1799556710255377,55.55555555555556,33.33333333333333,11.11111111111111,-11.0,14.0
2.0,5.0,7,45,5,9,0.20817978327247033,9.0,55.55555555555556,1.042582228396642,55.55555555555556,44.44444444444444,0.0,-11.0,23.0
2.0,5.0,7,45,10,9,0.7749971585831017,9.0,55.55555555555556,1.179311507490879,55.55555555555556,33.33333333333333,11.11111111111111,-10.999999999999996,25.0
2.0,5.0,7,45,15,9,0.7749971585831017,9.0,55.55555555555556,1.179311507490879,55.55555555555556,33.33333333333333,11.11111111111111,-10.999999999999996,25.0
2.0,5.0,7,45,20,9,0.7749971585831017,9.0,55.55555555555556,1.179311507490879,55.55555555555556,33.33333333333333,11.11111111111111,-10.999999999999996,25.0
2.0,5.0,7,60,5,10,1.087361804945224,9.0,60.0,1.2471276829420965,60.0,40.0,0.0,-11.0,24.0
2.0,5.0,7,60,10,10,1.5974974427247925,9.000000000000004,60.0,1.4106820428599476,60.0,30.0,10.0,-10.999999999999996,31.0
2.0,5.0,7,60,15,10,1.0873618049452258,9.000000000000004,60.0,1.2471276829420972,60.0,40.0,0.0,-10.999999999999996,25.0
2.0,5.0,7,60,20,10,1.0873618049452258,9.000000000000004,60.0,1.2471276829420972,60.0,40.0,0.0,-10.999999999999996,25.0
2.0,5.0,10,15,5,8,2.557710319428014,9.000000000000004,62.5,1.8338665681394168,62.5,25.0,12.5,-11.000000000000005,17.5
2.0,5.0,10,15,10,8,2.557710319428015,9.000000000000005,62.5,1.8338665681394168,62.5,25.0,12.5,-11.000000000000005,17.5
2.0,5.0,10,15,15,8,2.557710319428015,9.000000000000005,62.5,1.8338665681394168,62.5,25.0,12.5,-11.000000000000005,17.5
2.0,5.0,10,15,20,8,2.557710319428015,9.000000000000005,62.5,1.8338665681394168,62.5,25.0,12.5,-11.000000000000005,17.5
2.0,5.0,10,20,5,8,2.5776066254078245,9.000000000000004,62.5,1.8458398075216573,62.5,25.0,12.5,-11.000000000000005,18.5
2.0,5.0,10,20,10,8,2.5776066254078254,9.000000000000005,62.5,1.8458398075216573,62.5,25.0,12.5,-11.000000000000005,18.5
2.0,5.0,10,20,15,8,2.5776066254078254,9.000000000000005,62.5,1.8458398075216573,62.5,25.0,12.5,-11.000000000000005,18.5
2.0,5.0,10,20,20,8,2.5776066254078254,9.000000000000005,62.5,1.8458398075216573,62.5,25.0,12.5,-11.000000000000005,18.5
2.0,5.0,10,30,5,8,2.5807546218573307,9.000000000000004,62.5,1.8477485554833546,62.5,25.0,12.5,-11.000000000000005,18.0
2.0,5.0,10,30,10,8,2.5807546218573325,9.000000000000004,62.5,1.847748555483355,62.5,25.0,12.5,-11.000000000000002,18.0
2.0,5.0,10,30,15,8,2.5807546218573325,9.000000000000004,62.5,1.847748555483355,62.5,25.0,12.5,-11.000000000000002,18.0
2.0,5.0,10,30,20,8,2.5807546218573325,9.000000000000004,62.5,1.847748555483355,62.5,25.0,12.5,-11.000000000000002,18.0
2.0,5.0,10,45,5,8,2.5807546218573307,9.000000000000004,62.5,1.8477485554833548,62.5,25.0,12.5,-11.000000000000004,18.0
2.0,5.0,10,45,10,8,2.5807546218573316,9.000000000000004,62.5,1.847748555483355,62.5,25.0,12.5,-11.000000000000004,18.0
2.0,5.0,10,45,15,8,2.5807546218573316,9.000000000000004,62.5,1.847748555483355,62.5,25.0,12.5,-11.000000000000004,18.0
2.0,5.0,10,45,20,8,2.5807546218573316,9.000000000000004,62.5,1.847748555483355,62.5,25.0,12.5,-11.000000000000004,18.0
2.0,5.0,10,60,5,8,2.5807546218573307,9.000000000000004,62.5,1.8477485554833548,62.5,25.0,12.5,-11.000000000000004,18.0
2.0,5.0,10,60,10,8,0.08075462185733229,3.323018487429308,50.0,1.0182733962356423,50.0,37.5,12.5,-11.000000000000004,19.0
2.0,5.0,10,60,15,8,0.0807546218573314,3.323018487429308,50.0,1.0182733962356423,50.0,37.5,12.5,-11.000000000000004,13.0
2.0,5.0,10,60,20,8,0.0807546218573314,3.323018487429308,50.0,1.0182733962356423,50.0,37.5,12.5,-11.000000000000004,13.0
2.0,8.0,2,15,5,15,1.5353098848029798,5.545489297815572,53.333333333333336,1.4709302711491352,46.666666666666664,20.0,33.33333333333333,-11.000000000000002,33.0
2.0,8.0,2,15,10,15,1.5353098848029787,5.545489297815572,53.333333333333336,1.470930271149135,46.666666666666664,20.0,33.33333333333333,-11.000000000000002,33.0
2.0,8.0,2,15,15,15,1.5353098848029787,5.545489297815572,53.333333333333336,1.470930271149135,46.666666666666664,20.0,33.33333333333333,-11.000000000000002,33.0
2.0,8.0,2,15,20,15,1.5353098848029787,5.545489297815572,53.333333333333336,1.470930271149135,46.666666666666664,20.0,33.33333333333333,-11.000000000000002,33.0
2.0,8.0,2,20,5,15,1.6102629824323287,5.545489297815572,53.333333333333336,1.505543609458338,46.666666666666664,20.0,33.33333333333333,-11.000000000000002,33.0
2.0,8.0,2,20,10,15,1.6102629824323278,5.545489297815572,53.333333333333336,1.5055436094583377,46.666666666666664,20.0,33.33333333333333,-11.000000000000002,33.0
2.0,8.0,2,20,15,15,1.6102629824323278,5.545489297815572,53.333333333333336,1.5055436094583377,46.666666666666664,20.0,33.33333333333333,-11.000000000000002,33.0
2.0,8.0,2,20,20,15,1.6102629824323278,5.545489297815572,53.333333333333336,1.5055436094583377,46.666666666666664,20.0,33.33333333333333,-11.000000000000002,33.0
2.0,8.0,2,30,5,16,1.2720288221981644,1.655458372610218,50.0,1.3945831871932464,43.75,18.75,37.5,-11.000000000000002,49.5
2.0,8.0,2,30,10,16,1.272028822198164,1.655458372610218,50.0,1.3945831871932461,43.75,18.75,37.5,-11.000000000000002,49.5
2.0,8.0,2,30,15,16,1.272028822198164,1.655458372610218,50.0,1.3945831871932461,43.75,18.75,37.5,-11.000000000000002,49.5
2.0,8.0,2,30,20,16,1.272028822198164,1.655458372610218,50.0,1.3945831871932461,43.75,18.75,37.5,-11.000000000000002,49.5
2.0,8.0,2,45,5,16,1.2720288221981644,1.655458372610218,50.0,1.3945831871932464,43.75,18.75,37.5,-11.000000000000002,49.5
2.0,8.0,2,45,10,16,1.2720288221981635,1.655458372610218,50.0,1.3945831871932461,43.75,18.75,37.5,-11.000000000000002,49.5
2.0,8.0,2,45,15,16,1.272028822198163,1.655458372610218,50.0,1.3945831871932457,43.75,18.75,37.5,-11.000000000000002,49.5
2.0,8.0,2,45,20,16,1.272028822198163,1.655458372610218,50.0,1.3945831871932457,43.75,18.75,37.5,-11.000000000000002,49.5
2.0,8.0,2,60,5,16,1.2720288221981644,1.655458372610218,50.0,1.3945831871932464,43.75,18.75,37.5,-11.000000000000002,49.5
2.0,8.0,2,60,10,16,1.2720288221981635,1.655458372610218,50.0,1.3945831871932461,43.75,18.75,37.5,-11.000000000000002,49.5
2.0,8.0,2,60,15,16,1.272028822198163,1.655458372610218,50.0,1.3945831871932457,43.75,18.75,37.5,-11.000000000000002,49.5
2.0,8.0,2,60,20,16,1.272028822198163,1.655458372610218,50.0,1.3945831871932457,43.75,18.75,37.5,-11.000000000000002,49.5
2.0,8.0,3,15,5,13,2.1067507101975558,9.0,61.53846153846154,1.6294600307148357,53.84615384615385,23.076923076923077,23.076923076923077,-11.000000000000002,23.0
2.0,8.0,3,15,10,13,2.106750710197555,9.0,61.53846153846154,1.6294600307148357,53.84615384615385,23.076923076923077,23.076923076923077,-11.000000000000002,23.0
2.0,8.0,3,15,15,13,2.106750710197555,9.0,61.53846153846154,1.6294600307148357,53.84615384615385,23.076923076923077,23.076923076923077,-11.000000000000002,23.0
2.0,8.0,3,15,20,13,2.106750710197555,9.0,61.53846153846154,1.6294600307148357,53.84615384615385,23.076923076923077,23.076923076923077,-11.000000000000002,23.0
2.0,8.0,3,20,5,14,1.75632277415217,6.755533535811594,57.14285714285714,1.5309644041769055,50.0,21.428571428571427,28.57142857142857,-11.000000000000002,28.0
2.0,8.0,3,20,10,14,1.75632277415217,6.755533535811594,57.14285714285714,1.5309644041769055,50.0,21.428571428571427,28.57142857142857,-11.000000000000002,28.0
2.0,8.0,3,20,15,14,1.75632277415217,6.755533535811594,57.14285714285714,1.5309644041769055,50.0,21.428571428571427,28.57142857142857,-11.000000000000002,28.0
2.0,8.0,3,20,20,14,1.75632277415217,6.755533535811594,57.14285714285714,1.5309644041769055,50.0,21.428571428571427,28.57142857142857,-11.000000000000002,28.0
2.0,8.0,3,30,5,14,1.75632277415217,6.755533535811594,57.14285714285714,1.5309644041769053,50.0,21.428571428571427,28.57142857142857,-11.000000000000002,28.0
2.0,8.0,3,30,10,14,1.7563227741521679,6.755533535811594,57.14285714285714,1.5309644041769053,50.0,21.428571428571427,28.57142857142857,-11.000000000000002,28.0
2.0,8.0,3,30,15,14,1.7563227741521679,6.755533535811594,57.14285714285714,1.5309644041769053,50.0,21.428571428571427,28.57142857142857,-11.000000000000002,28.0
2.0,8.0,3,30,20,14,1.7563227741521679,6.755533535811594,57.14285714285714,1.5309644041769053,50.0,21.428571428571427,28.57142857142857,-11.000000000000002,28.0
2.0,8.0,3,45,5,14,1.75632277415217,6.755533535811594,57.14285714285714,1.5309644041769053,50.0,21.428571428571427,28.57142857142857,-11.000000000000002,28.0
2.0,8.0,3,45,10,14,1.756322774152169,6.755533535811594,57.14285714285714,1.5309644041769053,50.0,21.428571428571427,28.57142857142857,-11.000000000000002,28.0
2.0,8.0,3,45,15,14,1.756322774152169,6.755533535811594,57.14285714285714,1.5309644041769053,50.0,21.428571428571427,28.57142857142857,-11.000000000000002,28.5
2.0,8.0,3,45,20,14,1.756322774152169,6.755533535811594,57.14285714285714,1.5309644041769053,50.0,21.428571428571427,28.57142857142857,-11.000000000000002,28.5
2.0,8.0,3,60,5,14,1.75632277415217,6.755533535811594,57.14285714285714,1.5309644041769053,50.0,21.428571428571427,28.57142857142857,-11.000000000000002,28.0
2.0,8.0,3,60,10,14,1.756322774152169,6.755533535811594,57.14285714285714,1.5309644041769053,50.0,21.428571428571427,28.57142857142857,-11.000000000000002,28.0
2.0,8.0,3,60,15,14,1.756322774152169,6.755533535811594,57.14285714285714,1.5309644041769053,50.0,21.428571428571427,28.57142857142857,-11.000000000000002,28.5
2.0,8.0,3,60,20,14,1.756322774152169,6.755533535811594,57.14285714285714,1.5309644041769053,50.0,21.428571428571427,28.57142857142857,-11.000000000000002,28.5
2.0,8.0,5,15,5,10,3.298549648848941,9.000000000000004,70.0,1.999560499651194,70.0,30.0,0.0,-11.000000000000005,18.0
2.0,8.0,5,15,10,10,3.298549648848941,9.000000000000004,70.0,1.999560499651194,70.0,30.0,0.0,-11.000000000000005,18.0
2.0,8.0,5,15,15,10,3.298549648848941,9.000000000000004,70.0,1.999560499651194,70.0,30.0,0.0,-11.000000000000005,18.0
2.0,8.0,5,15,20,10,3.298549648848941,9.000000000000004,70.0,1.999560499651194,70.0,30.0,0.0,-11.000000000000005,18.0
2.0,8.0,5,20,5,10,3.298549648848943,9.000000000000004,70.0,1.9995604996511949,70.0,30.0,0.0,-11.000000000000002,18.0
2.0,8.0,5,20,10,10,3.298549648848943,9.000000000000004,70.0,1.9995604996511949,70.0,30.0,0.0,-11.000000000000002,18.0
2.0,8.0,5,20,15,10,3.298549648848943,9.000000000000004,70.0,1.9995604996511949,70.0,30.0,0.0,-11.000000000000002,18.0
2.0,8.0,5,20,20,10,3.298549648848943,9.000000000000004,70.0,1.9995604996511949,70.0,30.0,0.0,-11.000000000000002,18.0
2.0,8.0,5,30,5,10,3.2985496488489416,9.000000000000004,70.0,1.9995604996511944,70.0,30.0,0.0,-11.000000000000002,18.0
2.0,8.0,5,30,10,10,3.2985496488489403,9.000000000000004,70.0,1.9995604996511944,70.0,30.0,0.0,-11.000000000000002,18.0
2.0,8.0,5,30,15,10,3.2985496488489403,9.000000000000004,70.0,1.9995604996511944,70.0,30.0,0.0,-11.000000000000002,18.0
2.0,8.0,5,30,20,10,3.2985496488489403,9.000000000000004,70.0,1.9995604996511944,70.0,30.0,0.0,-11.000000000000002,18.0
2.0,8.0,5,45,5,10,3.2985496488489416,9.000000000000004,70.0,1.9995604996511944,70.0,30.0,0.0,-11.000000000000002,18.0
2.0,8.0,5,45,10,10,3.2985496488489416,9.000000000000004,70.0,1.9995604996511944,70.0,30.0,0.0,-11.000000000000002,18.0
2.0,8.0,5,45,15,10,1.760111618324951,9.000000000000002,60.0,1.4469060080883835,60.0,30.0,10.0,-11.000000000000002,18.0
2.0,8.0,5,45,20,10,1.760111618324951,9.000000000000002,60.0,1.4469060080883835,60.0,30.0,10.0,-11.000000000000002,18.0
2.0,8.0,5,60,5,10,3.2985496488489416,9.000000000000004,70.0,1.9995604996511944,70.0,30.0,0.0,-11.000000000000002,18.0
2.0,8.0,5,60,10,10,3.2985496488489416,9.000000000000004,70.0,1.9995604996511944,70.0,30.0,0.0,-11.000000000000002,18.0
2.0,8.0,5,60,15,10,1.6581557120508585,9.000000000000002,60.0,1.4103945649826681,60.0,30.0,10.0,-11.000000000000002,18.0
2.0,8.0,5,60,20,10,1.6581557120508585,9.000000000000002,60.0,1.4103945649826681,60.0,30.0,10.0,-11.000000000000002,18.0
2.0,8.0,7,15,5,8,1.6092022561815296,9.000000000000004,62.5,1.390109637862189,62.5,37.5,0.0,-11.000000000000004,9.0
2.0,8.0,7,15,10,8,4.10920225618153,9.000000000000007,75.0,2.494255365884193,75.0,25.0,0.0,-11.000000000000004,9.0
2.0,8.0,7,15,15,8,4.10920225618153,9.000000000000007,75.0,2.494255365884193,75.0,25.0,0.0,-11.000000000000004,9.0
2.0,8.0,7,15,20,8,4.10920225618153,9.000000000000007,75.0,2.494255365884193,75.0,25.0,0.0,-11.000000000000004,9.0
2.0,8.0,7,20,5,9,0.20817978327247033,9.0,55.55555555555556,1.0425822283966415,55.55555555555556,44.44444444444444,0.0,-11.000000000000004,14.0
2.0,8.0,7,20,10,9,2.430402005494693,9.000000000000002,66.66666666666666,1.6628369105894623,66.66666666666666,33.33333333333333,0.0,-11.000000000000004,14.0
2.0,8.0,7,20,15,9,2.430402005494693,9.000000000000002,66.66666666666666,1.6628369105894623,66.66666666666666,33.33333333333333,0.0,-11.000000000000004,14.0
2.0,8.0,7,20,20,9,2.430402005494693,9.000000000000002,66.66666666666666,1.6628369105894623,66.66666666666666,33.33333333333333,0.0,-11.000000000000004,14.0
2.0,8.0,7,30,5,9,0.20817978327246914,9.0,55.55555555555556,1.0425822283966415,55.55555555555556,44.44444444444444,0.0,-11.000000000000004,14.0
2.0,8.0,7,30,10,9,0.7773566716831274,9.0,55.55555555555556,1.1799556710255377,55.55555555555556,33.33333333333333,11.11111111111111,-11.0,14.0
2.0,8.0,7,30,15,9,0.7773566716831274,9.0,55.55555555555556,1.1799556710255377,55.55555555555556,33.33333333333333,11.11111111111111,-11.0,14.0
2.0,8.0,7,30,20,9,0.7773566716831274,9.0,55.55555555555556,1.1799556710255377,55.55555555555556,33.33333333333333,11.11111111111111,-11.0,14.0
2.0,8.0,7,45,5,9,0.20817978327247033,9.0,55.55555555555556,1.042582228396642,55.55555555555556,44.44444444444444,0.0,-11.0,23.0
2.0,8.0,7,45,10,9,0.7749971585831017,9.0,55.55555555555556,1.179311507490879,55.55555555555556,33.33333333333333,11.11111111111111,-10.999999999999996,25.0
2.0,8.0,7,45,15,9,0.7749971585831017,9.0,55.55555555555556,1.179311507490879,55.55555555555556,33.33333333333333,11.11111111111111,-10.999999999999996,25.0
2.0,8.0,7,45,20,9,0.7749971585831017,9.0,55.55555555555556,1.179311507490879,55.55555555555556,33.33333333333333,11.11111111111111,-10.999999999999996,25.0
2.0,8.0,7,60,5,10,1.087361804945224,9.0,60.0,1.2471276829420965,60.0,40.0,0.0,-11.0,24.0
2.0,8.0,7,60,10,10,1.5974974427247925,9.000000000000004,60.0,1.4106820428599476,60.0,30.0,10.0,-10.999999999999996,31.0
2.0,8.0,7,60,15,10,1.0873618049452258,9.000000000000004,60.0,1.2471276829420972,60.0,40.0,0.0,-10.999999999999996,25.0
2.0,8.0,7,60,20,10,1.0873618049452258,9.000000000000004,60.0,1.2471276829420972,60.0,40.0,0.0,-10.999999999999996,25.0
2.0,8.0,10,15,5,8,2.557710319428014,9.000000000000004,62.5,1.8338665681394168,62.5,25.0,12.5,-11.000000000000005,17.5
2.0,8.0,10,15,10,8,2.557710319428015,9.000000000000005,62.5,1.8338665681394168,62.5,25.0,12.5,-11.000000000000005,17.5
2.0,8.0,10,15,15,8,2.557710319428015,9.000000000000005,62.5,1.8338665681394168,62.5,25.0,12.5,-11.000000000000005,17.5
2.0,8.0,10,15,20,8,2.557710319428015,9.000000000000005,62.5,1.8338665681394168,62.5,25.0,12.5,-11.000000000000005,17.5
2.0,8.0,10,20,5,8,2.5776066254078245,9.000000000000004,62.5,1.8458398075216573,62.5,25.0,12.5,-11.000000000000005,18.5
2.0,8.0,10,20,10,8,2.5776066254078254,9.000000000000005,62.5,1.8458398075216573,62.5,25.0,12.5,-11.000000000000005,18.5
2.0,8.0,10,20,15,8,2.5776066254078254,9.000000000000005,62.5,1.8458398075216573,62.5,25.0,12.5,-11.000000000000005,18.5
2.0,8.0,10,20,20,8,2.5776066254078254,9.000000000000005,62.5,1.8458398075216573,62.5,25.0,12.5,-11.000000000000005,18.5
2.0,8.0,10,30,5,8,2.5807546218573307,9.000000000000004,62.5,1.8477485554833546,62.5,25.0,12.5,-11.000000000000005,18.0
2.0,8.0,10,30,10,8,2.5807546218573325,9.000000000000004,62.5,1.847748555483355,62.5,25.0,12.5,-11.000000000000002,18.0
2.0,8.0,10,30,15,8,2.5807546218573325,9.000000000000004,62.5,1.847748555483355,62.5,25.0,12.5,-11.000000000000002,18.0
2.0,8.0,10,30,20,8,2.5807546218573325,9.000000000000004,62.5,1.847748555483355,62.5,25.0,12.5,-11.000000000000002,18.0
2.0,8.0,10,45,5,8,2.5807546218573307,9.000000000000004,62.5,1.8477485554833548,62.5,25.0,12.5,-11.000000000000004,18.0
2.0,8.0,10,45,10,8,2.5807546218573316,9.000000000000004,62.5,1.847748555483355,62.5,25.0,12.5,-11.000000000000004,18.0
2.0,8.0,10,45,15,8,2.5807546218573316,9.000000000000004,62.5,1.847748555483355,62.5,25.0,12.5,-11.000000000000004,18.0
2.0,8.0,10,45,20,8,2.5807546218573316,9.000000000000004,62.5,1.847748555483355,62.5,25.0,12.5,-11.000000000000004,18.0
2.0,8.0,10,60,5,8,2.5807546218573307,9.000000000000004,62.5,1.8477485554833548,62.5,25.0,12.5,-11.000000000000004,18.0
2.0,8.0,10,60,10,8,0.08075462185733229,3.323018487429308,50.0,1.0182733962356423,50.0,37.5,12.5,-11.000000000000004,19.0
2.0,8.0,10,60,15,8,0.0807546218573314,3.323018487429308,50.0,1.0182733962356423,50.0,37.5,12.5,-11.000000000000004,13.0
2.0,8.0,10,60,20,8,0.0807546218573314,3.323018487429308,50.0,1.0182733962356423,50.0,37.5,12.5,-11.000000000000004,13.0
2.0,10.0,2,15,5,15,1.5353098848029798,5.545489297815572,53.333333333333336,1.4709302711491352,46.666666666666664,20.0,33.33333333333333,-11.000000000000002,33.0
2.0,10.0,2,15,10,15,1.5353098848029787,5.545489297815572,53.333333333333336,1.470930271149135,46.666666666666664,20.0,33.33333333333333,-11.000000000000002,33.0
2.0,10.0,2,15,15,15,1.5353098848029787,5.545489297815572,53.333333333333336,1.470930271149135,46.666666666666664,20.0,33.33333333333333,-11.000000000000002,33.0
2.0,10.0,2,15,20,15,1.5353098848029787,5.545489297815572,53.333333333333336,1.470930271149135,46.666666666666664,20.0,33.33333333333333,-11.000000000000002,33.0
2.0,10.0,2,20,5,15,1.6102629824323287,5.545489297815572,53.333333333333336,1.505543609458338,46.666666666666664,20.0,33.33333333333333,-11.000000000000002,33.0
2.0,10.0,2,20,10,15,1.6102629824323278,5.545489297815572,53.333333333333336,1.5055436094583377,46.666666666666664,20.0,33.33333333333333,-11.000000000000002,33.0
2.0,10.0,2,20,15,15,1.6102629824323278,5.545489297815572,53.333333333333336,1.5055436094583377,46.666666666666664,20.0,33.33333333333333,-11.000000000000002,33.0
2.0,10.0,2,20,20,15,1.6102629824323278,5.545489297815572,53.333333333333336,1.5055436094583377,46.666666666666664,20.0,33.33333333333333,-11.000000000000002,33.0
2.0,10.0,2,30,5,16,1.2720288221981644,1.655458372610218,50.0,1.3945831871932464,43.75,18.75,37.5,-11.000000000000002,49.5
2.0,10.0,2,30,10,16,1.272028822198164,1.655458372610218,50.0,1.3945831871932461,43.75,18.75,37.5,-11.000000000000002,49.5
2.0,10.0,2,30,15,16,1.272028822198164,1.655458372610218,50.0,1.3945831871932461,43.75,18.75,37.5,-11.000000000000002,49.5
2.0,10.0,2,30,20,16,1.272028822198164,1.655458372610218,50.0,1.3945831871932461,43.75,18.75,37.5,-11.000000000000002,49.5
2.0,10.0,2,45,5,16,1.2720288221981644,1.655458372610218,50.0,1.3945831871932464,43.75,18.75,37.5,-11.000000000000002,49.5
2.0,10.0,2,45,10,16,1.2720288221981635,1.655458372610218,50.0,1.3945831871932461,43.75,18.75,37.5,-11.000000000000002,49.5
2.0,10.0,2,45,15,16,1.272028822198163,1.655458372610218,50.0,1.3945831871932457,43.75,18.75,37.5,-11.000000000000002,49.5
2.0,10.0,2,45,20,16,1.272028822198163,1.655458372610218,50.0,1.3945831871932457,43.75,18.75,37.5,-11.000000000000002,49.5
2.0,10.0,2,60,5,16,1.2720288221981644,1.655458372610218,50.0,1.3945831871932464,43.75,18.75,37.5,-11.000000000000002,49.5
2.0,10.0,2,60,10,16,1.2720288221981635,1.655458372610218,50.0,1.3945831871932461,43.75,18.75,37.5,-11.000000000000002,49.5
2.0,10.0,2,60,15,16,1.272028822198163,1.655458372610218,50.0,1.3945831871932457,43.75,18.75,37.5,-11.000000000000002,49.5
2.0,10.0,2,60,20,16,1.272028822198163,1.655458372610218,50.0,1.3945831871932457,43.75,18.75,37.5,-11.000000000000002,49.5
2.0,10.0,3,15,5,13,2.1067507101975558,9.0,61.53846153846154,1.6294600307148357,53.84615384615385,23.076923076923077,23.076923076923077,-11.000000000000002,23.0
2.0,10.0,3,15,10,13,2.106750710197555,9.0,61.53846153846154,1.6294600307148357,53.84615384615385,23.076923076923077,23.076923076923077,-11.000000000000002,23.0
2.0,10.0,3,15,15,13,2.106750710197555,9.0,61.53846153846154,1.6294600307148357,53.84615384615385,23.076923076923077,23.076923076923077,-11.000000000000002,23.0
2.0,10.0,3,15,20,13,2.106750710197555,9.0,61.53846153846154,1.6294600307148357,53.84615384615385,23.076923076923077,23.076923076923077,-11.000000000000002,23.0
2.0,10.0,3,20,5,14,1.75632277415217,6.755533535811594,57.14285714285714,1.5309644041769055,50.0,21.428571428571427,28.57142857142857,-11.000000000000002,28.0
2.0,10.0,3,20,10,14,1.75632277415217,6.755533535811594,57.14285714285714,1.5309644041769055,50.0,21.428571428571427,28.57142857142857,-11.000000000000002,28.0
2.0,10.0,3,20,15,14,1.75632277415217,6.755533535811594,57.14285714285714,1.5309644041769055,50.0,21.428571428571427,28.57142857142857,-11.000000000000002,28.0
2.0,10.0,3,20,20,14,1.75632277415217,6.755533535811594,57.14285714285714,1.5309644041769055,50.0,21.428571428571427,28.57142857142857,-11.000000000000002,28.0
2.0,10.0,3,30,5,14,1.75632277415217,6.755533535811594,57.14285714285714,1.5309644041769053,50.0,21.428571428571427,28.57142857142857,-11.000000000000002,28.0
2.0,10.0,3,30,10,14,1.7563227741521679,6.755533535811594,57.14285714285714,1.5309644041769053,50.0,21.428571428571427,28.57142857142857,-11.000000000000002,28.0
2.0,10.0,3,30,15,14,1.7563227741521679,6.755533535811594,57.14285714285714,1.5309644041769053,50.0,21.428571428571427,28.57142857142857,-11.000000000000002,28.0
2.0,10.0,3,30,20,14,1.7563227741521679,6.755533535811594,57.14285714285714,1.5309644041769053,50.0,21.428571428571427,28.57142857142857,-11.000000000000002,28.0
2.0,10.0,3,45,5,14,1.75632277415217,6.755533535811594,57.14285714285714,1.5309644041769053,50.0,21.428571428571427,28.57142857142857,-11.000000000000002,28.0
2.0,10.0,3,45,10,14,1.756322774152169,6.755533535811594,57.14285714285714,1.5309644041769053,50.0,21.428571428571427,28.57142857142857,-11.000000000000002,28.0
2.0,10.0,3,45,15,14,1.756322774152169,6.755533535811594,57.14285714285714,1.5309644041769053,50.0,21.428571428571427,28.57142857142857,-11.000000000000002,28.5
2.0,10.0,3,45,20,14,1.756322774152169,6.755533535811594,57.14285714285714,1.5309644041769053,50.0,21.428571428571427,28.57142857142857,-11.000000000000002,28.5
2.0,10.0,3,60,5,14,1.75632277415217,6.755533535811594,57.14285714285714,1.5309644041769053,50.0,21.428571428571427,28.57142857142857,-11.000000000000002,28.0
2.0,10.0,3,60,10,14,1.756322774152169,6.755533535811594,57.14285714285714,1.5309644041769053,50.0,21.428571428571427,28.57142857142857,-11.000000000000002,28.0
2.0,10.0,3,60,15,14,1.756322774152169,6.755533535811594,57.14285714285714,1.5309644041769053,50.0,21.428571428571427,28.57142857142857,-11.000000000000002,28.5
2.0,10.0,3,60,20,14,1.756322774152169,6.755533535811594,57.14285714285714,1.5309644041769053,50.0,21.428571428571427,28.57142857142857,-11.000000000000002,28.5
2.0,10.0,5,15,5,10,3.298549648848941,9.000000000000004,70.0,1.999560499651194,70.0,30.0,0.0,-11.000000000000005,18.0
2.0,10.0,5,15,10,10,3.298549648848941,9.000000000000004,70.0,1.999560499651194,70.0,30.0,0.0,-11.000000000000005,18.0
2.0,10.0,5,15,15,10,3.298549648848941,9.000000000000004,70.0,1.999560499651194,70.0,30.0,0.0,-11.000000000000005,18.0
2.0,10.0,5,15,20,10,3.298549648848941,9.000000000000004,70.0,1.999560499651194,70.0,30.0,0.0,-11.000000000000005,18.0
2.0,10.0,5,20,5,10,3.298549648848943,9.000000000000004,70.0,1.9995604996511949,70.0,30.0,0.0,-11.000000000000002,18.0
2.0,10.0,5,20,10,10,3.298549648848943,9.000000000000004,70.0,1.9995604996511949,70.0,30.0,0.0,-11.000000000000002,18.0
2.0,10.0,5,20,15,10,3.298549648848943,9.000000000000004,70.0,1.9995604996511949,70.0,30.0,0.0,-11.000000000000002,18.0
2.0,10.0,5,20,20,10,3.298549648848943,9.000000000000004,70.0,1.9995604996511949,70.0,30.0,0.0,-11.000000000000002,18.0
2.0,10.0,5,30,5,10,3.2985496488489416,9.000000000000004,70.0,1.9995604996511944,70.0,30.0,0.0,-11.000000000000002,18.0
2.0,10.0,5,30,10,10,3.2985496488489403,9.000000000000004,70.0,1.9995604996511944,70.0,30.0,0.0,-11.000000000000002,18.0
2.0,10.0,5,30,15,10,3.2985496488489403,9.000000000000004,70.0,1.9995604996511944,70.0,30.0,0.0,-11.000000000000002,18.0
2.0,10.0,5,30,20,10,3.2985496488489403,9.000000000000004,70.0,1.9995604996511944,70.0,30.0,0.0,-11.000000000000002,18.0
2.0,10.0,5,45,5,10,3.2985496488489416,9.000000000000004,70.0,1.9995604996511944,70.0,30.0,0.0,-11.000000000000002,18.0
2.0,10.0,5,45,10,10,3.2985496488489416,9.000000000000004,70.0,1.9995604996511944,70.0,30.0,0.0,-11.000000000000002,18.0
2.0,10.0,5,45,15,10,1.760111618324951,9.000000000000002,60.0,1.4469060080883835,60.0,30.0,10.0,-11.000000000000002,18.0
2.0,10.0,5,45,20,10,1.760111618324951,9.000000000000002,60.0,1.4469060080883835,60.0,30.0,10.0,-11.000000000000002,18.0
2.0,10.0,5,60,5,10,3.2985496488489416,9.000000000000004,70.0,1.9995604996511944,70.0,30.0,0.0,-11.000000000000002,18.0
2.0,10.0,5,60,10,10,3.2985496488489416,9.000000000000004,70.0,1.9995604996511944,70.0,30.0,0.0,-11.000000000000002,18.0
2.0,10.0,5,60,15,10,1.6581557120508585,9.000000000000002,60.0,1.4103945649826681,60.0,30.0,10.0,-11.000000000000002,18.0
2.0,10.0,5,60,20,10,1.6581557120508585,9.000000000000002,60.0,1.4103945649826681,60.0,30.0,10.0,-11.000000000000002,18.0
2.0,10.0,7,15,5,8,1.6092022561815296,9.000000000000004,62.5,1.390109637862189,62.5,37.5,0.0,-11.000000000000004,9.0
2.0,10.0,7,15,10,8,4.10920225618153,9.000000000000007,75.0,2.494255365884193,75.0,25.0,0.0,-11.000000000000004,9.0
2.0,10.0,7,15,15,8,4.10920225618153,9.000000000000007,75.0,2.494255365884193,75.0,25.0,0.0,-11.000000000000004,9.0
2.0,10.0,7,15,20,8,4.10920225618153,9.000000000000007,75.0,2.494255365884193,75.0,25.0,0.0,-11.000000000000004,9.0
2.0,10.0,7,20,5,9,0.20817978327247033,9.0,55.55555555555556,1.0425822283966415,55.55555555555556,44.44444444444444,0.0,-11.000000000000004,14.0
2.0,10.0,7,20,10,9,2.430402005494693,9.000000000000002,66.66666666666666,1.6628369105894623,66.66666666666666,33.33333333333333,0.0,-11.000000000000004,14.0
2.0,10.0,7,20,15,9,2.430402005494693,9.000000000000002,66.66666666666666,1.6628369105894623,66.66666666666666,33.33333333333333,0.0,-11.000000000000004,14.0
2.0,10.0,7,20,20,9,2.430402005494693,9.000000000000002,66.66666666666666,1.6628369105894623,66.66666666666666,33.33333333333333,0.0,-11.000000000000004,14.0
2.0,10.0,7,30,5,9,0.20817978327246914,9.0,55.55555555555556,1.0425822283966415,55.55555555555556,44.44444444444444,0.0,-11.000000000000004,14.0
2.0,10.0,7,30,10,9,0.7773566716831274,9.0,55.55555555555556,1.1799556710255377,55.55555555555556,33.33333333333333,11.11111111111111,-11.0,14.0
2.0,10.0,7,30,15,9,0.7773566716831274,9.0,55.55555555555556,1.1799556710255377,55.55555555555556,33.33333333333333,11.11111111111111,-11.0,14.0
2.0,10.0,7,30,20,9,0.7773566716831274,9.0,55.55555555555556,1.1799556710255377,55.55555555555556,33.33333333333333,11.11111111111111,-11.0,14.0
2.0,10.0,7,45,5,9,0.20817978327247033,9.0,55.55555555555556,1.042582228396642,55.55555555555556,44.44444444444444,0.0,-11.0,23.0
2.0,10.0,7,45,10,9,0.7749971585831017,9.0,55.55555555555556,1.179311507490879,55.55555555555556,33.33333333333333,11.11111111111111,-10.999999999999996,25.0
2.0,10.0,7,45,15,9,0.7749971585831017,9.0,55.55555555555556,1.179311507490879,55.55555555555556,33.33333333333333,11.11111111111111,-10.999999999999996,25.0
2.0,10.0,7,45,20,9,0.7749971585831017,9.0,55.55555555555556,1.179311507490879,55.55555555555556,33.33333333333333,11.11111111111111,-10.999999999999996,25.0
2.0,10.0,7,60,5,10,1.087361804945224,9.0,60.0,1.2471276829420965,60.0,40.0,0.0,-11.0,24.0
2.0,10.0,7,60,10,10,1.5974974427247925,9.000000000000004,60.0,1.4106820428599476,60.0,30.0,10.0,-10.999999999999996,31.0
2.0,10.0,7,60,15,10,1.0873618049452258,9.000000000000004,60.0,1.2471276829420972,60.0,40.0,0.0,-10.999999999999996,25.0
2.0,10.0,7,60,20,10,1.0873618049452258,9.000000000000004,60.0,1.2471276829420972,60.0,40.0,0.0,-10.999999999999996,25.0
2.0,10.0,10,15,5,8,2.557710319428014,9.000000000000004,62.5,1.8338665681394168,62.5,25.0,12.5,-11.000000000000005,17.5
2.0,10.0,10,15,10,8,2.557710319428015,9.000000000000005,62.5,1.8338665681394168,62.5,25.0,12.5,-11.000000000000005,17.5
2.0,10.0,10,15,15,8,2.557710319428015,9.000000000000005,62.5,1.8338665681394168,62.5,25.0,12.5,-11.000000000000005,17.5
2.0,10.0,10,15,20,8,2.557710319428015,9.000000000000005,62.5,1.8338665681394168,62.5,25.0,12.5,-11.000000000000005,17.5
2.0,10.0,10,20,5,8,2.5776066254078245,9.000000000000004,62.5,1.8458398075216573,62.5,25.0,12.5,-11.000000000000005,18.5
2.0,10.0,10,20,10,8,2.5776066254078254,9.000000000000005,62.5,1.8458398075216573,62.5,25.0,12.5,-11.000000000000005,18.5
2.0,10.0,10,20,15,8,2.5776066254078254,9.000000000000005,62.5,1.8458398075216573,62.5,25.0,12.5,-11.000000000000005,18.5
2.0,10.0,10,20,20,8,2.5776066254078254,9.000000000000005,62.5,1.8458398075216573,62.5,25.0,12.5,-11.000000000000005,18.5
2.0,10.0,10,30,5,8,2.5807546218573307,9.000000000000004,62.5,1.8477485554833546,62.5,25.0,12.5,-11.000000000000005,18.0
2.0,10.0,10,30,10,8,2.5807546218573325,9.000000000000004,62.5,1.847748555483355,62.5,25.0,12.5,-11.000000000000002,18.0
2.0,10.0,10,30,15,8,2.5807546218573325,9.000000000000004,62.5,1.847748555483355,62.5,25.0,12.5,-11.000000000000002,18.0
2.0,10.0,10,30,20,8,2.5807546218573325,9.000000000000004,62.5,1.847748555483355,62.5,25.0,12.5,-11.000000000000002,18.0
2.0,10.0,10,45,5,8,2.5807546218573307,9.000000000000004,62.5,1.8477485554833548,62.5,25.0,12.5,-11.000000000000004,18.0
2.0,10.0,10,45,10,8,2.5807546218573316,9.000000000000004,62.5,1.847748555483355,62.5,25.0,12.5,-11.000000000000004,18.0
2.0,10.0,10,45,15,8,2.5807546218573316,9.000000000000004,62.5,1.847748555483355,62.5,25.0,12.5,-11.000000000000004,18.0
2.0,10.0,10,45,20,8,2.5807546218573316,9.000000000000004,62.5,1.847748555483355,62.5,25.0,12.5,-11.000000000000004,18.0
2.0,10.0,10,60,5,8,2.5807546218573307,9.000000000000004,62.5,1.8477485554833548,62.5,25.0,12.5,-11.000000000000004,18.0
2.0,10.0,10,60,10,8,0.08075462185733229,3.323018487429308,50.0,1.0182733962356423,50.0,37.5,12.5,-11.000000000000004,19.0
2.0,10.0,10,60,15,8,0.0807546218573314,3.323018487429308,50.0,1.0182733962356423,50.0,37.5,12.5,-11.000000000000004,13.0
2.0,10.0,10,60,20,8,0.0807546218573314,3.323018487429308,50.0,1.0182733962356423,50.0,37.5,12.5,-11.000000000000004,13.0
