ticker,bar,observed_at,age_s,volume,open,close
ENHA,2026-08-12 10:59:00-04:00,2026-08-12 11:11:48.535718-04:00,708.535718,892.0,2.1498000621795654,2.149899959564209
ENHA,2026-08-12 11:04:00-04:00,2026-08-12 11:11:48.535718-04:00,408.535718,212.0,2.149899959564209,2.149899959564209
ENHA,2026-08-12 11:05:00-04:00,2026-08-12 11:11:48.535718-04:00,348.535718,1082.0,2.1449999809265137,2.1449999809265137
ENHA,2026-08-12 11:07:00-04:00,2026-08-12 11:11:48.535718-04:00,228.535718,105.0,2.1449999809265137,2.1449999809265137
ENHA,2026-08-12 11:08:00-04:00,2026-08-12 11:11:48.535718-04:00,168.535718,361.0,2.1449999809265137,2.1449999809265137
ENHA,2026-08-12 11:10:00-04:00,2026-08-12 11:11:48.535718-04:00,48.535718,0.0,2.1449999809265137,2.1449999809265137
VLN,2026-08-12 11:06:00-04:00,2026-08-12 11:11:48.535718-04:00,288.535718,189.0,1.8450000286102295,1.8450000286102295
VLN,2026-08-12 11:07:00-04:00,2026-08-12 11:11:48.535718-04:00,228.535718,814.0,1.8450000286102295,1.8450000286102295
VLN,2026-08-12 11:08:00-04:00,2026-08-12 11:11:48.535718-04:00,168.535718,826.0,1.850000023841858,1.8450000286102295
VLN,2026-08-12 11:09:00-04:00,2026-08-12 11:11:48.535718-04:00,108.535718,108.0,1.8450000286102295,1.8450000286102295
VLN,2026-08-12 11:10:00-04:00,2026-08-12 11:11:48.535718-04:00,48.535718,19604.0,1.8450000286102295,1.8300000429153442
VLN,2026-08-12 11:11:00-04:00,2026-08-12 11:11:48.535718-04:00,-11.464282,0.0,1.8202999830245972,1.8202999830245972
REBN,2026-08-12 10:11:00-04:00,2026-08-12 11:11:48.535718-04:00,3588.535718,2015.0,1.4700000286102295,1.4800000190734863
REBN,2026-08-12 10:53:00-04:00,2026-08-12 11:11:48.535718-04:00,1068.535718,201.0,1.5,1.5
REBN,2026-08-12 10:55:00-04:00,2026-08-12 11:11:48.535718-04:00,948.535718,907.0,1.5099999904632568,1.5099999904632568
REBN,2026-08-12 11:00:00-04:00,2026-08-12 11:11:48.535718-04:00,648.535718,294.0,1.5099999904632568,1.5099999904632568
REBN,2026-08-12 11:01:00-04:00,2026-08-12 11:11:48.535718-04:00,588.535718,11.0,1.5038000345230103,1.5038000345230103
REBN,2026-08-12 11:04:00-04:00,2026-08-12 11:11:48.535718-04:00,408.535718,0.0,1.4900000095367432,1.4900000095367432
MXCT,2026-08-12 11:02:00-04:00,2026-08-12 11:11:48.535718-04:00,528.535718,3425.0,1.25,1.25
MXCT,2026-08-12 11:04:00-04:00,2026-08-12 11:11:48.535718-04:00,408.535718,302.0,1.249899983406067,1.249899983406067
MXCT,2026-08-12 11:05:00-04:00,2026-08-12 11:11:48.535718-04:00,348.535718,485.0,1.249899983406067,1.2488000392913818
MXCT,2026-08-12 11:06:00-04:00,2026-08-12 11:11:48.535718-04:00,288.535718,1528.0,1.25,1.25
MXCT,2026-08-12 11:09:00-04:00,2026-08-12 11:11:48.535718-04:00,108.535718,2603.0,1.25,1.2410999536514282
MXCT,2026-08-12 11:11:00-04:00,2026-08-12 11:11:48.535718-04:00,-11.464282,0.0,1.2450000047683716,1.2450000047683716
DRMA,2026-08-12 11:06:00-04:00,2026-08-12 11:11:48.535718-04:00,288.535718,15178.0,1.3389999866485596,1.3324999809265137
DRMA,2026-08-12 11:07:00-04:00,2026-08-12 11:11:48.535718-04:00,228.535718,14381.0,1.3309999704360962,1.3174999952316284
DRMA,2026-08-12 11:08:00-04:00,2026-08-12 11:11:48.535718-04:00,168.535718,4431.0,1.3112000226974487,1.309999942779541
DRMA,2026-08-12 11:09:00-04:00,2026-08-12 11:11:48.535718-04:00,108.535718,8352.0,1.3199000358581543,1.3188999891281128
DRMA,2026-08-12 11:10:00-04:00,2026-08-12 11:11:48.535718-04:00,48.535718,23868.0,1.315000057220459,1.309999942779541
DRMA,2026-08-12 11:11:00-04:00,2026-08-12 11:11:48.535718-04:00,-11.464282,0.0,1.315000057220459,1.315000057220459
FEMY,2026-08-12 10:52:00-04:00,2026-08-12 11:11:48.535718-04:00,1128.535718,2867.0,2.359999895095825,2.359999895095825
FEMY,2026-08-12 10:57:00-04:00,2026-08-12 11:11:48.535718-04:00,828.535718,200.0,2.2600998878479004,2.2600998878479004
FEMY,2026-08-12 10:58:00-04:00,2026-08-12 11:11:48.535718-04:00,768.535718,415.0,2.2950000762939453,2.2950000762939453
FEMY,2026-08-12 11:02:00-04:00,2026-08-12 11:11:48.535718-04:00,528.535718,180.0,2.329900026321411,2.329900026321411
FEMY,2026-08-12 11:03:00-04:00,2026-08-12 11:11:48.535718-04:00,468.535718,2181.0,2.3299999237060547,2.3299999237060547
FEMY,2026-08-12 11:11:00-04:00,2026-08-12 11:11:48.535718-04:00,-11.464282,0.0,2.324700117111206,2.324700117111206
BIVI,2026-08-12 11:06:00-04:00,2026-08-12 11:11:48.535718-04:00,288.535718,819552.0,3.170099973678589,3.315000057220459
BIVI,2026-08-12 11:07:00-04:00,2026-08-12 11:11:48.535718-04:00,228.535718,313821.0,3.319700002670288,3.25
BIVI,2026-08-12 11:08:00-04:00,2026-08-12 11:11:48.535718-04:00,168.535718,722488.0,3.250200033187866,2.9579999446868896
BIVI,2026-08-12 11:09:00-04:00,2026-08-12 11:11:48.535718-04:00,108.535718,1044215.0,2.9625000953674316,2.799999952316284
BIVI,2026-08-12 11:10:00-04:00,2026-08-12 11:11:48.535718-04:00,48.535718,575756.0,2.800100088119507,2.70989990234375
BIVI,2026-08-12 11:11:00-04:00,2026-08-12 11:11:48.535718-04:00,-11.464282,0.0,2.378999948501587,2.378999948501587
GRWG,2026-08-12 11:06:00-04:00,2026-08-12 11:11:48.535718-04:00,288.535718,3351.0,1.8832999467849731,1.8898999691009521
GRWG,2026-08-12 11:07:00-04:00,2026-08-12 11:11:48.535718-04:00,228.535718,2855.0,1.8799999952316284,1.8799999952316284
GRWG,2026-08-12 11:08:00-04:00,2026-08-12 11:11:48.535718-04:00,168.535718,3408.0,1.8899999856948853,1.8849999904632568
GRWG,2026-08-12 11:09:00-04:00,2026-08-12 11:11:48.535718-04:00,108.535718,5165.0,1.8899999856948853,1.8808000087738037
GRWG,2026-08-12 11:10:00-04:00,2026-08-12 11:11:48.535718-04:00,48.535718,10996.0,1.8899999856948853,1.8650000095367432
GRWG,2026-08-12 11:11:00-04:00,2026-08-12 11:11:48.535718-04:00,-11.464282,0.0,1.8650000095367432,1.8650000095367432
ENHA,2026-08-12 10:59:00-04:00,2026-08-12 11:12:08.608675-04:00,728.608675,892.0,2.1498000621795654,2.149899959564209
ENHA,2026-08-12 11:04:00-04:00,2026-08-12 11:12:08.608675-04:00,428.608675,212.0,2.149899959564209,2.149899959564209
ENHA,2026-08-12 11:05:00-04:00,2026-08-12 11:12:08.608675-04:00,368.608675,1082.0,2.1449999809265137,2.1449999809265137
ENHA,2026-08-12 11:07:00-04:00,2026-08-12 11:12:08.608675-04:00,248.608675,105.0,2.1449999809265137,2.1449999809265137
ENHA,2026-08-12 11:08:00-04:00,2026-08-12 11:12:08.608675-04:00,188.608675,361.0,2.1449999809265137,2.1449999809265137
ENHA,2026-08-12 11:10:00-04:00,2026-08-12 11:12:08.608675-04:00,68.608675,0.0,2.1449999809265137,2.1449999809265137
VLN,2026-08-12 11:06:00-04:00,2026-08-12 11:12:08.608675-04:00,308.608675,189.0,1.8450000286102295,1.8450000286102295
VLN,2026-08-12 11:07:00-04:00,2026-08-12 11:12:08.608675-04:00,248.608675,814.0,1.8450000286102295,1.8450000286102295
VLN,2026-08-12 11:08:00-04:00,2026-08-12 11:12:08.608675-04:00,188.608675,826.0,1.850000023841858,1.8450000286102295
VLN,2026-08-12 11:09:00-04:00,2026-08-12 11:12:08.608675-04:00,128.608675,108.0,1.8450000286102295,1.8450000286102295
VLN,2026-08-12 11:10:00-04:00,2026-08-12 11:12:08.608675-04:00,68.608675,19604.0,1.8450000286102295,1.8300000429153442
VLN,2026-08-12 11:11:00-04:00,2026-08-12 11:12:08.608675-04:00,8.608675,0.0,1.8202999830245972,1.8202999830245972
BIVI,2026-08-12 11:07:00-04:00,2026-08-12 11:12:08.608675-04:00,248.608675,313821.0,3.319700002670288,3.25
BIVI,2026-08-12 11:08:00-04:00,2026-08-12 11:12:08.608675-04:00,188.608675,722488.0,3.250200033187866,2.9579999446868896
BIVI,2026-08-12 11:09:00-04:00,2026-08-12 11:12:08.608675-04:00,128.608675,1044215.0,2.9625000953674316,2.799999952316284
BIVI,2026-08-12 11:10:00-04:00,2026-08-12 11:12:08.608675-04:00,68.608675,575756.0,2.800100088119507,2.70989990234375
BIVI,2026-08-12 11:11:00-04:00,2026-08-12 11:12:08.608675-04:00,8.608675,1350736.0,2.694999933242798,2.309999942779541
BIVI,2026-08-12 11:12:00-04:00,2026-08-12 11:12:08.608675-04:00,-51.391325,0.0,2.3299999237060547,2.3299999237060547
MXCT,2026-08-12 11:02:00-04:00,2026-08-12 11:12:08.608675-04:00,548.608675,3425.0,1.25,1.25
MXCT,2026-08-12 11:04:00-04:00,2026-08-12 11:12:08.608675-04:00,428.608675,302.0,1.249899983406067,1.249899983406067
MXCT,2026-08-12 11:05:00-04:00,2026-08-12 11:12:08.608675-04:00,368.608675,485.0,1.249899983406067,1.2488000392913818
MXCT,2026-08-12 11:06:00-04:00,2026-08-12 11:12:08.608675-04:00,308.608675,1528.0,1.25,1.25
MXCT,2026-08-12 11:09:00-04:00,2026-08-12 11:12:08.608675-04:00,128.608675,2603.0,1.25,1.2410999536514282
MXCT,2026-08-12 11:11:00-04:00,2026-08-12 11:12:08.608675-04:00,8.608675,0.0,1.2450000047683716,1.2450000047683716
DRMA,2026-08-12 11:07:00-04:00,2026-08-12 11:12:08.608675-04:00,248.608675,14381.0,1.3309999704360962,1.3174999952316284
DRMA,2026-08-12 11:08:00-04:00,2026-08-12 11:12:08.608675-04:00,188.608675,4431.0,1.3112000226974487,1.309999942779541
DRMA,2026-08-12 11:09:00-04:00,2026-08-12 11:12:08.608675-04:00,128.608675,8352.0,1.3199000358581543,1.3188999891281128
DRMA,2026-08-12 11:10:00-04:00,2026-08-12 11:12:08.608675-04:00,68.608675,23868.0,1.315000057220459,1.309999942779541
DRMA,2026-08-12 11:11:00-04:00,2026-08-12 11:12:08.608675-04:00,8.608675,4221.0,1.315000057220459,1.309999942779541
DRMA,2026-08-12 11:12:00-04:00,2026-08-12 11:12:08.608675-04:00,-51.391325,0.0,1.3100999593734741,1.3100999593734741
FEMY,2026-08-12 10:52:00-04:00,2026-08-12 11:12:08.608675-04:00,1148.608675,2867.0,2.359999895095825,2.359999895095825
FEMY,2026-08-12 10:57:00-04:00,2026-08-12 11:12:08.608675-04:00,848.608675,200.0,2.2600998878479004,2.2600998878479004
FEMY,2026-08-12 10:58:00-04:00,2026-08-12 11:12:08.608675-04:00,788.608675,415.0,2.2950000762939453,2.2950000762939453
FEMY,2026-08-12 11:02:00-04:00,2026-08-12 11:12:08.608675-04:00,548.608675,180.0,2.329900026321411,2.329900026321411
FEMY,2026-08-12 11:03:00-04:00,2026-08-12 11:12:08.608675-04:00,488.608675,2181.0,2.3299999237060547,2.3299999237060547
FEMY,2026-08-12 11:11:00-04:00,2026-08-12 11:12:08.608675-04:00,8.608675,0.0,2.324700117111206,2.324700117111206
REBN,2026-08-12 10:11:00-04:00,2026-08-12 11:12:08.608675-04:00,3608.608675,2015.0,1.4700000286102295,1.4800000190734863
REBN,2026-08-12 10:53:00-04:00,2026-08-12 11:12:08.608675-04:00,1088.608675,201.0,1.5,1.5
REBN,2026-08-12 10:55:00-04:00,2026-08-12 11:12:08.608675-04:00,968.608675,907.0,1.5099999904632568,1.5099999904632568
REBN,2026-08-12 11:00:00-04:00,2026-08-12 11:12:08.608675-04:00,668.608675,294.0,1.5099999904632568,1.5099999904632568
REBN,2026-08-12 11:01:00-04:00,2026-08-12 11:12:08.608675-04:00,608.608675,11.0,1.5038000345230103,1.5038000345230103
REBN,2026-08-12 11:04:00-04:00,2026-08-12 11:12:08.608675-04:00,428.608675,0.0,1.4900000095367432,1.4900000095367432
GRWG,2026-08-12 11:07:00-04:00,2026-08-12 11:12:08.608675-04:00,248.608675,2855.0,1.8799999952316284,1.8799999952316284
GRWG,2026-08-12 11:08:00-04:00,2026-08-12 11:12:08.608675-04:00,188.608675,3408.0,1.8899999856948853,1.8849999904632568
GRWG,2026-08-12 11:09:00-04:00,2026-08-12 11:12:08.608675-04:00,128.608675,5165.0,1.8899999856948853,1.8808000087738037
GRWG,2026-08-12 11:10:00-04:00,2026-08-12 11:12:08.608675-04:00,68.608675,10996.0,1.8899999856948853,1.8650000095367432
GRWG,2026-08-12 11:11:00-04:00,2026-08-12 11:12:08.608675-04:00,8.608675,11352.0,1.8650000095367432,1.8650000095367432
GRWG,2026-08-12 11:12:00-04:00,2026-08-12 11:12:08.608675-04:00,-51.391325,0.0,1.8700000047683716,1.8700000047683716
FEMY,2026-08-12 10:57:00-04:00,2026-08-12 11:12:28.653884-04:00,868.653884,200.0,2.2600998878479004,2.2600998878479004
FEMY,2026-08-12 10:58:00-04:00,2026-08-12 11:12:28.653884-04:00,808.653884,415.0,2.2950000762939453,2.2950000762939453
FEMY,2026-08-12 11:02:00-04:00,2026-08-12 11:12:28.653884-04:00,568.653884,180.0,2.329900026321411,2.329900026321411
FEMY,2026-08-12 11:03:00-04:00,2026-08-12 11:12:28.653884-04:00,508.653884,2181.0,2.3299999237060547,2.3299999237060547
FEMY,2026-08-12 11:11:00-04:00,2026-08-12 11:12:28.653884-04:00,28.653884,564.0,2.324700117111206,2.324700117111206
FEMY,2026-08-12 11:12:00-04:00,2026-08-12 11:12:28.653884-04:00,-31.346116,0.0,2.3269999027252197,2.3269999027252197
ENHA,2026-08-12 10:59:00-04:00,2026-08-12 11:12:28.653884-04:00,748.653884,892.0,2.1498000621795654,2.149899959564209
ENHA,2026-08-12 11:04:00-04:00,2026-08-12 11:12:28.653884-04:00,448.653884,212.0,2.149899959564209,2.149899959564209
ENHA,2026-08-12 11:05:00-04:00,2026-08-12 11:12:28.653884-04:00,388.653884,1082.0,2.1449999809265137,2.1449999809265137
ENHA,2026-08-12 11:07:00-04:00,2026-08-12 11:12:28.653884-04:00,268.653884,105.0,2.1449999809265137,2.1449999809265137
ENHA,2026-08-12 11:08:00-04:00,2026-08-12 11:12:28.653884-04:00,208.653884,361.0,2.1449999809265137,2.1449999809265137
ENHA,2026-08-12 11:10:00-04:00,2026-08-12 11:12:28.653884-04:00,88.653884,0.0,2.1449999809265137,2.1449999809265137
DRMA,2026-08-12 11:07:00-04:00,2026-08-12 11:12:28.653884-04:00,268.653884,14381.0,1.3309999704360962,1.3174999952316284
DRMA,2026-08-12 11:08:00-04:00,2026-08-12 11:12:28.653884-04:00,208.653884,4431.0,1.3112000226974487,1.309999942779541
DRMA,2026-08-12 11:09:00-04:00,2026-08-12 11:12:28.653884-04:00,148.653884,8352.0,1.3199000358581543,1.3188999891281128
DRMA,2026-08-12 11:10:00-04:00,2026-08-12 11:12:28.653884-04:00,88.653884,23868.0,1.315000057220459,1.309999942779541
DRMA,2026-08-12 11:11:00-04:00,2026-08-12 11:12:28.653884-04:00,28.653884,4221.0,1.315000057220459,1.309999942779541
DRMA,2026-08-12 11:12:00-04:00,2026-08-12 11:12:28.653884-04:00,-31.346116,0.0,1.3112000226974487,1.3112000226974487
GRWG,2026-08-12 11:07:00-04:00,2026-08-12 11:12:28.653884-04:00,268.653884,2855.0,1.8799999952316284,1.8799999952316284
GRWG,2026-08-12 11:08:00-04:00,2026-08-12 11:12:28.653884-04:00,208.653884,3408.0,1.8899999856948853,1.8849999904632568
GRWG,2026-08-12 11:09:00-04:00,2026-08-12 11:12:28.653884-04:00,148.653884,5165.0,1.8899999856948853,1.8808000087738037
GRWG,2026-08-12 11:10:00-04:00,2026-08-12 11:12:28.653884-04:00,88.653884,10996.0,1.8899999856948853,1.8650000095367432
GRWG,2026-08-12 11:11:00-04:00,2026-08-12 11:12:28.653884-04:00,28.653884,11352.0,1.8650000095367432,1.8650000095367432
GRWG,2026-08-12 11:12:00-04:00,2026-08-12 11:12:28.653884-04:00,-31.346116,0.0,1.8700000047683716,1.8700000047683716
BIVI,2026-08-12 11:07:00-04:00,2026-08-12 11:12:28.653884-04:00,268.653884,313821.0,3.319700002670288,3.25
BIVI,2026-08-12 11:08:00-04:00,2026-08-12 11:12:28.653884-04:00,208.653884,722488.0,3.250200033187866,2.9579999446868896
BIVI,2026-08-12 11:09:00-04:00,2026-08-12 11:12:28.653884-04:00,148.653884,1044215.0,2.9625000953674316,2.799999952316284
BIVI,2026-08-12 11:10:00-04:00,2026-08-12 11:12:28.653884-04:00,88.653884,575756.0,2.800100088119507,2.70989990234375
BIVI,2026-08-12 11:11:00-04:00,2026-08-12 11:12:28.653884-04:00,28.653884,1350736.0,2.309999942779541,2.309999942779541
BIVI,2026-08-12 11:12:00-04:00,2026-08-12 11:12:28.653884-04:00,-31.346116,0.0,2.200000047683716,2.200000047683716
VLN,2026-08-12 11:06:00-04:00,2026-08-12 11:12:28.653884-04:00,328.653884,189.0,1.8450000286102295,1.8450000286102295
VLN,2026-08-12 11:07:00-04:00,2026-08-12 11:12:28.653884-04:00,268.653884,814.0,1.8450000286102295,1.8450000286102295
VLN,2026-08-12 11:08:00-04:00,2026-08-12 11:12:28.653884-04:00,208.653884,826.0,1.850000023841858,1.8450000286102295
VLN,2026-08-12 11:09:00-04:00,2026-08-12 11:12:28.653884-04:00,148.653884,108.0,1.8450000286102295,1.8450000286102295
VLN,2026-08-12 11:10:00-04:00,2026-08-12 11:12:28.653884-04:00,88.653884,19604.0,1.8450000286102295,1.8300000429153442
VLN,2026-08-12 11:11:00-04:00,2026-08-12 11:12:28.653884-04:00,28.653884,0.0,1.8202999830245972,1.8202999830245972
MXCT,2026-08-12 11:02:00-04:00,2026-08-12 11:12:28.653884-04:00,568.653884,3425.0,1.25,1.25
MXCT,2026-08-12 11:04:00-04:00,2026-08-12 11:12:28.653884-04:00,448.653884,302.0,1.249899983406067,1.249899983406067
MXCT,2026-08-12 11:05:00-04:00,2026-08-12 11:12:28.653884-04:00,388.653884,485.0,1.249899983406067,1.2488000392913818
MXCT,2026-08-12 11:06:00-04:00,2026-08-12 11:12:28.653884-04:00,328.653884,1528.0,1.25,1.25
MXCT,2026-08-12 11:09:00-04:00,2026-08-12 11:12:28.653884-04:00,148.653884,2603.0,1.25,1.2410999536514282
MXCT,2026-08-12 11:11:00-04:00,2026-08-12 11:12:28.653884-04:00,28.653884,0.0,1.2450000047683716,1.2450000047683716
REBN,2026-08-12 10:11:00-04:00,2026-08-12 11:12:28.653884-04:00,3628.653884,2015.0,1.4700000286102295,1.4800000190734863
REBN,2026-08-12 10:53:00-04:00,2026-08-12 11:12:28.653884-04:00,1108.653884,201.0,1.5,1.5
REBN,2026-08-12 10:55:00-04:00,2026-08-12 11:12:28.653884-04:00,988.653884,907.0,1.5099999904632568,1.5099999904632568
REBN,2026-08-12 11:00:00-04:00,2026-08-12 11:12:28.653884-04:00,688.653884,294.0,1.5099999904632568,1.5099999904632568
REBN,2026-08-12 11:01:00-04:00,2026-08-12 11:12:28.653884-04:00,628.653884,11.0,1.5038000345230103,1.5038000345230103
REBN,2026-08-12 11:04:00-04:00,2026-08-12 11:12:28.653884-04:00,448.653884,0.0,1.4900000095367432,1.4900000095367432
VLN,2026-08-12 11:06:00-04:00,2026-08-12 11:12:48.684845-04:00,348.684845,189.0,1.8450000286102295,1.8450000286102295
VLN,2026-08-12 11:07:00-04:00,2026-08-12 11:12:48.684845-04:00,288.684845,814.0,1.8450000286102295,1.8450000286102295
VLN,2026-08-12 11:08:00-04:00,2026-08-12 11:12:48.684845-04:00,228.684845,826.0,1.850000023841858,1.8450000286102295
VLN,2026-08-12 11:09:00-04:00,2026-08-12 11:12:48.684845-04:00,168.684845,108.0,1.8450000286102295,1.8450000286102295
VLN,2026-08-12 11:10:00-04:00,2026-08-12 11:12:48.684845-04:00,108.684845,19604.0,1.8450000286102295,1.8300000429153442
VLN,2026-08-12 11:11:00-04:00,2026-08-12 11:12:48.684845-04:00,48.684845,0.0,1.8202999830245972,1.8202999830245972
REBN,2026-08-12 10:11:00-04:00,2026-08-12 11:12:48.684845-04:00,3648.684845,2015.0,1.4700000286102295,1.4800000190734863
REBN,2026-08-12 10:53:00-04:00,2026-08-12 11:12:48.684845-04:00,1128.684845,201.0,1.5,1.5
REBN,2026-08-12 10:55:00-04:00,2026-08-12 11:12:48.684845-04:00,1008.684845,907.0,1.5099999904632568,1.5099999904632568
REBN,2026-08-12 11:00:00-04:00,2026-08-12 11:12:48.684845-04:00,708.684845,294.0,1.5099999904632568,1.5099999904632568
REBN,2026-08-12 11:01:00-04:00,2026-08-12 11:12:48.684845-04:00,648.684845,11.0,1.5038000345230103,1.5038000345230103
REBN,2026-08-12 11:04:00-04:00,2026-08-12 11:12:48.684845-04:00,468.684845,0.0,1.4900000095367432,1.4900000095367432
MXCT,2026-08-12 11:04:00-04:00,2026-08-12 11:12:48.684845-04:00,468.684845,302.0,1.249899983406067,1.249899983406067
MXCT,2026-08-12 11:05:00-04:00,2026-08-12 11:12:48.684845-04:00,408.684845,485.0,1.249899983406067,1.2488000392913818
MXCT,2026-08-12 11:06:00-04:00,2026-08-12 11:12:48.684845-04:00,348.684845,1528.0,1.25,1.25
MXCT,2026-08-12 11:09:00-04:00,2026-08-12 11:12:48.684845-04:00,168.684845,2603.0,1.25,1.2410999536514282
MXCT,2026-08-12 11:11:00-04:00,2026-08-12 11:12:48.684845-04:00,48.684845,111.0,1.2450000047683716,1.2450000047683716
MXCT,2026-08-12 11:12:00-04:00,2026-08-12 11:12:48.684845-04:00,-11.315155,0.0,1.2450000047683716,1.2450000047683716
BIVI,2026-08-12 11:07:00-04:00,2026-08-12 11:12:48.684845-04:00,288.684845,313821.0,3.319700002670288,3.25
BIVI,2026-08-12 11:08:00-04:00,2026-08-12 11:12:48.684845-04:00,228.684845,722488.0,3.250200033187866,2.9579999446868896
BIVI,2026-08-12 11:09:00-04:00,2026-08-12 11:12:48.684845-04:00,168.684845,1044215.0,2.9625000953674316,2.799999952316284
BIVI,2026-08-12 11:10:00-04:00,2026-08-12 11:12:48.684845-04:00,108.684845,575756.0,2.800100088119507,2.70989990234375
BIVI,2026-08-12 11:11:00-04:00,2026-08-12 11:12:48.684845-04:00,48.684845,1350736.0,2.694999933242798,2.309999942779541
BIVI,2026-08-12 11:12:00-04:00,2026-08-12 11:12:48.684845-04:00,-11.315155,0.0,2.134999990463257,2.134999990463257
DRMA,2026-08-12 11:07:00-04:00,2026-08-12 11:12:48.684845-04:00,288.684845,14381.0,1.3309999704360962,1.3174999952316284
DRMA,2026-08-12 11:08:00-04:00,2026-08-12 11:12:48.684845-04:00,228.684845,4431.0,1.3112000226974487,1.309999942779541
DRMA,2026-08-12 11:09:00-04:00,2026-08-12 11:12:48.684845-04:00,168.684845,8352.0,1.3199000358581543,1.3188999891281128
DRMA,2026-08-12 11:10:00-04:00,2026-08-12 11:12:48.684845-04:00,108.684845,23868.0,1.315000057220459,1.309999942779541
DRMA,2026-08-12 11:11:00-04:00,2026-08-12 11:12:48.684845-04:00,48.684845,4221.0,1.315000057220459,1.309999942779541
DRMA,2026-08-12 11:12:00-04:00,2026-08-12 11:12:48.684845-04:00,-11.315155,0.0,1.315000057220459,1.315000057220459
GRWG,2026-08-12 11:07:00-04:00,2026-08-12 11:12:48.684845-04:00,288.684845,2855.0,1.8799999952316284,1.8799999952316284
GRWG,2026-08-12 11:08:00-04:00,2026-08-12 11:12:48.684845-04:00,228.684845,3408.0,1.8899999856948853,1.8849999904632568
GRWG,2026-08-12 11:09:00-04:00,2026-08-12 11:12:48.684845-04:00,168.684845,5165.0,1.8899999856948853,1.8808000087738037
GRWG,2026-08-12 11:10:00-04:00,2026-08-12 11:12:48.684845-04:00,108.684845,10996.0,1.8899999856948853,1.8650000095367432
GRWG,2026-08-12 11:11:00-04:00,2026-08-12 11:12:48.684845-04:00,48.684845,11352.0,1.8650000095367432,1.8650000095367432
GRWG,2026-08-12 11:12:00-04:00,2026-08-12 11:12:48.684845-04:00,-11.315155,0.0,1.8700000047683716,1.8700000047683716
FEMY,2026-08-12 10:57:00-04:00,2026-08-12 11:12:48.684845-04:00,888.684845,200.0,2.2600998878479004,2.2600998878479004
FEMY,2026-08-12 10:58:00-04:00,2026-08-12 11:12:48.684845-04:00,828.684845,415.0,2.2950000762939453,2.2950000762939453
FEMY,2026-08-12 11:02:00-04:00,2026-08-12 11:12:48.684845-04:00,588.684845,180.0,2.329900026321411,2.329900026321411
FEMY,2026-08-12 11:03:00-04:00,2026-08-12 11:12:48.684845-04:00,528.684845,2181.0,2.3299999237060547,2.3299999237060547
FEMY,2026-08-12 11:11:00-04:00,2026-08-12 11:12:48.684845-04:00,48.684845,564.0,2.324700117111206,2.324700117111206
FEMY,2026-08-12 11:12:00-04:00,2026-08-12 11:12:48.684845-04:00,-11.315155,0.0,2.3269999027252197,2.3269999027252197
ENHA,2026-08-12 10:59:00-04:00,2026-08-12 11:12:48.684845-04:00,768.684845,892.0,2.1498000621795654,2.149899959564209
ENHA,2026-08-12 11:04:00-04:00,2026-08-12 11:12:48.684845-04:00,468.684845,212.0,2.149899959564209,2.149899959564209
ENHA,2026-08-12 11:05:00-04:00,2026-08-12 11:12:48.684845-04:00,408.684845,1082.0,2.1449999809265137,2.1449999809265137
ENHA,2026-08-12 11:07:00-04:00,2026-08-12 11:12:48.684845-04:00,288.684845,105.0,2.1449999809265137,2.1449999809265137
ENHA,2026-08-12 11:08:00-04:00,2026-08-12 11:12:48.684845-04:00,228.684845,361.0,2.1449999809265137,2.1449999809265137
ENHA,2026-08-12 11:10:00-04:00,2026-08-12 11:12:48.684845-04:00,108.684845,0.0,2.1449999809265137,2.1449999809265137
GRWG,2026-08-12 11:08:00-04:00,2026-08-12 11:13:08.730499-04:00,248.730499,3408.0,1.8899999856948853,1.8849999904632568
GRWG,2026-08-12 11:09:00-04:00,2026-08-12 11:13:08.730499-04:00,188.730499,5165.0,1.8899999856948853,1.8808000087738037
GRWG,2026-08-12 11:10:00-04:00,2026-08-12 11:13:08.730499-04:00,128.730499,10996.0,1.8899999856948853,1.8650000095367432
GRWG,2026-08-12 11:11:00-04:00,2026-08-12 11:13:08.730499-04:00,68.730499,11352.0,1.8650000095367432,1.8650000095367432
GRWG,2026-08-12 11:12:00-04:00,2026-08-12 11:13:08.730499-04:00,8.730499,6091.0,1.8700000047683716,1.8799999952316284
GRWG,2026-08-12 11:13:00-04:00,2026-08-12 11:13:08.730499-04:00,-51.269501,0.0,1.8765000104904175,1.8765000104904175
DRMA,2026-08-12 11:08:00-04:00,2026-08-12 11:13:08.730499-04:00,248.730499,4431.0,1.3112000226974487,1.309999942779541
DRMA,2026-08-12 11:09:00-04:00,2026-08-12 11:13:08.730499-04:00,188.730499,8352.0,1.3200000524520874,1.3188999891281128
DRMA,2026-08-12 11:10:00-04:00,2026-08-12 11:13:08.730499-04:00,128.730499,23868.0,1.315000057220459,1.309999942779541
DRMA,2026-08-12 11:11:00-04:00,2026-08-12 11:13:08.730499-04:00,68.730499,4221.0,1.315000057220459,1.309999942779541
DRMA,2026-08-12 11:12:00-04:00,2026-08-12 11:13:08.730499-04:00,8.730499,7400.0,1.3109999895095825,1.3100999593734741
DRMA,2026-08-12 11:13:00-04:00,2026-08-12 11:13:08.730499-04:00,-51.269501,0.0,1.309999942779541,1.309999942779541
VLN,2026-08-12 11:06:00-04:00,2026-08-12 11:13:08.730499-04:00,368.730499,189.0,1.8450000286102295,1.8450000286102295
VLN,2026-08-12 11:07:00-04:00,2026-08-12 11:13:08.730499-04:00,308.730499,814.0,1.8450000286102295,1.8450000286102295
VLN,2026-08-12 11:08:00-04:00,2026-08-12 11:13:08.730499-04:00,248.730499,826.0,1.850000023841858,1.8450000286102295
VLN,2026-08-12 11:09:00-04:00,2026-08-12 11:13:08.730499-04:00,188.730499,108.0,1.8450000286102295,1.8450000286102295
VLN,2026-08-12 11:10:00-04:00,2026-08-12 11:13:08.730499-04:00,128.730499,19604.0,1.8450000286102295,1.8300000429153442
VLN,2026-08-12 11:11:00-04:00,2026-08-12 11:13:08.730499-04:00,68.730499,0.0,1.8202999830245972,1.8202999830245972
FEMY,2026-08-12 10:57:00-04:00,2026-08-12 11:13:08.730499-04:00,908.730499,200.0,2.2600998878479004,2.2600998878479004
FEMY,2026-08-12 10:58:00-04:00,2026-08-12 11:13:08.730499-04:00,848.730499,415.0,2.2950000762939453,2.2950000762939453
FEMY,2026-08-12 11:02:00-04:00,2026-08-12 11:13:08.730499-04:00,608.730499,180.0,2.329900026321411,2.329900026321411
FEMY,2026-08-12 11:03:00-04:00,2026-08-12 11:13:08.730499-04:00,548.730499,2181.0,2.3299999237060547,2.3299999237060547
FEMY,2026-08-12 11:11:00-04:00,2026-08-12 11:13:08.730499-04:00,68.730499,564.0,2.324700117111206,2.324700117111206
FEMY,2026-08-12 11:12:00-04:00,2026-08-12 11:13:08.730499-04:00,8.730499,0.0,2.3269999027252197,2.3269999027252197
MXCT,2026-08-12 11:04:00-04:00,2026-08-12 11:13:08.730499-04:00,488.730499,302.0,1.249899983406067,1.249899983406067
MXCT,2026-08-12 11:05:00-04:00,2026-08-12 11:13:08.730499-04:00,428.730499,485.0,1.249899983406067,1.2488000392913818
MXCT,2026-08-12 11:06:00-04:00,2026-08-12 11:13:08.730499-04:00,368.730499,1528.0,1.25,1.25
MXCT,2026-08-12 11:09:00-04:00,2026-08-12 11:13:08.730499-04:00,188.730499,2603.0,1.25,1.2410999536514282
MXCT,2026-08-12 11:11:00-04:00,2026-08-12 11:13:08.730499-04:00,68.730499,111.0,1.2450000047683716,1.2450000047683716
MXCT,2026-08-12 11:12:00-04:00,2026-08-12 11:13:08.730499-04:00,8.730499,0.0,1.2450000047683716,1.2450000047683716
ENHA,2026-08-12 10:59:00-04:00,2026-08-12 11:13:08.730499-04:00,788.730499,892.0,2.1498000621795654,2.149899959564209
ENHA,2026-08-12 11:04:00-04:00,2026-08-12 11:13:08.730499-04:00,488.730499,212.0,2.149899959564209,2.149899959564209
ENHA,2026-08-12 11:05:00-04:00,2026-08-12 11:13:08.730499-04:00,428.730499,1082.0,2.1449999809265137,2.1449999809265137
ENHA,2026-08-12 11:07:00-04:00,2026-08-12 11:13:08.730499-04:00,308.730499,105.0,2.1449999809265137,2.1449999809265137
ENHA,2026-08-12 11:08:00-04:00,2026-08-12 11:13:08.730499-04:00,248.730499,361.0,2.1449999809265137,2.1449999809265137
ENHA,2026-08-12 11:10:00-04:00,2026-08-12 11:13:08.730499-04:00,128.730499,0.0,2.1449999809265137,2.1449999809265137
REBN,2026-08-12 10:53:00-04:00,2026-08-12 11:13:08.730499-04:00,1148.730499,201.0,1.5,1.5
REBN,2026-08-12 10:55:00-04:00,2026-08-12 11:13:08.730499-04:00,1028.730499,907.0,1.5099999904632568,1.5099999904632568
REBN,2026-08-12 11:00:00-04:00,2026-08-12 11:13:08.730499-04:00,728.730499,294.0,1.5099999904632568,1.5099999904632568
REBN,2026-08-12 11:01:00-04:00,2026-08-12 11:13:08.730499-04:00,668.730499,11.0,1.5038000345230103,1.5038000345230103
REBN,2026-08-12 11:04:00-04:00,2026-08-12 11:13:08.730499-04:00,488.730499,1111.0,1.5099999904632568,1.4900000095367432
REBN,2026-08-12 11:12:00-04:00,2026-08-12 11:13:08.730499-04:00,8.730499,0.0,1.5149999856948853,1.5149999856948853
BIVI,2026-08-12 11:08:00-04:00,2026-08-12 11:13:08.730499-04:00,248.730499,722488.0,3.250200033187866,2.9579999446868896
BIVI,2026-08-12 11:09:00-04:00,2026-08-12 11:13:08.730499-04:00,188.730499,1044215.0,2.9625000953674316,2.799999952316284
BIVI,2026-08-12 11:10:00-04:00,2026-08-12 11:13:08.730499-04:00,128.730499,575756.0,2.800100088119507,2.70989990234375
BIVI,2026-08-12 11:11:00-04:00,2026-08-12 11:13:08.730499-04:00,68.730499,1350736.0,2.309999942779541,2.309999942779541
BIVI,2026-08-12 11:12:00-04:00,2026-08-12 11:13:08.730499-04:00,8.730499,1232306.0,2.309999942779541,2.119999885559082
BIVI,2026-08-12 11:13:00-04:00,2026-08-12 11:13:08.730499-04:00,-51.269501,0.0,2.119999885559082,2.119999885559082
VLN,2026-08-12 11:06:00-04:00,2026-08-12 11:13:28.762334-04:00,388.762334,189.0,1.8450000286102295,1.8450000286102295
VLN,2026-08-12 11:07:00-04:00,2026-08-12 11:13:28.762334-04:00,328.762334,814.0,1.8450000286102295,1.8450000286102295
VLN,2026-08-12 11:08:00-04:00,2026-08-12 11:13:28.762334-04:00,268.762334,826.0,1.850000023841858,1.8450000286102295
VLN,2026-08-12 11:09:00-04:00,2026-08-12 11:13:28.762334-04:00,208.762334,108.0,1.8450000286102295,1.8450000286102295
VLN,2026-08-12 11:10:00-04:00,2026-08-12 11:13:28.762334-04:00,148.762334,19604.0,1.8450000286102295,1.8300000429153442
VLN,2026-08-12 11:11:00-04:00,2026-08-12 11:13:28.762334-04:00,88.762334,0.0,1.8202999830245972,1.8202999830245972
BIVI,2026-08-12 11:08:00-04:00,2026-08-12 11:13:28.762334-04:00,268.762334,722488.0,3.250200033187866,2.9579999446868896
BIVI,2026-08-12 11:09:00-04:00,2026-08-12 11:13:28.762334-04:00,208.762334,1044215.0,2.9625000953674316,2.799999952316284
BIVI,2026-08-12 11:10:00-04:00,2026-08-12 11:13:28.762334-04:00,148.762334,575756.0,2.800100088119507,2.70989990234375
BIVI,2026-08-12 11:11:00-04:00,2026-08-12 11:13:28.762334-04:00,88.762334,1350736.0,2.694999933242798,2.309999942779541
BIVI,2026-08-12 11:12:00-04:00,2026-08-12 11:13:28.762334-04:00,28.762334,1232180.0,2.309999942779541,2.119999885559082
BIVI,2026-08-12 11:13:00-04:00,2026-08-12 11:13:28.762334-04:00,-31.237666,0.0,2.119999885559082,2.119999885559082
GRWG,2026-08-12 11:08:00-04:00,2026-08-12 11:13:28.762334-04:00,268.762334,3408.0,1.8899999856948853,1.8849999904632568
GRWG,2026-08-12 11:09:00-04:00,2026-08-12 11:13:28.762334-04:00,208.762334,5165.0,1.8899999856948853,1.8808000087738037
GRWG,2026-08-12 11:10:00-04:00,2026-08-12 11:13:28.762334-04:00,148.762334,10996.0,1.8899999856948853,1.8650000095367432
GRWG,2026-08-12 11:11:00-04:00,2026-08-12 11:13:28.762334-04:00,88.762334,11352.0,1.8650000095367432,1.8650000095367432
GRWG,2026-08-12 11:12:00-04:00,2026-08-12 11:13:28.762334-04:00,28.762334,6091.0,1.8700000047683716,1.8799999952316284
GRWG,2026-08-12 11:13:00-04:00,2026-08-12 11:13:28.762334-04:00,-31.237666,0.0,1.8762999773025513,1.8762999773025513
MXCT,2026-08-12 11:04:00-04:00,2026-08-12 11:13:28.762334-04:00,508.762334,302.0,1.249899983406067,1.249899983406067
MXCT,2026-08-12 11:05:00-04:00,2026-08-12 11:13:28.762334-04:00,448.762334,485.0,1.249899983406067,1.2488000392913818
MXCT,2026-08-12 11:06:00-04:00,2026-08-12 11:13:28.762334-04:00,388.762334,1528.0,1.25,1.25
MXCT,2026-08-12 11:09:00-04:00,2026-08-12 11:13:28.762334-04:00,208.762334,2603.0,1.25,1.2410999536514282
MXCT,2026-08-12 11:11:00-04:00,2026-08-12 11:13:28.762334-04:00,88.762334,111.0,1.2450000047683716,1.2450000047683716
MXCT,2026-08-12 11:12:00-04:00,2026-08-12 11:13:28.762334-04:00,28.762334,0.0,1.2450000047683716,1.2450000047683716
DRMA,2026-08-12 11:08:00-04:00,2026-08-12 11:13:28.762334-04:00,268.762334,4431.0,1.3112000226974487,1.309999942779541
DRMA,2026-08-12 11:09:00-04:00,2026-08-12 11:13:28.762334-04:00,208.762334,8352.0,1.3200000524520874,1.3188999891281128
DRMA,2026-08-12 11:10:00-04:00,2026-08-12 11:13:28.762334-04:00,148.762334,23868.0,1.315000057220459,1.309999942779541
DRMA,2026-08-12 11:11:00-04:00,2026-08-12 11:13:28.762334-04:00,88.762334,4221.0,1.315000057220459,1.309999942779541
DRMA,2026-08-12 11:12:00-04:00,2026-08-12 11:13:28.762334-04:00,28.762334,7400.0,1.3109999895095825,1.3100999593734741
DRMA,2026-08-12 11:13:00-04:00,2026-08-12 11:13:28.762334-04:00,-31.237666,0.0,1.315000057220459,1.315000057220459
FEMY,2026-08-12 10:57:00-04:00,2026-08-12 11:13:28.762334-04:00,928.762334,200.0,2.2600998878479004,2.2600998878479004
FEMY,2026-08-12 10:58:00-04:00,2026-08-12 11:13:28.762334-04:00,868.762334,415.0,2.2950000762939453,2.2950000762939453
FEMY,2026-08-12 11:02:00-04:00,2026-08-12 11:13:28.762334-04:00,628.762334,180.0,2.329900026321411,2.329900026321411
FEMY,2026-08-12 11:03:00-04:00,2026-08-12 11:13:28.762334-04:00,568.762334,2181.0,2.3299999237060547,2.3299999237060547
FEMY,2026-08-12 11:11:00-04:00,2026-08-12 11:13:28.762334-04:00,88.762334,564.0,2.324700117111206,2.324700117111206
FEMY,2026-08-12 11:12:00-04:00,2026-08-12 11:13:28.762334-04:00,28.762334,0.0,2.3269999027252197,2.3269999027252197
ENHA,2026-08-12 10:59:00-04:00,2026-08-12 11:13:28.762334-04:00,808.762334,892.0,2.1498000621795654,2.149899959564209
ENHA,2026-08-12 11:04:00-04:00,2026-08-12 11:13:28.762334-04:00,508.762334,212.0,2.149899959564209,2.149899959564209
ENHA,2026-08-12 11:05:00-04:00,2026-08-12 11:13:28.762334-04:00,448.762334,1082.0,2.1449999809265137,2.1449999809265137
ENHA,2026-08-12 11:07:00-04:00,2026-08-12 11:13:28.762334-04:00,328.762334,105.0,2.1449999809265137,2.1449999809265137
ENHA,2026-08-12 11:08:00-04:00,2026-08-12 11:13:28.762334-04:00,268.762334,361.0,2.1449999809265137,2.1449999809265137
ENHA,2026-08-12 11:10:00-04:00,2026-08-12 11:13:28.762334-04:00,148.762334,0.0,2.1449999809265137,2.1449999809265137
REBN,2026-08-12 10:53:00-04:00,2026-08-12 11:13:28.762334-04:00,1168.762334,201.0,1.5,1.5
REBN,2026-08-12 10:55:00-04:00,2026-08-12 11:13:28.762334-04:00,1048.762334,907.0,1.5099999904632568,1.5099999904632568
REBN,2026-08-12 11:00:00-04:00,2026-08-12 11:13:28.762334-04:00,748.762334,294.0,1.5099999904632568,1.5099999904632568
REBN,2026-08-12 11:01:00-04:00,2026-08-12 11:13:28.762334-04:00,688.762334,11.0,1.5038000345230103,1.5038000345230103
REBN,2026-08-12 11:04:00-04:00,2026-08-12 11:13:28.762334-04:00,508.762334,1111.0,1.5099999904632568,1.4900000095367432
REBN,2026-08-12 11:12:00-04:00,2026-08-12 11:13:28.762334-04:00,28.762334,0.0,1.5149999856948853,1.5149999856948853
DRMA,2026-08-12 11:08:00-04:00,2026-08-12 11:13:48.792738-04:00,288.792738,4431.0,1.3112000226974487,1.309999942779541
DRMA,2026-08-12 11:09:00-04:00,2026-08-12 11:13:48.792738-04:00,228.792738,8352.0,1.3200000524520874,1.3188999891281128
DRMA,2026-08-12 11:10:00-04:00,2026-08-12 11:13:48.792738-04:00,168.792738,23868.0,1.315000057220459,1.309999942779541
DRMA,2026-08-12 11:11:00-04:00,2026-08-12 11:13:48.792738-04:00,108.792738,4221.0,1.315000057220459,1.309999942779541
DRMA,2026-08-12 11:12:00-04:00,2026-08-12 11:13:48.792738-04:00,48.792738,7400.0,1.3109999895095825,1.3100999593734741
DRMA,2026-08-12 11:13:00-04:00,2026-08-12 11:13:48.792738-04:00,-11.207262,0.0,1.315000057220459,1.315000057220459
ENHA,2026-08-12 10:59:00-04:00,2026-08-12 11:13:48.792738-04:00,828.792738,0.0,2.1498000621795654,2.149899959564209
ENHA,2026-08-12 11:04:00-04:00,2026-08-12 11:13:48.792738-04:00,528.792738,212.0,2.149899959564209,2.149899959564209
ENHA,2026-08-12 11:05:00-04:00,2026-08-12 11:13:48.792738-04:00,468.792738,1082.0,2.1449999809265137,2.1449999809265137
ENHA,2026-08-12 11:07:00-04:00,2026-08-12 11:13:48.792738-04:00,348.792738,105.0,2.1449999809265137,2.1449999809265137
ENHA,2026-08-12 11:08:00-04:00,2026-08-12 11:13:48.792738-04:00,288.792738,361.0,2.1449999809265137,2.1449999809265137
ENHA,2026-08-12 11:10:00-04:00,2026-08-12 11:13:48.792738-04:00,168.792738,0.0,2.1449999809265137,2.1449999809265137
GRWG,2026-08-12 11:08:00-04:00,2026-08-12 11:13:48.792738-04:00,288.792738,3408.0,1.8899999856948853,1.8849999904632568
GRWG,2026-08-12 11:09:00-04:00,2026-08-12 11:13:48.792738-04:00,228.792738,5165.0,1.8899999856948853,1.8808000087738037
GRWG,2026-08-12 11:10:00-04:00,2026-08-12 11:13:48.792738-04:00,168.792738,10996.0,1.8899999856948853,1.8650000095367432
GRWG,2026-08-12 11:11:00-04:00,2026-08-12 11:13:48.792738-04:00,108.792738,11352.0,1.8650000095367432,1.8650000095367432
GRWG,2026-08-12 11:12:00-04:00,2026-08-12 11:13:48.792738-04:00,48.792738,6091.0,1.8700000047683716,1.8799999952316284
GRWG,2026-08-12 11:13:00-04:00,2026-08-12 11:13:48.792738-04:00,-11.207262,0.0,1.8799999952316284,1.8799999952316284
MXCT,2026-08-12 11:04:00-04:00,2026-08-12 11:13:48.792738-04:00,528.792738,302.0,1.249899983406067,1.249899983406067
MXCT,2026-08-12 11:05:00-04:00,2026-08-12 11:13:48.792738-04:00,468.792738,485.0,1.249899983406067,1.2488000392913818
MXCT,2026-08-12 11:06:00-04:00,2026-08-12 11:13:48.792738-04:00,408.792738,1528.0,1.25,1.25
MXCT,2026-08-12 11:09:00-04:00,2026-08-12 11:13:48.792738-04:00,228.792738,2603.0,1.25,1.2410999536514282
MXCT,2026-08-12 11:11:00-04:00,2026-08-12 11:13:48.792738-04:00,108.792738,111.0,1.2450000047683716,1.2450000047683716
MXCT,2026-08-12 11:12:00-04:00,2026-08-12 11:13:48.792738-04:00,48.792738,0.0,1.2450000047683716,1.2450000047683716
BIVI,2026-08-12 11:08:00-04:00,2026-08-12 11:13:48.792738-04:00,288.792738,722488.0,3.250200033187866,2.9579999446868896
BIVI,2026-08-12 11:09:00-04:00,2026-08-12 11:13:48.792738-04:00,228.792738,1044215.0,2.9625000953674316,2.799999952316284
BIVI,2026-08-12 11:10:00-04:00,2026-08-12 11:13:48.792738-04:00,168.792738,575756.0,2.800100088119507,2.70989990234375
BIVI,2026-08-12 11:11:00-04:00,2026-08-12 11:13:48.792738-04:00,108.792738,1350736.0,2.309999942779541,2.309999942779541
BIVI,2026-08-12 11:12:00-04:00,2026-08-12 11:13:48.792738-04:00,48.792738,1232306.0,2.309999942779541,2.119999885559082
BIVI,2026-08-12 11:13:00-04:00,2026-08-12 11:13:48.792738-04:00,-11.207262,0.0,2.119999885559082,2.119999885559082
VLN,2026-08-12 11:06:00-04:00,2026-08-12 11:13:48.792738-04:00,408.792738,189.0,1.8450000286102295,1.8450000286102295
VLN,2026-08-12 11:07:00-04:00,2026-08-12 11:13:48.792738-04:00,348.792738,814.0,1.8450000286102295,1.8450000286102295
VLN,2026-08-12 11:08:00-04:00,2026-08-12 11:13:48.792738-04:00,288.792738,826.0,1.850000023841858,1.8450000286102295
VLN,2026-08-12 11:09:00-04:00,2026-08-12 11:13:48.792738-04:00,228.792738,108.0,1.8450000286102295,1.8450000286102295
VLN,2026-08-12 11:10:00-04:00,2026-08-12 11:13:48.792738-04:00,168.792738,19604.0,1.8450000286102295,1.8300000429153442
VLN,2026-08-12 11:11:00-04:00,2026-08-12 11:13:48.792738-04:00,108.792738,0.0,1.8202999830245972,1.8202999830245972
REBN,2026-08-12 10:53:00-04:00,2026-08-12 11:13:48.792738-04:00,1188.792738,201.0,1.5,1.5
REBN,2026-08-12 10:55:00-04:00,2026-08-12 11:13:48.792738-04:00,1068.792738,907.0,1.5099999904632568,1.5099999904632568
REBN,2026-08-12 11:00:00-04:00,2026-08-12 11:13:48.792738-04:00,768.792738,294.0,1.5099999904632568,1.5099999904632568
REBN,2026-08-12 11:01:00-04:00,2026-08-12 11:13:48.792738-04:00,708.792738,11.0,1.5038000345230103,1.5038000345230103
REBN,2026-08-12 11:04:00-04:00,2026-08-12 11:13:48.792738-04:00,528.792738,1111.0,1.5099999904632568,1.4900000095367432
REBN,2026-08-12 11:12:00-04:00,2026-08-12 11:13:48.792738-04:00,48.792738,0.0,1.5149999856948853,1.5149999856948853
FEMY,2026-08-12 10:57:00-04:00,2026-08-12 11:13:48.792738-04:00,948.792738,200.0,2.2600998878479004,2.2600998878479004
FEMY,2026-08-12 10:58:00-04:00,2026-08-12 11:13:48.792738-04:00,888.792738,415.0,2.2950000762939453,2.2950000762939453
FEMY,2026-08-12 11:02:00-04:00,2026-08-12 11:13:48.792738-04:00,648.792738,180.0,2.329900026321411,2.329900026321411
FEMY,2026-08-12 11:03:00-04:00,2026-08-12 11:13:48.792738-04:00,588.792738,2181.0,2.3299999237060547,2.3299999237060547
FEMY,2026-08-12 11:11:00-04:00,2026-08-12 11:13:48.792738-04:00,108.792738,564.0,2.324700117111206,2.324700117111206
FEMY,2026-08-12 11:12:00-04:00,2026-08-12 11:13:48.792738-04:00,48.792738,0.0,2.3269999027252197,2.3269999027252197
REBN,2026-08-12 10:53:00-04:00,2026-08-12 11:14:08.825087-04:00,1208.825087,201.0,1.5,1.5
REBN,2026-08-12 10:55:00-04:00,2026-08-12 11:14:08.825087-04:00,1088.825087,907.0,1.5099999904632568,1.5099999904632568
REBN,2026-08-12 11:00:00-04:00,2026-08-12 11:14:08.825087-04:00,788.825087,294.0,1.5099999904632568,1.5099999904632568
REBN,2026-08-12 11:01:00-04:00,2026-08-12 11:14:08.825087-04:00,728.825087,11.0,1.5038000345230103,1.5038000345230103
REBN,2026-08-12 11:04:00-04:00,2026-08-12 11:14:08.825087-04:00,548.825087,1111.0,1.5099999904632568,1.4900000095367432
REBN,2026-08-12 11:12:00-04:00,2026-08-12 11:14:08.825087-04:00,68.825087,0.0,1.5149999856948853,1.5149999856948853
MXCT,2026-08-12 11:04:00-04:00,2026-08-12 11:14:08.825087-04:00,548.825087,302.0,1.249899983406067,1.249899983406067
MXCT,2026-08-12 11:05:00-04:00,2026-08-12 11:14:08.825087-04:00,488.825087,485.0,1.249899983406067,1.2488000392913818
MXCT,2026-08-12 11:06:00-04:00,2026-08-12 11:14:08.825087-04:00,428.825087,1528.0,1.25,1.25
MXCT,2026-08-12 11:09:00-04:00,2026-08-12 11:14:08.825087-04:00,248.825087,2603.0,1.25,1.2410999536514282
MXCT,2026-08-12 11:11:00-04:00,2026-08-12 11:14:08.825087-04:00,128.825087,111.0,1.2450000047683716,1.2450000047683716
MXCT,2026-08-12 11:12:00-04:00,2026-08-12 11:14:08.825087-04:00,68.825087,0.0,1.2450000047683716,1.2450000047683716
FEMY,2026-08-12 10:57:00-04:00,2026-08-12 11:14:08.825087-04:00,968.825087,200.0,2.2600998878479004,2.2600998878479004
FEMY,2026-08-12 10:58:00-04:00,2026-08-12 11:14:08.825087-04:00,908.825087,415.0,2.2950000762939453,2.2950000762939453
FEMY,2026-08-12 11:02:00-04:00,2026-08-12 11:14:08.825087-04:00,668.825087,180.0,2.329900026321411,2.329900026321411
FEMY,2026-08-12 11:03:00-04:00,2026-08-12 11:14:08.825087-04:00,608.825087,2181.0,2.3299999237060547,2.3299999237060547
FEMY,2026-08-12 11:11:00-04:00,2026-08-12 11:14:08.825087-04:00,128.825087,564.0,2.324700117111206,2.324700117111206
FEMY,2026-08-12 11:12:00-04:00,2026-08-12 11:14:08.825087-04:00,68.825087,0.0,2.3269999027252197,2.3269999027252197
DRMA,2026-08-12 11:09:00-04:00,2026-08-12 11:14:08.825087-04:00,248.825087,8352.0,1.3199000358581543,1.3188999891281128
DRMA,2026-08-12 11:10:00-04:00,2026-08-12 11:14:08.825087-04:00,188.825087,23868.0,1.315000057220459,1.309999942779541
DRMA,2026-08-12 11:11:00-04:00,2026-08-12 11:14:08.825087-04:00,128.825087,4221.0,1.315000057220459,1.309999942779541
DRMA,2026-08-12 11:12:00-04:00,2026-08-12 11:14:08.825087-04:00,68.825087,7400.0,1.3109999895095825,1.3100999593734741
DRMA,2026-08-12 11:13:00-04:00,2026-08-12 11:14:08.825087-04:00,8.825087,4158.0,1.3199000358581543,1.3100999593734741
DRMA,2026-08-12 11:14:00-04:00,2026-08-12 11:14:08.825087-04:00,-51.174913,0.0,1.340000033378601,1.340000033378601
BIVI,2026-08-12 11:08:00-04:00,2026-08-12 11:14:08.825087-04:00,308.825087,722488.0,3.250200033187866,2.9579999446868896
BIVI,2026-08-12 11:09:00-04:00,2026-08-12 11:14:08.825087-04:00,248.825087,1044215.0,2.9625000953674316,2.799999952316284
BIVI,2026-08-12 11:10:00-04:00,2026-08-12 11:14:08.825087-04:00,188.825087,575756.0,2.800100088119507,2.70989990234375
BIVI,2026-08-12 11:11:00-04:00,2026-08-12 11:14:08.825087-04:00,128.825087,1350736.0,2.309999942779541,2.309999942779541
BIVI,2026-08-12 11:12:00-04:00,2026-08-12 11:14:08.825087-04:00,68.825087,1232306.0,2.309999942779541,2.119999885559082
BIVI,2026-08-12 11:13:00-04:00,2026-08-12 11:14:08.825087-04:00,8.825087,0.0,2.119999885559082,2.119999885559082
VLN,2026-08-12 11:06:00-04:00,2026-08-12 11:14:08.825087-04:00,428.825087,189.0,1.8450000286102295,1.8450000286102295
VLN,2026-08-12 11:07:00-04:00,2026-08-12 11:14:08.825087-04:00,368.825087,814.0,1.8450000286102295,1.8450000286102295
VLN,2026-08-12 11:08:00-04:00,2026-08-12 11:14:08.825087-04:00,308.825087,826.0,1.850000023841858,1.8450000286102295
VLN,2026-08-12 11:09:00-04:00,2026-08-12 11:14:08.825087-04:00,248.825087,108.0,1.8450000286102295,1.8450000286102295
VLN,2026-08-12 11:10:00-04:00,2026-08-12 11:14:08.825087-04:00,188.825087,19604.0,1.8450000286102295,1.8300000429153442
VLN,2026-08-12 11:11:00-04:00,2026-08-12 11:14:08.825087-04:00,128.825087,0.0,1.8202999830245972,1.8202999830245972
ENHA,2026-08-12 10:59:00-04:00,2026-08-12 11:14:08.825087-04:00,848.825087,0.0,2.1498000621795654,2.149899959564209
ENHA,2026-08-12 11:04:00-04:00,2026-08-12 11:14:08.825087-04:00,548.825087,212.0,2.149899959564209,2.149899959564209
ENHA,2026-08-12 11:05:00-04:00,2026-08-12 11:14:08.825087-04:00,488.825087,1082.0,2.1449999809265137,2.1449999809265137
ENHA,2026-08-12 11:07:00-04:00,2026-08-12 11:14:08.825087-04:00,368.825087,105.0,2.1449999809265137,2.1449999809265137
ENHA,2026-08-12 11:08:00-04:00,2026-08-12 11:14:08.825087-04:00,308.825087,361.0,2.1449999809265137,2.1449999809265137
ENHA,2026-08-12 11:10:00-04:00,2026-08-12 11:14:08.825087-04:00,188.825087,0.0,2.1449999809265137,2.1449999809265137
GRWG,2026-08-12 11:09:00-04:00,2026-08-12 11:14:08.825087-04:00,248.825087,5165.0,1.8899999856948853,1.8808000087738037
GRWG,2026-08-12 11:10:00-04:00,2026-08-12 11:14:08.825087-04:00,188.825087,10996.0,1.8899999856948853,1.8650000095367432
GRWG,2026-08-12 11:11:00-04:00,2026-08-12 11:14:08.825087-04:00,128.825087,11352.0,1.8650000095367432,1.8650000095367432
GRWG,2026-08-12 11:12:00-04:00,2026-08-12 11:14:08.825087-04:00,68.825087,6091.0,1.8700000047683716,1.8799999952316284
GRWG,2026-08-12 11:13:00-04:00,2026-08-12 11:14:08.825087-04:00,8.825087,5863.0,1.8799999952316284,1.8799999952316284
GRWG,2026-08-12 11:14:00-04:00,2026-08-12 11:14:08.825087-04:00,-51.174913,0.0,1.875,1.875
MXCT,2026-08-12 11:04:00-04:00,2026-08-12 11:14:28.855369-04:00,568.855369,302.0,1.249899983406067,1.249899983406067
MXCT,2026-08-12 11:05:00-04:00,2026-08-12 11:14:28.855369-04:00,508.855369,485.0,1.249899983406067,1.2488000392913818
MXCT,2026-08-12 11:06:00-04:00,2026-08-12 11:14:28.855369-04:00,448.855369,1528.0,1.25,1.25
MXCT,2026-08-12 11:09:00-04:00,2026-08-12 11:14:28.855369-04:00,268.855369,2603.0,1.25,1.2410999536514282
MXCT,2026-08-12 11:11:00-04:00,2026-08-12 11:14:28.855369-04:00,148.855369,111.0,1.2450000047683716,1.2450000047683716
MXCT,2026-08-12 11:12:00-04:00,2026-08-12 11:14:28.855369-04:00,88.855369,0.0,1.2450000047683716,1.2450000047683716
DRMA,2026-08-12 11:09:00-04:00,2026-08-12 11:14:28.855369-04:00,268.855369,8352.0,1.3200000524520874,1.3188999891281128
DRMA,2026-08-12 11:10:00-04:00,2026-08-12 11:14:28.855369-04:00,208.855369,23868.0,1.315000057220459,1.309999942779541
DRMA,2026-08-12 11:11:00-04:00,2026-08-12 11:14:28.855369-04:00,148.855369,4221.0,1.315000057220459,1.309999942779541
DRMA,2026-08-12 11:12:00-04:00,2026-08-12 11:14:28.855369-04:00,88.855369,7400.0,1.3109999895095825,1.3100999593734741
DRMA,2026-08-12 11:13:00-04:00,2026-08-12 11:14:28.855369-04:00,28.855369,4158.0,1.3199000358581543,1.3100999593734741
DRMA,2026-08-12 11:14:00-04:00,2026-08-12 11:14:28.855369-04:00,-31.144631,0.0,1.3309999704360962,1.3309999704360962
BIVI,2026-08-12 11:08:00-04:00,2026-08-12 11:14:28.855369-04:00,328.855369,722488.0,3.250200033187866,2.9579999446868896
BIVI,2026-08-12 11:09:00-04:00,2026-08-12 11:14:28.855369-04:00,268.855369,1044215.0,2.9625000953674316,2.799999952316284
BIVI,2026-08-12 11:10:00-04:00,2026-08-12 11:14:28.855369-04:00,208.855369,575756.0,2.800100088119507,2.70989990234375
BIVI,2026-08-12 11:11:00-04:00,2026-08-12 11:14:28.855369-04:00,148.855369,1350736.0,2.694999933242798,2.309999942779541
BIVI,2026-08-12 11:12:00-04:00,2026-08-12 11:14:28.855369-04:00,88.855369,1232180.0,2.309999942779541,2.119999885559082
BIVI,2026-08-12 11:13:00-04:00,2026-08-12 11:14:28.855369-04:00,28.855369,0.0,2.119999885559082,2.119999885559082
VLN,2026-08-12 11:07:00-04:00,2026-08-12 11:14:28.855369-04:00,388.855369,814.0,1.8450000286102295,1.8450000286102295
VLN,2026-08-12 11:08:00-04:00,2026-08-12 11:14:28.855369-04:00,328.855369,826.0,1.850000023841858,1.8450000286102295
VLN,2026-08-12 11:09:00-04:00,2026-08-12 11:14:28.855369-04:00,268.855369,108.0,1.8450000286102295,1.8450000286102295
VLN,2026-08-12 11:10:00-04:00,2026-08-12 11:14:28.855369-04:00,208.855369,19604.0,1.8450000286102295,1.8300000429153442
VLN,2026-08-12 11:11:00-04:00,2026-08-12 11:14:28.855369-04:00,148.855369,3570.0,1.8250000476837158,1.8202999830245972
VLN,2026-08-12 11:14:00-04:00,2026-08-12 11:14:28.855369-04:00,-31.144631,0.0,1.8250000476837158,1.8250000476837158
REBN,2026-08-12 10:55:00-04:00,2026-08-12 11:14:28.855369-04:00,1108.855369,907.0,1.5099999904632568,1.5099999904632568
REBN,2026-08-12 11:00:00-04:00,2026-08-12 11:14:28.855369-04:00,808.855369,294.0,1.5099999904632568,1.5099999904632568
REBN,2026-08-12 11:01:00-04:00,2026-08-12 11:14:28.855369-04:00,748.855369,11.0,1.5038000345230103,1.5038000345230103
REBN,2026-08-12 11:04:00-04:00,2026-08-12 11:14:28.855369-04:00,568.855369,1111.0,1.5099999904632568,1.4900000095367432
REBN,2026-08-12 11:12:00-04:00,2026-08-12 11:14:28.855369-04:00,88.855369,1109.0,1.5149999856948853,1.5149999856948853
REBN,2026-08-12 11:14:00-04:00,2026-08-12 11:14:28.855369-04:00,-31.144631,0.0,1.5,1.5
GRWG,2026-08-12 11:09:00-04:00,2026-08-12 11:14:28.855369-04:00,268.855369,5165.0,1.8899999856948853,1.8808000087738037
GRWG,2026-08-12 11:10:00-04:00,2026-08-12 11:14:28.855369-04:00,208.855369,10996.0,1.8899999856948853,1.8650000095367432
GRWG,2026-08-12 11:11:00-04:00,2026-08-12 11:14:28.855369-04:00,148.855369,11352.0,1.8650000095367432,1.8650000095367432
GRWG,2026-08-12 11:12:00-04:00,2026-08-12 11:14:28.855369-04:00,88.855369,6091.0,1.8700000047683716,1.8799999952316284
GRWG,2026-08-12 11:13:00-04:00,2026-08-12 11:14:28.855369-04:00,28.855369,5863.0,1.8799999952316284,1.8799999952316284
GRWG,2026-08-12 11:14:00-04:00,2026-08-12 11:14:28.855369-04:00,-31.144631,0.0,1.8650000095367432,1.8650000095367432
FEMY,2026-08-12 10:57:00-04:00,2026-08-12 11:14:28.855369-04:00,988.855369,200.0,2.2600998878479004,2.2600998878479004
FEMY,2026-08-12 10:58:00-04:00,2026-08-12 11:14:28.855369-04:00,928.855369,415.0,2.2950000762939453,2.2950000762939453
FEMY,2026-08-12 11:02:00-04:00,2026-08-12 11:14:28.855369-04:00,688.855369,180.0,2.329900026321411,2.329900026321411
FEMY,2026-08-12 11:03:00-04:00,2026-08-12 11:14:28.855369-04:00,628.855369,2181.0,2.3299999237060547,2.3299999237060547
FEMY,2026-08-12 11:11:00-04:00,2026-08-12 11:14:28.855369-04:00,148.855369,564.0,2.324700117111206,2.324700117111206
FEMY,2026-08-12 11:12:00-04:00,2026-08-12 11:14:28.855369-04:00,88.855369,0.0,2.3269999027252197,2.3269999027252197
ENHA,2026-08-12 10:59:00-04:00,2026-08-12 11:14:28.855369-04:00,868.855369,0.0,2.1498000621795654,2.149899959564209
ENHA,2026-08-12 11:04:00-04:00,2026-08-12 11:14:28.855369-04:00,568.855369,212.0,2.149899959564209,2.149899959564209
ENHA,2026-08-12 11:05:00-04:00,2026-08-12 11:14:28.855369-04:00,508.855369,1082.0,2.1449999809265137,2.1449999809265137
ENHA,2026-08-12 11:07:00-04:00,2026-08-12 11:14:28.855369-04:00,388.855369,105.0,2.1449999809265137,2.1449999809265137
ENHA,2026-08-12 11:08:00-04:00,2026-08-12 11:14:28.855369-04:00,328.855369,361.0,2.1449999809265137,2.1449999809265137
ENHA,2026-08-12 11:10:00-04:00,2026-08-12 11:14:28.855369-04:00,208.855369,0.0,2.1449999809265137,2.1449999809265137
REBN,2026-08-12 10:55:00-04:00,2026-08-12 11:14:48.889910-04:00,1128.88991,907.0,1.5099999904632568,1.5099999904632568
REBN,2026-08-12 11:00:00-04:00,2026-08-12 11:14:48.889910-04:00,828.88991,294.0,1.5099999904632568,1.5099999904632568
REBN,2026-08-12 11:01:00-04:00,2026-08-12 11:14:48.889910-04:00,768.88991,11.0,1.5038000345230103,1.5038000345230103
REBN,2026-08-12 11:04:00-04:00,2026-08-12 11:14:48.889910-04:00,588.88991,1111.0,1.5099999904632568,1.4900000095367432
REBN,2026-08-12 11:12:00-04:00,2026-08-12 11:14:48.889910-04:00,108.88991,1109.0,1.5149999856948853,1.5149999856948853
REBN,2026-08-12 11:14:00-04:00,2026-08-12 11:14:48.889910-04:00,-11.11009,0.0,1.5,1.5
BIVI,2026-08-12 11:08:00-04:00,2026-08-12 11:14:48.889910-04:00,348.88991,722488.0,3.250200033187866,2.9579999446868896
BIVI,2026-08-12 11:09:00-04:00,2026-08-12 11:14:48.889910-04:00,288.88991,1044215.0,2.9625000953674316,2.799999952316284
BIVI,2026-08-12 11:10:00-04:00,2026-08-12 11:14:48.889910-04:00,228.88991,575756.0,2.800100088119507,2.70989990234375
BIVI,2026-08-12 11:11:00-04:00,2026-08-12 11:14:48.889910-04:00,168.88991,1350736.0,2.694999933242798,2.309999942779541
BIVI,2026-08-12 11:12:00-04:00,2026-08-12 11:14:48.889910-04:00,108.88991,1232180.0,2.309999942779541,2.119999885559082
BIVI,2026-08-12 11:13:00-04:00,2026-08-12 11:14:48.889910-04:00,48.88991,0.0,2.119999885559082,2.119999885559082
GRWG,2026-08-12 11:09:00-04:00,2026-08-12 11:14:48.889910-04:00,288.88991,5165.0,1.8899999856948853,1.8808000087738037
GRWG,2026-08-12 11:10:00-04:00,2026-08-12 11:14:48.889910-04:00,228.88991,10996.0,1.8899999856948853,1.8650000095367432
GRWG,2026-08-12 11:11:00-04:00,2026-08-12 11:14:48.889910-04:00,168.88991,11352.0,1.8650000095367432,1.8650000095367432
GRWG,2026-08-12 11:12:00-04:00,2026-08-12 11:14:48.889910-04:00,108.88991,6091.0,1.8700000047683716,1.8799999952316284
GRWG,2026-08-12 11:13:00-04:00,2026-08-12 11:14:48.889910-04:00,48.88991,5863.0,1.8799999952316284,1.8799999952316284
GRWG,2026-08-12 11:14:00-04:00,2026-08-12 11:14:48.889910-04:00,-11.11009,0.0,1.8650000095367432,1.8650000095367432
MXCT,2026-08-12 11:04:00-04:00,2026-08-12 11:14:48.889910-04:00,588.88991,302.0,1.249899983406067,1.249899983406067
MXCT,2026-08-12 11:05:00-04:00,2026-08-12 11:14:48.889910-04:00,528.88991,485.0,1.249899983406067,1.2488000392913818
MXCT,2026-08-12 11:06:00-04:00,2026-08-12 11:14:48.889910-04:00,468.88991,1528.0,1.25,1.25
MXCT,2026-08-12 11:09:00-04:00,2026-08-12 11:14:48.889910-04:00,288.88991,2603.0,1.25,1.2410999536514282
MXCT,2026-08-12 11:11:00-04:00,2026-08-12 11:14:48.889910-04:00,168.88991,111.0,1.2450000047683716,1.2450000047683716
MXCT,2026-08-12 11:12:00-04:00,2026-08-12 11:14:48.889910-04:00,108.88991,0.0,1.2450000047683716,1.2450000047683716
DRMA,2026-08-12 11:09:00-04:00,2026-08-12 11:14:48.889910-04:00,288.88991,8352.0,1.3199000358581543,1.3188999891281128
DRMA,2026-08-12 11:10:00-04:00,2026-08-12 11:14:48.889910-04:00,228.88991,23868.0,1.315000057220459,1.309999942779541
DRMA,2026-08-12 11:11:00-04:00,2026-08-12 11:14:48.889910-04:00,168.88991,4221.0,1.315000057220459,1.309999942779541
DRMA,2026-08-12 11:12:00-04:00,2026-08-12 11:14:48.889910-04:00,108.88991,7400.0,1.3109999895095825,1.3100999593734741
DRMA,2026-08-12 11:13:00-04:00,2026-08-12 11:14:48.889910-04:00,48.88991,4158.0,1.3199000358581543,1.3100999593734741
DRMA,2026-08-12 11:14:00-04:00,2026-08-12 11:14:48.889910-04:00,-11.11009,0.0,1.3350000381469727,1.3350000381469727
FEMY,2026-08-12 10:57:00-04:00,2026-08-12 11:14:48.889910-04:00,1008.88991,200.0,2.2600998878479004,2.2600998878479004
FEMY,2026-08-12 10:58:00-04:00,2026-08-12 11:14:48.889910-04:00,948.88991,415.0,2.2950000762939453,2.2950000762939453
FEMY,2026-08-12 11:02:00-04:00,2026-08-12 11:14:48.889910-04:00,708.88991,180.0,2.329900026321411,2.329900026321411
FEMY,2026-08-12 11:03:00-04:00,2026-08-12 11:14:48.889910-04:00,648.88991,2181.0,2.3299999237060547,2.3299999237060547
FEMY,2026-08-12 11:11:00-04:00,2026-08-12 11:14:48.889910-04:00,168.88991,564.0,2.324700117111206,2.324700117111206
FEMY,2026-08-12 11:12:00-04:00,2026-08-12 11:14:48.889910-04:00,108.88991,0.0,2.3269999027252197,2.3269999027252197
VLN,2026-08-12 11:07:00-04:00,2026-08-12 11:14:48.889910-04:00,408.88991,814.0,1.8450000286102295,1.8450000286102295
VLN,2026-08-12 11:08:00-04:00,2026-08-12 11:14:48.889910-04:00,348.88991,826.0,1.850000023841858,1.8450000286102295
VLN,2026-08-12 11:09:00-04:00,2026-08-12 11:14:48.889910-04:00,288.88991,108.0,1.8450000286102295,1.8450000286102295
VLN,2026-08-12 11:10:00-04:00,2026-08-12 11:14:48.889910-04:00,228.88991,19604.0,1.8450000286102295,1.8300000429153442
VLN,2026-08-12 11:11:00-04:00,2026-08-12 11:14:48.889910-04:00,168.88991,3570.0,1.8250000476837158,1.8202999830245972
VLN,2026-08-12 11:14:00-04:00,2026-08-12 11:14:48.889910-04:00,-11.11009,0.0,1.8250000476837158,1.8250000476837158
ENHA,2026-08-12 11:04:00-04:00,2026-08-12 11:14:48.889910-04:00,588.88991,212.0,2.149899959564209,2.149899959564209
ENHA,2026-08-12 11:05:00-04:00,2026-08-12 11:14:48.889910-04:00,528.88991,1082.0,2.1449999809265137,2.1449999809265137
ENHA,2026-08-12 11:07:00-04:00,2026-08-12 11:14:48.889910-04:00,408.88991,105.0,2.1449999809265137,2.1449999809265137
ENHA,2026-08-12 11:08:00-04:00,2026-08-12 11:14:48.889910-04:00,348.88991,361.0,2.1449999809265137,2.1449999809265137
ENHA,2026-08-12 11:10:00-04:00,2026-08-12 11:14:48.889910-04:00,228.88991,213.0,2.1414999961853027,2.1449999809265137
ENHA,2026-08-12 11:14:00-04:00,2026-08-12 11:14:48.889910-04:00,-11.11009,0.0,2.1500000953674316,2.1500000953674316
FEMY,2026-08-12 10:57:00-04:00,2026-08-12 11:15:08.923185-04:00,1028.923185,200.0,2.2600998878479004,2.2600998878479004
FEMY,2026-08-12 10:58:00-04:00,2026-08-12 11:15:08.923185-04:00,968.923185,415.0,2.2950000762939453,2.2950000762939453
FEMY,2026-08-12 11:02:00-04:00,2026-08-12 11:15:08.923185-04:00,728.923185,180.0,2.329900026321411,2.329900026321411
FEMY,2026-08-12 11:03:00-04:00,2026-08-12 11:15:08.923185-04:00,668.923185,2181.0,2.3299999237060547,2.3299999237060547
FEMY,2026-08-12 11:11:00-04:00,2026-08-12 11:15:08.923185-04:00,188.923185,564.0,2.324700117111206,2.324700117111206
FEMY,2026-08-12 11:12:00-04:00,2026-08-12 11:15:08.923185-04:00,128.923185,0.0,2.3269999027252197,2.3269999027252197
GRWG,2026-08-12 11:09:00-04:00,2026-08-12 11:15:08.923185-04:00,308.923185,5165.0,1.8899999856948853,1.8808000087738037
GRWG,2026-08-12 11:10:00-04:00,2026-08-12 11:15:08.923185-04:00,248.923185,10996.0,1.8899999856948853,1.8650000095367432
GRWG,2026-08-12 11:11:00-04:00,2026-08-12 11:15:08.923185-04:00,188.923185,11352.0,1.8650000095367432,1.8650000095367432
GRWG,2026-08-12 11:12:00-04:00,2026-08-12 11:15:08.923185-04:00,128.923185,6091.0,1.8700000047683716,1.8799999952316284
GRWG,2026-08-12 11:13:00-04:00,2026-08-12 11:15:08.923185-04:00,68.923185,5863.0,1.8799999952316284,1.8799999952316284
GRWG,2026-08-12 11:14:00-04:00,2026-08-12 11:15:08.923185-04:00,8.923185,0.0,1.8609000444412231,1.8609000444412231
DRMA,2026-08-12 11:10:00-04:00,2026-08-12 11:15:08.923185-04:00,248.923185,23868.0,1.315000057220459,1.309999942779541
DRMA,2026-08-12 11:11:00-04:00,2026-08-12 11:15:08.923185-04:00,188.923185,4221.0,1.315000057220459,1.309999942779541
DRMA,2026-08-12 11:12:00-04:00,2026-08-12 11:15:08.923185-04:00,128.923185,7400.0,1.3109999895095825,1.3100999593734741
DRMA,2026-08-12 11:13:00-04:00,2026-08-12 11:15:08.923185-04:00,68.923185,4158.0,1.3199000358581543,1.3100999593734741
DRMA,2026-08-12 11:14:00-04:00,2026-08-12 11:15:08.923185-04:00,8.923185,28421.0,1.309999942779541,1.326300024986267
DRMA,2026-08-12 11:15:00-04:00,2026-08-12 11:15:08.923185-04:00,-51.076815,0.0,1.3250000476837158,1.3250000476837158
ENHA,2026-08-12 11:05:00-04:00,2026-08-12 11:15:08.923185-04:00,548.923185,1082.0,2.1449999809265137,2.1449999809265137
ENHA,2026-08-12 11:07:00-04:00,2026-08-12 11:15:08.923185-04:00,428.923185,105.0,2.1449999809265137,2.1449999809265137
ENHA,2026-08-12 11:08:00-04:00,2026-08-12 11:15:08.923185-04:00,368.923185,361.0,2.1449999809265137,2.1449999809265137
ENHA,2026-08-12 11:10:00-04:00,2026-08-12 11:15:08.923185-04:00,248.923185,213.0,2.1414999961853027,2.1449999809265137
ENHA,2026-08-12 11:14:00-04:00,2026-08-12 11:15:08.923185-04:00,8.923185,233.0,2.1500000953674316,2.1500000953674316
ENHA,2026-08-12 11:15:00-04:00,2026-08-12 11:15:08.923185-04:00,-51.076815,0.0,2.1500000953674316,2.1500000953674316
VLN,2026-08-12 11:07:00-04:00,2026-08-12 11:15:08.923185-04:00,428.923185,814.0,1.8450000286102295,1.8450000286102295
VLN,2026-08-12 11:08:00-04:00,2026-08-12 11:15:08.923185-04:00,368.923185,826.0,1.850000023841858,1.8450000286102295
VLN,2026-08-12 11:09:00-04:00,2026-08-12 11:15:08.923185-04:00,308.923185,108.0,1.8450000286102295,1.8450000286102295
VLN,2026-08-12 11:10:00-04:00,2026-08-12 11:15:08.923185-04:00,248.923185,19604.0,1.8450000286102295,1.8300000429153442
VLN,2026-08-12 11:11:00-04:00,2026-08-12 11:15:08.923185-04:00,188.923185,3570.0,1.8250000476837158,1.8202999830245972
VLN,2026-08-12 11:14:00-04:00,2026-08-12 11:15:08.923185-04:00,8.923185,0.0,1.8250000476837158,1.8250000476837158
REBN,2026-08-12 10:55:00-04:00,2026-08-12 11:15:08.923185-04:00,1148.923185,907.0,1.5099999904632568,1.5099999904632568
REBN,2026-08-12 11:00:00-04:00,2026-08-12 11:15:08.923185-04:00,848.923185,294.0,1.5099999904632568,1.5099999904632568
REBN,2026-08-12 11:01:00-04:00,2026-08-12 11:15:08.923185-04:00,788.923185,11.0,1.5038000345230103,1.5038000345230103
REBN,2026-08-12 11:04:00-04:00,2026-08-12 11:15:08.923185-04:00,608.923185,1111.0,1.5099999904632568,1.4900000095367432
REBN,2026-08-12 11:12:00-04:00,2026-08-12 11:15:08.923185-04:00,128.923185,1109.0,1.5149999856948853,1.5149999856948853
REBN,2026-08-12 11:14:00-04:00,2026-08-12 11:15:08.923185-04:00,8.923185,0.0,1.5,1.5
MXCT,2026-08-12 11:04:00-04:00,2026-08-12 11:15:08.923185-04:00,608.923185,302.0,1.249899983406067,1.249899983406067
MXCT,2026-08-12 11:05:00-04:00,2026-08-12 11:15:08.923185-04:00,548.923185,485.0,1.249899983406067,1.2488000392913818
MXCT,2026-08-12 11:06:00-04:00,2026-08-12 11:15:08.923185-04:00,488.923185,1528.0,1.25,1.25
MXCT,2026-08-12 11:09:00-04:00,2026-08-12 11:15:08.923185-04:00,308.923185,2603.0,1.25,1.2410999536514282
MXCT,2026-08-12 11:11:00-04:00,2026-08-12 11:15:08.923185-04:00,188.923185,111.0,1.2450000047683716,1.2450000047683716
MXCT,2026-08-12 11:12:00-04:00,2026-08-12 11:15:08.923185-04:00,128.923185,0.0,1.2450000047683716,1.2450000047683716
BIVI,2026-08-12 11:08:00-04:00,2026-08-12 11:15:08.923185-04:00,368.923185,722488.0,3.250200033187866,2.9579999446868896
BIVI,2026-08-12 11:09:00-04:00,2026-08-12 11:15:08.923185-04:00,308.923185,1044215.0,2.9625000953674316,2.799999952316284
BIVI,2026-08-12 11:10:00-04:00,2026-08-12 11:15:08.923185-04:00,248.923185,575756.0,2.800100088119507,2.70989990234375
BIVI,2026-08-12 11:11:00-04:00,2026-08-12 11:15:08.923185-04:00,188.923185,1350736.0,2.694999933242798,2.309999942779541
BIVI,2026-08-12 11:12:00-04:00,2026-08-12 11:15:08.923185-04:00,128.923185,1232180.0,2.309999942779541,2.119999885559082
BIVI,2026-08-12 11:13:00-04:00,2026-08-12 11:15:08.923185-04:00,68.923185,0.0,2.119999885559082,2.119999885559082
REBN,2026-08-12 10:55:00-04:00,2026-08-12 11:15:28.955930-04:00,1168.95593,907.0,1.5099999904632568,1.5099999904632568
REBN,2026-08-12 11:00:00-04:00,2026-08-12 11:15:28.955930-04:00,868.95593,294.0,1.5099999904632568,1.5099999904632568
REBN,2026-08-12 11:01:00-04:00,2026-08-12 11:15:28.955930-04:00,808.95593,11.0,1.5038000345230103,1.5038000345230103
REBN,2026-08-12 11:04:00-04:00,2026-08-12 11:15:28.955930-04:00,628.95593,1111.0,1.5099999904632568,1.4900000095367432
REBN,2026-08-12 11:12:00-04:00,2026-08-12 11:15:28.955930-04:00,148.95593,1109.0,1.5149999856948853,1.5149999856948853
REBN,2026-08-12 11:14:00-04:00,2026-08-12 11:15:28.955930-04:00,28.95593,0.0,1.5,1.5
ENHA,2026-08-12 11:05:00-04:00,2026-08-12 11:15:28.955930-04:00,568.95593,1082.0,2.1449999809265137,2.1449999809265137
ENHA,2026-08-12 11:07:00-04:00,2026-08-12 11:15:28.955930-04:00,448.95593,105.0,2.1449999809265137,2.1449999809265137
ENHA,2026-08-12 11:08:00-04:00,2026-08-12 11:15:28.955930-04:00,388.95593,361.0,2.1449999809265137,2.1449999809265137
ENHA,2026-08-12 11:10:00-04:00,2026-08-12 11:15:28.955930-04:00,268.95593,213.0,2.1414999961853027,2.1449999809265137
ENHA,2026-08-12 11:14:00-04:00,2026-08-12 11:15:28.955930-04:00,28.95593,233.0,2.1500000953674316,2.1500000953674316
ENHA,2026-08-12 11:15:00-04:00,2026-08-12 11:15:28.955930-04:00,-31.04407,0.0,2.1500000953674316,2.1500000953674316
FEMY,2026-08-12 10:57:00-04:00,2026-08-12 11:15:28.955930-04:00,1048.95593,200.0,2.2600998878479004,2.2600998878479004
FEMY,2026-08-12 10:58:00-04:00,2026-08-12 11:15:28.955930-04:00,988.95593,415.0,2.2950000762939453,2.2950000762939453
FEMY,2026-08-12 11:02:00-04:00,2026-08-12 11:15:28.955930-04:00,748.95593,180.0,2.329900026321411,2.329900026321411
FEMY,2026-08-12 11:03:00-04:00,2026-08-12 11:15:28.955930-04:00,688.95593,2181.0,2.3299999237060547,2.3299999237060547
FEMY,2026-08-12 11:11:00-04:00,2026-08-12 11:15:28.955930-04:00,208.95593,564.0,2.324700117111206,2.324700117111206
FEMY,2026-08-12 11:12:00-04:00,2026-08-12 11:15:28.955930-04:00,148.95593,0.0,2.3269999027252197,2.3269999027252197
BIVI,2026-08-12 11:08:00-04:00,2026-08-12 11:15:28.955930-04:00,388.95593,722488.0,3.250200033187866,2.9579999446868896
BIVI,2026-08-12 11:09:00-04:00,2026-08-12 11:15:28.955930-04:00,328.95593,1044215.0,2.9625000953674316,2.799999952316284
BIVI,2026-08-12 11:10:00-04:00,2026-08-12 11:15:28.955930-04:00,268.95593,575756.0,2.800100088119507,2.70989990234375
BIVI,2026-08-12 11:11:00-04:00,2026-08-12 11:15:28.955930-04:00,208.95593,1350736.0,2.309999942779541,2.309999942779541
BIVI,2026-08-12 11:12:00-04:00,2026-08-12 11:15:28.955930-04:00,148.95593,1232306.0,2.309999942779541,2.119999885559082
BIVI,2026-08-12 11:13:00-04:00,2026-08-12 11:15:28.955930-04:00,88.95593,0.0,2.119999885559082,2.119999885559082
GRWG,2026-08-12 11:10:00-04:00,2026-08-12 11:15:28.955930-04:00,268.95593,10996.0,1.8899999856948853,1.8650000095367432
GRWG,2026-08-12 11:11:00-04:00,2026-08-12 11:15:28.955930-04:00,208.95593,11352.0,1.8650000095367432,1.8650000095367432
GRWG,2026-08-12 11:12:00-04:00,2026-08-12 11:15:28.955930-04:00,148.95593,6091.0,1.8700000047683716,1.8799999952316284
GRWG,2026-08-12 11:13:00-04:00,2026-08-12 11:15:28.955930-04:00,88.95593,5863.0,1.8799999952316284,1.8799999952316284
GRWG,2026-08-12 11:14:00-04:00,2026-08-12 11:15:28.955930-04:00,28.95593,22213.0,1.875,1.8609000444412231
GRWG,2026-08-12 11:15:00-04:00,2026-08-12 11:15:28.955930-04:00,-31.04407,0.0,1.8625999689102173,1.8625999689102173
VLN,2026-08-12 11:08:00-04:00,2026-08-12 11:15:28.955930-04:00,388.95593,826.0,1.850000023841858,1.8450000286102295
VLN,2026-08-12 11:09:00-04:00,2026-08-12 11:15:28.955930-04:00,328.95593,108.0,1.8450000286102295,1.8450000286102295
VLN,2026-08-12 11:10:00-04:00,2026-08-12 11:15:28.955930-04:00,268.95593,19604.0,1.8450000286102295,1.8300000429153442
VLN,2026-08-12 11:11:00-04:00,2026-08-12 11:15:28.955930-04:00,208.95593,3570.0,1.8250000476837158,1.8202999830245972
VLN,2026-08-12 11:14:00-04:00,2026-08-12 11:15:28.955930-04:00,28.95593,5102.0,1.8207000494003296,1.8250000476837158
VLN,2026-08-12 11:15:00-04:00,2026-08-12 11:15:28.955930-04:00,-31.04407,0.0,1.8250000476837158,1.8250000476837158
DRMA,2026-08-12 11:10:00-04:00,2026-08-12 11:15:28.955930-04:00,268.95593,23868.0,1.315000057220459,1.309999942779541
DRMA,2026-08-12 11:11:00-04:00,2026-08-12 11:15:28.955930-04:00,208.95593,4221.0,1.315000057220459,1.309999942779541
DRMA,2026-08-12 11:12:00-04:00,2026-08-12 11:15:28.955930-04:00,148.95593,7400.0,1.3109999895095825,1.3100999593734741
DRMA,2026-08-12 11:13:00-04:00,2026-08-12 11:15:28.955930-04:00,88.95593,4158.0,1.3199000358581543,1.3100999593734741
DRMA,2026-08-12 11:14:00-04:00,2026-08-12 11:15:28.955930-04:00,28.95593,28421.0,1.309999942779541,1.326300024986267
DRMA,2026-08-12 11:15:00-04:00,2026-08-12 11:15:28.955930-04:00,-31.04407,0.0,1.329800009727478,1.329800009727478
MXCT,2026-08-12 11:05:00-04:00,2026-08-12 11:15:28.955930-04:00,568.95593,485.0,1.249899983406067,1.2488000392913818
MXCT,2026-08-12 11:06:00-04:00,2026-08-12 11:15:28.955930-04:00,508.95593,1528.0,1.25,1.25
MXCT,2026-08-12 11:09:00-04:00,2026-08-12 11:15:28.955930-04:00,328.95593,2603.0,1.25,1.2410999536514282
MXCT,2026-08-12 11:11:00-04:00,2026-08-12 11:15:28.955930-04:00,208.95593,111.0,1.2450000047683716,1.2450000047683716
MXCT,2026-08-12 11:12:00-04:00,2026-08-12 11:15:28.955930-04:00,148.95593,518.0,1.2450000047683716,1.2450000047683716
MXCT,2026-08-12 11:15:00-04:00,2026-08-12 11:15:28.955930-04:00,-31.04407,0.0,1.2450000047683716,1.2450000047683716
REBN,2026-08-12 10:55:00-04:00,2026-08-12 11:15:48.987452-04:00,1188.987452,907.0,1.5099999904632568,1.5099999904632568
REBN,2026-08-12 11:00:00-04:00,2026-08-12 11:15:48.987452-04:00,888.987452,294.0,1.5099999904632568,1.5099999904632568
REBN,2026-08-12 11:01:00-04:00,2026-08-12 11:15:48.987452-04:00,828.987452,11.0,1.5038000345230103,1.5038000345230103
REBN,2026-08-12 11:04:00-04:00,2026-08-12 11:15:48.987452-04:00,648.987452,1111.0,1.5099999904632568,1.4900000095367432
REBN,2026-08-12 11:12:00-04:00,2026-08-12 11:15:48.987452-04:00,168.987452,1109.0,1.5149999856948853,1.5149999856948853
REBN,2026-08-12 11:14:00-04:00,2026-08-12 11:15:48.987452-04:00,48.987452,0.0,1.5,1.5
ENHA,2026-08-12 11:05:00-04:00,2026-08-12 11:15:48.987452-04:00,588.987452,1082.0,2.1449999809265137,2.1449999809265137
ENHA,2026-08-12 11:07:00-04:00,2026-08-12 11:15:48.987452-04:00,468.987452,105.0,2.1449999809265137,2.1449999809265137
ENHA,2026-08-12 11:08:00-04:00,2026-08-12 11:15:48.987452-04:00,408.987452,361.0,2.1449999809265137,2.1449999809265137
ENHA,2026-08-12 11:10:00-04:00,2026-08-12 11:15:48.987452-04:00,288.987452,213.0,2.1414999961853027,2.1449999809265137
ENHA,2026-08-12 11:14:00-04:00,2026-08-12 11:15:48.987452-04:00,48.987452,233.0,2.1500000953674316,2.1500000953674316
ENHA,2026-08-12 11:15:00-04:00,2026-08-12 11:15:48.987452-04:00,-11.012548,0.0,2.1500000953674316,2.1500000953674316
DRMA,2026-08-12 11:10:00-04:00,2026-08-12 11:15:48.987452-04:00,288.987452,23868.0,1.315000057220459,1.309999942779541
DRMA,2026-08-12 11:11:00-04:00,2026-08-12 11:15:48.987452-04:00,228.987452,4221.0,1.315000057220459,1.309999942779541
DRMA,2026-08-12 11:12:00-04:00,2026-08-12 11:15:48.987452-04:00,168.987452,7400.0,1.3109999895095825,1.3100999593734741
DRMA,2026-08-12 11:13:00-04:00,2026-08-12 11:15:48.987452-04:00,108.987452,4158.0,1.3199000358581543,1.3100999593734741
DRMA,2026-08-12 11:14:00-04:00,2026-08-12 11:15:48.987452-04:00,48.987452,28421.0,1.309999942779541,1.326300024986267
DRMA,2026-08-12 11:15:00-04:00,2026-08-12 11:15:48.987452-04:00,-11.012548,0.0,1.3200000524520874,1.3200000524520874
VLN,2026-08-12 11:08:00-04:00,2026-08-12 11:15:48.987452-04:00,408.987452,826.0,1.850000023841858,1.8450000286102295
VLN,2026-08-12 11:09:00-04:00,2026-08-12 11:15:48.987452-04:00,348.987452,108.0,1.8450000286102295,1.8450000286102295
VLN,2026-08-12 11:10:00-04:00,2026-08-12 11:15:48.987452-04:00,288.987452,19604.0,1.8450000286102295,1.8300000429153442
VLN,2026-08-12 11:11:00-04:00,2026-08-12 11:15:48.987452-04:00,228.987452,3570.0,1.8250000476837158,1.8202999830245972
VLN,2026-08-12 11:14:00-04:00,2026-08-12 11:15:48.987452-04:00,48.987452,5102.0,1.8207000494003296,1.8250000476837158
VLN,2026-08-12 11:15:00-04:00,2026-08-12 11:15:48.987452-04:00,-11.012548,0.0,1.8250000476837158,1.8250000476837158
FEMY,2026-08-12 10:57:00-04:00,2026-08-12 11:15:48.987452-04:00,1068.987452,200.0,2.2600998878479004,2.2600998878479004
FEMY,2026-08-12 10:58:00-04:00,2026-08-12 11:15:48.987452-04:00,1008.987452,415.0,2.2950000762939453,2.2950000762939453
FEMY,2026-08-12 11:02:00-04:00,2026-08-12 11:15:48.987452-04:00,768.987452,180.0,2.329900026321411,2.329900026321411
FEMY,2026-08-12 11:03:00-04:00,2026-08-12 11:15:48.987452-04:00,708.987452,2181.0,2.3299999237060547,2.3299999237060547
FEMY,2026-08-12 11:11:00-04:00,2026-08-12 11:15:48.987452-04:00,228.987452,564.0,2.324700117111206,2.324700117111206
FEMY,2026-08-12 11:12:00-04:00,2026-08-12 11:15:48.987452-04:00,168.987452,0.0,2.3269999027252197,2.3269999027252197
MXCT,2026-08-12 11:05:00-04:00,2026-08-12 11:15:48.987452-04:00,588.987452,485.0,1.249899983406067,1.2488000392913818
MXCT,2026-08-12 11:06:00-04:00,2026-08-12 11:15:48.987452-04:00,528.987452,1528.0,1.25,1.25
MXCT,2026-08-12 11:09:00-04:00,2026-08-12 11:15:48.987452-04:00,348.987452,2603.0,1.25,1.2410999536514282
MXCT,2026-08-12 11:11:00-04:00,2026-08-12 11:15:48.987452-04:00,228.987452,111.0,1.2450000047683716,1.2450000047683716
MXCT,2026-08-12 11:12:00-04:00,2026-08-12 11:15:48.987452-04:00,168.987452,518.0,1.2450000047683716,1.2450000047683716
MXCT,2026-08-12 11:15:00-04:00,2026-08-12 11:15:48.987452-04:00,-11.012548,0.0,1.2450000047683716,1.2450000047683716
BIVI,2026-08-12 11:08:00-04:00,2026-08-12 11:15:48.987452-04:00,408.987452,722488.0,3.250200033187866,2.9579999446868896
BIVI,2026-08-12 11:09:00-04:00,2026-08-12 11:15:48.987452-04:00,348.987452,1044215.0,2.9625000953674316,2.799999952316284
BIVI,2026-08-12 11:10:00-04:00,2026-08-12 11:15:48.987452-04:00,288.987452,575756.0,2.800100088119507,2.70989990234375
BIVI,2026-08-12 11:11:00-04:00,2026-08-12 11:15:48.987452-04:00,228.987452,1350736.0,2.309999942779541,2.309999942779541
BIVI,2026-08-12 11:12:00-04:00,2026-08-12 11:15:48.987452-04:00,168.987452,1232306.0,2.309999942779541,2.119999885559082
BIVI,2026-08-12 11:13:00-04:00,2026-08-12 11:15:48.987452-04:00,108.987452,0.0,2.119999885559082,2.119999885559082
GRWG,2026-08-12 11:10:00-04:00,2026-08-12 11:15:48.987452-04:00,288.987452,10996.0,1.8899999856948853,1.8650000095367432
GRWG,2026-08-12 11:11:00-04:00,2026-08-12 11:15:48.987452-04:00,228.987452,11352.0,1.8650000095367432,1.8650000095367432
GRWG,2026-08-12 11:12:00-04:00,2026-08-12 11:15:48.987452-04:00,168.987452,6091.0,1.8700000047683716,1.8799999952316284
GRWG,2026-08-12 11:13:00-04:00,2026-08-12 11:15:48.987452-04:00,108.987452,5863.0,1.8799999952316284,1.8799999952316284
GRWG,2026-08-12 11:14:00-04:00,2026-08-12 11:15:48.987452-04:00,48.987452,22213.0,1.875,1.8609000444412231
GRWG,2026-08-12 11:15:00-04:00,2026-08-12 11:15:48.987452-04:00,-11.012548,0.0,1.86080002784729,1.86080002784729
ENHA,2026-08-12 11:05:00-04:00,2026-08-12 11:16:09.019087-04:00,609.019087,1082.0,2.1449999809265137,2.1449999809265137
ENHA,2026-08-12 11:07:00-04:00,2026-08-12 11:16:09.019087-04:00,489.019087,105.0,2.1449999809265137,2.1449999809265137
ENHA,2026-08-12 11:08:00-04:00,2026-08-12 11:16:09.019087-04:00,429.019087,361.0,2.1449999809265137,2.1449999809265137
ENHA,2026-08-12 11:10:00-04:00,2026-08-12 11:16:09.019087-04:00,309.019087,213.0,2.1414999961853027,2.1449999809265137
ENHA,2026-08-12 11:14:00-04:00,2026-08-12 11:16:09.019087-04:00,69.019087,233.0,2.1500000953674316,2.1500000953674316
ENHA,2026-08-12 11:15:00-04:00,2026-08-12 11:16:09.019087-04:00,9.019087,0.0,2.1500000953674316,2.1500000953674316
GRWG,2026-08-12 11:11:00-04:00,2026-08-12 11:16:09.019087-04:00,249.019087,11352.0,1.8650000095367432,1.8650000095367432
GRWG,2026-08-12 11:12:00-04:00,2026-08-12 11:16:09.019087-04:00,189.019087,6091.0,1.8700000047683716,1.8799999952316284
GRWG,2026-08-12 11:13:00-04:00,2026-08-12 11:16:09.019087-04:00,129.019087,5863.0,1.8799999952316284,1.8799999952316284
GRWG,2026-08-12 11:14:00-04:00,2026-08-12 11:16:09.019087-04:00,69.019087,22213.0,1.875,1.8609000444412231
GRWG,2026-08-12 11:15:00-04:00,2026-08-12 11:16:09.019087-04:00,9.019087,4337.0,1.8625999689102173,1.8600000143051147
GRWG,2026-08-12 11:16:00-04:00,2026-08-12 11:16:09.019087-04:00,-50.980913,0.0,1.8650000095367432,1.8650000095367432
FEMY,2026-08-12 10:57:00-04:00,2026-08-12 11:16:09.019087-04:00,1089.019087,200.0,2.2600998878479004,2.2600998878479004
FEMY,2026-08-12 10:58:00-04:00,2026-08-12 11:16:09.019087-04:00,1029.019087,415.0,2.2950000762939453,2.2950000762939453
FEMY,2026-08-12 11:02:00-04:00,2026-08-12 11:16:09.019087-04:00,789.019087,180.0,2.329900026321411,2.329900026321411
FEMY,2026-08-12 11:03:00-04:00,2026-08-12 11:16:09.019087-04:00,729.019087,2181.0,2.3299999237060547,2.3299999237060547
FEMY,2026-08-12 11:11:00-04:00,2026-08-12 11:16:09.019087-04:00,249.019087,564.0,2.324700117111206,2.324700117111206
FEMY,2026-08-12 11:12:00-04:00,2026-08-12 11:16:09.019087-04:00,189.019087,0.0,2.3269999027252197,2.3269999027252197
MXCT,2026-08-12 11:05:00-04:00,2026-08-12 11:16:09.019087-04:00,609.019087,485.0,1.249899983406067,1.2488000392913818
MXCT,2026-08-12 11:06:00-04:00,2026-08-12 11:16:09.019087-04:00,549.019087,1528.0,1.25,1.25
MXCT,2026-08-12 11:09:00-04:00,2026-08-12 11:16:09.019087-04:00,369.019087,2603.0,1.25,1.2410999536514282
MXCT,2026-08-12 11:11:00-04:00,2026-08-12 11:16:09.019087-04:00,249.019087,111.0,1.2450000047683716,1.2450000047683716
MXCT,2026-08-12 11:12:00-04:00,2026-08-12 11:16:09.019087-04:00,189.019087,518.0,1.2450000047683716,1.2450000047683716
MXCT,2026-08-12 11:15:00-04:00,2026-08-12 11:16:09.019087-04:00,9.019087,0.0,1.2599999904632568,1.2599999904632568
BIVI,2026-08-12 11:08:00-04:00,2026-08-12 11:16:09.019087-04:00,429.019087,722488.0,3.250200033187866,2.9579999446868896
BIVI,2026-08-12 11:09:00-04:00,2026-08-12 11:16:09.019087-04:00,369.019087,1044215.0,2.9625000953674316,2.799999952316284
BIVI,2026-08-12 11:10:00-04:00,2026-08-12 11:16:09.019087-04:00,309.019087,575756.0,2.800100088119507,2.70989990234375
BIVI,2026-08-12 11:11:00-04:00,2026-08-12 11:16:09.019087-04:00,249.019087,1350736.0,2.694999933242798,2.309999942779541
BIVI,2026-08-12 11:12:00-04:00,2026-08-12 11:16:09.019087-04:00,189.019087,1232180.0,2.309999942779541,2.119999885559082
BIVI,2026-08-12 11:13:00-04:00,2026-08-12 11:16:09.019087-04:00,129.019087,0.0,2.119999885559082,2.119999885559082
REBN,2026-08-12 10:55:00-04:00,2026-08-12 11:16:09.019087-04:00,1209.019087,907.0,1.5099999904632568,1.5099999904632568
REBN,2026-08-12 11:00:00-04:00,2026-08-12 11:16:09.019087-04:00,909.019087,294.0,1.5099999904632568,1.5099999904632568
REBN,2026-08-12 11:01:00-04:00,2026-08-12 11:16:09.019087-04:00,849.019087,11.0,1.5038000345230103,1.5038000345230103
REBN,2026-08-12 11:04:00-04:00,2026-08-12 11:16:09.019087-04:00,669.019087,1111.0,1.5099999904632568,1.4900000095367432
REBN,2026-08-12 11:12:00-04:00,2026-08-12 11:16:09.019087-04:00,189.019087,1109.0,1.5149999856948853,1.5149999856948853
REBN,2026-08-12 11:14:00-04:00,2026-08-12 11:16:09.019087-04:00,69.019087,0.0,1.5,1.5
VLN,2026-08-12 11:08:00-04:00,2026-08-12 11:16:09.019087-04:00,429.019087,826.0,1.850000023841858,1.8450000286102295
VLN,2026-08-12 11:09:00-04:00,2026-08-12 11:16:09.019087-04:00,369.019087,108.0,1.8450000286102295,1.8450000286102295
VLN,2026-08-12 11:10:00-04:00,2026-08-12 11:16:09.019087-04:00,309.019087,19604.0,1.8450000286102295,1.8300000429153442
VLN,2026-08-12 11:11:00-04:00,2026-08-12 11:16:09.019087-04:00,249.019087,3570.0,1.8250000476837158,1.8202999830245972
VLN,2026-08-12 11:14:00-04:00,2026-08-12 11:16:09.019087-04:00,69.019087,5102.0,1.8207000494003296,1.8250000476837158
VLN,2026-08-12 11:15:00-04:00,2026-08-12 11:16:09.019087-04:00,9.019087,0.0,1.8250000476837158,1.8250000476837158
DRMA,2026-08-12 11:11:00-04:00,2026-08-12 11:16:09.019087-04:00,249.019087,4221.0,1.315000057220459,1.309999942779541
DRMA,2026-08-12 11:12:00-04:00,2026-08-12 11:16:09.019087-04:00,189.019087,7400.0,1.3109999895095825,1.3100999593734741
DRMA,2026-08-12 11:13:00-04:00,2026-08-12 11:16:09.019087-04:00,129.019087,4158.0,1.3199000358581543,1.3100999593734741
DRMA,2026-08-12 11:14:00-04:00,2026-08-12 11:16:09.019087-04:00,69.019087,28421.0,1.309999942779541,1.326300024986267
DRMA,2026-08-12 11:15:00-04:00,2026-08-12 11:16:09.019087-04:00,9.019087,4602.0,1.320199966430664,1.326200008392334
DRMA,2026-08-12 11:16:00-04:00,2026-08-12 11:16:09.019087-04:00,-50.980913,0.0,1.3250000476837158,1.3250000476837158
VLN,2026-08-12 11:09:00-04:00,2026-08-12 11:16:29.064525-04:00,389.064525,108.0,1.8450000286102295,1.8450000286102295
VLN,2026-08-12 11:10:00-04:00,2026-08-12 11:16:29.064525-04:00,329.064525,19604.0,1.8450000286102295,1.8300000429153442
VLN,2026-08-12 11:11:00-04:00,2026-08-12 11:16:29.064525-04:00,269.064525,3570.0,1.8250000476837158,1.8202999830245972
VLN,2026-08-12 11:14:00-04:00,2026-08-12 11:16:29.064525-04:00,89.064525,5102.0,1.8207000494003296,1.8250000476837158
VLN,2026-08-12 11:15:00-04:00,2026-08-12 11:16:29.064525-04:00,29.064525,510.0,1.8250000476837158,1.8250000476837158
VLN,2026-08-12 11:16:00-04:00,2026-08-12 11:16:29.064525-04:00,-30.935475,0.0,1.8250000476837158,1.8250000476837158
ENHA,2026-08-12 11:05:00-04:00,2026-08-12 11:16:29.064525-04:00,629.064525,1082.0,2.1449999809265137,2.1449999809265137
ENHA,2026-08-12 11:07:00-04:00,2026-08-12 11:16:29.064525-04:00,509.064525,105.0,2.1449999809265137,2.1449999809265137
ENHA,2026-08-12 11:08:00-04:00,2026-08-12 11:16:29.064525-04:00,449.064525,361.0,2.1449999809265137,2.1449999809265137
ENHA,2026-08-12 11:10:00-04:00,2026-08-12 11:16:29.064525-04:00,329.064525,213.0,2.1414999961853027,2.1449999809265137
ENHA,2026-08-12 11:14:00-04:00,2026-08-12 11:16:29.064525-04:00,89.064525,233.0,2.1500000953674316,2.1500000953674316
ENHA,2026-08-12 11:15:00-04:00,2026-08-12 11:16:29.064525-04:00,29.064525,0.0,2.1500000953674316,2.1500000953674316
MXCT,2026-08-12 11:05:00-04:00,2026-08-12 11:16:29.064525-04:00,629.064525,485.0,1.249899983406067,1.2488000392913818
MXCT,2026-08-12 11:06:00-04:00,2026-08-12 11:16:29.064525-04:00,569.064525,1528.0,1.25,1.25
MXCT,2026-08-12 11:09:00-04:00,2026-08-12 11:16:29.064525-04:00,389.064525,2603.0,1.25,1.2410999536514282
MXCT,2026-08-12 11:11:00-04:00,2026-08-12 11:16:29.064525-04:00,269.064525,111.0,1.2450000047683716,1.2450000047683716
MXCT,2026-08-12 11:12:00-04:00,2026-08-12 11:16:29.064525-04:00,209.064525,518.0,1.2450000047683716,1.2450000047683716
MXCT,2026-08-12 11:15:00-04:00,2026-08-12 11:16:29.064525-04:00,29.064525,0.0,1.2599999904632568,1.2599999904632568
BIVI,2026-08-12 11:08:00-04:00,2026-08-12 11:16:29.064525-04:00,449.064525,722488.0,3.250200033187866,2.9579999446868896
BIVI,2026-08-12 11:09:00-04:00,2026-08-12 11:16:29.064525-04:00,389.064525,1044215.0,2.9625000953674316,2.799999952316284
BIVI,2026-08-12 11:10:00-04:00,2026-08-12 11:16:29.064525-04:00,329.064525,575756.0,2.800100088119507,2.70989990234375
BIVI,2026-08-12 11:11:00-04:00,2026-08-12 11:16:29.064525-04:00,269.064525,1350736.0,2.694999933242798,2.309999942779541
BIVI,2026-08-12 11:12:00-04:00,2026-08-12 11:16:29.064525-04:00,209.064525,1232180.0,2.309999942779541,2.119999885559082
BIVI,2026-08-12 11:13:00-04:00,2026-08-12 11:16:29.064525-04:00,149.064525,0.0,2.119999885559082,2.119999885559082
GRWG,2026-08-12 11:11:00-04:00,2026-08-12 11:16:29.064525-04:00,269.064525,11352.0,1.8650000095367432,1.8650000095367432
GRWG,2026-08-12 11:12:00-04:00,2026-08-12 11:16:29.064525-04:00,209.064525,6091.0,1.8700000047683716,1.8799999952316284
GRWG,2026-08-12 11:13:00-04:00,2026-08-12 11:16:29.064525-04:00,149.064525,5863.0,1.8799999952316284,1.8799999952316284
GRWG,2026-08-12 11:14:00-04:00,2026-08-12 11:16:29.064525-04:00,89.064525,22213.0,1.875,1.8609000444412231
GRWG,2026-08-12 11:15:00-04:00,2026-08-12 11:16:29.064525-04:00,29.064525,4337.0,1.8625999689102173,1.8600000143051147
GRWG,2026-08-12 11:16:00-04:00,2026-08-12 11:16:29.064525-04:00,-30.935475,0.0,1.86080002784729,1.86080002784729
FEMY,2026-08-12 10:57:00-04:00,2026-08-12 11:16:29.064525-04:00,1109.064525,200.0,2.2600998878479004,2.2600998878479004
FEMY,2026-08-12 10:58:00-04:00,2026-08-12 11:16:29.064525-04:00,1049.064525,415.0,2.2950000762939453,2.2950000762939453
FEMY,2026-08-12 11:02:00-04:00,2026-08-12 11:16:29.064525-04:00,809.064525,180.0,2.329900026321411,2.329900026321411
FEMY,2026-08-12 11:03:00-04:00,2026-08-12 11:16:29.064525-04:00,749.064525,2181.0,2.3299999237060547,2.3299999237060547
FEMY,2026-08-12 11:11:00-04:00,2026-08-12 11:16:29.064525-04:00,269.064525,564.0,2.324700117111206,2.324700117111206
FEMY,2026-08-12 11:12:00-04:00,2026-08-12 11:16:29.064525-04:00,209.064525,0.0,2.3269999027252197,2.3269999027252197
REBN,2026-08-12 10:55:00-04:00,2026-08-12 11:16:29.064525-04:00,1229.064525,907.0,1.5099999904632568,1.5099999904632568
REBN,2026-08-12 11:00:00-04:00,2026-08-12 11:16:29.064525-04:00,929.064525,294.0,1.5099999904632568,1.5099999904632568
REBN,2026-08-12 11:01:00-04:00,2026-08-12 11:16:29.064525-04:00,869.064525,11.0,1.5038000345230103,1.5038000345230103
REBN,2026-08-12 11:04:00-04:00,2026-08-12 11:16:29.064525-04:00,689.064525,1111.0,1.5099999904632568,1.4900000095367432
REBN,2026-08-12 11:12:00-04:00,2026-08-12 11:16:29.064525-04:00,209.064525,1109.0,1.5149999856948853,1.5149999856948853
REBN,2026-08-12 11:14:00-04:00,2026-08-12 11:16:29.064525-04:00,89.064525,0.0,1.5,1.5
DRMA,2026-08-12 11:11:00-04:00,2026-08-12 11:16:29.064525-04:00,269.064525,4221.0,1.315000057220459,1.309999942779541
DRMA,2026-08-12 11:12:00-04:00,2026-08-12 11:16:29.064525-04:00,209.064525,7400.0,1.3109999895095825,1.3100999593734741
DRMA,2026-08-12 11:13:00-04:00,2026-08-12 11:16:29.064525-04:00,149.064525,4158.0,1.3199000358581543,1.3100999593734741
DRMA,2026-08-12 11:14:00-04:00,2026-08-12 11:16:29.064525-04:00,89.064525,28421.0,1.309999942779541,1.326300024986267
DRMA,2026-08-12 11:15:00-04:00,2026-08-12 11:16:29.064525-04:00,29.064525,4602.0,1.320199966430664,1.326200008392334
DRMA,2026-08-12 11:16:00-04:00,2026-08-12 11:16:29.064525-04:00,-30.935475,0.0,1.3250000476837158,1.3250000476837158
REBN,2026-08-12 10:55:00-04:00,2026-08-12 11:16:49.095967-04:00,1249.095967,907.0,1.5099999904632568,1.5099999904632568
REBN,2026-08-12 11:00:00-04:00,2026-08-12 11:16:49.095967-04:00,949.095967,294.0,1.5099999904632568,1.5099999904632568
REBN,2026-08-12 11:01:00-04:00,2026-08-12 11:16:49.095967-04:00,889.095967,11.0,1.5038000345230103,1.5038000345230103
REBN,2026-08-12 11:04:00-04:00,2026-08-12 11:16:49.095967-04:00,709.095967,1111.0,1.5099999904632568,1.4900000095367432
REBN,2026-08-12 11:12:00-04:00,2026-08-12 11:16:49.095967-04:00,229.095967,1109.0,1.5149999856948853,1.5149999856948853
REBN,2026-08-12 11:14:00-04:00,2026-08-12 11:16:49.095967-04:00,109.095967,0.0,1.5,1.5
ENHA,2026-08-12 11:05:00-04:00,2026-08-12 11:16:49.095967-04:00,649.095967,1082.0,2.1449999809265137,2.1449999809265137
ENHA,2026-08-12 11:07:00-04:00,2026-08-12 11:16:49.095967-04:00,529.095967,105.0,2.1449999809265137,2.1449999809265137
ENHA,2026-08-12 11:08:00-04:00,2026-08-12 11:16:49.095967-04:00,469.095967,361.0,2.1449999809265137,2.1449999809265137
ENHA,2026-08-12 11:10:00-04:00,2026-08-12 11:16:49.095967-04:00,349.095967,213.0,2.1414999961853027,2.1449999809265137
ENHA,2026-08-12 11:14:00-04:00,2026-08-12 11:16:49.095967-04:00,109.095967,233.0,2.1500000953674316,2.1500000953674316
ENHA,2026-08-12 11:15:00-04:00,2026-08-12 11:16:49.095967-04:00,49.095967,0.0,2.1500000953674316,2.1500000953674316
VLN,2026-08-12 11:09:00-04:00,2026-08-12 11:16:49.095967-04:00,409.095967,108.0,1.8450000286102295,1.8450000286102295
VLN,2026-08-12 11:10:00-04:00,2026-08-12 11:16:49.095967-04:00,349.095967,19604.0,1.8450000286102295,1.8300000429153442
VLN,2026-08-12 11:11:00-04:00,2026-08-12 11:16:49.095967-04:00,289.095967,3570.0,1.8250000476837158,1.8202999830245972
VLN,2026-08-12 11:14:00-04:00,2026-08-12 11:16:49.095967-04:00,109.095967,5102.0,1.8207000494003296,1.8250000476837158
VLN,2026-08-12 11:15:00-04:00,2026-08-12 11:16:49.095967-04:00,49.095967,510.0,1.8250000476837158,1.8250000476837158
VLN,2026-08-12 11:16:00-04:00,2026-08-12 11:16:49.095967-04:00,-10.904033,0.0,1.8300000429153442,1.8300000429153442
MXCT,2026-08-12 11:06:00-04:00,2026-08-12 11:16:49.095967-04:00,589.095967,1528.0,1.25,1.25
MXCT,2026-08-12 11:09:00-04:00,2026-08-12 11:16:49.095967-04:00,409.095967,2603.0,1.25,1.2410999536514282
MXCT,2026-08-12 11:11:00-04:00,2026-08-12 11:16:49.095967-04:00,289.095967,111.0,1.2450000047683716,1.2450000047683716
MXCT,2026-08-12 11:12:00-04:00,2026-08-12 11:16:49.095967-04:00,229.095967,518.0,1.2450000047683716,1.2450000047683716
MXCT,2026-08-12 11:15:00-04:00,2026-08-12 11:16:49.095967-04:00,49.095967,11343.0,1.2450000047683716,1.2599999904632568
MXCT,2026-08-12 11:16:00-04:00,2026-08-12 11:16:49.095967-04:00,-10.904033,0.0,1.2588000297546387,1.2588000297546387
GRWG,2026-08-12 11:11:00-04:00,2026-08-12 11:16:49.095967-04:00,289.095967,11352.0,1.8650000095367432,1.8650000095367432
GRWG,2026-08-12 11:12:00-04:00,2026-08-12 11:16:49.095967-04:00,229.095967,6091.0,1.8700000047683716,1.8799999952316284
GRWG,2026-08-12 11:13:00-04:00,2026-08-12 11:16:49.095967-04:00,169.095967,5863.0,1.8799999952316284,1.8799999952316284
GRWG,2026-08-12 11:14:00-04:00,2026-08-12 11:16:49.095967-04:00,109.095967,22213.0,1.875,1.8609000444412231
GRWG,2026-08-12 11:15:00-04:00,2026-08-12 11:16:49.095967-04:00,49.095967,4337.0,1.8625999689102173,1.8600000143051147
GRWG,2026-08-12 11:16:00-04:00,2026-08-12 11:16:49.095967-04:00,-10.904033,0.0,1.8700000047683716,1.8700000047683716
BIVI,2026-08-12 11:08:00-04:00,2026-08-12 11:16:49.095967-04:00,469.095967,722488.0,3.250200033187866,2.9579999446868896
BIVI,2026-08-12 11:09:00-04:00,2026-08-12 11:16:49.095967-04:00,409.095967,1044215.0,2.9625000953674316,2.799999952316284
BIVI,2026-08-12 11:10:00-04:00,2026-08-12 11:16:49.095967-04:00,349.095967,575756.0,2.800100088119507,2.70989990234375
BIVI,2026-08-12 11:11:00-04:00,2026-08-12 11:16:49.095967-04:00,289.095967,1350736.0,2.309999942779541,2.309999942779541
BIVI,2026-08-12 11:12:00-04:00,2026-08-12 11:16:49.095967-04:00,229.095967,1232306.0,2.309999942779541,2.119999885559082
BIVI,2026-08-12 11:13:00-04:00,2026-08-12 11:16:49.095967-04:00,169.095967,0.0,2.119999885559082,2.119999885559082
DRMA,2026-08-12 11:11:00-04:00,2026-08-12 11:16:49.095967-04:00,289.095967,4221.0,1.315000057220459,1.309999942779541
DRMA,2026-08-12 11:12:00-04:00,2026-08-12 11:16:49.095967-04:00,229.095967,7400.0,1.3109999895095825,1.3100999593734741
DRMA,2026-08-12 11:13:00-04:00,2026-08-12 11:16:49.095967-04:00,169.095967,4158.0,1.3199000358581543,1.3100999593734741
DRMA,2026-08-12 11:14:00-04:00,2026-08-12 11:16:49.095967-04:00,109.095967,28421.0,1.309999942779541,1.326300024986267
DRMA,2026-08-12 11:15:00-04:00,2026-08-12 11:16:49.095967-04:00,49.095967,4602.0,1.320199966430664,1.326200008392334
DRMA,2026-08-12 11:16:00-04:00,2026-08-12 11:16:49.095967-04:00,-10.904033,0.0,1.3209999799728394,1.3209999799728394
FEMY,2026-08-12 10:57:00-04:00,2026-08-12 11:16:49.095967-04:00,1129.095967,200.0,2.2600998878479004,2.2600998878479004
FEMY,2026-08-12 10:58:00-04:00,2026-08-12 11:16:49.095967-04:00,1069.095967,415.0,2.2950000762939453,2.2950000762939453
FEMY,2026-08-12 11:02:00-04:00,2026-08-12 11:16:49.095967-04:00,829.095967,180.0,2.329900026321411,2.329900026321411
FEMY,2026-08-12 11:03:00-04:00,2026-08-12 11:16:49.095967-04:00,769.095967,2181.0,2.3299999237060547,2.3299999237060547
FEMY,2026-08-12 11:11:00-04:00,2026-08-12 11:16:49.095967-04:00,289.095967,564.0,2.324700117111206,2.324700117111206
FEMY,2026-08-12 11:12:00-04:00,2026-08-12 11:16:49.095967-04:00,229.095967,0.0,2.3269999027252197,2.3269999027252197
BIVI,2026-08-12 11:08:00-04:00,2026-08-12 11:17:09.140548-04:00,489.140548,722488.0,3.250200033187866,2.9579999446868896
BIVI,2026-08-12 11:09:00-04:00,2026-08-12 11:17:09.140548-04:00,429.140548,1044215.0,2.9625000953674316,2.799999952316284
BIVI,2026-08-12 11:10:00-04:00,2026-08-12 11:17:09.140548-04:00,369.140548,575756.0,2.800100088119507,2.70989990234375
BIVI,2026-08-12 11:11:00-04:00,2026-08-12 11:17:09.140548-04:00,309.140548,1350736.0,2.694999933242798,2.309999942779541
BIVI,2026-08-12 11:12:00-04:00,2026-08-12 11:17:09.140548-04:00,249.140548,1232180.0,2.309999942779541,2.119999885559082
BIVI,2026-08-12 11:13:00-04:00,2026-08-12 11:17:09.140548-04:00,189.140548,0.0,2.119999885559082,2.119999885559082
MXCT,2026-08-12 11:06:00-04:00,2026-08-12 11:17:09.140548-04:00,609.140548,1528.0,1.25,1.25
MXCT,2026-08-12 11:09:00-04:00,2026-08-12 11:17:09.140548-04:00,429.140548,2603.0,1.25,1.2410999536514282
MXCT,2026-08-12 11:11:00-04:00,2026-08-12 11:17:09.140548-04:00,309.140548,111.0,1.2450000047683716,1.2450000047683716
MXCT,2026-08-12 11:12:00-04:00,2026-08-12 11:17:09.140548-04:00,249.140548,518.0,1.2450000047683716,1.2450000047683716
MXCT,2026-08-12 11:15:00-04:00,2026-08-12 11:17:09.140548-04:00,69.140548,11343.0,1.2450000047683716,1.2599999904632568
MXCT,2026-08-12 11:16:00-04:00,2026-08-12 11:17:09.140548-04:00,9.140548,0.0,1.2588000297546387,1.2588000297546387
ENHA,2026-08-12 11:07:00-04:00,2026-08-12 11:17:09.140548-04:00,549.140548,105.0,2.1449999809265137,2.1449999809265137
ENHA,2026-08-12 11:08:00-04:00,2026-08-12 11:17:09.140548-04:00,489.140548,361.0,2.1449999809265137,2.1449999809265137
ENHA,2026-08-12 11:10:00-04:00,2026-08-12 11:17:09.140548-04:00,369.140548,213.0,2.1414999961853027,2.1449999809265137
ENHA,2026-08-12 11:14:00-04:00,2026-08-12 11:17:09.140548-04:00,129.140548,233.0,2.1500000953674316,2.1500000953674316
ENHA,2026-08-12 11:15:00-04:00,2026-08-12 11:17:09.140548-04:00,69.140548,1653.0,2.1449999809265137,2.1500000953674316
ENHA,2026-08-12 11:16:00-04:00,2026-08-12 11:17:09.140548-04:00,9.140548,0.0,2.148099899291992,2.148099899291992
GRWG,2026-08-12 11:12:00-04:00,2026-08-12 11:17:09.140548-04:00,249.140548,6091.0,1.8700000047683716,1.8799999952316284
GRWG,2026-08-12 11:13:00-04:00,2026-08-12 11:17:09.140548-04:00,189.140548,5863.0,1.8799999952316284,1.8799999952316284
GRWG,2026-08-12 11:14:00-04:00,2026-08-12 11:17:09.140548-04:00,129.140548,22213.0,1.875,1.8609000444412231
GRWG,2026-08-12 11:15:00-04:00,2026-08-12 11:17:09.140548-04:00,69.140548,4337.0,1.8625999689102173,1.8600000143051147
GRWG,2026-08-12 11:16:00-04:00,2026-08-12 11:17:09.140548-04:00,9.140548,8228.0,1.8650000095367432,1.8600000143051147
GRWG,2026-08-12 11:17:00-04:00,2026-08-12 11:17:09.140548-04:00,-50.859452,0.0,1.8650000095367432,1.8650000095367432
REBN,2026-08-12 10:55:00-04:00,2026-08-12 11:17:09.140548-04:00,1269.140548,907.0,1.5099999904632568,1.5099999904632568
REBN,2026-08-12 11:00:00-04:00,2026-08-12 11:17:09.140548-04:00,969.140548,294.0,1.5099999904632568,1.5099999904632568
REBN,2026-08-12 11:01:00-04:00,2026-08-12 11:17:09.140548-04:00,909.140548,11.0,1.5038000345230103,1.5038000345230103
REBN,2026-08-12 11:04:00-04:00,2026-08-12 11:17:09.140548-04:00,729.140548,1111.0,1.5099999904632568,1.4900000095367432
REBN,2026-08-12 11:12:00-04:00,2026-08-12 11:17:09.140548-04:00,249.140548,1109.0,1.5149999856948853,1.5149999856948853
REBN,2026-08-12 11:14:00-04:00,2026-08-12 11:17:09.140548-04:00,129.140548,0.0,1.5,1.5
FEMY,2026-08-12 10:57:00-04:00,2026-08-12 11:17:09.140548-04:00,1149.140548,200.0,2.2600998878479004,2.2600998878479004
FEMY,2026-08-12 10:58:00-04:00,2026-08-12 11:17:09.140548-04:00,1089.140548,415.0,2.2950000762939453,2.2950000762939453
FEMY,2026-08-12 11:02:00-04:00,2026-08-12 11:17:09.140548-04:00,849.140548,180.0,2.329900026321411,2.329900026321411
FEMY,2026-08-12 11:03:00-04:00,2026-08-12 11:17:09.140548-04:00,789.140548,2181.0,2.3299999237060547,2.3299999237060547
FEMY,2026-08-12 11:11:00-04:00,2026-08-12 11:17:09.140548-04:00,309.140548,564.0,2.324700117111206,2.324700117111206
FEMY,2026-08-12 11:12:00-04:00,2026-08-12 11:17:09.140548-04:00,249.140548,0.0,2.3269999027252197,2.3269999027252197
VLN,2026-08-12 11:09:00-04:00,2026-08-12 11:17:09.140548-04:00,429.140548,108.0,1.8450000286102295,1.8450000286102295
VLN,2026-08-12 11:10:00-04:00,2026-08-12 11:17:09.140548-04:00,369.140548,19604.0,1.8450000286102295,1.8300000429153442
VLN,2026-08-12 11:11:00-04:00,2026-08-12 11:17:09.140548-04:00,309.140548,3570.0,1.8250000476837158,1.8202999830245972
VLN,2026-08-12 11:14:00-04:00,2026-08-12 11:17:09.140548-04:00,129.140548,5102.0,1.8207000494003296,1.8250000476837158
VLN,2026-08-12 11:15:00-04:00,2026-08-12 11:17:09.140548-04:00,69.140548,510.0,1.8250000476837158,1.8250000476837158
VLN,2026-08-12 11:16:00-04:00,2026-08-12 11:17:09.140548-04:00,9.140548,0.0,1.8300000429153442,1.8300000429153442
DRMA,2026-08-12 11:12:00-04:00,2026-08-12 11:17:09.140548-04:00,249.140548,7400.0,1.3109999895095825,1.3100999593734741
DRMA,2026-08-12 11:13:00-04:00,2026-08-12 11:17:09.140548-04:00,189.140548,4158.0,1.3199000358581543,1.3100999593734741
DRMA,2026-08-12 11:14:00-04:00,2026-08-12 11:17:09.140548-04:00,129.140548,28421.0,1.309999942779541,1.326300024986267
DRMA,2026-08-12 11:15:00-04:00,2026-08-12 11:17:09.140548-04:00,69.140548,4602.0,1.320199966430664,1.326200008392334
DRMA,2026-08-12 11:16:00-04:00,2026-08-12 11:17:09.140548-04:00,9.140548,2005.0,1.3250000476837158,1.3250000476837158
DRMA,2026-08-12 11:17:00-04:00,2026-08-12 11:17:09.140548-04:00,-50.859452,0.0,1.3250000476837158,1.3250000476837158
REBN,2026-08-12 10:55:00-04:00,2026-08-12 11:17:29.179533-04:00,1289.179533,907.0,1.5099999904632568,1.5099999904632568
REBN,2026-08-12 11:00:00-04:00,2026-08-12 11:17:29.179533-04:00,989.179533,294.0,1.5099999904632568,1.5099999904632568
REBN,2026-08-12 11:01:00-04:00,2026-08-12 11:17:29.179533-04:00,929.179533,11.0,1.5038000345230103,1.5038000345230103
REBN,2026-08-12 11:04:00-04:00,2026-08-12 11:17:29.179533-04:00,749.179533,1111.0,1.5099999904632568,1.4900000095367432
REBN,2026-08-12 11:12:00-04:00,2026-08-12 11:17:29.179533-04:00,269.179533,1109.0,1.5149999856948853,1.5149999856948853
REBN,2026-08-12 11:14:00-04:00,2026-08-12 11:17:29.179533-04:00,149.179533,0.0,1.5,1.5
ENHA,2026-08-12 11:07:00-04:00,2026-08-12 11:17:29.179533-04:00,569.179533,105.0,2.1449999809265137,2.1449999809265137
ENHA,2026-08-12 11:08:00-04:00,2026-08-12 11:17:29.179533-04:00,509.179533,361.0,2.1449999809265137,2.1449999809265137
ENHA,2026-08-12 11:10:00-04:00,2026-08-12 11:17:29.179533-04:00,389.179533,213.0,2.1414999961853027,2.1449999809265137
ENHA,2026-08-12 11:14:00-04:00,2026-08-12 11:17:29.179533-04:00,149.179533,233.0,2.1500000953674316,2.1500000953674316
ENHA,2026-08-12 11:15:00-04:00,2026-08-12 11:17:29.179533-04:00,89.179533,1653.0,2.1449999809265137,2.1500000953674316
ENHA,2026-08-12 11:16:00-04:00,2026-08-12 11:17:29.179533-04:00,29.179533,0.0,2.148099899291992,2.148099899291992
FEMY,2026-08-12 10:57:00-04:00,2026-08-12 11:17:29.179533-04:00,1169.179533,200.0,2.2600998878479004,2.2600998878479004
FEMY,2026-08-12 10:58:00-04:00,2026-08-12 11:17:29.179533-04:00,1109.179533,415.0,2.2950000762939453,2.2950000762939453
FEMY,2026-08-12 11:02:00-04:00,2026-08-12 11:17:29.179533-04:00,869.179533,180.0,2.329900026321411,2.329900026321411
FEMY,2026-08-12 11:03:00-04:00,2026-08-12 11:17:29.179533-04:00,809.179533,2181.0,2.3299999237060547,2.3299999237060547
FEMY,2026-08-12 11:11:00-04:00,2026-08-12 11:17:29.179533-04:00,329.179533,564.0,2.324700117111206,2.324700117111206
FEMY,2026-08-12 11:12:00-04:00,2026-08-12 11:17:29.179533-04:00,269.179533,0.0,2.3269999027252197,2.3269999027252197
BIVI,2026-08-12 11:08:00-04:00,2026-08-12 11:17:29.179533-04:00,509.179533,722488.0,3.250200033187866,2.9579999446868896
BIVI,2026-08-12 11:09:00-04:00,2026-08-12 11:17:29.179533-04:00,449.179533,1044215.0,2.9625000953674316,2.799999952316284
BIVI,2026-08-12 11:10:00-04:00,2026-08-12 11:17:29.179533-04:00,389.179533,575756.0,2.800100088119507,2.70989990234375
BIVI,2026-08-12 11:11:00-04:00,2026-08-12 11:17:29.179533-04:00,329.179533,1350736.0,2.694999933242798,2.309999942779541
BIVI,2026-08-12 11:12:00-04:00,2026-08-12 11:17:29.179533-04:00,269.179533,1232180.0,2.309999942779541,2.119999885559082
BIVI,2026-08-12 11:13:00-04:00,2026-08-12 11:17:29.179533-04:00,209.179533,0.0,2.119999885559082,2.119999885559082
DRMA,2026-08-12 11:12:00-04:00,2026-08-12 11:17:29.179533-04:00,269.179533,7400.0,1.3109999895095825,1.3100999593734741
DRMA,2026-08-12 11:13:00-04:00,2026-08-12 11:17:29.179533-04:00,209.179533,4158.0,1.3199000358581543,1.3100999593734741
DRMA,2026-08-12 11:14:00-04:00,2026-08-12 11:17:29.179533-04:00,149.179533,28421.0,1.309999942779541,1.326300024986267
DRMA,2026-08-12 11:15:00-04:00,2026-08-12 11:17:29.179533-04:00,89.179533,4602.0,1.320199966430664,1.326200008392334
DRMA,2026-08-12 11:16:00-04:00,2026-08-12 11:17:29.179533-04:00,29.179533,2005.0,1.3250000476837158,1.3250000476837158
DRMA,2026-08-12 11:17:00-04:00,2026-08-12 11:17:29.179533-04:00,-30.820467,0.0,1.320099949836731,1.320099949836731
GRWG,2026-08-12 11:12:00-04:00,2026-08-12 11:17:29.179533-04:00,269.179533,6091.0,1.8700000047683716,1.8799999952316284
GRWG,2026-08-12 11:13:00-04:00,2026-08-12 11:17:29.179533-04:00,209.179533,5863.0,1.8799999952316284,1.8799999952316284
GRWG,2026-08-12 11:14:00-04:00,2026-08-12 11:17:29.179533-04:00,149.179533,22213.0,1.875,1.8609000444412231
GRWG,2026-08-12 11:15:00-04:00,2026-08-12 11:17:29.179533-04:00,89.179533,4337.0,1.8625999689102173,1.8600000143051147
GRWG,2026-08-12 11:16:00-04:00,2026-08-12 11:17:29.179533-04:00,29.179533,8228.0,1.8650000095367432,1.8600000143051147
GRWG,2026-08-12 11:17:00-04:00,2026-08-12 11:17:29.179533-04:00,-30.820467,0.0,1.8650000095367432,1.8650000095367432
MXCT,2026-08-12 11:09:00-04:00,2026-08-12 11:17:29.179533-04:00,449.179533,2603.0,1.25,1.2410999536514282
MXCT,2026-08-12 11:11:00-04:00,2026-08-12 11:17:29.179533-04:00,329.179533,111.0,1.2450000047683716,1.2450000047683716
MXCT,2026-08-12 11:12:00-04:00,2026-08-12 11:17:29.179533-04:00,269.179533,518.0,1.2450000047683716,1.2450000047683716
MXCT,2026-08-12 11:15:00-04:00,2026-08-12 11:17:29.179533-04:00,89.179533,11343.0,1.2450000047683716,1.2599999904632568
MXCT,2026-08-12 11:16:00-04:00,2026-08-12 11:17:29.179533-04:00,29.179533,721.0,1.2549999952316284,1.2588000297546387
MXCT,2026-08-12 11:17:00-04:00,2026-08-12 11:17:29.179533-04:00,-30.820467,0.0,1.2549999952316284,1.2549999952316284
VLN,2026-08-12 11:09:00-04:00,2026-08-12 11:17:29.179533-04:00,449.179533,108.0,1.8450000286102295,1.8450000286102295
VLN,2026-08-12 11:10:00-04:00,2026-08-12 11:17:29.179533-04:00,389.179533,19604.0,1.8450000286102295,1.8300000429153442
VLN,2026-08-12 11:11:00-04:00,2026-08-12 11:17:29.179533-04:00,329.179533,3570.0,1.8250000476837158,1.8202999830245972
VLN,2026-08-12 11:14:00-04:00,2026-08-12 11:17:29.179533-04:00,149.179533,5102.0,1.8207000494003296,1.8250000476837158
VLN,2026-08-12 11:15:00-04:00,2026-08-12 11:17:29.179533-04:00,89.179533,510.0,1.8250000476837158,1.8250000476837158
VLN,2026-08-12 11:16:00-04:00,2026-08-12 11:17:29.179533-04:00,29.179533,0.0,1.8300000429153442,1.8300000429153442
DRMA,2026-08-12 11:12:00-04:00,2026-08-12 11:17:49.210136-04:00,289.210136,7400.0,1.3109999895095825,1.3100999593734741
DRMA,2026-08-12 11:13:00-04:00,2026-08-12 11:17:49.210136-04:00,229.210136,4158.0,1.3199000358581543,1.3100999593734741
DRMA,2026-08-12 11:14:00-04:00,2026-08-12 11:17:49.210136-04:00,169.210136,28421.0,1.309999942779541,1.326300024986267
DRMA,2026-08-12 11:15:00-04:00,2026-08-12 11:17:49.210136-04:00,109.210136,4602.0,1.320199966430664,1.326200008392334
DRMA,2026-08-12 11:16:00-04:00,2026-08-12 11:17:49.210136-04:00,49.210136,2005.0,1.3250000476837158,1.3250000476837158
DRMA,2026-08-12 11:17:00-04:00,2026-08-12 11:17:49.210136-04:00,-10.789864,0.0,1.320199966430664,1.320199966430664
REBN,2026-08-12 10:55:00-04:00,2026-08-12 11:17:49.210136-04:00,1309.210136,907.0,1.5099999904632568,1.5099999904632568
REBN,2026-08-12 11:00:00-04:00,2026-08-12 11:17:49.210136-04:00,1009.210136,294.0,1.5099999904632568,1.5099999904632568
REBN,2026-08-12 11:01:00-04:00,2026-08-12 11:17:49.210136-04:00,949.210136,11.0,1.5038000345230103,1.5038000345230103
REBN,2026-08-12 11:04:00-04:00,2026-08-12 11:17:49.210136-04:00,769.210136,1111.0,1.5099999904632568,1.4900000095367432
REBN,2026-08-12 11:12:00-04:00,2026-08-12 11:17:49.210136-04:00,289.210136,1109.0,1.5149999856948853,1.5149999856948853
REBN,2026-08-12 11:14:00-04:00,2026-08-12 11:17:49.210136-04:00,169.210136,0.0,1.5,1.5
VLN,2026-08-12 11:09:00-04:00,2026-08-12 11:17:49.210136-04:00,469.210136,108.0,1.8450000286102295,1.8450000286102295
VLN,2026-08-12 11:10:00-04:00,2026-08-12 11:17:49.210136-04:00,409.210136,19604.0,1.8450000286102295,1.8300000429153442
VLN,2026-08-12 11:11:00-04:00,2026-08-12 11:17:49.210136-04:00,349.210136,3570.0,1.8250000476837158,1.8202999830245972
VLN,2026-08-12 11:14:00-04:00,2026-08-12 11:17:49.210136-04:00,169.210136,5102.0,1.8207000494003296,1.8250000476837158
VLN,2026-08-12 11:15:00-04:00,2026-08-12 11:17:49.210136-04:00,109.210136,510.0,1.8250000476837158,1.8250000476837158
VLN,2026-08-12 11:16:00-04:00,2026-08-12 11:17:49.210136-04:00,49.210136,0.0,1.8300000429153442,1.8300000429153442
MXCT,2026-08-12 11:09:00-04:00,2026-08-12 11:17:49.210136-04:00,469.210136,2603.0,1.25,1.2410999536514282
MXCT,2026-08-12 11:11:00-04:00,2026-08-12 11:17:49.210136-04:00,349.210136,111.0,1.2450000047683716,1.2450000047683716
MXCT,2026-08-12 11:12:00-04:00,2026-08-12 11:17:49.210136-04:00,289.210136,518.0,1.2450000047683716,1.2450000047683716
MXCT,2026-08-12 11:15:00-04:00,2026-08-12 11:17:49.210136-04:00,109.210136,11343.0,1.2450000047683716,1.2599999904632568
MXCT,2026-08-12 11:16:00-04:00,2026-08-12 11:17:49.210136-04:00,49.210136,721.0,1.2549999952316284,1.2588000297546387
MXCT,2026-08-12 11:17:00-04:00,2026-08-12 11:17:49.210136-04:00,-10.789864,0.0,1.2549999952316284,1.2549999952316284
GRWG,2026-08-12 11:12:00-04:00,2026-08-12 11:17:49.210136-04:00,289.210136,6091.0,1.8700000047683716,1.8799999952316284
GRWG,2026-08-12 11:13:00-04:00,2026-08-12 11:17:49.210136-04:00,229.210136,5863.0,1.8799999952316284,1.8799999952316284
GRWG,2026-08-12 11:14:00-04:00,2026-08-12 11:17:49.210136-04:00,169.210136,22213.0,1.875,1.8609000444412231
GRWG,2026-08-12 11:15:00-04:00,2026-08-12 11:17:49.210136-04:00,109.210136,4337.0,1.8625999689102173,1.8600000143051147
GRWG,2026-08-12 11:16:00-04:00,2026-08-12 11:17:49.210136-04:00,49.210136,8228.0,1.8650000095367432,1.8600000143051147
GRWG,2026-08-12 11:17:00-04:00,2026-08-12 11:17:49.210136-04:00,-10.789864,0.0,1.8700000047683716,1.8700000047683716
BIVI,2026-08-12 11:08:00-04:00,2026-08-12 11:17:49.210136-04:00,529.210136,722488.0,3.250200033187866,2.9579999446868896
BIVI,2026-08-12 11:09:00-04:00,2026-08-12 11:17:49.210136-04:00,469.210136,1044215.0,2.9625000953674316,2.799999952316284
BIVI,2026-08-12 11:10:00-04:00,2026-08-12 11:17:49.210136-04:00,409.210136,575756.0,2.800100088119507,2.70989990234375
BIVI,2026-08-12 11:11:00-04:00,2026-08-12 11:17:49.210136-04:00,349.210136,1350736.0,2.694999933242798,2.309999942779541
BIVI,2026-08-12 11:12:00-04:00,2026-08-12 11:17:49.210136-04:00,289.210136,1232180.0,2.309999942779541,2.119999885559082
BIVI,2026-08-12 11:13:00-04:00,2026-08-12 11:17:49.210136-04:00,229.210136,0.0,2.119999885559082,2.119999885559082
FEMY,2026-08-12 10:57:00-04:00,2026-08-12 11:17:49.210136-04:00,1189.210136,200.0,2.2600998878479004,2.2600998878479004
FEMY,2026-08-12 10:58:00-04:00,2026-08-12 11:17:49.210136-04:00,1129.210136,415.0,2.2950000762939453,2.2950000762939453
FEMY,2026-08-12 11:02:00-04:00,2026-08-12 11:17:49.210136-04:00,889.210136,180.0,2.329900026321411,2.329900026321411
FEMY,2026-08-12 11:03:00-04:00,2026-08-12 11:17:49.210136-04:00,829.210136,2181.0,2.3299999237060547,2.3299999237060547
FEMY,2026-08-12 11:11:00-04:00,2026-08-12 11:17:49.210136-04:00,349.210136,564.0,2.324700117111206,2.324700117111206
FEMY,2026-08-12 11:12:00-04:00,2026-08-12 11:17:49.210136-04:00,289.210136,0.0,2.3269999027252197,2.3269999027252197
ENHA,2026-08-12 11:07:00-04:00,2026-08-12 11:17:49.210136-04:00,589.210136,105.0,2.1449999809265137,2.1449999809265137
ENHA,2026-08-12 11:08:00-04:00,2026-08-12 11:17:49.210136-04:00,529.210136,361.0,2.1449999809265137,2.1449999809265137
ENHA,2026-08-12 11:10:00-04:00,2026-08-12 11:17:49.210136-04:00,409.210136,213.0,2.1414999961853027,2.1449999809265137
ENHA,2026-08-12 11:14:00-04:00,2026-08-12 11:17:49.210136-04:00,169.210136,233.0,2.1500000953674316,2.1500000953674316
ENHA,2026-08-12 11:15:00-04:00,2026-08-12 11:17:49.210136-04:00,109.210136,1653.0,2.1449999809265137,2.1500000953674316
ENHA,2026-08-12 11:16:00-04:00,2026-08-12 11:17:49.210136-04:00,49.210136,0.0,2.148099899291992,2.148099899291992
VLN,2026-08-12 11:10:00-04:00,2026-08-12 11:18:09.257878-04:00,429.257878,19604.0,1.8450000286102295,1.8300000429153442
VLN,2026-08-12 11:11:00-04:00,2026-08-12 11:18:09.257878-04:00,369.257878,3570.0,1.8250000476837158,1.8202999830245972
VLN,2026-08-12 11:14:00-04:00,2026-08-12 11:18:09.257878-04:00,189.257878,5102.0,1.8207000494003296,1.8250000476837158
VLN,2026-08-12 11:15:00-04:00,2026-08-12 11:18:09.257878-04:00,129.257878,510.0,1.8250000476837158,1.8250000476837158
VLN,2026-08-12 11:16:00-04:00,2026-08-12 11:18:09.257878-04:00,69.257878,3144.0,1.8300000429153442,1.8300000429153442
VLN,2026-08-12 11:17:00-04:00,2026-08-12 11:18:09.257878-04:00,9.257878,0.0,1.8299000263214111,1.8299000263214111
REBN,2026-08-12 10:55:00-04:00,2026-08-12 11:18:09.257878-04:00,1329.257878,907.0,1.5099999904632568,1.5099999904632568
REBN,2026-08-12 11:00:00-04:00,2026-08-12 11:18:09.257878-04:00,1029.257878,294.0,1.5099999904632568,1.5099999904632568
REBN,2026-08-12 11:01:00-04:00,2026-08-12 11:18:09.257878-04:00,969.257878,11.0,1.5038000345230103,1.5038000345230103
REBN,2026-08-12 11:04:00-04:00,2026-08-12 11:18:09.257878-04:00,789.257878,1111.0,1.5099999904632568,1.4900000095367432
REBN,2026-08-12 11:12:00-04:00,2026-08-12 11:18:09.257878-04:00,309.257878,1109.0,1.5149999856948853,1.5149999856948853
REBN,2026-08-12 11:14:00-04:00,2026-08-12 11:18:09.257878-04:00,189.257878,0.0,1.5,1.5
MXCT,2026-08-12 11:11:00-04:00,2026-08-12 11:18:09.257878-04:00,369.257878,111.0,1.2450000047683716,1.2450000047683716
MXCT,2026-08-12 11:12:00-04:00,2026-08-12 11:18:09.257878-04:00,309.257878,518.0,1.2450000047683716,1.2450000047683716
MXCT,2026-08-12 11:15:00-04:00,2026-08-12 11:18:09.257878-04:00,129.257878,11343.0,1.2450000047683716,1.2599999904632568
MXCT,2026-08-12 11:16:00-04:00,2026-08-12 11:18:09.257878-04:00,69.257878,721.0,1.2549999952316284,1.2588000297546387
MXCT,2026-08-12 11:17:00-04:00,2026-08-12 11:18:09.257878-04:00,9.257878,117.0,1.2549999952316284,1.2549999952316284
MXCT,2026-08-12 11:18:00-04:00,2026-08-12 11:18:09.257878-04:00,-50.742122,0.0,1.2549999952316284,1.2549999952316284
GRWG,2026-08-12 11:13:00-04:00,2026-08-12 11:18:09.257878-04:00,249.257878,5863.0,1.8799999952316284,1.8799999952316284
GRWG,2026-08-12 11:14:00-04:00,2026-08-12 11:18:09.257878-04:00,189.257878,22213.0,1.875,1.8609000444412231
GRWG,2026-08-12 11:15:00-04:00,2026-08-12 11:18:09.257878-04:00,129.257878,4337.0,1.8625999689102173,1.8600000143051147
GRWG,2026-08-12 11:16:00-04:00,2026-08-12 11:18:09.257878-04:00,69.257878,8228.0,1.8650000095367432,1.8600000143051147
GRWG,2026-08-12 11:17:00-04:00,2026-08-12 11:18:09.257878-04:00,9.257878,1024.0,1.8650000095367432,1.8700000047683716
GRWG,2026-08-12 11:18:00-04:00,2026-08-12 11:18:09.257878-04:00,-50.742122,0.0,1.8700000047683716,1.8700000047683716
BIVI,2026-08-12 11:09:00-04:00,2026-08-12 11:18:09.257878-04:00,489.257878,1044215.0,2.9625000953674316,2.799999952316284
BIVI,2026-08-12 11:10:00-04:00,2026-08-12 11:18:09.257878-04:00,429.257878,575756.0,2.800100088119507,2.70989990234375
BIVI,2026-08-12 11:11:00-04:00,2026-08-12 11:18:09.257878-04:00,369.257878,1350736.0,2.694999933242798,2.309999942779541
BIVI,2026-08-12 11:12:00-04:00,2026-08-12 11:18:09.257878-04:00,309.257878,1232180.0,2.309999942779541,2.119999885559082
BIVI,2026-08-12 11:13:00-04:00,2026-08-12 11:18:09.257878-04:00,249.257878,14566.0,2.119999885559082,2.119999885559082
BIVI,2026-08-12 11:18:00-04:00,2026-08-12 11:18:09.257878-04:00,-50.742122,0.0,2.109999895095825,2.109999895095825
FEMY,2026-08-12 10:57:00-04:00,2026-08-12 11:18:09.257878-04:00,1209.257878,200.0,2.2600998878479004,2.2600998878479004
FEMY,2026-08-12 10:58:00-04:00,2026-08-12 11:18:09.257878-04:00,1149.257878,415.0,2.2950000762939453,2.2950000762939453
FEMY,2026-08-12 11:02:00-04:00,2026-08-12 11:18:09.257878-04:00,909.257878,180.0,2.329900026321411,2.329900026321411
FEMY,2026-08-12 11:03:00-04:00,2026-08-12 11:18:09.257878-04:00,849.257878,2181.0,2.3299999237060547,2.3299999237060547
FEMY,2026-08-12 11:11:00-04:00,2026-08-12 11:18:09.257878-04:00,369.257878,564.0,2.324700117111206,2.324700117111206
FEMY,2026-08-12 11:12:00-04:00,2026-08-12 11:18:09.257878-04:00,309.257878,0.0,2.3269999027252197,2.3269999027252197
ENHA,2026-08-12 11:07:00-04:00,2026-08-12 11:18:09.257878-04:00,609.257878,105.0,2.1449999809265137,2.1449999809265137
ENHA,2026-08-12 11:08:00-04:00,2026-08-12 11:18:09.257878-04:00,549.257878,361.0,2.1449999809265137,2.1449999809265137
ENHA,2026-08-12 11:10:00-04:00,2026-08-12 11:18:09.257878-04:00,429.257878,213.0,2.1414999961853027,2.1449999809265137
ENHA,2026-08-12 11:14:00-04:00,2026-08-12 11:18:09.257878-04:00,189.257878,233.0,2.1500000953674316,2.1500000953674316
ENHA,2026-08-12 11:15:00-04:00,2026-08-12 11:18:09.257878-04:00,129.257878,1653.0,2.1449999809265137,2.1500000953674316
ENHA,2026-08-12 11:16:00-04:00,2026-08-12 11:18:09.257878-04:00,69.257878,0.0,2.148099899291992,2.148099899291992
DRMA,2026-08-12 11:12:00-04:00,2026-08-12 11:18:09.257878-04:00,309.257878,7400.0,1.3109999895095825,1.3100999593734741
DRMA,2026-08-12 11:13:00-04:00,2026-08-12 11:18:09.257878-04:00,249.257878,4158.0,1.3199000358581543,1.3100999593734741
DRMA,2026-08-12 11:14:00-04:00,2026-08-12 11:18:09.257878-04:00,189.257878,28421.0,1.309999942779541,1.326300024986267
DRMA,2026-08-12 11:15:00-04:00,2026-08-12 11:18:09.257878-04:00,129.257878,4602.0,1.320199966430664,1.326200008392334
DRMA,2026-08-12 11:16:00-04:00,2026-08-12 11:18:09.257878-04:00,69.257878,2005.0,1.3250000476837158,1.3250000476837158
DRMA,2026-08-12 11:17:00-04:00,2026-08-12 11:18:09.257878-04:00,9.257878,0.0,1.320199966430664,1.320199966430664
REBN,2026-08-12 10:55:00-04:00,2026-08-12 11:18:29.291202-04:00,1349.291202,907.0,1.5099999904632568,1.5099999904632568
REBN,2026-08-12 11:00:00-04:00,2026-08-12 11:18:29.291202-04:00,1049.291202,294.0,1.5099999904632568,1.5099999904632568
REBN,2026-08-12 11:01:00-04:00,2026-08-12 11:18:29.291202-04:00,989.291202,11.0,1.5038000345230103,1.5038000345230103
REBN,2026-08-12 11:04:00-04:00,2026-08-12 11:18:29.291202-04:00,809.291202,1111.0,1.5099999904632568,1.4900000095367432
REBN,2026-08-12 11:12:00-04:00,2026-08-12 11:18:29.291202-04:00,329.291202,1109.0,1.5149999856948853,1.5149999856948853
REBN,2026-08-12 11:14:00-04:00,2026-08-12 11:18:29.291202-04:00,209.291202,0.0,1.5,1.5
FEMY,2026-08-12 10:57:00-04:00,2026-08-12 11:18:29.291202-04:00,1229.291202,200.0,2.2600998878479004,2.2600998878479004
FEMY,2026-08-12 10:58:00-04:00,2026-08-12 11:18:29.291202-04:00,1169.291202,415.0,2.2950000762939453,2.2950000762939453
FEMY,2026-08-12 11:02:00-04:00,2026-08-12 11:18:29.291202-04:00,929.291202,180.0,2.329900026321411,2.329900026321411
FEMY,2026-08-12 11:03:00-04:00,2026-08-12 11:18:29.291202-04:00,869.291202,2181.0,2.3299999237060547,2.3299999237060547
FEMY,2026-08-12 11:11:00-04:00,2026-08-12 11:18:29.291202-04:00,389.291202,564.0,2.324700117111206,2.324700117111206
FEMY,2026-08-12 11:12:00-04:00,2026-08-12 11:18:29.291202-04:00,329.291202,0.0,2.3269999027252197,2.3269999027252197
MXCT,2026-08-12 11:11:00-04:00,2026-08-12 11:18:29.291202-04:00,389.291202,111.0,1.2450000047683716,1.2450000047683716
MXCT,2026-08-12 11:12:00-04:00,2026-08-12 11:18:29.291202-04:00,329.291202,518.0,1.2450000047683716,1.2450000047683716
MXCT,2026-08-12 11:15:00-04:00,2026-08-12 11:18:29.291202-04:00,149.291202,11343.0,1.2450000047683716,1.2599999904632568
MXCT,2026-08-12 11:16:00-04:00,2026-08-12 11:18:29.291202-04:00,89.291202,721.0,1.2549999952316284,1.2588000297546387
MXCT,2026-08-12 11:17:00-04:00,2026-08-12 11:18:29.291202-04:00,29.291202,117.0,1.2549999952316284,1.2549999952316284
MXCT,2026-08-12 11:18:00-04:00,2026-08-12 11:18:29.291202-04:00,-30.708798,0.0,1.2549999952316284,1.2549999952316284
ENHA,2026-08-12 11:08:00-04:00,2026-08-12 11:18:29.291202-04:00,569.291202,361.0,2.1449999809265137,2.1449999809265137
ENHA,2026-08-12 11:10:00-04:00,2026-08-12 11:18:29.291202-04:00,449.291202,213.0,2.1414999961853027,2.1449999809265137
ENHA,2026-08-12 11:14:00-04:00,2026-08-12 11:18:29.291202-04:00,209.291202,233.0,2.1500000953674316,2.1500000953674316
ENHA,2026-08-12 11:15:00-04:00,2026-08-12 11:18:29.291202-04:00,149.291202,1653.0,2.1449999809265137,2.1500000953674316
ENHA,2026-08-12 11:16:00-04:00,2026-08-12 11:18:29.291202-04:00,89.291202,312.0,2.1498000621795654,2.148099899291992
ENHA,2026-08-12 11:18:00-04:00,2026-08-12 11:18:29.291202-04:00,-30.708798,0.0,2.1449999809265137,2.1449999809265137
VLN,2026-08-12 11:11:00-04:00,2026-08-12 11:18:29.291202-04:00,389.291202,3570.0,1.8250000476837158,1.8202999830245972
VLN,2026-08-12 11:14:00-04:00,2026-08-12 11:18:29.291202-04:00,209.291202,5102.0,1.8207000494003296,1.8250000476837158
VLN,2026-08-12 11:15:00-04:00,2026-08-12 11:18:29.291202-04:00,149.291202,510.0,1.8250000476837158,1.8250000476837158
VLN,2026-08-12 11:16:00-04:00,2026-08-12 11:18:29.291202-04:00,89.291202,3144.0,1.8300000429153442,1.8300000429153442
VLN,2026-08-12 11:17:00-04:00,2026-08-12 11:18:29.291202-04:00,29.291202,1407.0,1.8250000476837158,1.8299000263214111
VLN,2026-08-12 11:18:00-04:00,2026-08-12 11:18:29.291202-04:00,-30.708798,0.0,1.8301000595092773,1.8301000595092773
GRWG,2026-08-12 11:13:00-04:00,2026-08-12 11:18:29.291202-04:00,269.291202,5863.0,1.8799999952316284,1.8799999952316284
GRWG,2026-08-12 11:14:00-04:00,2026-08-12 11:18:29.291202-04:00,209.291202,22213.0,1.875,1.8609000444412231
GRWG,2026-08-12 11:15:00-04:00,2026-08-12 11:18:29.291202-04:00,149.291202,4337.0,1.8625999689102173,1.8600000143051147
GRWG,2026-08-12 11:16:00-04:00,2026-08-12 11:18:29.291202-04:00,89.291202,8228.0,1.8650000095367432,1.8600000143051147
GRWG,2026-08-12 11:17:00-04:00,2026-08-12 11:18:29.291202-04:00,29.291202,1024.0,1.8650000095367432,1.8700000047683716
GRWG,2026-08-12 11:18:00-04:00,2026-08-12 11:18:29.291202-04:00,-30.708798,0.0,1.8700000047683716,1.8700000047683716
BIVI,2026-08-12 11:09:00-04:00,2026-08-12 11:18:29.291202-04:00,509.291202,1044215.0,2.9625000953674316,2.799999952316284
BIVI,2026-08-12 11:10:00-04:00,2026-08-12 11:18:29.291202-04:00,449.291202,575756.0,2.800100088119507,2.70989990234375
BIVI,2026-08-12 11:11:00-04:00,2026-08-12 11:18:29.291202-04:00,389.291202,1350736.0,2.694999933242798,2.309999942779541
BIVI,2026-08-12 11:12:00-04:00,2026-08-12 11:18:29.291202-04:00,329.291202,1232180.0,2.309999942779541,2.119999885559082
BIVI,2026-08-12 11:13:00-04:00,2026-08-12 11:18:29.291202-04:00,269.291202,14566.0,2.119999885559082,2.119999885559082
BIVI,2026-08-12 11:18:00-04:00,2026-08-12 11:18:29.291202-04:00,-30.708798,0.0,1.9149999618530273,1.9149999618530273
DRMA,2026-08-12 11:12:00-04:00,2026-08-12 11:18:29.291202-04:00,329.291202,7400.0,1.3109999895095825,1.3100999593734741
DRMA,2026-08-12 11:13:00-04:00,2026-08-12 11:18:29.291202-04:00,269.291202,4158.0,1.3199000358581543,1.3100999593734741
DRMA,2026-08-12 11:14:00-04:00,2026-08-12 11:18:29.291202-04:00,209.291202,28421.0,1.309999942779541,1.326300024986267
DRMA,2026-08-12 11:15:00-04:00,2026-08-12 11:18:29.291202-04:00,149.291202,4602.0,1.320199966430664,1.326200008392334
DRMA,2026-08-12 11:16:00-04:00,2026-08-12 11:18:29.291202-04:00,89.291202,2005.0,1.3250000476837158,1.3250000476837158
DRMA,2026-08-12 11:17:00-04:00,2026-08-12 11:18:29.291202-04:00,29.291202,0.0,1.320199966430664,1.320199966430664
BIVI,2026-08-12 11:09:00-04:00,2026-08-12 11:18:49.338968-04:00,529.338968,1044215.0,2.9625000953674316,2.799999952316284
BIVI,2026-08-12 11:10:00-04:00,2026-08-12 11:18:49.338968-04:00,469.338968,575756.0,2.800100088119507,2.70989990234375
BIVI,2026-08-12 11:11:00-04:00,2026-08-12 11:18:49.338968-04:00,409.338968,1350736.0,2.694999933242798,2.309999942779541
BIVI,2026-08-12 11:12:00-04:00,2026-08-12 11:18:49.338968-04:00,349.338968,1232180.0,2.309999942779541,2.119999885559082
BIVI,2026-08-12 11:13:00-04:00,2026-08-12 11:18:49.338968-04:00,289.338968,14566.0,2.119999885559082,2.119999885559082
BIVI,2026-08-12 11:18:00-04:00,2026-08-12 11:18:49.338968-04:00,-10.661032,0.0,1.4900000095367432,1.4900000095367432
GRWG,2026-08-12 11:13:00-04:00,2026-08-12 11:18:49.338968-04:00,289.338968,5863.0,1.8799999952316284,1.8799999952316284
GRWG,2026-08-12 11:14:00-04:00,2026-08-12 11:18:49.338968-04:00,229.338968,22213.0,1.875,1.8609000444412231
GRWG,2026-08-12 11:15:00-04:00,2026-08-12 11:18:49.338968-04:00,169.338968,4337.0,1.8625999689102173,1.8600000143051147
GRWG,2026-08-12 11:16:00-04:00,2026-08-12 11:18:49.338968-04:00,109.338968,8228.0,1.8650000095367432,1.8600000143051147
GRWG,2026-08-12 11:17:00-04:00,2026-08-12 11:18:49.338968-04:00,49.338968,1024.0,1.8650000095367432,1.8700000047683716
GRWG,2026-08-12 11:18:00-04:00,2026-08-12 11:18:49.338968-04:00,-10.661032,0.0,1.8600000143051147,1.8600000143051147
DRMA,2026-08-12 11:13:00-04:00,2026-08-12 11:18:49.338968-04:00,289.338968,4158.0,1.3199000358581543,1.3100999593734741
DRMA,2026-08-12 11:14:00-04:00,2026-08-12 11:18:49.338968-04:00,229.338968,28421.0,1.309999942779541,1.326300024986267
DRMA,2026-08-12 11:15:00-04:00,2026-08-12 11:18:49.338968-04:00,169.338968,4602.0,1.320199966430664,1.326200008392334
DRMA,2026-08-12 11:16:00-04:00,2026-08-12 11:18:49.338968-04:00,109.338968,2005.0,1.3250000476837158,1.3250000476837158
DRMA,2026-08-12 11:17:00-04:00,2026-08-12 11:18:49.338968-04:00,49.338968,2910.0,1.320099949836731,1.320199966430664
DRMA,2026-08-12 11:18:00-04:00,2026-08-12 11:18:49.338968-04:00,-10.661032,0.0,1.320199966430664,1.320199966430664
REBN,2026-08-12 10:55:00-04:00,2026-08-12 11:18:49.338968-04:00,1369.338968,907.0,1.5099999904632568,1.5099999904632568
REBN,2026-08-12 11:00:00-04:00,2026-08-12 11:18:49.338968-04:00,1069.338968,294.0,1.5099999904632568,1.5099999904632568
REBN,2026-08-12 11:01:00-04:00,2026-08-12 11:18:49.338968-04:00,1009.338968,11.0,1.5038000345230103,1.5038000345230103
REBN,2026-08-12 11:04:00-04:00,2026-08-12 11:18:49.338968-04:00,829.338968,1111.0,1.5099999904632568,1.4900000095367432
REBN,2026-08-12 11:12:00-04:00,2026-08-12 11:18:49.338968-04:00,349.338968,1109.0,1.5149999856948853,1.5149999856948853
REBN,2026-08-12 11:14:00-04:00,2026-08-12 11:18:49.338968-04:00,229.338968,0.0,1.5,1.5
ENHA,2026-08-12 11:08:00-04:00,2026-08-12 11:18:49.338968-04:00,589.338968,361.0,2.1449999809265137,2.1449999809265137
ENHA,2026-08-12 11:10:00-04:00,2026-08-12 11:18:49.338968-04:00,469.338968,213.0,2.1414999961853027,2.1449999809265137
ENHA,2026-08-12 11:14:00-04:00,2026-08-12 11:18:49.338968-04:00,229.338968,233.0,2.1500000953674316,2.1500000953674316
ENHA,2026-08-12 11:15:00-04:00,2026-08-12 11:18:49.338968-04:00,169.338968,1653.0,2.1449999809265137,2.1500000953674316
ENHA,2026-08-12 11:16:00-04:00,2026-08-12 11:18:49.338968-04:00,109.338968,312.0,2.1498000621795654,2.148099899291992
ENHA,2026-08-12 11:18:00-04:00,2026-08-12 11:18:49.338968-04:00,-10.661032,0.0,2.1449999809265137,2.1449999809265137
VLN,2026-08-12 11:11:00-04:00,2026-08-12 11:18:49.338968-04:00,409.338968,3570.0,1.8250000476837158,1.8202999830245972
VLN,2026-08-12 11:14:00-04:00,2026-08-12 11:18:49.338968-04:00,229.338968,5102.0,1.8207000494003296,1.8250000476837158
VLN,2026-08-12 11:15:00-04:00,2026-08-12 11:18:49.338968-04:00,169.338968,510.0,1.8250000476837158,1.8250000476837158
VLN,2026-08-12 11:16:00-04:00,2026-08-12 11:18:49.338968-04:00,109.338968,3144.0,1.8300000429153442,1.8300000429153442
VLN,2026-08-12 11:17:00-04:00,2026-08-12 11:18:49.338968-04:00,49.338968,1407.0,1.8250000476837158,1.8299000263214111
VLN,2026-08-12 11:18:00-04:00,2026-08-12 11:18:49.338968-04:00,-10.661032,0.0,1.8301000595092773,1.8301000595092773
MXCT,2026-08-12 11:11:00-04:00,2026-08-12 11:18:49.338968-04:00,409.338968,111.0,1.2450000047683716,1.2450000047683716
MXCT,2026-08-12 11:12:00-04:00,2026-08-12 11:18:49.338968-04:00,349.338968,518.0,1.2450000047683716,1.2450000047683716
MXCT,2026-08-12 11:15:00-04:00,2026-08-12 11:18:49.338968-04:00,169.338968,11343.0,1.2450000047683716,1.2599999904632568
MXCT,2026-08-12 11:16:00-04:00,2026-08-12 11:18:49.338968-04:00,109.338968,721.0,1.2549999952316284,1.2588000297546387
MXCT,2026-08-12 11:17:00-04:00,2026-08-12 11:18:49.338968-04:00,49.338968,117.0,1.2549999952316284,1.2549999952316284
MXCT,2026-08-12 11:18:00-04:00,2026-08-12 11:18:49.338968-04:00,-10.661032,0.0,1.2549999952316284,1.2549999952316284
FEMY,2026-08-12 10:57:00-04:00,2026-08-12 11:18:49.338968-04:00,1249.338968,200.0,2.2600998878479004,2.2600998878479004
FEMY,2026-08-12 10:58:00-04:00,2026-08-12 11:18:49.338968-04:00,1189.338968,415.0,2.2950000762939453,2.2950000762939453
FEMY,2026-08-12 11:02:00-04:00,2026-08-12 11:18:49.338968-04:00,949.338968,180.0,2.329900026321411,2.329900026321411
FEMY,2026-08-12 11:03:00-04:00,2026-08-12 11:18:49.338968-04:00,889.338968,2181.0,2.3299999237060547,2.3299999237060547
FEMY,2026-08-12 11:11:00-04:00,2026-08-12 11:18:49.338968-04:00,409.338968,564.0,2.324700117111206,2.324700117111206
FEMY,2026-08-12 11:12:00-04:00,2026-08-12 11:18:49.338968-04:00,349.338968,0.0,2.3269999027252197,2.3269999027252197
VLN,2026-08-12 11:14:00-04:00,2026-08-12 11:19:09.374126-04:00,249.374126,5102.0,1.8207000494003296,1.8250000476837158
VLN,2026-08-12 11:15:00-04:00,2026-08-12 11:19:09.374126-04:00,189.374126,510.0,1.8250000476837158,1.8250000476837158
VLN,2026-08-12 11:16:00-04:00,2026-08-12 11:19:09.374126-04:00,129.374126,3144.0,1.8300000429153442,1.8300000429153442
VLN,2026-08-12 11:17:00-04:00,2026-08-12 11:19:09.374126-04:00,69.374126,1407.0,1.8250000476837158,1.8299000263214111
VLN,2026-08-12 11:18:00-04:00,2026-08-12 11:19:09.374126-04:00,9.374126,6580.0,1.8300000429153442,1.8350000381469727
VLN,2026-08-12 11:19:00-04:00,2026-08-12 11:19:09.374126-04:00,-50.625874,0.0,1.8350000381469727,1.8350000381469727
DRMA,2026-08-12 11:14:00-04:00,2026-08-12 11:19:09.374126-04:00,249.374126,28421.0,1.309999942779541,1.326300024986267
DRMA,2026-08-12 11:15:00-04:00,2026-08-12 11:19:09.374126-04:00,189.374126,4602.0,1.320199966430664,1.326200008392334
DRMA,2026-08-12 11:16:00-04:00,2026-08-12 11:19:09.374126-04:00,129.374126,2005.0,1.3250000476837158,1.3250000476837158
DRMA,2026-08-12 11:17:00-04:00,2026-08-12 11:19:09.374126-04:00,69.374126,2910.0,1.320099949836731,1.320199966430664
DRMA,2026-08-12 11:18:00-04:00,2026-08-12 11:19:09.374126-04:00,9.374126,3659.0,1.320199966430664,1.3200000524520874
DRMA,2026-08-12 11:19:00-04:00,2026-08-12 11:19:09.374126-04:00,-50.625874,0.0,1.3250000476837158,1.3250000476837158
REBN,2026-08-12 10:55:00-04:00,2026-08-12 11:19:09.374126-04:00,1389.374126,907.0,1.5099999904632568,1.5099999904632568
REBN,2026-08-12 11:00:00-04:00,2026-08-12 11:19:09.374126-04:00,1089.374126,294.0,1.5099999904632568,1.5099999904632568
REBN,2026-08-12 11:01:00-04:00,2026-08-12 11:19:09.374126-04:00,1029.374126,11.0,1.5038000345230103,1.5038000345230103
REBN,2026-08-12 11:04:00-04:00,2026-08-12 11:19:09.374126-04:00,849.374126,1111.0,1.5099999904632568,1.4900000095367432
REBN,2026-08-12 11:12:00-04:00,2026-08-12 11:19:09.374126-04:00,369.374126,1109.0,1.5149999856948853,1.5149999856948853
REBN,2026-08-12 11:14:00-04:00,2026-08-12 11:19:09.374126-04:00,249.374126,0.0,1.5,1.5
GRWG,2026-08-12 11:14:00-04:00,2026-08-12 11:19:09.374126-04:00,249.374126,22213.0,1.875,1.8609000444412231
GRWG,2026-08-12 11:15:00-04:00,2026-08-12 11:19:09.374126-04:00,189.374126,4337.0,1.8625999689102173,1.8600000143051147
GRWG,2026-08-12 11:16:00-04:00,2026-08-12 11:19:09.374126-04:00,129.374126,8228.0,1.8650000095367432,1.8600000143051147
GRWG,2026-08-12 11:17:00-04:00,2026-08-12 11:19:09.374126-04:00,69.374126,1024.0,1.8650000095367432,1.8700000047683716
GRWG,2026-08-12 11:18:00-04:00,2026-08-12 11:19:09.374126-04:00,9.374126,25646.0,1.8700000047683716,1.8550000190734863
GRWG,2026-08-12 11:19:00-04:00,2026-08-12 11:19:09.374126-04:00,-50.625874,0.0,1.8508000373840332,1.8508000373840332
ENHA,2026-08-12 11:08:00-04:00,2026-08-12 11:19:09.374126-04:00,609.374126,361.0,2.1449999809265137,2.1449999809265137
ENHA,2026-08-12 11:10:00-04:00,2026-08-12 11:19:09.374126-04:00,489.374126,213.0,2.1414999961853027,2.1449999809265137
ENHA,2026-08-12 11:14:00-04:00,2026-08-12 11:19:09.374126-04:00,249.374126,233.0,2.1500000953674316,2.1500000953674316
ENHA,2026-08-12 11:15:00-04:00,2026-08-12 11:19:09.374126-04:00,189.374126,1653.0,2.1449999809265137,2.1500000953674316
ENHA,2026-08-12 11:16:00-04:00,2026-08-12 11:19:09.374126-04:00,129.374126,312.0,2.1498000621795654,2.148099899291992
ENHA,2026-08-12 11:18:00-04:00,2026-08-12 11:19:09.374126-04:00,9.374126,0.0,2.1449999809265137,2.1449999809265137
MXCT,2026-08-12 11:11:00-04:00,2026-08-12 11:19:09.374126-04:00,429.374126,111.0,1.2450000047683716,1.2450000047683716
MXCT,2026-08-12 11:12:00-04:00,2026-08-12 11:19:09.374126-04:00,369.374126,518.0,1.2450000047683716,1.2450000047683716
MXCT,2026-08-12 11:15:00-04:00,2026-08-12 11:19:09.374126-04:00,189.374126,11343.0,1.2450000047683716,1.2599999904632568
MXCT,2026-08-12 11:16:00-04:00,2026-08-12 11:19:09.374126-04:00,129.374126,721.0,1.2549999952316284,1.2588000297546387
MXCT,2026-08-12 11:17:00-04:00,2026-08-12 11:19:09.374126-04:00,69.374126,117.0,1.2549999952316284,1.2549999952316284
MXCT,2026-08-12 11:18:00-04:00,2026-08-12 11:19:09.374126-04:00,9.374126,0.0,1.2549999952316284,1.2549999952316284
FEMY,2026-08-12 10:58:00-04:00,2026-08-12 11:19:09.374126-04:00,1209.374126,415.0,2.2950000762939453,2.2950000762939453
FEMY,2026-08-12 11:02:00-04:00,2026-08-12 11:19:09.374126-04:00,969.374126,180.0,2.329900026321411,2.329900026321411
FEMY,2026-08-12 11:03:00-04:00,2026-08-12 11:19:09.374126-04:00,909.374126,2181.0,2.3299999237060547,2.3299999237060547
FEMY,2026-08-12 11:11:00-04:00,2026-08-12 11:19:09.374126-04:00,429.374126,564.0,2.324700117111206,2.324700117111206
FEMY,2026-08-12 11:12:00-04:00,2026-08-12 11:19:09.374126-04:00,369.374126,0.0,2.3269999027252197,2.3269999027252197
FEMY,2026-08-12 11:19:00-04:00,2026-08-12 11:19:09.374126-04:00,-50.625874,0.0,2.3499999046325684,2.3499999046325684
BIVI,2026-08-12 11:09:00-04:00,2026-08-12 11:19:09.374126-04:00,549.374126,1044215.0,2.9625000953674316,2.799999952316284
BIVI,2026-08-12 11:10:00-04:00,2026-08-12 11:19:09.374126-04:00,489.374126,575756.0,2.800100088119507,2.70989990234375
BIVI,2026-08-12 11:11:00-04:00,2026-08-12 11:19:09.374126-04:00,429.374126,1350736.0,2.309999942779541,2.309999942779541
BIVI,2026-08-12 11:12:00-04:00,2026-08-12 11:19:09.374126-04:00,369.374126,1232306.0,2.309999942779541,2.119999885559082
BIVI,2026-08-12 11:13:00-04:00,2026-08-12 11:19:09.374126-04:00,309.374126,14566.0,2.119999885559082,2.119999885559082
BIVI,2026-08-12 11:18:00-04:00,2026-08-12 11:19:09.374126-04:00,9.374126,0.0,1.4900000095367432,1.4900000095367432
REBN,2026-08-12 10:55:00-04:00,2026-08-12 11:19:29.404894-04:00,1409.404894,907.0,1.5099999904632568,1.5099999904632568
REBN,2026-08-12 11:00:00-04:00,2026-08-12 11:19:29.404894-04:00,1109.404894,294.0,1.5099999904632568,1.5099999904632568
REBN,2026-08-12 11:01:00-04:00,2026-08-12 11:19:29.404894-04:00,1049.404894,11.0,1.5038000345230103,1.5038000345230103
REBN,2026-08-12 11:04:00-04:00,2026-08-12 11:19:29.404894-04:00,869.404894,1111.0,1.5099999904632568,1.4900000095367432
REBN,2026-08-12 11:12:00-04:00,2026-08-12 11:19:29.404894-04:00,389.404894,1109.0,1.5149999856948853,1.5149999856948853
REBN,2026-08-12 11:14:00-04:00,2026-08-12 11:19:29.404894-04:00,269.404894,0.0,1.5,1.5
MXCT,2026-08-12 11:11:00-04:00,2026-08-12 11:19:29.404894-04:00,449.404894,111.0,1.2450000047683716,1.2450000047683716
MXCT,2026-08-12 11:12:00-04:00,2026-08-12 11:19:29.404894-04:00,389.404894,518.0,1.2450000047683716,1.2450000047683716
MXCT,2026-08-12 11:15:00-04:00,2026-08-12 11:19:29.404894-04:00,209.404894,11343.0,1.2450000047683716,1.2599999904632568
MXCT,2026-08-12 11:16:00-04:00,2026-08-12 11:19:29.404894-04:00,149.404894,721.0,1.2549999952316284,1.2588000297546387
MXCT,2026-08-12 11:17:00-04:00,2026-08-12 11:19:29.404894-04:00,89.404894,117.0,1.2549999952316284,1.2549999952316284
MXCT,2026-08-12 11:18:00-04:00,2026-08-12 11:19:29.404894-04:00,29.404894,0.0,1.2549999952316284,1.2549999952316284
GRWG,2026-08-12 11:14:00-04:00,2026-08-12 11:19:29.404894-04:00,269.404894,22213.0,1.875,1.8609000444412231
GRWG,2026-08-12 11:15:00-04:00,2026-08-12 11:19:29.404894-04:00,209.404894,4337.0,1.8625999689102173,1.8600000143051147
GRWG,2026-08-12 11:16:00-04:00,2026-08-12 11:19:29.404894-04:00,149.404894,8228.0,1.8650000095367432,1.8600000143051147
GRWG,2026-08-12 11:17:00-04:00,2026-08-12 11:19:29.404894-04:00,89.404894,1024.0,1.8650000095367432,1.8700000047683716
GRWG,2026-08-12 11:18:00-04:00,2026-08-12 11:19:29.404894-04:00,29.404894,25646.0,1.8700000047683716,1.8550000190734863
GRWG,2026-08-12 11:19:00-04:00,2026-08-12 11:19:29.404894-04:00,-30.595106,0.0,1.8508000373840332,1.8508000373840332
FEMY,2026-08-12 10:58:00-04:00,2026-08-12 11:19:29.404894-04:00,1229.404894,415.0,2.2950000762939453,2.2950000762939453
FEMY,2026-08-12 11:02:00-04:00,2026-08-12 11:19:29.404894-04:00,989.404894,180.0,2.329900026321411,2.329900026321411
FEMY,2026-08-12 11:03:00-04:00,2026-08-12 11:19:29.404894-04:00,929.404894,2181.0,2.3299999237060547,2.3299999237060547
FEMY,2026-08-12 11:11:00-04:00,2026-08-12 11:19:29.404894-04:00,449.404894,564.0,2.324700117111206,2.324700117111206
FEMY,2026-08-12 11:12:00-04:00,2026-08-12 11:19:29.404894-04:00,389.404894,0.0,2.3269999027252197,2.3269999027252197
FEMY,2026-08-12 11:19:00-04:00,2026-08-12 11:19:29.404894-04:00,-30.595106,0.0,2.3299999237060547,2.3299999237060547
BIVI,2026-08-12 11:09:00-04:00,2026-08-12 11:19:29.404894-04:00,569.404894,1044215.0,2.9625000953674316,2.799999952316284
BIVI,2026-08-12 11:10:00-04:00,2026-08-12 11:19:29.404894-04:00,509.404894,575756.0,2.800100088119507,2.70989990234375
BIVI,2026-08-12 11:11:00-04:00,2026-08-12 11:19:29.404894-04:00,449.404894,1350736.0,2.694999933242798,2.309999942779541
BIVI,2026-08-12 11:12:00-04:00,2026-08-12 11:19:29.404894-04:00,389.404894,1232180.0,2.309999942779541,2.119999885559082
BIVI,2026-08-12 11:13:00-04:00,2026-08-12 11:19:29.404894-04:00,329.404894,14566.0,2.119999885559082,2.119999885559082
BIVI,2026-08-12 11:18:00-04:00,2026-08-12 11:19:29.404894-04:00,29.404894,0.0,1.4900000095367432,1.4900000095367432
DRMA,2026-08-12 11:14:00-04:00,2026-08-12 11:19:29.404894-04:00,269.404894,28421.0,1.309999942779541,1.326300024986267
DRMA,2026-08-12 11:15:00-04:00,2026-08-12 11:19:29.404894-04:00,209.404894,4602.0,1.320199966430664,1.326200008392334
DRMA,2026-08-12 11:16:00-04:00,2026-08-12 11:19:29.404894-04:00,149.404894,2005.0,1.3250000476837158,1.3250000476837158
DRMA,2026-08-12 11:17:00-04:00,2026-08-12 11:19:29.404894-04:00,89.404894,2910.0,1.320099949836731,1.320199966430664
DRMA,2026-08-12 11:18:00-04:00,2026-08-12 11:19:29.404894-04:00,29.404894,3659.0,1.320199966430664,1.3200000524520874
DRMA,2026-08-12 11:19:00-04:00,2026-08-12 11:19:29.404894-04:00,-30.595106,0.0,1.3200000524520874,1.3200000524520874
ENHA,2026-08-12 11:10:00-04:00,2026-08-12 11:19:29.404894-04:00,509.404894,213.0,2.1414999961853027,2.1449999809265137
ENHA,2026-08-12 11:14:00-04:00,2026-08-12 11:19:29.404894-04:00,269.404894,233.0,2.1500000953674316,2.1500000953674316
ENHA,2026-08-12 11:15:00-04:00,2026-08-12 11:19:29.404894-04:00,209.404894,1653.0,2.1449999809265137,2.1500000953674316
ENHA,2026-08-12 11:16:00-04:00,2026-08-12 11:19:29.404894-04:00,149.404894,312.0,2.1498000621795654,2.148099899291992
ENHA,2026-08-12 11:18:00-04:00,2026-08-12 11:19:29.404894-04:00,29.404894,1131.0,2.1498000621795654,2.1449999809265137
ENHA,2026-08-12 11:19:00-04:00,2026-08-12 11:19:29.404894-04:00,-30.595106,0.0,2.1600000858306885,2.1600000858306885
VLN,2026-08-12 11:14:00-04:00,2026-08-12 11:19:29.404894-04:00,269.404894,5102.0,1.8207000494003296,1.8250000476837158
VLN,2026-08-12 11:15:00-04:00,2026-08-12 11:19:29.404894-04:00,209.404894,510.0,1.8250000476837158,1.8250000476837158
VLN,2026-08-12 11:16:00-04:00,2026-08-12 11:19:29.404894-04:00,149.404894,3144.0,1.8300000429153442,1.8300000429153442
VLN,2026-08-12 11:17:00-04:00,2026-08-12 11:19:29.404894-04:00,89.404894,1407.0,1.8250000476837158,1.8299000263214111
VLN,2026-08-12 11:18:00-04:00,2026-08-12 11:19:29.404894-04:00,29.404894,6580.0,1.8300000429153442,1.8350000381469727
VLN,2026-08-12 11:19:00-04:00,2026-08-12 11:19:29.404894-04:00,-30.595106,0.0,1.8350000381469727,1.8350000381469727
DRMA,2026-08-12 11:14:00-04:00,2026-08-12 11:19:49.436124-04:00,289.436124,28421.0,1.309999942779541,1.326300024986267
DRMA,2026-08-12 11:15:00-04:00,2026-08-12 11:19:49.436124-04:00,229.436124,4602.0,1.320199966430664,1.326200008392334
DRMA,2026-08-12 11:16:00-04:00,2026-08-12 11:19:49.436124-04:00,169.436124,2005.0,1.3250000476837158,1.3250000476837158
DRMA,2026-08-12 11:17:00-04:00,2026-08-12 11:19:49.436124-04:00,109.436124,2910.0,1.320099949836731,1.320199966430664
DRMA,2026-08-12 11:18:00-04:00,2026-08-12 11:19:49.436124-04:00,49.436124,3659.0,1.320199966430664,1.3200000524520874
DRMA,2026-08-12 11:19:00-04:00,2026-08-12 11:19:49.436124-04:00,-10.563876,0.0,1.3200000524520874,1.3200000524520874
GRWG,2026-08-12 11:14:00-04:00,2026-08-12 11:19:49.436124-04:00,289.436124,22213.0,1.875,1.8609000444412231
GRWG,2026-08-12 11:15:00-04:00,2026-08-12 11:19:49.436124-04:00,229.436124,4337.0,1.8625999689102173,1.8600000143051147
GRWG,2026-08-12 11:16:00-04:00,2026-08-12 11:19:49.436124-04:00,169.436124,8228.0,1.8650000095367432,1.8600000143051147
GRWG,2026-08-12 11:17:00-04:00,2026-08-12 11:19:49.436124-04:00,109.436124,1024.0,1.8650000095367432,1.8700000047683716
GRWG,2026-08-12 11:18:00-04:00,2026-08-12 11:19:49.436124-04:00,49.436124,25646.0,1.8700000047683716,1.8550000190734863
GRWG,2026-08-12 11:19:00-04:00,2026-08-12 11:19:49.436124-04:00,-10.563876,0.0,1.8508000373840332,1.8508000373840332
MXCT,2026-08-12 11:11:00-04:00,2026-08-12 11:19:49.436124-04:00,469.436124,111.0,1.2450000047683716,1.2450000047683716
MXCT,2026-08-12 11:12:00-04:00,2026-08-12 11:19:49.436124-04:00,409.436124,518.0,1.2450000047683716,1.2450000047683716
MXCT,2026-08-12 11:15:00-04:00,2026-08-12 11:19:49.436124-04:00,229.436124,11343.0,1.2450000047683716,1.2599999904632568
MXCT,2026-08-12 11:16:00-04:00,2026-08-12 11:19:49.436124-04:00,169.436124,721.0,1.2549999952316284,1.2588000297546387
MXCT,2026-08-12 11:17:00-04:00,2026-08-12 11:19:49.436124-04:00,109.436124,117.0,1.2549999952316284,1.2549999952316284
MXCT,2026-08-12 11:18:00-04:00,2026-08-12 11:19:49.436124-04:00,49.436124,0.0,1.2549999952316284,1.2549999952316284
BIVI,2026-08-12 11:09:00-04:00,2026-08-12 11:19:49.436124-04:00,589.436124,1044215.0,2.9625000953674316,2.799999952316284
BIVI,2026-08-12 11:10:00-04:00,2026-08-12 11:19:49.436124-04:00,529.436124,575756.0,2.800100088119507,2.70989990234375
BIVI,2026-08-12 11:11:00-04:00,2026-08-12 11:19:49.436124-04:00,469.436124,1350736.0,2.694999933242798,2.309999942779541
BIVI,2026-08-12 11:12:00-04:00,2026-08-12 11:19:49.436124-04:00,409.436124,1232180.0,2.309999942779541,2.119999885559082
BIVI,2026-08-12 11:13:00-04:00,2026-08-12 11:19:49.436124-04:00,349.436124,14566.0,2.119999885559082,2.119999885559082
BIVI,2026-08-12 11:18:00-04:00,2026-08-12 11:19:49.436124-04:00,49.436124,0.0,1.4900000095367432,1.4900000095367432
REBN,2026-08-12 10:55:00-04:00,2026-08-12 11:19:49.436124-04:00,1429.436124,907.0,1.5099999904632568,1.5099999904632568
REBN,2026-08-12 11:00:00-04:00,2026-08-12 11:19:49.436124-04:00,1129.436124,294.0,1.5099999904632568,1.5099999904632568
REBN,2026-08-12 11:01:00-04:00,2026-08-12 11:19:49.436124-04:00,1069.436124,11.0,1.5038000345230103,1.5038000345230103
REBN,2026-08-12 11:04:00-04:00,2026-08-12 11:19:49.436124-04:00,889.436124,1111.0,1.5099999904632568,1.4900000095367432
REBN,2026-08-12 11:12:00-04:00,2026-08-12 11:19:49.436124-04:00,409.436124,1109.0,1.5149999856948853,1.5149999856948853
REBN,2026-08-12 11:14:00-04:00,2026-08-12 11:19:49.436124-04:00,289.436124,0.0,1.5,1.5
FEMY,2026-08-12 10:58:00-04:00,2026-08-12 11:19:49.436124-04:00,1249.436124,415.0,2.2950000762939453,2.2950000762939453
FEMY,2026-08-12 11:02:00-04:00,2026-08-12 11:19:49.436124-04:00,1009.436124,180.0,2.329900026321411,2.329900026321411
FEMY,2026-08-12 11:03:00-04:00,2026-08-12 11:19:49.436124-04:00,949.436124,2181.0,2.3299999237060547,2.3299999237060547
FEMY,2026-08-12 11:11:00-04:00,2026-08-12 11:19:49.436124-04:00,469.436124,564.0,2.324700117111206,2.324700117111206
FEMY,2026-08-12 11:12:00-04:00,2026-08-12 11:19:49.436124-04:00,409.436124,0.0,2.3269999027252197,2.3269999027252197
FEMY,2026-08-12 11:19:00-04:00,2026-08-12 11:19:49.436124-04:00,-10.563876,0.0,2.3299999237060547,2.3299999237060547
ENHA,2026-08-12 11:10:00-04:00,2026-08-12 11:19:49.436124-04:00,529.436124,213.0,2.1414999961853027,2.1449999809265137
ENHA,2026-08-12 11:14:00-04:00,2026-08-12 11:19:49.436124-04:00,289.436124,233.0,2.1500000953674316,2.1500000953674316
ENHA,2026-08-12 11:15:00-04:00,2026-08-12 11:19:49.436124-04:00,229.436124,1653.0,2.1449999809265137,2.1500000953674316
ENHA,2026-08-12 11:16:00-04:00,2026-08-12 11:19:49.436124-04:00,169.436124,312.0,2.1498000621795654,2.148099899291992
ENHA,2026-08-12 11:18:00-04:00,2026-08-12 11:19:49.436124-04:00,49.436124,1131.0,2.1498000621795654,2.1449999809265137
ENHA,2026-08-12 11:19:00-04:00,2026-08-12 11:19:49.436124-04:00,-10.563876,0.0,2.1549999713897705,2.1549999713897705
VLN,2026-08-12 11:14:00-04:00,2026-08-12 11:19:49.436124-04:00,289.436124,5102.0,1.8207000494003296,1.8250000476837158
VLN,2026-08-12 11:15:00-04:00,2026-08-12 11:19:49.436124-04:00,229.436124,510.0,1.8250000476837158,1.8250000476837158
VLN,2026-08-12 11:16:00-04:00,2026-08-12 11:19:49.436124-04:00,169.436124,3144.0,1.8300000429153442,1.8300000429153442
VLN,2026-08-12 11:17:00-04:00,2026-08-12 11:19:49.436124-04:00,109.436124,1407.0,1.8250000476837158,1.8299000263214111
VLN,2026-08-12 11:18:00-04:00,2026-08-12 11:19:49.436124-04:00,49.436124,6580.0,1.8300000429153442,1.8350000381469727
VLN,2026-08-12 11:19:00-04:00,2026-08-12 11:19:49.436124-04:00,-10.563876,0.0,1.830299973487854,1.830299973487854
FEMY,2026-08-12 11:02:00-04:00,2026-08-12 11:20:09.468587-04:00,1029.468587,180.0,2.329900026321411,2.329900026321411
FEMY,2026-08-12 11:03:00-04:00,2026-08-12 11:20:09.468587-04:00,969.468587,2181.0,2.3299999237060547,2.3299999237060547
FEMY,2026-08-12 11:11:00-04:00,2026-08-12 11:20:09.468587-04:00,489.468587,564.0,2.324700117111206,2.324700117111206
FEMY,2026-08-12 11:12:00-04:00,2026-08-12 11:20:09.468587-04:00,429.468587,0.0,2.3269999027252197,2.3269999027252197
FEMY,2026-08-12 11:19:00-04:00,2026-08-12 11:20:09.468587-04:00,9.468587,3774.0,2.3299999237060547,2.3299999237060547
FEMY,2026-08-12 11:20:00-04:00,2026-08-12 11:20:09.468587-04:00,-50.531413,0.0,2.3299999237060547,2.3299999237060547
ENHA,2026-08-12 11:10:00-04:00,2026-08-12 11:20:09.468587-04:00,549.468587,213.0,2.1414999961853027,2.1449999809265137
ENHA,2026-08-12 11:14:00-04:00,2026-08-12 11:20:09.468587-04:00,309.468587,233.0,2.1500000953674316,2.1500000953674316
ENHA,2026-08-12 11:15:00-04:00,2026-08-12 11:20:09.468587-04:00,249.468587,1653.0,2.1449999809265137,2.1500000953674316
ENHA,2026-08-12 11:16:00-04:00,2026-08-12 11:20:09.468587-04:00,189.468587,312.0,2.1498000621795654,2.148099899291992
ENHA,2026-08-12 11:18:00-04:00,2026-08-12 11:20:09.468587-04:00,69.468587,1131.0,2.1498000621795654,2.1449999809265137
ENHA,2026-08-12 11:19:00-04:00,2026-08-12 11:20:09.468587-04:00,9.468587,0.0,2.1549999713897705,2.1549999713897705
MXCT,2026-08-12 11:11:00-04:00,2026-08-12 11:20:09.468587-04:00,489.468587,111.0,1.2450000047683716,1.2450000047683716
MXCT,2026-08-12 11:12:00-04:00,2026-08-12 11:20:09.468587-04:00,429.468587,518.0,1.2450000047683716,1.2450000047683716
MXCT,2026-08-12 11:15:00-04:00,2026-08-12 11:20:09.468587-04:00,249.468587,11343.0,1.2450000047683716,1.2599999904632568
MXCT,2026-08-12 11:16:00-04:00,2026-08-12 11:20:09.468587-04:00,189.468587,721.0,1.2549999952316284,1.2588000297546387
MXCT,2026-08-12 11:17:00-04:00,2026-08-12 11:20:09.468587-04:00,129.468587,117.0,1.2549999952316284,1.2549999952316284
MXCT,2026-08-12 11:18:00-04:00,2026-08-12 11:20:09.468587-04:00,69.468587,0.0,1.2549999952316284,1.2549999952316284
GRWG,2026-08-12 11:14:00-04:00,2026-08-12 11:20:09.468587-04:00,309.468587,22213.0,1.875,1.8609000444412231
GRWG,2026-08-12 11:15:00-04:00,2026-08-12 11:20:09.468587-04:00,249.468587,4337.0,1.8625999689102173,1.8600000143051147
GRWG,2026-08-12 11:16:00-04:00,2026-08-12 11:20:09.468587-04:00,189.468587,8228.0,1.8650000095367432,1.8600000143051147
GRWG,2026-08-12 11:17:00-04:00,2026-08-12 11:20:09.468587-04:00,129.468587,1024.0,1.8650000095367432,1.8700000047683716
GRWG,2026-08-12 11:18:00-04:00,2026-08-12 11:20:09.468587-04:00,69.468587,25646.0,1.8700000047683716,1.8550000190734863
GRWG,2026-08-12 11:19:00-04:00,2026-08-12 11:20:09.468587-04:00,9.468587,0.0,1.8508000373840332,1.8508000373840332
VLN,2026-08-12 11:15:00-04:00,2026-08-12 11:20:09.468587-04:00,249.468587,510.0,1.8250000476837158,1.8250000476837158
VLN,2026-08-12 11:16:00-04:00,2026-08-12 11:20:09.468587-04:00,189.468587,3144.0,1.8300000429153442,1.8300000429153442
VLN,2026-08-12 11:17:00-04:00,2026-08-12 11:20:09.468587-04:00,129.468587,1407.0,1.8250000476837158,1.8299000263214111
VLN,2026-08-12 11:18:00-04:00,2026-08-12 11:20:09.468587-04:00,69.468587,6580.0,1.8300000429153442,1.8350000381469727
VLN,2026-08-12 11:19:00-04:00,2026-08-12 11:20:09.468587-04:00,9.468587,2393.0,1.8350000381469727,1.830299973487854
VLN,2026-08-12 11:20:00-04:00,2026-08-12 11:20:09.468587-04:00,-50.531413,0.0,1.8350000381469727,1.8350000381469727
REBN,2026-08-12 10:55:00-04:00,2026-08-12 11:20:09.468587-04:00,1449.468587,907.0,1.5099999904632568,1.5099999904632568
REBN,2026-08-12 11:00:00-04:00,2026-08-12 11:20:09.468587-04:00,1149.468587,294.0,1.5099999904632568,1.5099999904632568
REBN,2026-08-12 11:01:00-04:00,2026-08-12 11:20:09.468587-04:00,1089.468587,11.0,1.5038000345230103,1.5038000345230103
REBN,2026-08-12 11:04:00-04:00,2026-08-12 11:20:09.468587-04:00,909.468587,1111.0,1.5099999904632568,1.4900000095367432
REBN,2026-08-12 11:12:00-04:00,2026-08-12 11:20:09.468587-04:00,429.468587,1109.0,1.5149999856948853,1.5149999856948853
REBN,2026-08-12 11:14:00-04:00,2026-08-12 11:20:09.468587-04:00,309.468587,0.0,1.5,1.5
DRMA,2026-08-12 11:15:00-04:00,2026-08-12 11:20:09.468587-04:00,249.468587,4602.0,1.320199966430664,1.326200008392334
DRMA,2026-08-12 11:16:00-04:00,2026-08-12 11:20:09.468587-04:00,189.468587,2005.0,1.3250000476837158,1.3250000476837158
DRMA,2026-08-12 11:17:00-04:00,2026-08-12 11:20:09.468587-04:00,129.468587,2910.0,1.320099949836731,1.320199966430664
DRMA,2026-08-12 11:18:00-04:00,2026-08-12 11:20:09.468587-04:00,69.468587,3659.0,1.320199966430664,1.3200000524520874
DRMA,2026-08-12 11:19:00-04:00,2026-08-12 11:20:09.468587-04:00,9.468587,5701.0,1.3250000476837158,1.3212000131607056
DRMA,2026-08-12 11:20:00-04:00,2026-08-12 11:20:09.468587-04:00,-50.531413,0.0,1.3200000524520874,1.3200000524520874
BIVI,2026-08-12 11:09:00-04:00,2026-08-12 11:20:09.468587-04:00,609.468587,1044215.0,2.9625000953674316,2.799999952316284
BIVI,2026-08-12 11:10:00-04:00,2026-08-12 11:20:09.468587-04:00,549.468587,575756.0,2.800100088119507,2.70989990234375
BIVI,2026-08-12 11:11:00-04:00,2026-08-12 11:20:09.468587-04:00,489.468587,1350736.0,2.309999942779541,2.309999942779541
BIVI,2026-08-12 11:12:00-04:00,2026-08-12 11:20:09.468587-04:00,429.468587,1232306.0,2.309999942779541,2.119999885559082
BIVI,2026-08-12 11:13:00-04:00,2026-08-12 11:20:09.468587-04:00,369.468587,14566.0,2.119999885559082,2.119999885559082
BIVI,2026-08-12 11:18:00-04:00,2026-08-12 11:20:09.468587-04:00,69.468587,0.0,1.4900000095367432,1.4900000095367432
DRMA,2026-08-12 11:15:00-04:00,2026-08-12 11:20:29.500674-04:00,269.500674,4602.0,1.320199966430664,1.326200008392334
DRMA,2026-08-12 11:16:00-04:00,2026-08-12 11:20:29.500674-04:00,209.500674,2005.0,1.3250000476837158,1.3250000476837158
DRMA,2026-08-12 11:17:00-04:00,2026-08-12 11:20:29.500674-04:00,149.500674,2910.0,1.320099949836731,1.320199966430664
DRMA,2026-08-12 11:18:00-04:00,2026-08-12 11:20:29.500674-04:00,89.500674,3659.0,1.320199966430664,1.3200000524520874
DRMA,2026-08-12 11:19:00-04:00,2026-08-12 11:20:29.500674-04:00,29.500674,5701.0,1.3250000476837158,1.3212000131607056
DRMA,2026-08-12 11:20:00-04:00,2026-08-12 11:20:29.500674-04:00,-30.499326,0.0,1.3200000524520874,1.3200000524520874
ENHA,2026-08-12 11:10:00-04:00,2026-08-12 11:20:29.500674-04:00,569.500674,213.0,2.1414999961853027,2.1449999809265137
ENHA,2026-08-12 11:14:00-04:00,2026-08-12 11:20:29.500674-04:00,329.500674,233.0,2.1500000953674316,2.1500000953674316
ENHA,2026-08-12 11:15:00-04:00,2026-08-12 11:20:29.500674-04:00,269.500674,1653.0,2.1449999809265137,2.1500000953674316
ENHA,2026-08-12 11:16:00-04:00,2026-08-12 11:20:29.500674-04:00,209.500674,312.0,2.1498000621795654,2.148099899291992
ENHA,2026-08-12 11:18:00-04:00,2026-08-12 11:20:29.500674-04:00,89.500674,1131.0,2.1498000621795654,2.1449999809265137
ENHA,2026-08-12 11:19:00-04:00,2026-08-12 11:20:29.500674-04:00,29.500674,0.0,2.1549999713897705,2.1549999713897705
BIVI,2026-08-12 11:09:00-04:00,2026-08-12 11:20:29.500674-04:00,629.500674,1044215.0,2.9625000953674316,2.799999952316284
BIVI,2026-08-12 11:10:00-04:00,2026-08-12 11:20:29.500674-04:00,569.500674,575756.0,2.800100088119507,2.70989990234375
BIVI,2026-08-12 11:11:00-04:00,2026-08-12 11:20:29.500674-04:00,509.500674,1350736.0,2.694999933242798,2.309999942779541
BIVI,2026-08-12 11:12:00-04:00,2026-08-12 11:20:29.500674-04:00,449.500674,1232180.0,2.309999942779541,2.119999885559082
BIVI,2026-08-12 11:13:00-04:00,2026-08-12 11:20:29.500674-04:00,389.500674,14566.0,2.119999885559082,2.119999885559082
BIVI,2026-08-12 11:18:00-04:00,2026-08-12 11:20:29.500674-04:00,89.500674,0.0,1.4900000095367432,1.4900000095367432
MXCT,2026-08-12 11:11:00-04:00,2026-08-12 11:20:29.500674-04:00,509.500674,111.0,1.2450000047683716,1.2450000047683716
MXCT,2026-08-12 11:12:00-04:00,2026-08-12 11:20:29.500674-04:00,449.500674,518.0,1.2450000047683716,1.2450000047683716
MXCT,2026-08-12 11:15:00-04:00,2026-08-12 11:20:29.500674-04:00,269.500674,11343.0,1.2450000047683716,1.2599999904632568
MXCT,2026-08-12 11:16:00-04:00,2026-08-12 11:20:29.500674-04:00,209.500674,721.0,1.2549999952316284,1.2588000297546387
MXCT,2026-08-12 11:17:00-04:00,2026-08-12 11:20:29.500674-04:00,149.500674,117.0,1.2549999952316284,1.2549999952316284
MXCT,2026-08-12 11:18:00-04:00,2026-08-12 11:20:29.500674-04:00,89.500674,0.0,1.2549999952316284,1.2549999952316284
GRWG,2026-08-12 11:14:00-04:00,2026-08-12 11:20:29.500674-04:00,329.500674,22213.0,1.875,1.8609000444412231
GRWG,2026-08-12 11:15:00-04:00,2026-08-12 11:20:29.500674-04:00,269.500674,4337.0,1.8625999689102173,1.8600000143051147
GRWG,2026-08-12 11:16:00-04:00,2026-08-12 11:20:29.500674-04:00,209.500674,8228.0,1.8650000095367432,1.8600000143051147
GRWG,2026-08-12 11:17:00-04:00,2026-08-12 11:20:29.500674-04:00,149.500674,1024.0,1.8650000095367432,1.8700000047683716
GRWG,2026-08-12 11:18:00-04:00,2026-08-12 11:20:29.500674-04:00,89.500674,25646.0,1.8700000047683716,1.8550000190734863
GRWG,2026-08-12 11:19:00-04:00,2026-08-12 11:20:29.500674-04:00,29.500674,0.0,1.8508000373840332,1.8508000373840332
FEMY,2026-08-12 11:02:00-04:00,2026-08-12 11:20:29.500674-04:00,1049.500674,180.0,2.329900026321411,2.329900026321411
FEMY,2026-08-12 11:03:00-04:00,2026-08-12 11:20:29.500674-04:00,989.500674,2181.0,2.3299999237060547,2.3299999237060547
FEMY,2026-08-12 11:11:00-04:00,2026-08-12 11:20:29.500674-04:00,509.500674,564.0,2.324700117111206,2.324700117111206
FEMY,2026-08-12 11:12:00-04:00,2026-08-12 11:20:29.500674-04:00,449.500674,0.0,2.3269999027252197,2.3269999027252197
FEMY,2026-08-12 11:19:00-04:00,2026-08-12 11:20:29.500674-04:00,29.500674,3774.0,2.3299999237060547,2.3299999237060547
FEMY,2026-08-12 11:20:00-04:00,2026-08-12 11:20:29.500674-04:00,-30.499326,0.0,2.325000047683716,2.325000047683716
REBN,2026-08-12 10:55:00-04:00,2026-08-12 11:20:29.500674-04:00,1469.500674,907.0,1.5099999904632568,1.5099999904632568
REBN,2026-08-12 11:00:00-04:00,2026-08-12 11:20:29.500674-04:00,1169.500674,294.0,1.5099999904632568,1.5099999904632568
REBN,2026-08-12 11:01:00-04:00,2026-08-12 11:20:29.500674-04:00,1109.500674,11.0,1.5038000345230103,1.5038000345230103
REBN,2026-08-12 11:04:00-04:00,2026-08-12 11:20:29.500674-04:00,929.500674,1111.0,1.5099999904632568,1.4900000095367432
REBN,2026-08-12 11:12:00-04:00,2026-08-12 11:20:29.500674-04:00,449.500674,1109.0,1.5149999856948853,1.5149999856948853
REBN,2026-08-12 11:14:00-04:00,2026-08-12 11:20:29.500674-04:00,329.500674,0.0,1.5,1.5
VLN,2026-08-12 11:15:00-04:00,2026-08-12 11:20:29.500674-04:00,269.500674,510.0,1.8250000476837158,1.8250000476837158
VLN,2026-08-12 11:16:00-04:00,2026-08-12 11:20:29.500674-04:00,209.500674,3144.0,1.8300000429153442,1.8300000429153442
VLN,2026-08-12 11:17:00-04:00,2026-08-12 11:20:29.500674-04:00,149.500674,1407.0,1.8250000476837158,1.8299000263214111
VLN,2026-08-12 11:18:00-04:00,2026-08-12 11:20:29.500674-04:00,89.500674,6580.0,1.8300000429153442,1.8350000381469727
VLN,2026-08-12 11:19:00-04:00,2026-08-12 11:20:29.500674-04:00,29.500674,2393.0,1.8350000381469727,1.830299973487854
VLN,2026-08-12 11:20:00-04:00,2026-08-12 11:20:29.500674-04:00,-30.499326,0.0,1.8350000381469727,1.8350000381469727
VLN,2026-08-12 11:15:00-04:00,2026-08-12 11:20:49.533260-04:00,289.53326,510.0,1.8250000476837158,1.8250000476837158
VLN,2026-08-12 11:16:00-04:00,2026-08-12 11:20:49.533260-04:00,229.53326,3144.0,1.8300000429153442,1.8300000429153442
VLN,2026-08-12 11:17:00-04:00,2026-08-12 11:20:49.533260-04:00,169.53326,1407.0,1.8250000476837158,1.8299000263214111
VLN,2026-08-12 11:18:00-04:00,2026-08-12 11:20:49.533260-04:00,109.53326,6580.0,1.8300000429153442,1.8350000381469727
VLN,2026-08-12 11:19:00-04:00,2026-08-12 11:20:49.533260-04:00,49.53326,2393.0,1.8350000381469727,1.830299973487854
VLN,2026-08-12 11:20:00-04:00,2026-08-12 11:20:49.533260-04:00,-10.46674,0.0,1.8350000381469727,1.8350000381469727
BIVI,2026-08-12 11:09:00-04:00,2026-08-12 11:20:49.533260-04:00,649.53326,1044215.0,2.9625000953674316,2.799999952316284
BIVI,2026-08-12 11:10:00-04:00,2026-08-12 11:20:49.533260-04:00,589.53326,575756.0,2.800100088119507,2.70989990234375
BIVI,2026-08-12 11:11:00-04:00,2026-08-12 11:20:49.533260-04:00,529.53326,1350736.0,2.694999933242798,2.309999942779541
BIVI,2026-08-12 11:12:00-04:00,2026-08-12 11:20:49.533260-04:00,469.53326,1232180.0,2.309999942779541,2.119999885559082
BIVI,2026-08-12 11:13:00-04:00,2026-08-12 11:20:49.533260-04:00,409.53326,14566.0,2.119999885559082,2.119999885559082
BIVI,2026-08-12 11:18:00-04:00,2026-08-12 11:20:49.533260-04:00,109.53326,0.0,1.4900000095367432,1.4900000095367432
REBN,2026-08-12 10:55:00-04:00,2026-08-12 11:20:49.533260-04:00,1489.53326,907.0,1.5099999904632568,1.5099999904632568
REBN,2026-08-12 11:00:00-04:00,2026-08-12 11:20:49.533260-04:00,1189.53326,294.0,1.5099999904632568,1.5099999904632568
REBN,2026-08-12 11:01:00-04:00,2026-08-12 11:20:49.533260-04:00,1129.53326,11.0,1.5038000345230103,1.5038000345230103
REBN,2026-08-12 11:04:00-04:00,2026-08-12 11:20:49.533260-04:00,949.53326,1111.0,1.5099999904632568,1.4900000095367432
REBN,2026-08-12 11:12:00-04:00,2026-08-12 11:20:49.533260-04:00,469.53326,1109.0,1.5149999856948853,1.5149999856948853
REBN,2026-08-12 11:14:00-04:00,2026-08-12 11:20:49.533260-04:00,349.53326,0.0,1.5,1.5
ENHA,2026-08-12 11:14:00-04:00,2026-08-12 11:20:49.533260-04:00,349.53326,233.0,2.1500000953674316,2.1500000953674316
ENHA,2026-08-12 11:15:00-04:00,2026-08-12 11:20:49.533260-04:00,289.53326,1653.0,2.1449999809265137,2.1500000953674316
ENHA,2026-08-12 11:16:00-04:00,2026-08-12 11:20:49.533260-04:00,229.53326,312.0,2.1498000621795654,2.148099899291992
ENHA,2026-08-12 11:18:00-04:00,2026-08-12 11:20:49.533260-04:00,109.53326,1131.0,2.1498000621795654,2.1449999809265137
ENHA,2026-08-12 11:19:00-04:00,2026-08-12 11:20:49.533260-04:00,49.53326,5974.0,2.1500000953674316,2.1549999713897705
ENHA,2026-08-12 11:20:00-04:00,2026-08-12 11:20:49.533260-04:00,-10.46674,0.0,2.1600000858306885,2.1600000858306885
MXCT,2026-08-12 11:11:00-04:00,2026-08-12 11:20:49.533260-04:00,529.53326,111.0,1.2450000047683716,1.2450000047683716
MXCT,2026-08-12 11:12:00-04:00,2026-08-12 11:20:49.533260-04:00,469.53326,518.0,1.2450000047683716,1.2450000047683716
MXCT,2026-08-12 11:15:00-04:00,2026-08-12 11:20:49.533260-04:00,289.53326,11343.0,1.2450000047683716,1.2599999904632568
MXCT,2026-08-12 11:16:00-04:00,2026-08-12 11:20:49.533260-04:00,229.53326,721.0,1.2549999952316284,1.2588000297546387
MXCT,2026-08-12 11:17:00-04:00,2026-08-12 11:20:49.533260-04:00,169.53326,117.0,1.2549999952316284,1.2549999952316284
MXCT,2026-08-12 11:18:00-04:00,2026-08-12 11:20:49.533260-04:00,109.53326,0.0,1.2549999952316284,1.2549999952316284
GRWG,2026-08-12 11:15:00-04:00,2026-08-12 11:20:49.533260-04:00,289.53326,4337.0,1.8625999689102173,1.8600000143051147
GRWG,2026-08-12 11:16:00-04:00,2026-08-12 11:20:49.533260-04:00,229.53326,8228.0,1.8650000095367432,1.8600000143051147
GRWG,2026-08-12 11:17:00-04:00,2026-08-12 11:20:49.533260-04:00,169.53326,1024.0,1.8650000095367432,1.8700000047683716
GRWG,2026-08-12 11:18:00-04:00,2026-08-12 11:20:49.533260-04:00,109.53326,25646.0,1.8700000047683716,1.8550000190734863
GRWG,2026-08-12 11:19:00-04:00,2026-08-12 11:20:49.533260-04:00,49.53326,2361.0,1.8508000373840332,1.8508000373840332
GRWG,2026-08-12 11:20:00-04:00,2026-08-12 11:20:49.533260-04:00,-10.46674,0.0,1.8600000143051147,1.8600000143051147
FEMY,2026-08-12 11:02:00-04:00,2026-08-12 11:20:49.533260-04:00,1069.53326,180.0,2.329900026321411,2.329900026321411
FEMY,2026-08-12 11:03:00-04:00,2026-08-12 11:20:49.533260-04:00,1009.53326,2181.0,2.3299999237060547,2.3299999237060547
FEMY,2026-08-12 11:11:00-04:00,2026-08-12 11:20:49.533260-04:00,529.53326,564.0,2.324700117111206,2.324700117111206
FEMY,2026-08-12 11:12:00-04:00,2026-08-12 11:20:49.533260-04:00,469.53326,0.0,2.3269999027252197,2.3269999027252197
FEMY,2026-08-12 11:19:00-04:00,2026-08-12 11:20:49.533260-04:00,49.53326,3774.0,2.3299999237060547,2.3299999237060547
FEMY,2026-08-12 11:20:00-04:00,2026-08-12 11:20:49.533260-04:00,-10.46674,0.0,2.3299999237060547,2.3299999237060547
DRMA,2026-08-12 11:15:00-04:00,2026-08-12 11:20:49.533260-04:00,289.53326,4602.0,1.320199966430664,1.326200008392334
DRMA,2026-08-12 11:16:00-04:00,2026-08-12 11:20:49.533260-04:00,229.53326,2005.0,1.3250000476837158,1.3250000476837158
DRMA,2026-08-12 11:17:00-04:00,2026-08-12 11:20:49.533260-04:00,169.53326,2910.0,1.320099949836731,1.320199966430664
DRMA,2026-08-12 11:18:00-04:00,2026-08-12 11:20:49.533260-04:00,109.53326,3659.0,1.320199966430664,1.3200000524520874
DRMA,2026-08-12 11:19:00-04:00,2026-08-12 11:20:49.533260-04:00,49.53326,5701.0,1.3250000476837158,1.3212000131607056
DRMA,2026-08-12 11:20:00-04:00,2026-08-12 11:20:49.533260-04:00,-10.46674,0.0,1.3200000524520874,1.3200000524520874
REBN,2026-08-12 10:55:00-04:00,2026-08-12 11:21:09.570686-04:00,1509.570686,907.0,1.5099999904632568,1.5099999904632568
REBN,2026-08-12 11:00:00-04:00,2026-08-12 11:21:09.570686-04:00,1209.570686,294.0,1.5099999904632568,1.5099999904632568
REBN,2026-08-12 11:01:00-04:00,2026-08-12 11:21:09.570686-04:00,1149.570686,11.0,1.5038000345230103,1.5038000345230103
REBN,2026-08-12 11:04:00-04:00,2026-08-12 11:21:09.570686-04:00,969.570686,1111.0,1.5099999904632568,1.4900000095367432
REBN,2026-08-12 11:12:00-04:00,2026-08-12 11:21:09.570686-04:00,489.570686,1109.0,1.5149999856948853,1.5149999856948853
REBN,2026-08-12 11:14:00-04:00,2026-08-12 11:21:09.570686-04:00,369.570686,0.0,1.5,1.5
ENHA,2026-08-12 11:14:00-04:00,2026-08-12 11:21:09.570686-04:00,369.570686,233.0,2.1500000953674316,2.1500000953674316
ENHA,2026-08-12 11:15:00-04:00,2026-08-12 11:21:09.570686-04:00,309.570686,1653.0,2.1449999809265137,2.1500000953674316
ENHA,2026-08-12 11:16:00-04:00,2026-08-12 11:21:09.570686-04:00,249.570686,312.0,2.1498000621795654,2.148099899291992
ENHA,2026-08-12 11:18:00-04:00,2026-08-12 11:21:09.570686-04:00,129.570686,1131.0,2.1498000621795654,2.1449999809265137
ENHA,2026-08-12 11:19:00-04:00,2026-08-12 11:21:09.570686-04:00,69.570686,5974.0,2.1500000953674316,2.1549999713897705
ENHA,2026-08-12 11:20:00-04:00,2026-08-12 11:21:09.570686-04:00,9.570686,0.0,2.1600000858306885,2.1600000858306885
DRMA,2026-08-12 11:15:00-04:00,2026-08-12 11:21:09.570686-04:00,309.570686,4602.0,1.320199966430664,1.326200008392334
DRMA,2026-08-12 11:16:00-04:00,2026-08-12 11:21:09.570686-04:00,249.570686,2005.0,1.3250000476837158,1.3250000476837158
DRMA,2026-08-12 11:17:00-04:00,2026-08-12 11:21:09.570686-04:00,189.570686,2910.0,1.320099949836731,1.320199966430664
DRMA,2026-08-12 11:18:00-04:00,2026-08-12 11:21:09.570686-04:00,129.570686,3659.0,1.320199966430664,1.3200000524520874
DRMA,2026-08-12 11:19:00-04:00,2026-08-12 11:21:09.570686-04:00,69.570686,5701.0,1.3250000476837158,1.3212000131607056
DRMA,2026-08-12 11:20:00-04:00,2026-08-12 11:21:09.570686-04:00,9.570686,0.0,1.320099949836731,1.320099949836731
MXCT,2026-08-12 11:12:00-04:00,2026-08-12 11:21:09.570686-04:00,489.570686,518.0,1.2450000047683716,1.2450000047683716
MXCT,2026-08-12 11:15:00-04:00,2026-08-12 11:21:09.570686-04:00,309.570686,11343.0,1.2450000047683716,1.2599999904632568
MXCT,2026-08-12 11:16:00-04:00,2026-08-12 11:21:09.570686-04:00,249.570686,721.0,1.2549999952316284,1.2588000297546387
MXCT,2026-08-12 11:17:00-04:00,2026-08-12 11:21:09.570686-04:00,189.570686,117.0,1.2549999952316284,1.2549999952316284
MXCT,2026-08-12 11:18:00-04:00,2026-08-12 11:21:09.570686-04:00,129.570686,3499.0,1.2549999952316284,1.2549999952316284
MXCT,2026-08-12 11:20:00-04:00,2026-08-12 11:21:09.570686-04:00,9.570686,0.0,1.25,1.25
BIVI,2026-08-12 11:09:00-04:00,2026-08-12 11:21:09.570686-04:00,669.570686,1044215.0,2.9625000953674316,2.799999952316284
BIVI,2026-08-12 11:10:00-04:00,2026-08-12 11:21:09.570686-04:00,609.570686,575756.0,2.800100088119507,2.70989990234375
BIVI,2026-08-12 11:11:00-04:00,2026-08-12 11:21:09.570686-04:00,549.570686,1350736.0,2.309999942779541,2.309999942779541
BIVI,2026-08-12 11:12:00-04:00,2026-08-12 11:21:09.570686-04:00,489.570686,1232306.0,2.309999942779541,2.119999885559082
BIVI,2026-08-12 11:13:00-04:00,2026-08-12 11:21:09.570686-04:00,429.570686,14566.0,2.119999885559082,2.119999885559082
BIVI,2026-08-12 11:18:00-04:00,2026-08-12 11:21:09.570686-04:00,129.570686,0.0,1.4900000095367432,1.4900000095367432
GRWG,2026-08-12 11:15:00-04:00,2026-08-12 11:21:09.570686-04:00,309.570686,4337.0,1.8625999689102173,1.8600000143051147
GRWG,2026-08-12 11:16:00-04:00,2026-08-12 11:21:09.570686-04:00,249.570686,8228.0,1.8650000095367432,1.8600000143051147
GRWG,2026-08-12 11:17:00-04:00,2026-08-12 11:21:09.570686-04:00,189.570686,1024.0,1.8650000095367432,1.8700000047683716
GRWG,2026-08-12 11:18:00-04:00,2026-08-12 11:21:09.570686-04:00,129.570686,25646.0,1.8700000047683716,1.8550000190734863
GRWG,2026-08-12 11:19:00-04:00,2026-08-12 11:21:09.570686-04:00,69.570686,2361.0,1.8508000373840332,1.8508000373840332
GRWG,2026-08-12 11:20:00-04:00,2026-08-12 11:21:09.570686-04:00,9.570686,0.0,1.8550000190734863,1.8550000190734863
VLN,2026-08-12 11:15:00-04:00,2026-08-12 11:21:09.570686-04:00,309.570686,510.0,1.8250000476837158,1.8250000476837158
VLN,2026-08-12 11:16:00-04:00,2026-08-12 11:21:09.570686-04:00,249.570686,3144.0,1.8300000429153442,1.8300000429153442
VLN,2026-08-12 11:17:00-04:00,2026-08-12 11:21:09.570686-04:00,189.570686,1407.0,1.8250000476837158,1.8299000263214111
VLN,2026-08-12 11:18:00-04:00,2026-08-12 11:21:09.570686-04:00,129.570686,6580.0,1.8300000429153442,1.8350000381469727
VLN,2026-08-12 11:19:00-04:00,2026-08-12 11:21:09.570686-04:00,69.570686,2393.0,1.8350000381469727,1.830299973487854
VLN,2026-08-12 11:20:00-04:00,2026-08-12 11:21:09.570686-04:00,9.570686,362.0,1.8350000381469727,1.8350000381469727
FEMY,2026-08-12 11:02:00-04:00,2026-08-12 11:21:09.570686-04:00,1089.570686,180.0,2.329900026321411,2.329900026321411
FEMY,2026-08-12 11:03:00-04:00,2026-08-12 11:21:09.570686-04:00,1029.570686,2181.0,2.3299999237060547,2.3299999237060547
FEMY,2026-08-12 11:11:00-04:00,2026-08-12 11:21:09.570686-04:00,549.570686,564.0,2.324700117111206,2.324700117111206
FEMY,2026-08-12 11:12:00-04:00,2026-08-12 11:21:09.570686-04:00,489.570686,0.0,2.3269999027252197,2.3269999027252197
FEMY,2026-08-12 11:19:00-04:00,2026-08-12 11:21:09.570686-04:00,69.570686,3774.0,2.3299999237060547,2.3299999237060547
FEMY,2026-08-12 11:20:00-04:00,2026-08-12 11:21:09.570686-04:00,9.570686,0.0,2.3299999237060547,2.3299999237060547
REBN,2026-08-12 10:55:00-04:00,2026-08-12 11:21:29.605367-04:00,1529.605367,907.0,1.5099999904632568,1.5099999904632568
REBN,2026-08-12 11:00:00-04:00,2026-08-12 11:21:29.605367-04:00,1229.605367,294.0,1.5099999904632568,1.5099999904632568
REBN,2026-08-12 11:01:00-04:00,2026-08-12 11:21:29.605367-04:00,1169.605367,11.0,1.5038000345230103,1.5038000345230103
REBN,2026-08-12 11:04:00-04:00,2026-08-12 11:21:29.605367-04:00,989.605367,1111.0,1.5099999904632568,1.4900000095367432
REBN,2026-08-12 11:12:00-04:00,2026-08-12 11:21:29.605367-04:00,509.605367,1109.0,1.5149999856948853,1.5149999856948853
REBN,2026-08-12 11:14:00-04:00,2026-08-12 11:21:29.605367-04:00,389.605367,0.0,1.5,1.5
DRMA,2026-08-12 11:16:00-04:00,2026-08-12 11:21:29.605367-04:00,269.605367,2005.0,1.3250000476837158,1.3250000476837158
DRMA,2026-08-12 11:17:00-04:00,2026-08-12 11:21:29.605367-04:00,209.605367,2910.0,1.320099949836731,1.320199966430664
DRMA,2026-08-12 11:18:00-04:00,2026-08-12 11:21:29.605367-04:00,149.605367,3659.0,1.320199966430664,1.3200000524520874
DRMA,2026-08-12 11:19:00-04:00,2026-08-12 11:21:29.605367-04:00,89.605367,5701.0,1.3250000476837158,1.3212000131607056
DRMA,2026-08-12 11:20:00-04:00,2026-08-12 11:21:29.605367-04:00,29.605367,1451.0,1.3220000267028809,1.320099949836731
DRMA,2026-08-12 11:21:00-04:00,2026-08-12 11:21:29.605367-04:00,-30.394633,0.0,1.3299000263214111,1.3299000263214111
ENHA,2026-08-12 11:14:00-04:00,2026-08-12 11:21:29.605367-04:00,389.605367,233.0,2.1500000953674316,2.1500000953674316
ENHA,2026-08-12 11:15:00-04:00,2026-08-12 11:21:29.605367-04:00,329.605367,1653.0,2.1449999809265137,2.1500000953674316
ENHA,2026-08-12 11:16:00-04:00,2026-08-12 11:21:29.605367-04:00,269.605367,312.0,2.1498000621795654,2.148099899291992
ENHA,2026-08-12 11:18:00-04:00,2026-08-12 11:21:29.605367-04:00,149.605367,1131.0,2.1498000621795654,2.1449999809265137
ENHA,2026-08-12 11:19:00-04:00,2026-08-12 11:21:29.605367-04:00,89.605367,5974.0,2.1500000953674316,2.1549999713897705
ENHA,2026-08-12 11:20:00-04:00,2026-08-12 11:21:29.605367-04:00,29.605367,0.0,2.1600000858306885,2.1600000858306885
MXCT,2026-08-12 11:15:00-04:00,2026-08-12 11:21:29.605367-04:00,329.605367,11343.0,1.2450000047683716,1.2599999904632568
MXCT,2026-08-12 11:16:00-04:00,2026-08-12 11:21:29.605367-04:00,269.605367,721.0,1.2549999952316284,1.2588000297546387
MXCT,2026-08-12 11:17:00-04:00,2026-08-12 11:21:29.605367-04:00,209.605367,117.0,1.2549999952316284,1.2549999952316284
MXCT,2026-08-12 11:18:00-04:00,2026-08-12 11:21:29.605367-04:00,149.605367,3499.0,1.2549999952316284,1.2549999952316284
MXCT,2026-08-12 11:20:00-04:00,2026-08-12 11:21:29.605367-04:00,29.605367,471.0,1.2549999952316284,1.25
MXCT,2026-08-12 11:21:00-04:00,2026-08-12 11:21:29.605367-04:00,-30.394633,0.0,1.250100016593933,1.250100016593933
GRWG,2026-08-12 11:15:00-04:00,2026-08-12 11:21:29.605367-04:00,329.605367,4337.0,1.8625999689102173,1.8600000143051147
GRWG,2026-08-12 11:16:00-04:00,2026-08-12 11:21:29.605367-04:00,269.605367,8228.0,1.8650000095367432,1.8600000143051147
GRWG,2026-08-12 11:17:00-04:00,2026-08-12 11:21:29.605367-04:00,209.605367,1024.0,1.8650000095367432,1.8700000047683716
GRWG,2026-08-12 11:18:00-04:00,2026-08-12 11:21:29.605367-04:00,149.605367,25646.0,1.8700000047683716,1.8550000190734863
GRWG,2026-08-12 11:19:00-04:00,2026-08-12 11:21:29.605367-04:00,89.605367,2361.0,1.8508000373840332,1.8508000373840332
GRWG,2026-08-12 11:20:00-04:00,2026-08-12 11:21:29.605367-04:00,29.605367,0.0,1.8550000190734863,1.8550000190734863
BIVI,2026-08-12 11:09:00-04:00,2026-08-12 11:21:29.605367-04:00,689.605367,1044215.0,2.9625000953674316,2.799999952316284
BIVI,2026-08-12 11:10:00-04:00,2026-08-12 11:21:29.605367-04:00,629.605367,575756.0,2.800100088119507,2.70989990234375
BIVI,2026-08-12 11:11:00-04:00,2026-08-12 11:21:29.605367-04:00,569.605367,1350736.0,2.309999942779541,2.309999942779541
BIVI,2026-08-12 11:12:00-04:00,2026-08-12 11:21:29.605367-04:00,509.605367,1232306.0,2.309999942779541,2.119999885559082
BIVI,2026-08-12 11:13:00-04:00,2026-08-12 11:21:29.605367-04:00,449.605367,14566.0,2.119999885559082,2.119999885559082
BIVI,2026-08-12 11:18:00-04:00,2026-08-12 11:21:29.605367-04:00,149.605367,0.0,1.4900000095367432,1.4900000095367432
FEMY,2026-08-12 11:02:00-04:00,2026-08-12 11:21:29.605367-04:00,1109.605367,180.0,2.329900026321411,2.329900026321411
FEMY,2026-08-12 11:03:00-04:00,2026-08-12 11:21:29.605367-04:00,1049.605367,2181.0,2.3299999237060547,2.3299999237060547
FEMY,2026-08-12 11:11:00-04:00,2026-08-12 11:21:29.605367-04:00,569.605367,564.0,2.324700117111206,2.324700117111206
FEMY,2026-08-12 11:12:00-04:00,2026-08-12 11:21:29.605367-04:00,509.605367,0.0,2.3269999027252197,2.3269999027252197
FEMY,2026-08-12 11:19:00-04:00,2026-08-12 11:21:29.605367-04:00,89.605367,3774.0,2.3299999237060547,2.3299999237060547
FEMY,2026-08-12 11:20:00-04:00,2026-08-12 11:21:29.605367-04:00,29.605367,0.0,2.3299999237060547,2.3299999237060547
VLN,2026-08-12 11:15:00-04:00,2026-08-12 11:21:29.605367-04:00,329.605367,510.0,1.8250000476837158,1.8250000476837158
VLN,2026-08-12 11:16:00-04:00,2026-08-12 11:21:29.605367-04:00,269.605367,3144.0,1.8300000429153442,1.8300000429153442
VLN,2026-08-12 11:17:00-04:00,2026-08-12 11:21:29.605367-04:00,209.605367,1407.0,1.8250000476837158,1.8299000263214111
VLN,2026-08-12 11:18:00-04:00,2026-08-12 11:21:29.605367-04:00,149.605367,6580.0,1.8300000429153442,1.8350000381469727
VLN,2026-08-12 11:19:00-04:00,2026-08-12 11:21:29.605367-04:00,89.605367,2393.0,1.8350000381469727,1.830299973487854
VLN,2026-08-12 11:20:00-04:00,2026-08-12 11:21:29.605367-04:00,29.605367,362.0,1.8350000381469727,1.8350000381469727
REBN,2026-08-12 10:55:00-04:00,2026-08-12 11:21:49.641019-04:00,1549.641019,907.0,1.5099999904632568,1.5099999904632568
REBN,2026-08-12 11:00:00-04:00,2026-08-12 11:21:49.641019-04:00,1249.641019,294.0,1.5099999904632568,1.5099999904632568
REBN,2026-08-12 11:01:00-04:00,2026-08-12 11:21:49.641019-04:00,1189.641019,11.0,1.5038000345230103,1.5038000345230103
REBN,2026-08-12 11:04:00-04:00,2026-08-12 11:21:49.641019-04:00,1009.641019,1111.0,1.5099999904632568,1.4900000095367432
REBN,2026-08-12 11:12:00-04:00,2026-08-12 11:21:49.641019-04:00,529.641019,1109.0,1.5149999856948853,1.5149999856948853
REBN,2026-08-12 11:14:00-04:00,2026-08-12 11:21:49.641019-04:00,409.64101900000003,0.0,1.5,1.5
MXCT,2026-08-12 11:15:00-04:00,2026-08-12 11:21:49.641019-04:00,349.64101900000003,11343.0,1.2450000047683716,1.2599999904632568
MXCT,2026-08-12 11:16:00-04:00,2026-08-12 11:21:49.641019-04:00,289.64101900000003,721.0,1.2549999952316284,1.2588000297546387
MXCT,2026-08-12 11:17:00-04:00,2026-08-12 11:21:49.641019-04:00,229.641019,117.0,1.2549999952316284,1.2549999952316284
MXCT,2026-08-12 11:18:00-04:00,2026-08-12 11:21:49.641019-04:00,169.641019,3499.0,1.2549999952316284,1.2549999952316284
MXCT,2026-08-12 11:20:00-04:00,2026-08-12 11:21:49.641019-04:00,49.641019,471.0,1.2549999952316284,1.25
MXCT,2026-08-12 11:21:00-04:00,2026-08-12 11:21:49.641019-04:00,-10.358981,0.0,1.250100016593933,1.250100016593933
VLN,2026-08-12 11:15:00-04:00,2026-08-12 11:21:49.641019-04:00,349.64101900000003,510.0,1.8250000476837158,1.8250000476837158
VLN,2026-08-12 11:16:00-04:00,2026-08-12 11:21:49.641019-04:00,289.64101900000003,3144.0,1.8300000429153442,1.8300000429153442
VLN,2026-08-12 11:17:00-04:00,2026-08-12 11:21:49.641019-04:00,229.641019,1407.0,1.8250000476837158,1.8299000263214111
VLN,2026-08-12 11:18:00-04:00,2026-08-12 11:21:49.641019-04:00,169.641019,6580.0,1.8300000429153442,1.8350000381469727
VLN,2026-08-12 11:19:00-04:00,2026-08-12 11:21:49.641019-04:00,109.641019,2393.0,1.8350000381469727,1.830299973487854
VLN,2026-08-12 11:20:00-04:00,2026-08-12 11:21:49.641019-04:00,49.641019,362.0,1.8350000381469727,1.8350000381469727
FEMY,2026-08-12 11:03:00-04:00,2026-08-12 11:21:49.641019-04:00,1069.641019,2181.0,2.3299999237060547,2.3299999237060547
FEMY,2026-08-12 11:11:00-04:00,2026-08-12 11:21:49.641019-04:00,589.641019,564.0,2.324700117111206,2.324700117111206
FEMY,2026-08-12 11:12:00-04:00,2026-08-12 11:21:49.641019-04:00,529.641019,0.0,2.3269999027252197,2.3269999027252197
FEMY,2026-08-12 11:19:00-04:00,2026-08-12 11:21:49.641019-04:00,109.641019,3774.0,2.3299999237060547,2.3299999237060547
FEMY,2026-08-12 11:20:00-04:00,2026-08-12 11:21:49.641019-04:00,49.641019,4365.0,2.3299999237060547,2.3299999237060547
FEMY,2026-08-12 11:21:00-04:00,2026-08-12 11:21:49.641019-04:00,-10.358981,0.0,2.325000047683716,2.325000047683716
ENHA,2026-08-12 11:14:00-04:00,2026-08-12 11:21:49.641019-04:00,409.64101900000003,233.0,2.1500000953674316,2.1500000953674316
ENHA,2026-08-12 11:15:00-04:00,2026-08-12 11:21:49.641019-04:00,349.64101900000003,1653.0,2.1449999809265137,2.1500000953674316
ENHA,2026-08-12 11:16:00-04:00,2026-08-12 11:21:49.641019-04:00,289.64101900000003,312.0,2.1498000621795654,2.148099899291992
ENHA,2026-08-12 11:18:00-04:00,2026-08-12 11:21:49.641019-04:00,169.641019,1131.0,2.1498000621795654,2.1449999809265137
ENHA,2026-08-12 11:19:00-04:00,2026-08-12 11:21:49.641019-04:00,109.641019,5974.0,2.1500000953674316,2.1549999713897705
ENHA,2026-08-12 11:20:00-04:00,2026-08-12 11:21:49.641019-04:00,49.641019,0.0,2.1600000858306885,2.1600000858306885
DRMA,2026-08-12 11:16:00-04:00,2026-08-12 11:21:49.641019-04:00,289.64101900000003,2005.0,1.3250000476837158,1.3250000476837158
DRMA,2026-08-12 11:17:00-04:00,2026-08-12 11:21:49.641019-04:00,229.641019,2910.0,1.320099949836731,1.320199966430664
DRMA,2026-08-12 11:18:00-04:00,2026-08-12 11:21:49.641019-04:00,169.641019,3659.0,1.320199966430664,1.3200000524520874
DRMA,2026-08-12 11:19:00-04:00,2026-08-12 11:21:49.641019-04:00,109.641019,5701.0,1.3250000476837158,1.3212000131607056
DRMA,2026-08-12 11:20:00-04:00,2026-08-12 11:21:49.641019-04:00,49.641019,1451.0,1.3220000267028809,1.320099949836731
DRMA,2026-08-12 11:21:00-04:00,2026-08-12 11:21:49.641019-04:00,-10.358981,0.0,1.3202999830245972,1.3202999830245972
GRWG,2026-08-12 11:16:00-04:00,2026-08-12 11:21:49.641019-04:00,289.64101900000003,8228.0,1.8650000095367432,1.8600000143051147
GRWG,2026-08-12 11:17:00-04:00,2026-08-12 11:21:49.641019-04:00,229.641019,1024.0,1.8650000095367432,1.8700000047683716
GRWG,2026-08-12 11:18:00-04:00,2026-08-12 11:21:49.641019-04:00,169.641019,25646.0,1.8700000047683716,1.8550000190734863
GRWG,2026-08-12 11:19:00-04:00,2026-08-12 11:21:49.641019-04:00,109.641019,2361.0,1.8508000373840332,1.8508000373840332
GRWG,2026-08-12 11:20:00-04:00,2026-08-12 11:21:49.641019-04:00,49.641019,1542.0,1.850000023841858,1.8550000190734863
GRWG,2026-08-12 11:21:00-04:00,2026-08-12 11:21:49.641019-04:00,-10.358981,0.0,1.8650000095367432,1.8650000095367432
BIVI,2026-08-12 11:09:00-04:00,2026-08-12 11:21:49.641019-04:00,709.641019,1044215.0,2.9625000953674316,2.799999952316284
BIVI,2026-08-12 11:10:00-04:00,2026-08-12 11:21:49.641019-04:00,649.641019,575756.0,2.800100088119507,2.70989990234375
BIVI,2026-08-12 11:11:00-04:00,2026-08-12 11:21:49.641019-04:00,589.641019,1350736.0,2.309999942779541,2.309999942779541
BIVI,2026-08-12 11:12:00-04:00,2026-08-12 11:21:49.641019-04:00,529.641019,1232306.0,2.309999942779541,2.119999885559082
BIVI,2026-08-12 11:13:00-04:00,2026-08-12 11:21:49.641019-04:00,469.64101900000003,14566.0,2.119999885559082,2.119999885559082
BIVI,2026-08-12 11:18:00-04:00,2026-08-12 11:21:49.641019-04:00,169.641019,0.0,1.4900000095367432,1.4900000095367432
VLN,2026-08-12 11:15:00-04:00,2026-08-12 11:22:09.705035-04:00,369.705035,510.0,1.8250000476837158,1.8250000476837158
VLN,2026-08-12 11:16:00-04:00,2026-08-12 11:22:09.705035-04:00,309.705035,3144.0,1.8300000429153442,1.8300000429153442
VLN,2026-08-12 11:17:00-04:00,2026-08-12 11:22:09.705035-04:00,249.705035,1407.0,1.8250000476837158,1.8299000263214111
VLN,2026-08-12 11:18:00-04:00,2026-08-12 11:22:09.705035-04:00,189.705035,6580.0,1.8300000429153442,1.8350000381469727
VLN,2026-08-12 11:19:00-04:00,2026-08-12 11:22:09.705035-04:00,129.705035,2393.0,1.8350000381469727,1.830299973487854
VLN,2026-08-12 11:20:00-04:00,2026-08-12 11:22:09.705035-04:00,69.705035,362.0,1.8350000381469727,1.8350000381469727
DRMA,2026-08-12 11:16:00-04:00,2026-08-12 11:22:09.705035-04:00,309.705035,2005.0,1.3250000476837158,1.3250000476837158
DRMA,2026-08-12 11:17:00-04:00,2026-08-12 11:22:09.705035-04:00,249.705035,2910.0,1.320099949836731,1.320199966430664
DRMA,2026-08-12 11:18:00-04:00,2026-08-12 11:22:09.705035-04:00,189.705035,3659.0,1.320199966430664,1.3200000524520874
DRMA,2026-08-12 11:19:00-04:00,2026-08-12 11:22:09.705035-04:00,129.705035,5701.0,1.3250000476837158,1.3212000131607056
DRMA,2026-08-12 11:20:00-04:00,2026-08-12 11:22:09.705035-04:00,69.705035,1451.0,1.3220000267028809,1.320099949836731
DRMA,2026-08-12 11:21:00-04:00,2026-08-12 11:22:09.705035-04:00,9.705035,0.0,1.3202999830245972,1.3202999830245972
REBN,2026-08-12 10:55:00-04:00,2026-08-12 11:22:09.705035-04:00,1569.705035,907.0,1.5099999904632568,1.5099999904632568
REBN,2026-08-12 11:00:00-04:00,2026-08-12 11:22:09.705035-04:00,1269.705035,294.0,1.5099999904632568,1.5099999904632568
REBN,2026-08-12 11:01:00-04:00,2026-08-12 11:22:09.705035-04:00,1209.705035,11.0,1.5038000345230103,1.5038000345230103
REBN,2026-08-12 11:04:00-04:00,2026-08-12 11:22:09.705035-04:00,1029.705035,1111.0,1.5099999904632568,1.4900000095367432
REBN,2026-08-12 11:12:00-04:00,2026-08-12 11:22:09.705035-04:00,549.705035,1109.0,1.5149999856948853,1.5149999856948853
REBN,2026-08-12 11:14:00-04:00,2026-08-12 11:22:09.705035-04:00,429.705035,0.0,1.5,1.5
MXCT,2026-08-12 11:15:00-04:00,2026-08-12 11:22:09.705035-04:00,369.705035,11343.0,1.2450000047683716,1.2599999904632568
MXCT,2026-08-12 11:16:00-04:00,2026-08-12 11:22:09.705035-04:00,309.705035,721.0,1.2549999952316284,1.2588000297546387
MXCT,2026-08-12 11:17:00-04:00,2026-08-12 11:22:09.705035-04:00,249.705035,117.0,1.2549999952316284,1.2549999952316284
MXCT,2026-08-12 11:18:00-04:00,2026-08-12 11:22:09.705035-04:00,189.705035,3499.0,1.2549999952316284,1.2549999952316284
MXCT,2026-08-12 11:20:00-04:00,2026-08-12 11:22:09.705035-04:00,69.705035,471.0,1.2549999952316284,1.25
MXCT,2026-08-12 11:21:00-04:00,2026-08-12 11:22:09.705035-04:00,9.705035,0.0,1.250100016593933,1.250100016593933
FEMY,2026-08-12 11:03:00-04:00,2026-08-12 11:22:09.705035-04:00,1089.705035,2181.0,2.3299999237060547,2.3299999237060547
FEMY,2026-08-12 11:11:00-04:00,2026-08-12 11:22:09.705035-04:00,609.705035,564.0,2.324700117111206,2.324700117111206
FEMY,2026-08-12 11:12:00-04:00,2026-08-12 11:22:09.705035-04:00,549.705035,0.0,2.3269999027252197,2.3269999027252197
FEMY,2026-08-12 11:19:00-04:00,2026-08-12 11:22:09.705035-04:00,129.705035,3774.0,2.3299999237060547,2.3299999237060547
FEMY,2026-08-12 11:20:00-04:00,2026-08-12 11:22:09.705035-04:00,69.705035,4365.0,2.3299999237060547,2.3299999237060547
FEMY,2026-08-12 11:21:00-04:00,2026-08-12 11:22:09.705035-04:00,9.705035,0.0,2.325000047683716,2.325000047683716
ENHA,2026-08-12 11:14:00-04:00,2026-08-12 11:22:09.705035-04:00,429.705035,233.0,2.1500000953674316,2.1500000953674316
ENHA,2026-08-12 11:15:00-04:00,2026-08-12 11:22:09.705035-04:00,369.705035,1653.0,2.1449999809265137,2.1500000953674316
ENHA,2026-08-12 11:16:00-04:00,2026-08-12 11:22:09.705035-04:00,309.705035,312.0,2.1498000621795654,2.148099899291992
ENHA,2026-08-12 11:18:00-04:00,2026-08-12 11:22:09.705035-04:00,189.705035,1131.0,2.1498000621795654,2.1449999809265137
ENHA,2026-08-12 11:19:00-04:00,2026-08-12 11:22:09.705035-04:00,129.705035,5974.0,2.1500000953674316,2.1549999713897705
ENHA,2026-08-12 11:20:00-04:00,2026-08-12 11:22:09.705035-04:00,69.705035,0.0,2.1600000858306885,2.1600000858306885
BIVI,2026-08-12 11:09:00-04:00,2026-08-12 11:22:09.705035-04:00,729.705035,1044215.0,2.9625000953674316,2.799999952316284
BIVI,2026-08-12 11:10:00-04:00,2026-08-12 11:22:09.705035-04:00,669.705035,575756.0,2.800100088119507,2.70989990234375
BIVI,2026-08-12 11:11:00-04:00,2026-08-12 11:22:09.705035-04:00,609.705035,1350736.0,2.694999933242798,2.309999942779541
BIVI,2026-08-12 11:12:00-04:00,2026-08-12 11:22:09.705035-04:00,549.705035,1232180.0,2.309999942779541,2.119999885559082
BIVI,2026-08-12 11:13:00-04:00,2026-08-12 11:22:09.705035-04:00,489.705035,14566.0,2.119999885559082,2.119999885559082
BIVI,2026-08-12 11:18:00-04:00,2026-08-12 11:22:09.705035-04:00,189.705035,0.0,1.4900000095367432,1.4900000095367432
GRWG,2026-08-12 11:16:00-04:00,2026-08-12 11:22:09.705035-04:00,309.705035,8228.0,1.8650000095367432,1.8600000143051147
GRWG,2026-08-12 11:17:00-04:00,2026-08-12 11:22:09.705035-04:00,249.705035,1024.0,1.8650000095367432,1.8700000047683716
GRWG,2026-08-12 11:18:00-04:00,2026-08-12 11:22:09.705035-04:00,189.705035,25646.0,1.8700000047683716,1.8550000190734863
GRWG,2026-08-12 11:19:00-04:00,2026-08-12 11:22:09.705035-04:00,129.705035,2361.0,1.8508000373840332,1.8508000373840332
GRWG,2026-08-12 11:20:00-04:00,2026-08-12 11:22:09.705035-04:00,69.705035,1542.0,1.850000023841858,1.8550000190734863
GRWG,2026-08-12 11:21:00-04:00,2026-08-12 11:22:09.705035-04:00,9.705035,0.0,1.8700000047683716,1.8700000047683716
FEMY,2026-08-12 11:03:00-04:00,2026-08-12 11:22:29.744589-04:00,1109.744589,2181.0,2.3299999237060547,2.3299999237060547
FEMY,2026-08-12 11:11:00-04:00,2026-08-12 11:22:29.744589-04:00,629.744589,564.0,2.324700117111206,2.324700117111206
FEMY,2026-08-12 11:12:00-04:00,2026-08-12 11:22:29.744589-04:00,569.744589,0.0,2.3269999027252197,2.3269999027252197
FEMY,2026-08-12 11:19:00-04:00,2026-08-12 11:22:29.744589-04:00,149.744589,3774.0,2.3299999237060547,2.3299999237060547
FEMY,2026-08-12 11:20:00-04:00,2026-08-12 11:22:29.744589-04:00,89.744589,4365.0,2.3299999237060547,2.3299999237060547
FEMY,2026-08-12 11:21:00-04:00,2026-08-12 11:22:29.744589-04:00,29.744589,0.0,2.325000047683716,2.325000047683716
BIVI,2026-08-12 11:09:00-04:00,2026-08-12 11:22:29.744589-04:00,749.744589,1044215.0,2.9625000953674316,2.799999952316284
BIVI,2026-08-12 11:10:00-04:00,2026-08-12 11:22:29.744589-04:00,689.744589,575756.0,2.800100088119507,2.70989990234375
BIVI,2026-08-12 11:11:00-04:00,2026-08-12 11:22:29.744589-04:00,629.744589,1350736.0,2.694999933242798,2.309999942779541
BIVI,2026-08-12 11:12:00-04:00,2026-08-12 11:22:29.744589-04:00,569.744589,1232180.0,2.309999942779541,2.119999885559082
BIVI,2026-08-12 11:13:00-04:00,2026-08-12 11:22:29.744589-04:00,509.744589,14566.0,2.119999885559082,2.119999885559082
BIVI,2026-08-12 11:18:00-04:00,2026-08-12 11:22:29.744589-04:00,209.744589,0.0,1.4900000095367432,1.4900000095367432
VLN,2026-08-12 11:15:00-04:00,2026-08-12 11:22:29.744589-04:00,389.744589,510.0,1.8250000476837158,1.8250000476837158
VLN,2026-08-12 11:16:00-04:00,2026-08-12 11:22:29.744589-04:00,329.744589,3144.0,1.8300000429153442,1.8300000429153442
VLN,2026-08-12 11:17:00-04:00,2026-08-12 11:22:29.744589-04:00,269.744589,1407.0,1.8250000476837158,1.8299000263214111
VLN,2026-08-12 11:18:00-04:00,2026-08-12 11:22:29.744589-04:00,209.744589,6580.0,1.8300000429153442,1.8350000381469727
VLN,2026-08-12 11:19:00-04:00,2026-08-12 11:22:29.744589-04:00,149.744589,2393.0,1.8350000381469727,1.830299973487854
VLN,2026-08-12 11:20:00-04:00,2026-08-12 11:22:29.744589-04:00,89.744589,362.0,1.8350000381469727,1.8350000381469727
DRMA,2026-08-12 11:17:00-04:00,2026-08-12 11:22:29.744589-04:00,269.744589,2910.0,1.320099949836731,1.320199966430664
DRMA,2026-08-12 11:18:00-04:00,2026-08-12 11:22:29.744589-04:00,209.744589,3659.0,1.320199966430664,1.3200000524520874
DRMA,2026-08-12 11:19:00-04:00,2026-08-12 11:22:29.744589-04:00,149.744589,5701.0,1.3250000476837158,1.3212000131607056
DRMA,2026-08-12 11:20:00-04:00,2026-08-12 11:22:29.744589-04:00,89.744589,1451.0,1.3220000267028809,1.320099949836731
DRMA,2026-08-12 11:21:00-04:00,2026-08-12 11:22:29.744589-04:00,29.744589,5795.0,1.3299000263214111,1.3202999830245972
DRMA,2026-08-12 11:22:00-04:00,2026-08-12 11:22:29.744589-04:00,-30.255411,0.0,1.3200000524520874,1.3200000524520874
REBN,2026-08-12 10:55:00-04:00,2026-08-12 11:22:29.744589-04:00,1589.744589,907.0,1.5099999904632568,1.5099999904632568
REBN,2026-08-12 11:00:00-04:00,2026-08-12 11:22:29.744589-04:00,1289.744589,294.0,1.5099999904632568,1.5099999904632568
REBN,2026-08-12 11:01:00-04:00,2026-08-12 11:22:29.744589-04:00,1229.744589,11.0,1.5038000345230103,1.5038000345230103
REBN,2026-08-12 11:04:00-04:00,2026-08-12 11:22:29.744589-04:00,1049.744589,1111.0,1.5099999904632568,1.4900000095367432
REBN,2026-08-12 11:12:00-04:00,2026-08-12 11:22:29.744589-04:00,569.744589,1109.0,1.5149999856948853,1.5149999856948853
REBN,2026-08-12 11:14:00-04:00,2026-08-12 11:22:29.744589-04:00,449.744589,0.0,1.5,1.5
GRWG,2026-08-12 11:17:00-04:00,2026-08-12 11:22:29.744589-04:00,269.744589,1024.0,1.8650000095367432,1.8700000047683716
GRWG,2026-08-12 11:18:00-04:00,2026-08-12 11:22:29.744589-04:00,209.744589,25646.0,1.8700000047683716,1.8550000190734863
GRWG,2026-08-12 11:19:00-04:00,2026-08-12 11:22:29.744589-04:00,149.744589,2361.0,1.8508000373840332,1.8508000373840332
GRWG,2026-08-12 11:20:00-04:00,2026-08-12 11:22:29.744589-04:00,89.744589,1542.0,1.850000023841858,1.8550000190734863
GRWG,2026-08-12 11:21:00-04:00,2026-08-12 11:22:29.744589-04:00,29.744589,20031.0,1.8550000190734863,1.8700000047683716
GRWG,2026-08-12 11:22:00-04:00,2026-08-12 11:22:29.744589-04:00,-30.255411,0.0,1.8792999982833862,1.8792999982833862
MXCT,2026-08-12 11:16:00-04:00,2026-08-12 11:22:29.744589-04:00,329.744589,721.0,1.2549999952316284,1.2588000297546387
MXCT,2026-08-12 11:17:00-04:00,2026-08-12 11:22:29.744589-04:00,269.744589,117.0,1.2549999952316284,1.2549999952316284
MXCT,2026-08-12 11:18:00-04:00,2026-08-12 11:22:29.744589-04:00,209.744589,3499.0,1.2549999952316284,1.2549999952316284
MXCT,2026-08-12 11:20:00-04:00,2026-08-12 11:22:29.744589-04:00,89.744589,471.0,1.2549999952316284,1.25
MXCT,2026-08-12 11:21:00-04:00,2026-08-12 11:22:29.744589-04:00,29.744589,1160.0,1.250100016593933,1.250100016593933
MXCT,2026-08-12 11:22:00-04:00,2026-08-12 11:22:29.744589-04:00,-30.255411,0.0,1.2549999952316284,1.2549999952316284
ENHA,2026-08-12 11:15:00-04:00,2026-08-12 11:22:29.744589-04:00,389.744589,1653.0,2.1449999809265137,2.1500000953674316
ENHA,2026-08-12 11:16:00-04:00,2026-08-12 11:22:29.744589-04:00,329.744589,312.0,2.1498000621795654,2.148099899291992
ENHA,2026-08-12 11:18:00-04:00,2026-08-12 11:22:29.744589-04:00,209.744589,1131.0,2.1498000621795654,2.1449999809265137
ENHA,2026-08-12 11:19:00-04:00,2026-08-12 11:22:29.744589-04:00,149.744589,5974.0,2.1500000953674316,2.1549999713897705
ENHA,2026-08-12 11:20:00-04:00,2026-08-12 11:22:29.744589-04:00,89.744589,2591.0,2.1602001190185547,2.1600000858306885
ENHA,2026-08-12 11:22:00-04:00,2026-08-12 11:22:29.744589-04:00,-30.255411,0.0,2.1700000762939453,2.1700000762939453
GRWG,2026-08-12 11:17:00-04:00,2026-08-12 11:22:49.785385-04:00,289.785385,1024.0,1.8650000095367432,1.8700000047683716
GRWG,2026-08-12 11:18:00-04:00,2026-08-12 11:22:49.785385-04:00,229.785385,25646.0,1.8700000047683716,1.8550000190734863
GRWG,2026-08-12 11:19:00-04:00,2026-08-12 11:22:49.785385-04:00,169.785385,2361.0,1.8508000373840332,1.8508000373840332
GRWG,2026-08-12 11:20:00-04:00,2026-08-12 11:22:49.785385-04:00,109.785385,1542.0,1.850000023841858,1.8550000190734863
GRWG,2026-08-12 11:21:00-04:00,2026-08-12 11:22:49.785385-04:00,49.785385,20031.0,1.8550000190734863,1.8700000047683716
GRWG,2026-08-12 11:22:00-04:00,2026-08-12 11:22:49.785385-04:00,-10.214615,0.0,1.878999948501587,1.878999948501587
VLN,2026-08-12 11:15:00-04:00,2026-08-12 11:22:49.785385-04:00,409.785385,510.0,1.8250000476837158,1.8250000476837158
VLN,2026-08-12 11:16:00-04:00,2026-08-12 11:22:49.785385-04:00,349.785385,3144.0,1.8300000429153442,1.8300000429153442
VLN,2026-08-12 11:17:00-04:00,2026-08-12 11:22:49.785385-04:00,289.785385,1407.0,1.8250000476837158,1.8299000263214111
VLN,2026-08-12 11:18:00-04:00,2026-08-12 11:22:49.785385-04:00,229.785385,6580.0,1.8300000429153442,1.8350000381469727
VLN,2026-08-12 11:19:00-04:00,2026-08-12 11:22:49.785385-04:00,169.785385,2393.0,1.8350000381469727,1.830299973487854
VLN,2026-08-12 11:20:00-04:00,2026-08-12 11:22:49.785385-04:00,109.785385,362.0,1.8350000381469727,1.8350000381469727
REBN,2026-08-12 10:55:00-04:00,2026-08-12 11:22:49.785385-04:00,1609.785385,907.0,1.5099999904632568,1.5099999904632568
REBN,2026-08-12 11:00:00-04:00,2026-08-12 11:22:49.785385-04:00,1309.785385,294.0,1.5099999904632568,1.5099999904632568
REBN,2026-08-12 11:01:00-04:00,2026-08-12 11:22:49.785385-04:00,1249.785385,11.0,1.5038000345230103,1.5038000345230103
REBN,2026-08-12 11:04:00-04:00,2026-08-12 11:22:49.785385-04:00,1069.785385,1111.0,1.5099999904632568,1.4900000095367432
REBN,2026-08-12 11:12:00-04:00,2026-08-12 11:22:49.785385-04:00,589.785385,1109.0,1.5149999856948853,1.5149999856948853
REBN,2026-08-12 11:14:00-04:00,2026-08-12 11:22:49.785385-04:00,469.785385,0.0,1.5,1.5
BIVI,2026-08-12 11:09:00-04:00,2026-08-12 11:22:49.785385-04:00,769.785385,1044215.0,2.9625000953674316,2.799999952316284
BIVI,2026-08-12 11:10:00-04:00,2026-08-12 11:22:49.785385-04:00,709.785385,575756.0,2.800100088119507,2.70989990234375
BIVI,2026-08-12 11:11:00-04:00,2026-08-12 11:22:49.785385-04:00,649.785385,1350736.0,2.309999942779541,2.309999942779541
BIVI,2026-08-12 11:12:00-04:00,2026-08-12 11:22:49.785385-04:00,589.785385,1232306.0,2.309999942779541,2.119999885559082
BIVI,2026-08-12 11:13:00-04:00,2026-08-12 11:22:49.785385-04:00,529.785385,14566.0,2.119999885559082,2.119999885559082
BIVI,2026-08-12 11:18:00-04:00,2026-08-12 11:22:49.785385-04:00,229.785385,0.0,1.4900000095367432,1.4900000095367432
FEMY,2026-08-12 11:03:00-04:00,2026-08-12 11:22:49.785385-04:00,1129.785385,2181.0,2.3299999237060547,2.3299999237060547
FEMY,2026-08-12 11:11:00-04:00,2026-08-12 11:22:49.785385-04:00,649.785385,564.0,2.324700117111206,2.324700117111206
FEMY,2026-08-12 11:12:00-04:00,2026-08-12 11:22:49.785385-04:00,589.785385,0.0,2.3269999027252197,2.3269999027252197
FEMY,2026-08-12 11:19:00-04:00,2026-08-12 11:22:49.785385-04:00,169.785385,3774.0,2.3299999237060547,2.3299999237060547
FEMY,2026-08-12 11:20:00-04:00,2026-08-12 11:22:49.785385-04:00,109.785385,4365.0,2.3299999237060547,2.3299999237060547
FEMY,2026-08-12 11:21:00-04:00,2026-08-12 11:22:49.785385-04:00,49.785385,0.0,2.325000047683716,2.325000047683716
MXCT,2026-08-12 11:16:00-04:00,2026-08-12 11:22:49.785385-04:00,349.785385,721.0,1.2549999952316284,1.2588000297546387
MXCT,2026-08-12 11:17:00-04:00,2026-08-12 11:22:49.785385-04:00,289.785385,117.0,1.2549999952316284,1.2549999952316284
MXCT,2026-08-12 11:18:00-04:00,2026-08-12 11:22:49.785385-04:00,229.785385,3499.0,1.2549999952316284,1.2549999952316284
MXCT,2026-08-12 11:20:00-04:00,2026-08-12 11:22:49.785385-04:00,109.785385,471.0,1.2549999952316284,1.25
MXCT,2026-08-12 11:21:00-04:00,2026-08-12 11:22:49.785385-04:00,49.785385,1160.0,1.250100016593933,1.250100016593933
MXCT,2026-08-12 11:22:00-04:00,2026-08-12 11:22:49.785385-04:00,-10.214615,0.0,1.2549999952316284,1.2549999952316284
DRMA,2026-08-12 11:17:00-04:00,2026-08-12 11:22:49.785385-04:00,289.785385,2910.0,1.320099949836731,1.320199966430664
DRMA,2026-08-12 11:18:00-04:00,2026-08-12 11:22:49.785385-04:00,229.785385,3659.0,1.320199966430664,1.3200000524520874
DRMA,2026-08-12 11:19:00-04:00,2026-08-12 11:22:49.785385-04:00,169.785385,5701.0,1.3250000476837158,1.3212000131607056
DRMA,2026-08-12 11:20:00-04:00,2026-08-12 11:22:49.785385-04:00,109.785385,1451.0,1.3220000267028809,1.320099949836731
DRMA,2026-08-12 11:21:00-04:00,2026-08-12 11:22:49.785385-04:00,49.785385,5795.0,1.3299000263214111,1.3202999830245972
DRMA,2026-08-12 11:22:00-04:00,2026-08-12 11:22:49.785385-04:00,-10.214615,0.0,1.320099949836731,1.320099949836731
ENHA,2026-08-12 11:15:00-04:00,2026-08-12 11:22:49.785385-04:00,409.785385,1653.0,2.1449999809265137,2.1500000953674316
ENHA,2026-08-12 11:16:00-04:00,2026-08-12 11:22:49.785385-04:00,349.785385,312.0,2.1498000621795654,2.148099899291992
ENHA,2026-08-12 11:18:00-04:00,2026-08-12 11:22:49.785385-04:00,229.785385,1131.0,2.1498000621795654,2.1449999809265137
ENHA,2026-08-12 11:19:00-04:00,2026-08-12 11:22:49.785385-04:00,169.785385,5974.0,2.1500000953674316,2.1549999713897705
ENHA,2026-08-12 11:20:00-04:00,2026-08-12 11:22:49.785385-04:00,109.785385,2591.0,2.1602001190185547,2.1600000858306885
ENHA,2026-08-12 11:22:00-04:00,2026-08-12 11:22:49.785385-04:00,-10.214615,0.0,2.1700000762939453,2.1700000762939453
MXCT,2026-08-12 11:16:00-04:00,2026-08-12 11:23:22.988699-04:00,382.988699,721.0,1.2549999952316284,1.2588000297546387
MXCT,2026-08-12 11:17:00-04:00,2026-08-12 11:23:22.988699-04:00,322.988699,117.0,1.2549999952316284,1.2549999952316284
MXCT,2026-08-12 11:18:00-04:00,2026-08-12 11:23:22.988699-04:00,262.988699,3499.0,1.2549999952316284,1.2549999952316284
MXCT,2026-08-12 11:20:00-04:00,2026-08-12 11:23:22.988699-04:00,142.988699,471.0,1.2549999952316284,1.25
MXCT,2026-08-12 11:21:00-04:00,2026-08-12 11:23:22.988699-04:00,82.988699,1160.0,1.250100016593933,1.250100016593933
MXCT,2026-08-12 11:22:00-04:00,2026-08-12 11:23:22.988699-04:00,22.988699,0.0,1.2549999952316284,1.2549999952316284
FEMY,2026-08-12 11:03:00-04:00,2026-08-12 11:23:22.988699-04:00,1162.988699,2181.0,2.3299999237060547,2.3299999237060547
FEMY,2026-08-12 11:11:00-04:00,2026-08-12 11:23:22.988699-04:00,682.988699,564.0,2.324700117111206,2.324700117111206
FEMY,2026-08-12 11:12:00-04:00,2026-08-12 11:23:22.988699-04:00,622.988699,0.0,2.3269999027252197,2.3269999027252197
FEMY,2026-08-12 11:19:00-04:00,2026-08-12 11:23:22.988699-04:00,202.988699,3774.0,2.3299999237060547,2.3299999237060547
FEMY,2026-08-12 11:20:00-04:00,2026-08-12 11:23:22.988699-04:00,142.988699,4365.0,2.3299999237060547,2.3299999237060547
FEMY,2026-08-12 11:21:00-04:00,2026-08-12 11:23:22.988699-04:00,82.988699,0.0,2.325000047683716,2.325000047683716
ENHA,2026-08-12 11:15:00-04:00,2026-08-12 11:23:22.988699-04:00,442.988699,1653.0,2.1449999809265137,2.1500000953674316
ENHA,2026-08-12 11:16:00-04:00,2026-08-12 11:23:22.988699-04:00,382.988699,312.0,2.1498000621795654,2.148099899291992
ENHA,2026-08-12 11:18:00-04:00,2026-08-12 11:23:22.988699-04:00,262.988699,1131.0,2.1498000621795654,2.1449999809265137
ENHA,2026-08-12 11:19:00-04:00,2026-08-12 11:23:22.988699-04:00,202.988699,5974.0,2.1500000953674316,2.1549999713897705
ENHA,2026-08-12 11:20:00-04:00,2026-08-12 11:23:22.988699-04:00,142.988699,2591.0,2.1602001190185547,2.1600000858306885
ENHA,2026-08-12 11:22:00-04:00,2026-08-12 11:23:22.988699-04:00,22.988699,0.0,2.1700000762939453,2.1700000762939453
DRMA,2026-08-12 11:18:00-04:00,2026-08-12 11:23:22.988699-04:00,262.988699,3659.0,1.320199966430664,1.3200000524520874
DRMA,2026-08-12 11:19:00-04:00,2026-08-12 11:23:22.988699-04:00,202.988699,5701.0,1.3250000476837158,1.3212000131607056
DRMA,2026-08-12 11:20:00-04:00,2026-08-12 11:23:22.988699-04:00,142.988699,1451.0,1.3220000267028809,1.320099949836731
DRMA,2026-08-12 11:21:00-04:00,2026-08-12 11:23:22.988699-04:00,82.988699,5795.0,1.3299000263214111,1.3202999830245972
DRMA,2026-08-12 11:22:00-04:00,2026-08-12 11:23:22.988699-04:00,22.988699,5269.0,1.3200000524520874,1.320099949836731
DRMA,2026-08-12 11:23:00-04:00,2026-08-12 11:23:22.988699-04:00,-37.011301,0.0,1.3248000144958496,1.3248000144958496
VLN,2026-08-12 11:17:00-04:00,2026-08-12 11:23:22.988699-04:00,322.988699,1407.0,1.8250000476837158,1.8299000263214111
VLN,2026-08-12 11:18:00-04:00,2026-08-12 11:23:22.988699-04:00,262.988699,6580.0,1.8300000429153442,1.8350000381469727
VLN,2026-08-12 11:19:00-04:00,2026-08-12 11:23:22.988699-04:00,202.988699,2393.0,1.8350000381469727,1.830299973487854
VLN,2026-08-12 11:20:00-04:00,2026-08-12 11:23:22.988699-04:00,142.988699,362.0,1.8350000381469727,1.8350000381469727
VLN,2026-08-12 11:21:00-04:00,2026-08-12 11:23:22.988699-04:00,82.988699,4201.0,1.8300000429153442,1.8250000476837158
VLN,2026-08-12 11:23:00-04:00,2026-08-12 11:23:22.988699-04:00,-37.011301,0.0,1.8250000476837158,1.8250000476837158
GRWG,2026-08-12 11:18:00-04:00,2026-08-12 11:23:22.988699-04:00,262.988699,25646.0,1.8700000047683716,1.8550000190734863
GRWG,2026-08-12 11:19:00-04:00,2026-08-12 11:23:22.988699-04:00,202.988699,2361.0,1.8508000373840332,1.8508000373840332
GRWG,2026-08-12 11:20:00-04:00,2026-08-12 11:23:22.988699-04:00,142.988699,1542.0,1.850000023841858,1.8550000190734863
GRWG,2026-08-12 11:21:00-04:00,2026-08-12 11:23:22.988699-04:00,82.988699,20031.0,1.8550000190734863,1.8700000047683716
GRWG,2026-08-12 11:22:00-04:00,2026-08-12 11:23:22.988699-04:00,22.988699,3527.0,1.8792999982833862,1.875
GRWG,2026-08-12 11:23:00-04:00,2026-08-12 11:23:22.988699-04:00,-37.011301,0.0,1.8799999952316284,1.8799999952316284
REBN,2026-08-12 10:55:00-04:00,2026-08-12 11:23:22.988699-04:00,1642.988699,907.0,1.5099999904632568,1.5099999904632568
REBN,2026-08-12 11:00:00-04:00,2026-08-12 11:23:22.988699-04:00,1342.988699,294.0,1.5099999904632568,1.5099999904632568
REBN,2026-08-12 11:01:00-04:00,2026-08-12 11:23:22.988699-04:00,1282.988699,11.0,1.5038000345230103,1.5038000345230103
REBN,2026-08-12 11:04:00-04:00,2026-08-12 11:23:22.988699-04:00,1102.988699,1111.0,1.5099999904632568,1.4900000095367432
REBN,2026-08-12 11:12:00-04:00,2026-08-12 11:23:22.988699-04:00,622.988699,1109.0,1.5149999856948853,1.5149999856948853
REBN,2026-08-12 11:14:00-04:00,2026-08-12 11:23:22.988699-04:00,502.988699,0.0,1.5,1.5
BIVI,2026-08-12 11:09:00-04:00,2026-08-12 11:23:22.988699-04:00,802.988699,1044215.0,2.9625000953674316,2.799999952316284
BIVI,2026-08-12 11:10:00-04:00,2026-08-12 11:23:22.988699-04:00,742.988699,575756.0,2.800100088119507,2.70989990234375
BIVI,2026-08-12 11:11:00-04:00,2026-08-12 11:23:22.988699-04:00,682.988699,1350736.0,2.309999942779541,2.309999942779541
BIVI,2026-08-12 11:12:00-04:00,2026-08-12 11:23:22.988699-04:00,622.988699,1232306.0,2.309999942779541,2.119999885559082
BIVI,2026-08-12 11:13:00-04:00,2026-08-12 11:23:22.988699-04:00,562.988699,14566.0,2.119999885559082,2.119999885559082
BIVI,2026-08-12 11:18:00-04:00,2026-08-12 11:23:22.988699-04:00,262.988699,0.0,1.4900000095367432,1.4900000095367432
GRWG,2026-08-12 11:18:00-04:00,2026-08-12 11:23:43.023242-04:00,283.023242,25646.0,1.8700000047683716,1.8550000190734863
GRWG,2026-08-12 11:19:00-04:00,2026-08-12 11:23:43.023242-04:00,223.023242,2361.0,1.8508000373840332,1.8508000373840332
GRWG,2026-08-12 11:20:00-04:00,2026-08-12 11:23:43.023242-04:00,163.023242,1542.0,1.850000023841858,1.8550000190734863
GRWG,2026-08-12 11:21:00-04:00,2026-08-12 11:23:43.023242-04:00,103.023242,20031.0,1.8550000190734863,1.8700000047683716
GRWG,2026-08-12 11:22:00-04:00,2026-08-12 11:23:43.023242-04:00,43.023242,3527.0,1.8792999982833862,1.875
GRWG,2026-08-12 11:23:00-04:00,2026-08-12 11:23:43.023242-04:00,-16.976758,0.0,1.8849999904632568,1.8849999904632568
FEMY,2026-08-12 11:03:00-04:00,2026-08-12 11:23:43.023242-04:00,1183.023242,2181.0,2.3299999237060547,2.3299999237060547
FEMY,2026-08-12 11:11:00-04:00,2026-08-12 11:23:43.023242-04:00,703.023242,564.0,2.324700117111206,2.324700117111206
FEMY,2026-08-12 11:12:00-04:00,2026-08-12 11:23:43.023242-04:00,643.023242,0.0,2.3269999027252197,2.3269999027252197
FEMY,2026-08-12 11:19:00-04:00,2026-08-12 11:23:43.023242-04:00,223.023242,3774.0,2.3299999237060547,2.3299999237060547
FEMY,2026-08-12 11:20:00-04:00,2026-08-12 11:23:43.023242-04:00,163.023242,4365.0,2.3299999237060547,2.3299999237060547
FEMY,2026-08-12 11:21:00-04:00,2026-08-12 11:23:43.023242-04:00,103.023242,0.0,2.325000047683716,2.325000047683716
REBN,2026-08-12 10:55:00-04:00,2026-08-12 11:23:43.023242-04:00,1663.023242,907.0,1.5099999904632568,1.5099999904632568
REBN,2026-08-12 11:00:00-04:00,2026-08-12 11:23:43.023242-04:00,1363.023242,294.0,1.5099999904632568,1.5099999904632568
REBN,2026-08-12 11:01:00-04:00,2026-08-12 11:23:43.023242-04:00,1303.023242,11.0,1.5038000345230103,1.5038000345230103
REBN,2026-08-12 11:04:00-04:00,2026-08-12 11:23:43.023242-04:00,1123.023242,1111.0,1.5099999904632568,1.4900000095367432
REBN,2026-08-12 11:12:00-04:00,2026-08-12 11:23:43.023242-04:00,643.023242,1109.0,1.5149999856948853,1.5149999856948853
REBN,2026-08-12 11:14:00-04:00,2026-08-12 11:23:43.023242-04:00,523.023242,0.0,1.5,1.5
BIVI,2026-08-12 11:09:00-04:00,2026-08-12 11:23:43.023242-04:00,823.023242,1044215.0,2.9625000953674316,2.799999952316284
BIVI,2026-08-12 11:10:00-04:00,2026-08-12 11:23:43.023242-04:00,763.023242,575756.0,2.800100088119507,2.70989990234375
BIVI,2026-08-12 11:11:00-04:00,2026-08-12 11:23:43.023242-04:00,703.023242,1350736.0,2.694999933242798,2.309999942779541
BIVI,2026-08-12 11:12:00-04:00,2026-08-12 11:23:43.023242-04:00,643.023242,1232180.0,2.309999942779541,2.119999885559082
BIVI,2026-08-12 11:13:00-04:00,2026-08-12 11:23:43.023242-04:00,583.023242,14566.0,2.119999885559082,2.119999885559082
BIVI,2026-08-12 11:18:00-04:00,2026-08-12 11:23:43.023242-04:00,283.023242,0.0,1.4900000095367432,1.4900000095367432
DRMA,2026-08-12 11:18:00-04:00,2026-08-12 11:23:43.023242-04:00,283.023242,3659.0,1.320199966430664,1.3200000524520874
DRMA,2026-08-12 11:19:00-04:00,2026-08-12 11:23:43.023242-04:00,223.023242,5701.0,1.3250000476837158,1.3212000131607056
DRMA,2026-08-12 11:20:00-04:00,2026-08-12 11:23:43.023242-04:00,163.023242,1451.0,1.3220000267028809,1.320099949836731
DRMA,2026-08-12 11:21:00-04:00,2026-08-12 11:23:43.023242-04:00,103.023242,5795.0,1.3299000263214111,1.3202999830245972
DRMA,2026-08-12 11:22:00-04:00,2026-08-12 11:23:43.023242-04:00,43.023242,5269.0,1.3200000524520874,1.320099949836731
DRMA,2026-08-12 11:23:00-04:00,2026-08-12 11:23:43.023242-04:00,-16.976758,0.0,1.320099949836731,1.320099949836731
MXCT,2026-08-12 11:17:00-04:00,2026-08-12 11:23:43.023242-04:00,343.023242,117.0,1.2549999952316284,1.2549999952316284
MXCT,2026-08-12 11:18:00-04:00,2026-08-12 11:23:43.023242-04:00,283.023242,3499.0,1.2549999952316284,1.2549999952316284
MXCT,2026-08-12 11:20:00-04:00,2026-08-12 11:23:43.023242-04:00,163.023242,471.0,1.2549999952316284,1.25
MXCT,2026-08-12 11:21:00-04:00,2026-08-12 11:23:43.023242-04:00,103.023242,1160.0,1.250100016593933,1.250100016593933
MXCT,2026-08-12 11:22:00-04:00,2026-08-12 11:23:43.023242-04:00,43.023242,2302.0,1.2549999952316284,1.2549999952316284
MXCT,2026-08-12 11:23:00-04:00,2026-08-12 11:23:43.023242-04:00,-16.976758,0.0,1.2549999952316284,1.2549999952316284
VLN,2026-08-12 11:17:00-04:00,2026-08-12 11:23:43.023242-04:00,343.023242,1407.0,1.8250000476837158,1.8299000263214111
VLN,2026-08-12 11:18:00-04:00,2026-08-12 11:23:43.023242-04:00,283.023242,6580.0,1.8300000429153442,1.8350000381469727
VLN,2026-08-12 11:19:00-04:00,2026-08-12 11:23:43.023242-04:00,223.023242,2393.0,1.8350000381469727,1.830299973487854
VLN,2026-08-12 11:20:00-04:00,2026-08-12 11:23:43.023242-04:00,163.023242,362.0,1.8350000381469727,1.8350000381469727
VLN,2026-08-12 11:21:00-04:00,2026-08-12 11:23:43.023242-04:00,103.023242,4201.0,1.8300000429153442,1.8250000476837158
VLN,2026-08-12 11:23:00-04:00,2026-08-12 11:23:43.023242-04:00,-16.976758,0.0,1.8289999961853027,1.8289999961853027
ENHA,2026-08-12 11:15:00-04:00,2026-08-12 11:23:43.023242-04:00,463.023242,1653.0,2.1449999809265137,2.1500000953674316
ENHA,2026-08-12 11:16:00-04:00,2026-08-12 11:23:43.023242-04:00,403.023242,312.0,2.1498000621795654,2.148099899291992
ENHA,2026-08-12 11:18:00-04:00,2026-08-12 11:23:43.023242-04:00,283.023242,1131.0,2.1498000621795654,2.1449999809265137
ENHA,2026-08-12 11:19:00-04:00,2026-08-12 11:23:43.023242-04:00,223.023242,5974.0,2.1500000953674316,2.1549999713897705
ENHA,2026-08-12 11:20:00-04:00,2026-08-12 11:23:43.023242-04:00,163.023242,2591.0,2.1602001190185547,2.1600000858306885
ENHA,2026-08-12 11:22:00-04:00,2026-08-12 11:23:43.023242-04:00,43.023242,0.0,2.1700000762939453,2.1700000762939453
VLN,2026-08-12 11:17:00-04:00,2026-08-12 11:24:15.010352-04:00,375.010352,1407.0,1.8250000476837158,1.8299000263214111
VLN,2026-08-12 11:18:00-04:00,2026-08-12 11:24:15.010352-04:00,315.010352,6580.0,1.8300000429153442,1.8350000381469727
VLN,2026-08-12 11:19:00-04:00,2026-08-12 11:24:15.010352-04:00,255.010352,2393.0,1.8350000381469727,1.830299973487854
VLN,2026-08-12 11:20:00-04:00,2026-08-12 11:24:15.010352-04:00,195.010352,362.0,1.8350000381469727,1.8350000381469727
VLN,2026-08-12 11:21:00-04:00,2026-08-12 11:24:15.010352-04:00,135.010352,4201.0,1.8300000429153442,1.8250000476837158
VLN,2026-08-12 11:23:00-04:00,2026-08-12 11:24:15.010352-04:00,15.010352,0.0,1.8289999961853027,1.8289999961853027
ENHA,2026-08-12 11:15:00-04:00,2026-08-12 11:24:15.010352-04:00,495.010352,1653.0,2.1449999809265137,2.1500000953674316
ENHA,2026-08-12 11:16:00-04:00,2026-08-12 11:24:15.010352-04:00,435.010352,312.0,2.1498000621795654,2.148099899291992
ENHA,2026-08-12 11:18:00-04:00,2026-08-12 11:24:15.010352-04:00,315.010352,1131.0,2.1498000621795654,2.1449999809265137
ENHA,2026-08-12 11:19:00-04:00,2026-08-12 11:24:15.010352-04:00,255.010352,5974.0,2.1500000953674316,2.1549999713897705
ENHA,2026-08-12 11:20:00-04:00,2026-08-12 11:24:15.010352-04:00,195.010352,2591.0,2.1602001190185547,2.1600000858306885
ENHA,2026-08-12 11:22:00-04:00,2026-08-12 11:24:15.010352-04:00,75.010352,0.0,2.1700000762939453,2.1700000762939453
MXCT,2026-08-12 11:17:00-04:00,2026-08-12 11:24:15.010352-04:00,375.010352,117.0,1.2549999952316284,1.2549999952316284
MXCT,2026-08-12 11:18:00-04:00,2026-08-12 11:24:15.010352-04:00,315.010352,3499.0,1.2549999952316284,1.2549999952316284
MXCT,2026-08-12 11:20:00-04:00,2026-08-12 11:24:15.010352-04:00,195.010352,471.0,1.2549999952316284,1.25
MXCT,2026-08-12 11:21:00-04:00,2026-08-12 11:24:15.010352-04:00,135.010352,1160.0,1.250100016593933,1.250100016593933
MXCT,2026-08-12 11:22:00-04:00,2026-08-12 11:24:15.010352-04:00,75.010352,2302.0,1.2549999952316284,1.2549999952316284
MXCT,2026-08-12 11:23:00-04:00,2026-08-12 11:24:15.010352-04:00,15.010352,0.0,1.2549999952316284,1.2549999952316284
REBN,2026-08-12 10:55:00-04:00,2026-08-12 11:24:15.010352-04:00,1695.010352,907.0,1.5099999904632568,1.5099999904632568
REBN,2026-08-12 11:00:00-04:00,2026-08-12 11:24:15.010352-04:00,1395.010352,294.0,1.5099999904632568,1.5099999904632568
REBN,2026-08-12 11:01:00-04:00,2026-08-12 11:24:15.010352-04:00,1335.010352,11.0,1.5038000345230103,1.5038000345230103
REBN,2026-08-12 11:04:00-04:00,2026-08-12 11:24:15.010352-04:00,1155.010352,1111.0,1.5099999904632568,1.4900000095367432
REBN,2026-08-12 11:12:00-04:00,2026-08-12 11:24:15.010352-04:00,675.010352,1109.0,1.5149999856948853,1.5149999856948853
REBN,2026-08-12 11:14:00-04:00,2026-08-12 11:24:15.010352-04:00,555.010352,0.0,1.5,1.5
GRWG,2026-08-12 11:19:00-04:00,2026-08-12 11:24:15.010352-04:00,255.010352,2361.0,1.8508000373840332,1.8508000373840332
GRWG,2026-08-12 11:20:00-04:00,2026-08-12 11:24:15.010352-04:00,195.010352,1542.0,1.850000023841858,1.8550000190734863
GRWG,2026-08-12 11:21:00-04:00,2026-08-12 11:24:15.010352-04:00,135.010352,20031.0,1.8550000190734863,1.8700000047683716
GRWG,2026-08-12 11:22:00-04:00,2026-08-12 11:24:15.010352-04:00,75.010352,3527.0,1.8792999982833862,1.875
GRWG,2026-08-12 11:23:00-04:00,2026-08-12 11:24:15.010352-04:00,15.010352,44744.0,1.8700000047683716,1.8899999856948853
GRWG,2026-08-12 11:24:00-04:00,2026-08-12 11:24:15.010352-04:00,-44.989648,0.0,1.8901000022888184,1.8901000022888184
DRMA,2026-08-12 11:19:00-04:00,2026-08-12 11:24:15.010352-04:00,255.010352,5701.0,1.3250000476837158,1.3212000131607056
DRMA,2026-08-12 11:20:00-04:00,2026-08-12 11:24:15.010352-04:00,195.010352,1451.0,1.3220000267028809,1.320099949836731
DRMA,2026-08-12 11:21:00-04:00,2026-08-12 11:24:15.010352-04:00,135.010352,5795.0,1.3299000263214111,1.3202999830245972
DRMA,2026-08-12 11:22:00-04:00,2026-08-12 11:24:15.010352-04:00,75.010352,5269.0,1.3200000524520874,1.320099949836731
DRMA,2026-08-12 11:23:00-04:00,2026-08-12 11:24:15.010352-04:00,15.010352,3923.0,1.3202999830245972,1.3212000131607056
DRMA,2026-08-12 11:24:00-04:00,2026-08-12 11:24:15.010352-04:00,-44.989648,0.0,1.3299000263214111,1.3299000263214111
BIVI,2026-08-12 11:11:00-04:00,2026-08-12 11:24:15.010352-04:00,735.010352,1350736.0,2.694999933242798,2.309999942779541
BIVI,2026-08-12 11:12:00-04:00,2026-08-12 11:24:15.010352-04:00,675.010352,1232180.0,2.309999942779541,2.119999885559082
BIVI,2026-08-12 11:13:00-04:00,2026-08-12 11:24:15.010352-04:00,615.010352,14566.0,2.119999885559082,2.119999885559082
BIVI,2026-08-12 11:18:00-04:00,2026-08-12 11:24:15.010352-04:00,315.010352,2081094.0,2.059999942779541,1.4900000095367432
BIVI,2026-08-12 11:23:00-04:00,2026-08-12 11:24:15.010352-04:00,15.010352,605183.0,1.4900000095367432,1.5399999618530273
BIVI,2026-08-12 11:24:00-04:00,2026-08-12 11:24:15.010352-04:00,-44.989648,0.0,1.5700000524520874,1.5700000524520874
FEMY,2026-08-12 11:03:00-04:00,2026-08-12 11:24:15.010352-04:00,1215.010352,2181.0,2.3299999237060547,2.3299999237060547
FEMY,2026-08-12 11:11:00-04:00,2026-08-12 11:24:15.010352-04:00,735.010352,564.0,2.324700117111206,2.324700117111206
FEMY,2026-08-12 11:12:00-04:00,2026-08-12 11:24:15.010352-04:00,675.010352,0.0,2.3269999027252197,2.3269999027252197
FEMY,2026-08-12 11:19:00-04:00,2026-08-12 11:24:15.010352-04:00,255.010352,3774.0,2.3299999237060547,2.3299999237060547
FEMY,2026-08-12 11:20:00-04:00,2026-08-12 11:24:15.010352-04:00,195.010352,4365.0,2.3299999237060547,2.3299999237060547
FEMY,2026-08-12 11:21:00-04:00,2026-08-12 11:24:15.010352-04:00,135.010352,0.0,2.325000047683716,2.325000047683716
MXCT,2026-08-12 11:17:00-04:00,2026-08-12 11:24:35.063923-04:00,395.063923,117.0,1.2549999952316284,1.2549999952316284
MXCT,2026-08-12 11:18:00-04:00,2026-08-12 11:24:35.063923-04:00,335.063923,3499.0,1.2549999952316284,1.2549999952316284
MXCT,2026-08-12 11:20:00-04:00,2026-08-12 11:24:35.063923-04:00,215.063923,471.0,1.2549999952316284,1.25
MXCT,2026-08-12 11:21:00-04:00,2026-08-12 11:24:35.063923-04:00,155.063923,1160.0,1.250100016593933,1.250100016593933
MXCT,2026-08-12 11:22:00-04:00,2026-08-12 11:24:35.063923-04:00,95.063923,2302.0,1.2549999952316284,1.2549999952316284
MXCT,2026-08-12 11:23:00-04:00,2026-08-12 11:24:35.063923-04:00,35.063923,0.0,1.2549999952316284,1.2549999952316284
REBN,2026-08-12 10:55:00-04:00,2026-08-12 11:24:35.063923-04:00,1715.063923,907.0,1.5099999904632568,1.5099999904632568
REBN,2026-08-12 11:00:00-04:00,2026-08-12 11:24:35.063923-04:00,1415.063923,294.0,1.5099999904632568,1.5099999904632568
REBN,2026-08-12 11:01:00-04:00,2026-08-12 11:24:35.063923-04:00,1355.063923,11.0,1.5038000345230103,1.5038000345230103
REBN,2026-08-12 11:04:00-04:00,2026-08-12 11:24:35.063923-04:00,1175.063923,1111.0,1.5099999904632568,1.4900000095367432
REBN,2026-08-12 11:12:00-04:00,2026-08-12 11:24:35.063923-04:00,695.063923,1109.0,1.5149999856948853,1.5149999856948853
REBN,2026-08-12 11:14:00-04:00,2026-08-12 11:24:35.063923-04:00,575.063923,0.0,1.5,1.5
FEMY,2026-08-12 11:03:00-04:00,2026-08-12 11:24:35.063923-04:00,1235.063923,2181.0,2.3299999237060547,2.3299999237060547
FEMY,2026-08-12 11:11:00-04:00,2026-08-12 11:24:35.063923-04:00,755.063923,564.0,2.324700117111206,2.324700117111206
FEMY,2026-08-12 11:12:00-04:00,2026-08-12 11:24:35.063923-04:00,695.063923,0.0,2.3269999027252197,2.3269999027252197
FEMY,2026-08-12 11:19:00-04:00,2026-08-12 11:24:35.063923-04:00,275.063923,3774.0,2.3299999237060547,2.3299999237060547
FEMY,2026-08-12 11:20:00-04:00,2026-08-12 11:24:35.063923-04:00,215.063923,4365.0,2.3299999237060547,2.3299999237060547
FEMY,2026-08-12 11:21:00-04:00,2026-08-12 11:24:35.063923-04:00,155.063923,0.0,2.325000047683716,2.325000047683716
ENHA,2026-08-12 11:16:00-04:00,2026-08-12 11:24:35.063923-04:00,455.063923,312.0,2.1498000621795654,2.148099899291992
ENHA,2026-08-12 11:18:00-04:00,2026-08-12 11:24:35.063923-04:00,335.063923,1131.0,2.1498000621795654,2.1449999809265137
ENHA,2026-08-12 11:19:00-04:00,2026-08-12 11:24:35.063923-04:00,275.063923,5974.0,2.1500000953674316,2.1549999713897705
ENHA,2026-08-12 11:20:00-04:00,2026-08-12 11:24:35.063923-04:00,215.063923,2591.0,2.1602001190185547,2.1600000858306885
ENHA,2026-08-12 11:22:00-04:00,2026-08-12 11:24:35.063923-04:00,95.063923,4233.0,2.1649999618530273,2.1700000762939453
ENHA,2026-08-12 11:24:00-04:00,2026-08-12 11:24:35.063923-04:00,-24.936077,0.0,2.186199903488159,2.186199903488159
DRMA,2026-08-12 11:19:00-04:00,2026-08-12 11:24:35.063923-04:00,275.063923,5701.0,1.3250000476837158,1.3212000131607056
DRMA,2026-08-12 11:20:00-04:00,2026-08-12 11:24:35.063923-04:00,215.063923,1451.0,1.3220000267028809,1.320099949836731
DRMA,2026-08-12 11:21:00-04:00,2026-08-12 11:24:35.063923-04:00,155.063923,5795.0,1.3299000263214111,1.3202999830245972
DRMA,2026-08-12 11:22:00-04:00,2026-08-12 11:24:35.063923-04:00,95.063923,5269.0,1.3200000524520874,1.320099949836731
DRMA,2026-08-12 11:23:00-04:00,2026-08-12 11:24:35.063923-04:00,35.063923,3923.0,1.3202999830245972,1.3212000131607056
DRMA,2026-08-12 11:24:00-04:00,2026-08-12 11:24:35.063923-04:00,-24.936077,0.0,1.320199966430664,1.320199966430664
BIVI,2026-08-12 11:11:00-04:00,2026-08-12 11:24:35.063923-04:00,755.063923,1350736.0,2.694999933242798,2.309999942779541
BIVI,2026-08-12 11:12:00-04:00,2026-08-12 11:24:35.063923-04:00,695.063923,1232180.0,2.309999942779541,2.119999885559082
BIVI,2026-08-12 11:13:00-04:00,2026-08-12 11:24:35.063923-04:00,635.063923,14566.0,2.119999885559082,2.119999885559082
BIVI,2026-08-12 11:18:00-04:00,2026-08-12 11:24:35.063923-04:00,335.063923,2081094.0,2.059999942779541,1.4900000095367432
BIVI,2026-08-12 11:23:00-04:00,2026-08-12 11:24:35.063923-04:00,35.063923,605183.0,1.4900000095367432,1.5399999618530273
BIVI,2026-08-12 11:24:00-04:00,2026-08-12 11:24:35.063923-04:00,-24.936077,0.0,1.5180000066757202,1.5180000066757202
GRWG,2026-08-12 11:19:00-04:00,2026-08-12 11:24:35.063923-04:00,275.063923,2361.0,1.8508000373840332,1.8508000373840332
GRWG,2026-08-12 11:20:00-04:00,2026-08-12 11:24:35.063923-04:00,215.063923,1542.0,1.850000023841858,1.8550000190734863
GRWG,2026-08-12 11:21:00-04:00,2026-08-12 11:24:35.063923-04:00,155.063923,20031.0,1.8550000190734863,1.8700000047683716
GRWG,2026-08-12 11:22:00-04:00,2026-08-12 11:24:35.063923-04:00,95.063923,3527.0,1.8792999982833862,1.875
GRWG,2026-08-12 11:23:00-04:00,2026-08-12 11:24:35.063923-04:00,35.063923,44744.0,1.8700000047683716,1.8899999856948853
GRWG,2026-08-12 11:24:00-04:00,2026-08-12 11:24:35.063923-04:00,-24.936077,0.0,1.8849999904632568,1.8849999904632568
VLN,2026-08-12 11:17:00-04:00,2026-08-12 11:24:35.063923-04:00,395.063923,1407.0,1.8250000476837158,1.8299000263214111
VLN,2026-08-12 11:18:00-04:00,2026-08-12 11:24:35.063923-04:00,335.063923,6580.0,1.8300000429153442,1.8350000381469727
VLN,2026-08-12 11:19:00-04:00,2026-08-12 11:24:35.063923-04:00,275.063923,2393.0,1.8350000381469727,1.830299973487854
VLN,2026-08-12 11:20:00-04:00,2026-08-12 11:24:35.063923-04:00,215.063923,362.0,1.8350000381469727,1.8350000381469727
VLN,2026-08-12 11:21:00-04:00,2026-08-12 11:24:35.063923-04:00,155.063923,4201.0,1.8300000429153442,1.8250000476837158
VLN,2026-08-12 11:23:00-04:00,2026-08-12 11:24:35.063923-04:00,35.063923,0.0,1.8289999961853027,1.8289999961853027
DRMA,2026-08-12 11:21:00-04:00,2026-08-12 11:26:23.696433-04:00,263.696433,5795.0,1.3299000263214111,1.3202999830245972
DRMA,2026-08-12 11:22:00-04:00,2026-08-12 11:26:23.696433-04:00,203.696433,5269.0,1.3200000524520874,1.320099949836731
DRMA,2026-08-12 11:23:00-04:00,2026-08-12 11:26:23.696433-04:00,143.696433,3923.0,1.3202999830245972,1.3212000131607056
DRMA,2026-08-12 11:24:00-04:00,2026-08-12 11:26:23.696433-04:00,83.696433,29711.0,1.3250000476837158,1.3250000476837158
DRMA,2026-08-12 11:25:00-04:00,2026-08-12 11:26:23.696433-04:00,23.696433,4585.0,1.3250000476837158,1.3200000524520874
DRMA,2026-08-12 11:26:00-04:00,2026-08-12 11:26:23.696433-04:00,-36.303567,0.0,1.3200000524520874,1.3200000524520874
FEMY,2026-08-12 11:19:00-04:00,2026-08-12 11:26:23.696433-04:00,383.696433,3774.0,2.3299999237060547,2.3299999237060547
FEMY,2026-08-12 11:20:00-04:00,2026-08-12 11:26:23.696433-04:00,323.696433,4365.0,2.3299999237060547,2.3299999237060547
FEMY,2026-08-12 11:21:00-04:00,2026-08-12 11:26:23.696433-04:00,263.696433,182.0,2.325000047683716,2.325000047683716
FEMY,2026-08-12 11:24:00-04:00,2026-08-12 11:26:23.696433-04:00,83.696433,7013.0,2.325000047683716,2.3299999237060547
FEMY,2026-08-12 11:25:00-04:00,2026-08-12 11:26:23.696433-04:00,23.696433,45332.0,2.3299999237060547,2.240000009536743
FEMY,2026-08-12 11:26:00-04:00,2026-08-12 11:26:23.696433-04:00,-36.303567,0.0,2.240000009536743,2.240000009536743
REBN,2026-08-12 10:55:00-04:00,2026-08-12 11:26:23.696433-04:00,1823.696433,907.0,1.5099999904632568,1.5099999904632568
REBN,2026-08-12 11:00:00-04:00,2026-08-12 11:26:23.696433-04:00,1523.696433,294.0,1.5099999904632568,1.5099999904632568
REBN,2026-08-12 11:01:00-04:00,2026-08-12 11:26:23.696433-04:00,1463.696433,11.0,1.5038000345230103,1.5038000345230103
REBN,2026-08-12 11:04:00-04:00,2026-08-12 11:26:23.696433-04:00,1283.696433,1111.0,1.5099999904632568,1.4900000095367432
REBN,2026-08-12 11:12:00-04:00,2026-08-12 11:26:23.696433-04:00,803.696433,1109.0,1.5149999856948853,1.5149999856948853
REBN,2026-08-12 11:14:00-04:00,2026-08-12 11:26:23.696433-04:00,683.696433,0.0,1.5,1.5
GRWG,2026-08-12 11:21:00-04:00,2026-08-12 11:26:23.696433-04:00,263.696433,20031.0,1.8550000190734863,1.8700000047683716
GRWG,2026-08-12 11:22:00-04:00,2026-08-12 11:26:23.696433-04:00,203.696433,3527.0,1.8792999982833862,1.875
GRWG,2026-08-12 11:23:00-04:00,2026-08-12 11:26:23.696433-04:00,143.696433,44744.0,1.8700000047683716,1.8899999856948853
GRWG,2026-08-12 11:24:00-04:00,2026-08-12 11:26:23.696433-04:00,83.696433,28299.0,1.8902000188827515,1.8799999952316284
GRWG,2026-08-12 11:25:00-04:00,2026-08-12 11:26:23.696433-04:00,23.696433,707.0,1.8899999856948853,1.8849999904632568
GRWG,2026-08-12 11:26:00-04:00,2026-08-12 11:26:23.696433-04:00,-36.303567,0.0,1.8949999809265137,1.8949999809265137
VLN,2026-08-12 11:19:00-04:00,2026-08-12 11:26:23.696433-04:00,383.696433,2393.0,1.8350000381469727,1.830299973487854
VLN,2026-08-12 11:20:00-04:00,2026-08-12 11:26:23.696433-04:00,323.696433,362.0,1.8350000381469727,1.8350000381469727
VLN,2026-08-12 11:21:00-04:00,2026-08-12 11:26:23.696433-04:00,263.696433,4201.0,1.8300000429153442,1.8250000476837158
VLN,2026-08-12 11:23:00-04:00,2026-08-12 11:26:23.696433-04:00,143.696433,1287.0,1.8250000476837158,1.8289999961853027
VLN,2026-08-12 11:25:00-04:00,2026-08-12 11:26:23.696433-04:00,23.696433,819.0,1.8250000476837158,1.8250000476837158
VLN,2026-08-12 11:26:00-04:00,2026-08-12 11:26:23.696433-04:00,-36.303567,0.0,1.8250000476837158,1.8250000476837158
MXCT,2026-08-12 11:18:00-04:00,2026-08-12 11:26:23.696433-04:00,443.696433,3499.0,1.2549999952316284,1.2549999952316284
MXCT,2026-08-12 11:20:00-04:00,2026-08-12 11:26:23.696433-04:00,323.696433,471.0,1.2549999952316284,1.25
MXCT,2026-08-12 11:21:00-04:00,2026-08-12 11:26:23.696433-04:00,263.696433,1160.0,1.250100016593933,1.250100016593933
MXCT,2026-08-12 11:22:00-04:00,2026-08-12 11:26:23.696433-04:00,203.696433,2302.0,1.2549999952316284,1.2549999952316284
MXCT,2026-08-12 11:23:00-04:00,2026-08-12 11:26:23.696433-04:00,143.696433,504.0,1.2549999952316284,1.2549999952316284
MXCT,2026-08-12 11:25:00-04:00,2026-08-12 11:26:23.696433-04:00,23.696433,0.0,1.250499963760376,1.250499963760376
ENHA,2026-08-12 11:16:00-04:00,2026-08-12 11:26:23.696433-04:00,563.696433,312.0,2.1498000621795654,2.148099899291992
ENHA,2026-08-12 11:18:00-04:00,2026-08-12 11:26:23.696433-04:00,443.696433,1131.0,2.1498000621795654,2.1449999809265137
ENHA,2026-08-12 11:19:00-04:00,2026-08-12 11:26:23.696433-04:00,383.696433,5974.0,2.1500000953674316,2.1549999713897705
ENHA,2026-08-12 11:20:00-04:00,2026-08-12 11:26:23.696433-04:00,323.696433,2591.0,2.1602001190185547,2.1600000858306885
ENHA,2026-08-12 11:22:00-04:00,2026-08-12 11:26:23.696433-04:00,203.696433,4233.0,2.1649999618530273,2.1700000762939453
ENHA,2026-08-12 11:24:00-04:00,2026-08-12 11:26:23.696433-04:00,83.696433,0.0,2.186199903488159,2.186199903488159
BIVI,2026-08-12 11:13:00-04:00,2026-08-12 11:26:23.696433-04:00,743.696433,14566.0,2.119999885559082,2.119999885559082
BIVI,2026-08-12 11:18:00-04:00,2026-08-12 11:26:23.696433-04:00,443.696433,2081194.0,2.059999942779541,1.4900000095367432
BIVI,2026-08-12 11:23:00-04:00,2026-08-12 11:26:23.696433-04:00,143.696433,605183.0,1.4900000095367432,1.5399999618530273
BIVI,2026-08-12 11:24:00-04:00,2026-08-12 11:26:23.696433-04:00,83.696433,1694357.0,1.5392999649047852,1.589900016784668
BIVI,2026-08-12 11:25:00-04:00,2026-08-12 11:26:23.696433-04:00,23.696433,666507.0,1.590000033378601,1.6100000143051147
BIVI,2026-08-12 11:26:00-04:00,2026-08-12 11:26:23.696433-04:00,-36.303567,0.0,1.7549999952316284,1.7549999952316284
DRMA,2026-08-12 11:21:00-04:00,2026-08-12 11:26:43.731373-04:00,283.731373,5795.0,1.3299000263214111,1.3202999830245972
DRMA,2026-08-12 11:22:00-04:00,2026-08-12 11:26:43.731373-04:00,223.731373,5269.0,1.3200000524520874,1.320099949836731
DRMA,2026-08-12 11:23:00-04:00,2026-08-12 11:26:43.731373-04:00,163.731373,3923.0,1.3202999830245972,1.3212000131607056
DRMA,2026-08-12 11:24:00-04:00,2026-08-12 11:26:43.731373-04:00,103.731373,29711.0,1.3250000476837158,1.3250000476837158
DRMA,2026-08-12 11:25:00-04:00,2026-08-12 11:26:43.731373-04:00,43.731373,4585.0,1.3250000476837158,1.3200000524520874
DRMA,2026-08-12 11:26:00-04:00,2026-08-12 11:26:43.731373-04:00,-16.268627,0.0,1.320099949836731,1.320099949836731
GRWG,2026-08-12 11:21:00-04:00,2026-08-12 11:26:43.731373-04:00,283.731373,20031.0,1.8550000190734863,1.8700000047683716
GRWG,2026-08-12 11:22:00-04:00,2026-08-12 11:26:43.731373-04:00,223.731373,3527.0,1.8792999982833862,1.875
GRWG,2026-08-12 11:23:00-04:00,2026-08-12 11:26:43.731373-04:00,163.731373,44744.0,1.8700000047683716,1.8899999856948853
GRWG,2026-08-12 11:24:00-04:00,2026-08-12 11:26:43.731373-04:00,103.731373,28299.0,1.8902000188827515,1.8799999952316284
GRWG,2026-08-12 11:25:00-04:00,2026-08-12 11:26:43.731373-04:00,43.731373,707.0,1.8899999856948853,1.8849999904632568
GRWG,2026-08-12 11:26:00-04:00,2026-08-12 11:26:43.731373-04:00,-16.268627,0.0,1.8949999809265137,1.8949999809265137
ENHA,2026-08-12 11:16:00-04:00,2026-08-12 11:26:43.731373-04:00,583.731373,312.0,2.1498000621795654,2.148099899291992
ENHA,2026-08-12 11:18:00-04:00,2026-08-12 11:26:43.731373-04:00,463.731373,1131.0,2.1498000621795654,2.1449999809265137
ENHA,2026-08-12 11:19:00-04:00,2026-08-12 11:26:43.731373-04:00,403.731373,5974.0,2.1500000953674316,2.1549999713897705
ENHA,2026-08-12 11:20:00-04:00,2026-08-12 11:26:43.731373-04:00,343.731373,2591.0,2.1602001190185547,2.1600000858306885
ENHA,2026-08-12 11:22:00-04:00,2026-08-12 11:26:43.731373-04:00,223.731373,4233.0,2.1600000858306885,2.1700000762939453
ENHA,2026-08-12 11:24:00-04:00,2026-08-12 11:26:43.731373-04:00,103.731373,0.0,2.186199903488159,2.186199903488159
REBN,2026-08-12 10:55:00-04:00,2026-08-12 11:26:43.731373-04:00,1843.731373,907.0,1.5099999904632568,1.5099999904632568
REBN,2026-08-12 11:00:00-04:00,2026-08-12 11:26:43.731373-04:00,1543.731373,294.0,1.5099999904632568,1.5099999904632568
REBN,2026-08-12 11:01:00-04:00,2026-08-12 11:26:43.731373-04:00,1483.731373,11.0,1.5038000345230103,1.5038000345230103
REBN,2026-08-12 11:04:00-04:00,2026-08-12 11:26:43.731373-04:00,1303.731373,1111.0,1.5099999904632568,1.4900000095367432
REBN,2026-08-12 11:12:00-04:00,2026-08-12 11:26:43.731373-04:00,823.731373,1109.0,1.5149999856948853,1.5149999856948853
REBN,2026-08-12 11:14:00-04:00,2026-08-12 11:26:43.731373-04:00,703.731373,0.0,1.5,1.5
FEMY,2026-08-12 11:19:00-04:00,2026-08-12 11:26:43.731373-04:00,403.731373,3774.0,2.3299999237060547,2.3299999237060547
FEMY,2026-08-12 11:20:00-04:00,2026-08-12 11:26:43.731373-04:00,343.731373,4365.0,2.3299999237060547,2.3299999237060547
FEMY,2026-08-12 11:21:00-04:00,2026-08-12 11:26:43.731373-04:00,283.731373,182.0,2.325000047683716,2.325000047683716
FEMY,2026-08-12 11:24:00-04:00,2026-08-12 11:26:43.731373-04:00,103.731373,7013.0,2.325000047683716,2.3299999237060547
FEMY,2026-08-12 11:25:00-04:00,2026-08-12 11:26:43.731373-04:00,43.731373,45332.0,2.3299999237060547,2.240000009536743
FEMY,2026-08-12 11:26:00-04:00,2026-08-12 11:26:43.731373-04:00,-16.268627,0.0,2.240000009536743,2.240000009536743
MXCT,2026-08-12 11:18:00-04:00,2026-08-12 11:26:43.731373-04:00,463.731373,3499.0,1.2549999952316284,1.2549999952316284
MXCT,2026-08-12 11:20:00-04:00,2026-08-12 11:26:43.731373-04:00,343.731373,471.0,1.2549999952316284,1.25
MXCT,2026-08-12 11:21:00-04:00,2026-08-12 11:26:43.731373-04:00,283.731373,1160.0,1.250100016593933,1.250100016593933
MXCT,2026-08-12 11:22:00-04:00,2026-08-12 11:26:43.731373-04:00,223.731373,2302.0,1.2549999952316284,1.2549999952316284
MXCT,2026-08-12 11:23:00-04:00,2026-08-12 11:26:43.731373-04:00,163.731373,504.0,1.2549999952316284,1.2549999952316284
MXCT,2026-08-12 11:25:00-04:00,2026-08-12 11:26:43.731373-04:00,43.731373,0.0,1.250499963760376,1.250499963760376
VLN,2026-08-12 11:19:00-04:00,2026-08-12 11:26:43.731373-04:00,403.731373,2393.0,1.8350000381469727,1.830299973487854
VLN,2026-08-12 11:20:00-04:00,2026-08-12 11:26:43.731373-04:00,343.731373,362.0,1.8350000381469727,1.8350000381469727
VLN,2026-08-12 11:21:00-04:00,2026-08-12 11:26:43.731373-04:00,283.731373,4201.0,1.8300000429153442,1.8250000476837158
VLN,2026-08-12 11:23:00-04:00,2026-08-12 11:26:43.731373-04:00,163.731373,1287.0,1.8250000476837158,1.8289999961853027
VLN,2026-08-12 11:25:00-04:00,2026-08-12 11:26:43.731373-04:00,43.731373,819.0,1.8250000476837158,1.8250000476837158
VLN,2026-08-12 11:26:00-04:00,2026-08-12 11:26:43.731373-04:00,-16.268627,0.0,1.8250000476837158,1.8250000476837158
BIVI,2026-08-12 11:13:00-04:00,2026-08-12 11:26:43.731373-04:00,763.731373,14566.0,2.119999885559082,2.119999885559082
BIVI,2026-08-12 11:18:00-04:00,2026-08-12 11:26:43.731373-04:00,463.731373,2081194.0,2.059999942779541,1.4900000095367432
BIVI,2026-08-12 11:23:00-04:00,2026-08-12 11:26:43.731373-04:00,163.731373,605183.0,1.4900000095367432,1.5399999618530273
BIVI,2026-08-12 11:24:00-04:00,2026-08-12 11:26:43.731373-04:00,103.731373,1694357.0,1.5392999649047852,1.589900016784668
BIVI,2026-08-12 11:25:00-04:00,2026-08-12 11:26:43.731373-04:00,43.731373,666507.0,1.590000033378601,1.6100000143051147
BIVI,2026-08-12 11:26:00-04:00,2026-08-12 11:26:43.731373-04:00,-16.268627,0.0,1.6999000310897827,1.6999000310897827
ENHA,2026-08-12 11:16:00-04:00,2026-08-12 11:27:03.765580-04:00,603.76558,312.0,2.1498000621795654,2.148099899291992
ENHA,2026-08-12 11:18:00-04:00,2026-08-12 11:27:03.765580-04:00,483.76558,1131.0,2.1498000621795654,2.1449999809265137
ENHA,2026-08-12 11:19:00-04:00,2026-08-12 11:27:03.765580-04:00,423.76558,5974.0,2.1500000953674316,2.1549999713897705
ENHA,2026-08-12 11:20:00-04:00,2026-08-12 11:27:03.765580-04:00,363.76558,2591.0,2.1602001190185547,2.1600000858306885
ENHA,2026-08-12 11:22:00-04:00,2026-08-12 11:27:03.765580-04:00,243.76558,4233.0,2.1649999618530273,2.1700000762939453
ENHA,2026-08-12 11:24:00-04:00,2026-08-12 11:27:03.765580-04:00,123.76558,0.0,2.186199903488159,2.186199903488159
MXCT,2026-08-12 11:18:00-04:00,2026-08-12 11:27:03.765580-04:00,483.76558,3499.0,1.2549999952316284,1.2549999952316284
MXCT,2026-08-12 11:20:00-04:00,2026-08-12 11:27:03.765580-04:00,363.76558,471.0,1.2549999952316284,1.25
MXCT,2026-08-12 11:21:00-04:00,2026-08-12 11:27:03.765580-04:00,303.76558,1160.0,1.250100016593933,1.250100016593933
MXCT,2026-08-12 11:22:00-04:00,2026-08-12 11:27:03.765580-04:00,243.76558,2302.0,1.2549999952316284,1.2549999952316284
MXCT,2026-08-12 11:23:00-04:00,2026-08-12 11:27:03.765580-04:00,183.76558,504.0,1.2549999952316284,1.2549999952316284
MXCT,2026-08-12 11:25:00-04:00,2026-08-12 11:27:03.765580-04:00,63.76558,0.0,1.250499963760376,1.250499963760376
GRWG,2026-08-12 11:21:00-04:00,2026-08-12 11:27:03.765580-04:00,303.76558,20031.0,1.8550000190734863,1.8700000047683716
GRWG,2026-08-12 11:22:00-04:00,2026-08-12 11:27:03.765580-04:00,243.76558,3527.0,1.8792999982833862,1.875
GRWG,2026-08-12 11:23:00-04:00,2026-08-12 11:27:03.765580-04:00,183.76558,44744.0,1.8700000047683716,1.8899999856948853
GRWG,2026-08-12 11:24:00-04:00,2026-08-12 11:27:03.765580-04:00,123.76558,28299.0,1.8902000188827515,1.8799999952316284
GRWG,2026-08-12 11:25:00-04:00,2026-08-12 11:27:03.765580-04:00,63.76558,707.0,1.8899999856948853,1.8849999904632568
GRWG,2026-08-12 11:26:00-04:00,2026-08-12 11:27:03.765580-04:00,3.76558,0.0,1.8907999992370605,1.8907999992370605
VLN,2026-08-12 11:19:00-04:00,2026-08-12 11:27:03.765580-04:00,423.76558,2393.0,1.8350000381469727,1.830299973487854
VLN,2026-08-12 11:20:00-04:00,2026-08-12 11:27:03.765580-04:00,363.76558,362.0,1.8350000381469727,1.8350000381469727
VLN,2026-08-12 11:21:00-04:00,2026-08-12 11:27:03.765580-04:00,303.76558,4201.0,1.8300000429153442,1.8250000476837158
VLN,2026-08-12 11:23:00-04:00,2026-08-12 11:27:03.765580-04:00,183.76558,1287.0,1.8250000476837158,1.8289999961853027
VLN,2026-08-12 11:25:00-04:00,2026-08-12 11:27:03.765580-04:00,63.76558,819.0,1.8250000476837158,1.8250000476837158
VLN,2026-08-12 11:26:00-04:00,2026-08-12 11:27:03.765580-04:00,3.76558,0.0,1.8250000476837158,1.8250000476837158
BIVI,2026-08-12 11:18:00-04:00,2026-08-12 11:27:03.765580-04:00,483.76558,2081094.0,2.059999942779541,1.4900000095367432
BIVI,2026-08-12 11:23:00-04:00,2026-08-12 11:27:03.765580-04:00,183.76558,605183.0,1.4900000095367432,1.5399999618530273
BIVI,2026-08-12 11:24:00-04:00,2026-08-12 11:27:03.765580-04:00,123.76558,1694357.0,1.5392999649047852,1.589900016784668
BIVI,2026-08-12 11:25:00-04:00,2026-08-12 11:27:03.765580-04:00,63.76558,666507.0,1.590000033378601,1.6100000143051147
BIVI,2026-08-12 11:26:00-04:00,2026-08-12 11:27:03.765580-04:00,3.76558,736827.0,1.6009999513626099,1.7100000381469727
BIVI,2026-08-12 11:27:00-04:00,2026-08-12 11:27:03.765580-04:00,-56.23442,0.0,1.7201000452041626,1.7201000452041626
REBN,2026-08-12 10:55:00-04:00,2026-08-12 11:27:03.765580-04:00,1863.76558,907.0,1.5099999904632568,1.5099999904632568
REBN,2026-08-12 11:00:00-04:00,2026-08-12 11:27:03.765580-04:00,1563.76558,294.0,1.5099999904632568,1.5099999904632568
REBN,2026-08-12 11:01:00-04:00,2026-08-12 11:27:03.765580-04:00,1503.76558,11.0,1.5038000345230103,1.5038000345230103
REBN,2026-08-12 11:04:00-04:00,2026-08-12 11:27:03.765580-04:00,1323.76558,1111.0,1.5099999904632568,1.4900000095367432
REBN,2026-08-12 11:12:00-04:00,2026-08-12 11:27:03.765580-04:00,843.76558,1109.0,1.5149999856948853,1.5149999856948853
REBN,2026-08-12 11:14:00-04:00,2026-08-12 11:27:03.765580-04:00,723.76558,0.0,1.5,1.5
DRMA,2026-08-12 11:21:00-04:00,2026-08-12 11:27:03.765580-04:00,303.76558,5795.0,1.3299000263214111,1.3202999830245972
DRMA,2026-08-12 11:22:00-04:00,2026-08-12 11:27:03.765580-04:00,243.76558,5269.0,1.3200000524520874,1.320099949836731
DRMA,2026-08-12 11:23:00-04:00,2026-08-12 11:27:03.765580-04:00,183.76558,3923.0,1.3202999830245972,1.3212000131607056
DRMA,2026-08-12 11:24:00-04:00,2026-08-12 11:27:03.765580-04:00,123.76558,29711.0,1.3250000476837158,1.3250000476837158
DRMA,2026-08-12 11:25:00-04:00,2026-08-12 11:27:03.765580-04:00,63.76558,4585.0,1.3250000476837158,1.3200000524520874
DRMA,2026-08-12 11:26:00-04:00,2026-08-12 11:27:03.765580-04:00,3.76558,0.0,1.3250000476837158,1.3250000476837158
FEMY,2026-08-12 11:19:00-04:00,2026-08-12 11:27:03.765580-04:00,423.76558,3774.0,2.3299999237060547,2.3299999237060547
FEMY,2026-08-12 11:20:00-04:00,2026-08-12 11:27:03.765580-04:00,363.76558,4365.0,2.3299999237060547,2.3299999237060547
FEMY,2026-08-12 11:21:00-04:00,2026-08-12 11:27:03.765580-04:00,303.76558,182.0,2.325000047683716,2.325000047683716
FEMY,2026-08-12 11:24:00-04:00,2026-08-12 11:27:03.765580-04:00,123.76558,7013.0,2.325000047683716,2.3299999237060547
FEMY,2026-08-12 11:25:00-04:00,2026-08-12 11:27:03.765580-04:00,63.76558,45332.0,2.3299999237060547,2.240000009536743
FEMY,2026-08-12 11:26:00-04:00,2026-08-12 11:27:03.765580-04:00,3.76558,0.0,2.240000009536743,2.240000009536743
ENHA,2026-08-12 11:16:00-04:00,2026-08-12 11:27:23.852008-04:00,623.852008,312.0,2.1498000621795654,2.148099899291992
ENHA,2026-08-12 11:18:00-04:00,2026-08-12 11:27:23.852008-04:00,503.852008,1131.0,2.1498000621795654,2.1449999809265137
ENHA,2026-08-12 11:19:00-04:00,2026-08-12 11:27:23.852008-04:00,443.852008,5974.0,2.1500000953674316,2.1549999713897705
ENHA,2026-08-12 11:20:00-04:00,2026-08-12 11:27:23.852008-04:00,383.852008,2591.0,2.1602001190185547,2.1600000858306885
ENHA,2026-08-12 11:22:00-04:00,2026-08-12 11:27:23.852008-04:00,263.852008,4233.0,2.1649999618530273,2.1700000762939453
ENHA,2026-08-12 11:24:00-04:00,2026-08-12 11:27:23.852008-04:00,143.852008,0.0,2.186199903488159,2.186199903488159
DRMA,2026-08-12 11:22:00-04:00,2026-08-12 11:27:23.852008-04:00,263.852008,5269.0,1.3200000524520874,1.320099949836731
DRMA,2026-08-12 11:23:00-04:00,2026-08-12 11:27:23.852008-04:00,203.852008,3923.0,1.3202999830245972,1.3212000131607056
DRMA,2026-08-12 11:24:00-04:00,2026-08-12 11:27:23.852008-04:00,143.852008,29711.0,1.3250000476837158,1.3250000476837158
DRMA,2026-08-12 11:25:00-04:00,2026-08-12 11:27:23.852008-04:00,83.852008,4585.0,1.3250000476837158,1.3200000524520874
DRMA,2026-08-12 11:26:00-04:00,2026-08-12 11:27:23.852008-04:00,23.852008,2498.0,1.3300000429153442,1.3250000476837158
DRMA,2026-08-12 11:27:00-04:00,2026-08-12 11:27:23.852008-04:00,-36.147992,0.0,1.3250000476837158,1.3250000476837158
GRWG,2026-08-12 11:21:00-04:00,2026-08-12 11:27:23.852008-04:00,323.852008,20031.0,1.8550000190734863,1.8700000047683716
GRWG,2026-08-12 11:22:00-04:00,2026-08-12 11:27:23.852008-04:00,263.852008,3527.0,1.8792999982833862,1.875
GRWG,2026-08-12 11:23:00-04:00,2026-08-12 11:27:23.852008-04:00,203.852008,44744.0,1.8700000047683716,1.8899999856948853
GRWG,2026-08-12 11:24:00-04:00,2026-08-12 11:27:23.852008-04:00,143.852008,28299.0,1.8902000188827515,1.8799999952316284
GRWG,2026-08-12 11:25:00-04:00,2026-08-12 11:27:23.852008-04:00,83.852008,707.0,1.8899999856948853,1.8849999904632568
GRWG,2026-08-12 11:26:00-04:00,2026-08-12 11:27:23.852008-04:00,23.852008,0.0,1.8907999992370605,1.8907999992370605
FEMY,2026-08-12 11:20:00-04:00,2026-08-12 11:27:23.852008-04:00,383.852008,4365.0,2.3299999237060547,2.3299999237060547
FEMY,2026-08-12 11:21:00-04:00,2026-08-12 11:27:23.852008-04:00,323.852008,182.0,2.325000047683716,2.325000047683716
FEMY,2026-08-12 11:24:00-04:00,2026-08-12 11:27:23.852008-04:00,143.852008,7013.0,2.325000047683716,2.3299999237060547
FEMY,2026-08-12 11:25:00-04:00,2026-08-12 11:27:23.852008-04:00,83.852008,45332.0,2.3299999237060547,2.240000009536743
FEMY,2026-08-12 11:26:00-04:00,2026-08-12 11:27:23.852008-04:00,23.852008,10702.0,2.240000009536743,2.240000009536743
FEMY,2026-08-12 11:27:00-04:00,2026-08-12 11:27:23.852008-04:00,-36.147992,0.0,2.2699999809265137,2.2699999809265137
BIVI,2026-08-12 11:18:00-04:00,2026-08-12 11:27:23.852008-04:00,503.852008,2081194.0,2.059999942779541,1.4900000095367432
BIVI,2026-08-12 11:23:00-04:00,2026-08-12 11:27:23.852008-04:00,203.852008,605183.0,1.4900000095367432,1.5399999618530273
BIVI,2026-08-12 11:24:00-04:00,2026-08-12 11:27:23.852008-04:00,143.852008,1694357.0,1.5392999649047852,1.589900016784668
BIVI,2026-08-12 11:25:00-04:00,2026-08-12 11:27:23.852008-04:00,83.852008,666507.0,1.590000033378601,1.6100000143051147
BIVI,2026-08-12 11:26:00-04:00,2026-08-12 11:27:23.852008-04:00,23.852008,736827.0,1.6009999513626099,1.7100000381469727
BIVI,2026-08-12 11:27:00-04:00,2026-08-12 11:27:23.852008-04:00,-36.147992,0.0,1.820099949836731,1.820099949836731
MXCT,2026-08-12 11:18:00-04:00,2026-08-12 11:27:23.852008-04:00,503.852008,3499.0,1.2549999952316284,1.2549999952316284
MXCT,2026-08-12 11:20:00-04:00,2026-08-12 11:27:23.852008-04:00,383.852008,471.0,1.2549999952316284,1.25
MXCT,2026-08-12 11:21:00-04:00,2026-08-12 11:27:23.852008-04:00,323.852008,1160.0,1.250100016593933,1.250100016593933
MXCT,2026-08-12 11:22:00-04:00,2026-08-12 11:27:23.852008-04:00,263.852008,2302.0,1.2549999952316284,1.2549999952316284
MXCT,2026-08-12 11:23:00-04:00,2026-08-12 11:27:23.852008-04:00,203.852008,504.0,1.2549999952316284,1.2549999952316284
MXCT,2026-08-12 11:25:00-04:00,2026-08-12 11:27:23.852008-04:00,83.852008,0.0,1.250499963760376,1.250499963760376
REBN,2026-08-12 10:55:00-04:00,2026-08-12 11:27:23.852008-04:00,1883.852008,907.0,1.5099999904632568,1.5099999904632568
REBN,2026-08-12 11:00:00-04:00,2026-08-12 11:27:23.852008-04:00,1583.852008,294.0,1.5099999904632568,1.5099999904632568
REBN,2026-08-12 11:01:00-04:00,2026-08-12 11:27:23.852008-04:00,1523.852008,11.0,1.5038000345230103,1.5038000345230103
REBN,2026-08-12 11:04:00-04:00,2026-08-12 11:27:23.852008-04:00,1343.852008,1111.0,1.5099999904632568,1.4900000095367432
REBN,2026-08-12 11:12:00-04:00,2026-08-12 11:27:23.852008-04:00,863.852008,1109.0,1.5149999856948853,1.5149999856948853
REBN,2026-08-12 11:14:00-04:00,2026-08-12 11:27:23.852008-04:00,743.852008,0.0,1.5,1.5
VLN,2026-08-12 11:20:00-04:00,2026-08-12 11:27:23.852008-04:00,383.852008,362.0,1.8350000381469727,1.8350000381469727
VLN,2026-08-12 11:21:00-04:00,2026-08-12 11:27:23.852008-04:00,323.852008,4201.0,1.8300000429153442,1.8250000476837158
VLN,2026-08-12 11:23:00-04:00,2026-08-12 11:27:23.852008-04:00,203.852008,1287.0,1.8250000476837158,1.8289999961853027
VLN,2026-08-12 11:25:00-04:00,2026-08-12 11:27:23.852008-04:00,83.852008,819.0,1.8250000476837158,1.8250000476837158
VLN,2026-08-12 11:26:00-04:00,2026-08-12 11:27:23.852008-04:00,23.852008,4144.0,1.8250000476837158,1.8250000476837158
VLN,2026-08-12 11:27:00-04:00,2026-08-12 11:27:23.852008-04:00,-36.147992,0.0,1.8300000429153442,1.8300000429153442
MXCT,2026-08-12 11:18:00-04:00,2026-08-12 11:27:43.890882-04:00,523.890882,3499.0,1.2549999952316284,1.2549999952316284
MXCT,2026-08-12 11:20:00-04:00,2026-08-12 11:27:43.890882-04:00,403.890882,471.0,1.2549999952316284,1.25
MXCT,2026-08-12 11:21:00-04:00,2026-08-12 11:27:43.890882-04:00,343.890882,1160.0,1.250100016593933,1.250100016593933
MXCT,2026-08-12 11:22:00-04:00,2026-08-12 11:27:43.890882-04:00,283.890882,2302.0,1.2549999952316284,1.2549999952316284
MXCT,2026-08-12 11:23:00-04:00,2026-08-12 11:27:43.890882-04:00,223.890882,504.0,1.2549999952316284,1.2549999952316284
MXCT,2026-08-12 11:25:00-04:00,2026-08-12 11:27:43.890882-04:00,103.890882,0.0,1.250499963760376,1.250499963760376
FEMY,2026-08-12 11:20:00-04:00,2026-08-12 11:27:43.890882-04:00,403.890882,4365.0,2.3299999237060547,2.3299999237060547
FEMY,2026-08-12 11:21:00-04:00,2026-08-12 11:27:43.890882-04:00,343.890882,182.0,2.325000047683716,2.325000047683716
FEMY,2026-08-12 11:24:00-04:00,2026-08-12 11:27:43.890882-04:00,163.890882,7013.0,2.325000047683716,2.3299999237060547
FEMY,2026-08-12 11:25:00-04:00,2026-08-12 11:27:43.890882-04:00,103.890882,45332.0,2.3299999237060547,2.240000009536743
FEMY,2026-08-12 11:26:00-04:00,2026-08-12 11:27:43.890882-04:00,43.890882,10702.0,2.240000009536743,2.240000009536743
FEMY,2026-08-12 11:27:00-04:00,2026-08-12 11:27:43.890882-04:00,-16.109118,0.0,2.2699999809265137,2.2699999809265137
VLN,2026-08-12 11:20:00-04:00,2026-08-12 11:27:43.890882-04:00,403.890882,362.0,1.8350000381469727,1.8350000381469727
VLN,2026-08-12 11:21:00-04:00,2026-08-12 11:27:43.890882-04:00,343.890882,4201.0,1.8300000429153442,1.8250000476837158
VLN,2026-08-12 11:23:00-04:00,2026-08-12 11:27:43.890882-04:00,223.890882,1287.0,1.8250000476837158,1.8289999961853027
VLN,2026-08-12 11:25:00-04:00,2026-08-12 11:27:43.890882-04:00,103.890882,819.0,1.8250000476837158,1.8250000476837158
VLN,2026-08-12 11:26:00-04:00,2026-08-12 11:27:43.890882-04:00,43.890882,4144.0,1.8250000476837158,1.8250000476837158
VLN,2026-08-12 11:27:00-04:00,2026-08-12 11:27:43.890882-04:00,-16.109118,0.0,1.8300000429153442,1.8300000429153442
ENHA,2026-08-12 11:16:00-04:00,2026-08-12 11:27:43.890882-04:00,643.890882,312.0,2.1498000621795654,2.148099899291992
ENHA,2026-08-12 11:18:00-04:00,2026-08-12 11:27:43.890882-04:00,523.890882,1131.0,2.1498000621795654,2.1449999809265137
ENHA,2026-08-12 11:19:00-04:00,2026-08-12 11:27:43.890882-04:00,463.890882,5974.0,2.1500000953674316,2.1549999713897705
ENHA,2026-08-12 11:20:00-04:00,2026-08-12 11:27:43.890882-04:00,403.890882,2591.0,2.1602001190185547,2.1600000858306885
ENHA,2026-08-12 11:22:00-04:00,2026-08-12 11:27:43.890882-04:00,283.890882,4233.0,2.1600000858306885,2.1700000762939453
ENHA,2026-08-12 11:24:00-04:00,2026-08-12 11:27:43.890882-04:00,163.890882,0.0,2.186199903488159,2.186199903488159
GRWG,2026-08-12 11:22:00-04:00,2026-08-12 11:27:43.890882-04:00,283.890882,3527.0,1.8792999982833862,1.875
GRWG,2026-08-12 11:23:00-04:00,2026-08-12 11:27:43.890882-04:00,223.890882,44744.0,1.8700000047683716,1.8899999856948853
GRWG,2026-08-12 11:24:00-04:00,2026-08-12 11:27:43.890882-04:00,163.890882,28299.0,1.8902000188827515,1.8799999952316284
GRWG,2026-08-12 11:25:00-04:00,2026-08-12 11:27:43.890882-04:00,103.890882,707.0,1.8899999856948853,1.8849999904632568
GRWG,2026-08-12 11:26:00-04:00,2026-08-12 11:27:43.890882-04:00,43.890882,13187.0,1.8799999952316284,1.8907999992370605
GRWG,2026-08-12 11:27:00-04:00,2026-08-12 11:27:43.890882-04:00,-16.109118,0.0,1.8949999809265137,1.8949999809265137
DRMA,2026-08-12 11:22:00-04:00,2026-08-12 11:27:43.890882-04:00,283.890882,5269.0,1.3200000524520874,1.320099949836731
DRMA,2026-08-12 11:23:00-04:00,2026-08-12 11:27:43.890882-04:00,223.890882,3923.0,1.3202999830245972,1.3212000131607056
DRMA,2026-08-12 11:24:00-04:00,2026-08-12 11:27:43.890882-04:00,163.890882,29711.0,1.3250000476837158,1.3250000476837158
DRMA,2026-08-12 11:25:00-04:00,2026-08-12 11:27:43.890882-04:00,103.890882,4585.0,1.3250000476837158,1.3200000524520874
DRMA,2026-08-12 11:26:00-04:00,2026-08-12 11:27:43.890882-04:00,43.890882,2498.0,1.3300000429153442,1.3250000476837158
DRMA,2026-08-12 11:27:00-04:00,2026-08-12 11:27:43.890882-04:00,-16.109118,0.0,1.3250000476837158,1.3250000476837158
BIVI,2026-08-12 11:18:00-04:00,2026-08-12 11:27:43.890882-04:00,523.890882,2081194.0,2.059999942779541,1.4900000095367432
BIVI,2026-08-12 11:23:00-04:00,2026-08-12 11:27:43.890882-04:00,223.890882,605183.0,1.4900000095367432,1.5399999618530273
BIVI,2026-08-12 11:24:00-04:00,2026-08-12 11:27:43.890882-04:00,163.890882,1694357.0,1.5392999649047852,1.589900016784668
BIVI,2026-08-12 11:25:00-04:00,2026-08-12 11:27:43.890882-04:00,103.890882,666507.0,1.590000033378601,1.6100000143051147
BIVI,2026-08-12 11:26:00-04:00,2026-08-12 11:27:43.890882-04:00,43.890882,736827.0,1.6009999513626099,1.7100000381469727
BIVI,2026-08-12 11:27:00-04:00,2026-08-12 11:27:43.890882-04:00,-16.109118,0.0,1.8697999715805054,1.8697999715805054
REBN,2026-08-12 10:55:00-04:00,2026-08-12 11:27:43.890882-04:00,1903.890882,907.0,1.5099999904632568,1.5099999904632568
REBN,2026-08-12 11:00:00-04:00,2026-08-12 11:27:43.890882-04:00,1603.890882,294.0,1.5099999904632568,1.5099999904632568
REBN,2026-08-12 11:01:00-04:00,2026-08-12 11:27:43.890882-04:00,1543.890882,11.0,1.5038000345230103,1.5038000345230103
REBN,2026-08-12 11:04:00-04:00,2026-08-12 11:27:43.890882-04:00,1363.890882,1111.0,1.5099999904632568,1.4900000095367432
REBN,2026-08-12 11:12:00-04:00,2026-08-12 11:27:43.890882-04:00,883.890882,1109.0,1.5149999856948853,1.5149999856948853
REBN,2026-08-12 11:14:00-04:00,2026-08-12 11:27:43.890882-04:00,763.890882,0.0,1.5,1.5
MXCT,2026-08-12 11:18:00-04:00,2026-08-12 11:28:03.924606-04:00,543.924606,3499.0,1.2549999952316284,1.2549999952316284
MXCT,2026-08-12 11:20:00-04:00,2026-08-12 11:28:03.924606-04:00,423.924606,471.0,1.2549999952316284,1.25
MXCT,2026-08-12 11:21:00-04:00,2026-08-12 11:28:03.924606-04:00,363.924606,1160.0,1.250100016593933,1.250100016593933
MXCT,2026-08-12 11:22:00-04:00,2026-08-12 11:28:03.924606-04:00,303.924606,2302.0,1.2549999952316284,1.2549999952316284
MXCT,2026-08-12 11:23:00-04:00,2026-08-12 11:28:03.924606-04:00,243.924606,504.0,1.2549999952316284,1.2549999952316284
MXCT,2026-08-12 11:25:00-04:00,2026-08-12 11:28:03.924606-04:00,123.924606,0.0,1.250499963760376,1.250499963760376
DRMA,2026-08-12 11:22:00-04:00,2026-08-12 11:28:03.924606-04:00,303.924606,5269.0,1.3200000524520874,1.320099949836731
DRMA,2026-08-12 11:23:00-04:00,2026-08-12 11:28:03.924606-04:00,243.924606,3923.0,1.3202999830245972,1.3212000131607056
DRMA,2026-08-12 11:24:00-04:00,2026-08-12 11:28:03.924606-04:00,183.924606,29711.0,1.3250000476837158,1.3250000476837158
DRMA,2026-08-12 11:25:00-04:00,2026-08-12 11:28:03.924606-04:00,123.924606,4585.0,1.3250000476837158,1.3200000524520874
DRMA,2026-08-12 11:26:00-04:00,2026-08-12 11:28:03.924606-04:00,63.924606,2498.0,1.3300000429153442,1.3250000476837158
DRMA,2026-08-12 11:27:00-04:00,2026-08-12 11:28:03.924606-04:00,3.924606,0.0,1.3240000009536743,1.3240000009536743
FEMY,2026-08-12 11:20:00-04:00,2026-08-12 11:28:03.924606-04:00,423.924606,4365.0,2.3299999237060547,2.3299999237060547
FEMY,2026-08-12 11:21:00-04:00,2026-08-12 11:28:03.924606-04:00,363.924606,182.0,2.325000047683716,2.325000047683716
FEMY,2026-08-12 11:24:00-04:00,2026-08-12 11:28:03.924606-04:00,183.924606,7013.0,2.325000047683716,2.3299999237060547
FEMY,2026-08-12 11:25:00-04:00,2026-08-12 11:28:03.924606-04:00,123.924606,45332.0,2.3299999237060547,2.240000009536743
FEMY,2026-08-12 11:26:00-04:00,2026-08-12 11:28:03.924606-04:00,63.924606,10702.0,2.240000009536743,2.240000009536743
FEMY,2026-08-12 11:27:00-04:00,2026-08-12 11:28:03.924606-04:00,3.924606,0.0,2.2699999809265137,2.2699999809265137
GRWG,2026-08-12 11:22:00-04:00,2026-08-12 11:28:03.924606-04:00,303.924606,3527.0,1.8792999982833862,1.875
GRWG,2026-08-12 11:23:00-04:00,2026-08-12 11:28:03.924606-04:00,243.924606,44744.0,1.8700000047683716,1.8899999856948853
GRWG,2026-08-12 11:24:00-04:00,2026-08-12 11:28:03.924606-04:00,183.924606,28299.0,1.8902000188827515,1.8799999952316284
GRWG,2026-08-12 11:25:00-04:00,2026-08-12 11:28:03.924606-04:00,123.924606,707.0,1.8899999856948853,1.8849999904632568
GRWG,2026-08-12 11:26:00-04:00,2026-08-12 11:28:03.924606-04:00,63.924606,13187.0,1.8799999952316284,1.8907999992370605
GRWG,2026-08-12 11:27:00-04:00,2026-08-12 11:28:03.924606-04:00,3.924606,0.0,1.8949999809265137,1.8949999809265137
BIVI,2026-08-12 11:23:00-04:00,2026-08-12 11:28:03.924606-04:00,243.924606,605183.0,1.4900000095367432,1.5399999618530273
BIVI,2026-08-12 11:24:00-04:00,2026-08-12 11:28:03.924606-04:00,183.924606,1694357.0,1.5392999649047852,1.589900016784668
BIVI,2026-08-12 11:25:00-04:00,2026-08-12 11:28:03.924606-04:00,123.924606,666507.0,1.590000033378601,1.6100000143051147
BIVI,2026-08-12 11:26:00-04:00,2026-08-12 11:28:03.924606-04:00,63.924606,736827.0,1.6009999513626099,1.7100000381469727
BIVI,2026-08-12 11:27:00-04:00,2026-08-12 11:28:03.924606-04:00,3.924606,924668.0,1.718999981880188,1.850000023841858
BIVI,2026-08-12 11:28:00-04:00,2026-08-12 11:28:03.924606-04:00,-56.075394,0.0,1.8901000022888184,1.8901000022888184
REBN,2026-08-12 10:55:00-04:00,2026-08-12 11:28:03.924606-04:00,1923.924606,907.0,1.5099999904632568,1.5099999904632568
REBN,2026-08-12 11:00:00-04:00,2026-08-12 11:28:03.924606-04:00,1623.924606,294.0,1.5099999904632568,1.5099999904632568
REBN,2026-08-12 11:01:00-04:00,2026-08-12 11:28:03.924606-04:00,1563.924606,11.0,1.5038000345230103,1.5038000345230103
REBN,2026-08-12 11:04:00-04:00,2026-08-12 11:28:03.924606-04:00,1383.924606,1111.0,1.5099999904632568,1.4900000095367432
REBN,2026-08-12 11:12:00-04:00,2026-08-12 11:28:03.924606-04:00,903.924606,1109.0,1.5149999856948853,1.5149999856948853
REBN,2026-08-12 11:14:00-04:00,2026-08-12 11:28:03.924606-04:00,783.924606,0.0,1.5,1.5
ENHA,2026-08-12 11:16:00-04:00,2026-08-12 11:28:03.924606-04:00,663.924606,312.0,2.1498000621795654,2.148099899291992
ENHA,2026-08-12 11:18:00-04:00,2026-08-12 11:28:03.924606-04:00,543.924606,1131.0,2.1498000621795654,2.1449999809265137
ENHA,2026-08-12 11:19:00-04:00,2026-08-12 11:28:03.924606-04:00,483.924606,5974.0,2.1500000953674316,2.1549999713897705
ENHA,2026-08-12 11:20:00-04:00,2026-08-12 11:28:03.924606-04:00,423.924606,2591.0,2.1602001190185547,2.1600000858306885
ENHA,2026-08-12 11:22:00-04:00,2026-08-12 11:28:03.924606-04:00,303.924606,4233.0,2.1649999618530273,2.1700000762939453
ENHA,2026-08-12 11:24:00-04:00,2026-08-12 11:28:03.924606-04:00,183.924606,0.0,2.186199903488159,2.186199903488159
VLN,2026-08-12 11:20:00-04:00,2026-08-12 11:28:03.924606-04:00,423.924606,362.0,1.8350000381469727,1.8350000381469727
VLN,2026-08-12 11:21:00-04:00,2026-08-12 11:28:03.924606-04:00,363.924606,4201.0,1.8300000429153442,1.8250000476837158
VLN,2026-08-12 11:23:00-04:00,2026-08-12 11:28:03.924606-04:00,243.924606,1287.0,1.8250000476837158,1.8289999961853027
VLN,2026-08-12 11:25:00-04:00,2026-08-12 11:28:03.924606-04:00,123.924606,819.0,1.8250000476837158,1.8250000476837158
VLN,2026-08-12 11:26:00-04:00,2026-08-12 11:28:03.924606-04:00,63.924606,4144.0,1.8250000476837158,1.8250000476837158
VLN,2026-08-12 11:27:00-04:00,2026-08-12 11:28:03.924606-04:00,3.924606,0.0,1.8300000429153442,1.8300000429153442
FEMY,2026-08-12 11:20:00-04:00,2026-08-12 11:28:23.963091-04:00,443.963091,4365.0,2.3299999237060547,2.3299999237060547
FEMY,2026-08-12 11:21:00-04:00,2026-08-12 11:28:23.963091-04:00,383.963091,182.0,2.325000047683716,2.325000047683716
FEMY,2026-08-12 11:24:00-04:00,2026-08-12 11:28:23.963091-04:00,203.963091,7013.0,2.325000047683716,2.3299999237060547
FEMY,2026-08-12 11:25:00-04:00,2026-08-12 11:28:23.963091-04:00,143.963091,45332.0,2.3299999237060547,2.240000009536743
FEMY,2026-08-12 11:26:00-04:00,2026-08-12 11:28:23.963091-04:00,83.963091,10702.0,2.240000009536743,2.240000009536743
FEMY,2026-08-12 11:27:00-04:00,2026-08-12 11:28:23.963091-04:00,23.963091,0.0,2.2699999809265137,2.2699999809265137
VLN,2026-08-12 11:21:00-04:00,2026-08-12 11:28:23.963091-04:00,383.963091,4201.0,1.8300000429153442,1.8250000476837158
VLN,2026-08-12 11:23:00-04:00,2026-08-12 11:28:23.963091-04:00,263.963091,1287.0,1.8250000476837158,1.8289999961853027
VLN,2026-08-12 11:25:00-04:00,2026-08-12 11:28:23.963091-04:00,143.963091,819.0,1.8250000476837158,1.8250000476837158
VLN,2026-08-12 11:26:00-04:00,2026-08-12 11:28:23.963091-04:00,83.963091,4144.0,1.8250000476837158,1.8250000476837158
VLN,2026-08-12 11:27:00-04:00,2026-08-12 11:28:23.963091-04:00,23.963091,262.0,1.8250000476837158,1.8300000429153442
VLN,2026-08-12 11:28:00-04:00,2026-08-12 11:28:23.963091-04:00,-36.036909,0.0,1.8250000476837158,1.8250000476837158
DRMA,2026-08-12 11:23:00-04:00,2026-08-12 11:28:23.963091-04:00,263.963091,3923.0,1.3202999830245972,1.3212000131607056
DRMA,2026-08-12 11:24:00-04:00,2026-08-12 11:28:23.963091-04:00,203.963091,29711.0,1.3250000476837158,1.3250000476837158
DRMA,2026-08-12 11:25:00-04:00,2026-08-12 11:28:23.963091-04:00,143.963091,4585.0,1.3250000476837158,1.3200000524520874
DRMA,2026-08-12 11:26:00-04:00,2026-08-12 11:28:23.963091-04:00,83.963091,2498.0,1.3300000429153442,1.3250000476837158
DRMA,2026-08-12 11:27:00-04:00,2026-08-12 11:28:23.963091-04:00,23.963091,1565.0,1.3200000524520874,1.3240000009536743
DRMA,2026-08-12 11:28:00-04:00,2026-08-12 11:28:23.963091-04:00,-36.036909,0.0,1.320099949836731,1.320099949836731
BIVI,2026-08-12 11:23:00-04:00,2026-08-12 11:28:23.963091-04:00,263.963091,605183.0,1.4900000095367432,1.5399999618530273
BIVI,2026-08-12 11:24:00-04:00,2026-08-12 11:28:23.963091-04:00,203.963091,1694357.0,1.5392999649047852,1.589900016784668
BIVI,2026-08-12 11:25:00-04:00,2026-08-12 11:28:23.963091-04:00,143.963091,666507.0,1.590000033378601,1.6100000143051147
BIVI,2026-08-12 11:26:00-04:00,2026-08-12 11:28:23.963091-04:00,83.963091,736827.0,1.6009999513626099,1.7100000381469727
BIVI,2026-08-12 11:27:00-04:00,2026-08-12 11:28:23.963091-04:00,23.963091,924668.0,1.718999981880188,1.850000023841858
BIVI,2026-08-12 11:28:00-04:00,2026-08-12 11:28:23.963091-04:00,-36.036909,0.0,1.8600000143051147,1.8600000143051147
ENHA,2026-08-12 11:16:00-04:00,2026-08-12 11:28:23.963091-04:00,683.963091,312.0,2.1498000621795654,2.148099899291992
ENHA,2026-08-12 11:18:00-04:00,2026-08-12 11:28:23.963091-04:00,563.963091,1131.0,2.1498000621795654,2.1449999809265137
ENHA,2026-08-12 11:19:00-04:00,2026-08-12 11:28:23.963091-04:00,503.963091,5974.0,2.1500000953674316,2.1549999713897705
ENHA,2026-08-12 11:20:00-04:00,2026-08-12 11:28:23.963091-04:00,443.963091,2591.0,2.1602001190185547,2.1600000858306885
ENHA,2026-08-12 11:22:00-04:00,2026-08-12 11:28:23.963091-04:00,323.963091,4233.0,2.1600000858306885,2.1700000762939453
ENHA,2026-08-12 11:24:00-04:00,2026-08-12 11:28:23.963091-04:00,203.963091,0.0,2.186199903488159,2.186199903488159
GRWG,2026-08-12 11:23:00-04:00,2026-08-12 11:28:23.963091-04:00,263.963091,44744.0,1.8700000047683716,1.8899999856948853
GRWG,2026-08-12 11:24:00-04:00,2026-08-12 11:28:23.963091-04:00,203.963091,28299.0,1.8902000188827515,1.8799999952316284
GRWG,2026-08-12 11:25:00-04:00,2026-08-12 11:28:23.963091-04:00,143.963091,707.0,1.8899999856948853,1.8849999904632568
GRWG,2026-08-12 11:26:00-04:00,2026-08-12 11:28:23.963091-04:00,83.963091,13187.0,1.8799999952316284,1.8907999992370605
GRWG,2026-08-12 11:27:00-04:00,2026-08-12 11:28:23.963091-04:00,23.963091,5960.0,1.8949999809265137,1.8949999809265137
GRWG,2026-08-12 11:28:00-04:00,2026-08-12 11:28:23.963091-04:00,-36.036909,0.0,1.8949999809265137,1.8949999809265137
MXCT,2026-08-12 11:18:00-04:00,2026-08-12 11:28:23.963091-04:00,563.963091,3499.0,1.2549999952316284,1.2549999952316284
MXCT,2026-08-12 11:20:00-04:00,2026-08-12 11:28:23.963091-04:00,443.963091,471.0,1.2549999952316284,1.25
MXCT,2026-08-12 11:21:00-04:00,2026-08-12 11:28:23.963091-04:00,383.963091,1160.0,1.250100016593933,1.250100016593933
MXCT,2026-08-12 11:22:00-04:00,2026-08-12 11:28:23.963091-04:00,323.963091,2302.0,1.2549999952316284,1.2549999952316284
MXCT,2026-08-12 11:23:00-04:00,2026-08-12 11:28:23.963091-04:00,263.963091,504.0,1.2549999952316284,1.2549999952316284
MXCT,2026-08-12 11:25:00-04:00,2026-08-12 11:28:23.963091-04:00,143.963091,0.0,1.250499963760376,1.250499963760376
REBN,2026-08-12 10:55:00-04:00,2026-08-12 11:28:23.963091-04:00,1943.963091,907.0,1.5099999904632568,1.5099999904632568
REBN,2026-08-12 11:00:00-04:00,2026-08-12 11:28:23.963091-04:00,1643.963091,294.0,1.5099999904632568,1.5099999904632568
REBN,2026-08-12 11:01:00-04:00,2026-08-12 11:28:23.963091-04:00,1583.963091,11.0,1.5038000345230103,1.5038000345230103
REBN,2026-08-12 11:04:00-04:00,2026-08-12 11:28:23.963091-04:00,1403.963091,1111.0,1.5099999904632568,1.4900000095367432
REBN,2026-08-12 11:12:00-04:00,2026-08-12 11:28:23.963091-04:00,923.963091,1109.0,1.5149999856948853,1.5149999856948853
REBN,2026-08-12 11:14:00-04:00,2026-08-12 11:28:23.963091-04:00,803.963091,0.0,1.5,1.5
REBN,2026-08-12 10:55:00-04:00,2026-08-12 11:28:43.997428-04:00,1963.997428,907.0,1.5099999904632568,1.5099999904632568
REBN,2026-08-12 11:00:00-04:00,2026-08-12 11:28:43.997428-04:00,1663.997428,294.0,1.5099999904632568,1.5099999904632568
REBN,2026-08-12 11:01:00-04:00,2026-08-12 11:28:43.997428-04:00,1603.997428,11.0,1.5038000345230103,1.5038000345230103
REBN,2026-08-12 11:04:00-04:00,2026-08-12 11:28:43.997428-04:00,1423.997428,1111.0,1.5099999904632568,1.4900000095367432
REBN,2026-08-12 11:12:00-04:00,2026-08-12 11:28:43.997428-04:00,943.997428,1109.0,1.5149999856948853,1.5149999856948853
REBN,2026-08-12 11:14:00-04:00,2026-08-12 11:28:43.997428-04:00,823.997428,0.0,1.5,1.5
FEMY,2026-08-12 11:20:00-04:00,2026-08-12 11:28:43.997428-04:00,463.997428,4365.0,2.3299999237060547,2.3299999237060547
FEMY,2026-08-12 11:21:00-04:00,2026-08-12 11:28:43.997428-04:00,403.997428,182.0,2.325000047683716,2.325000047683716
FEMY,2026-08-12 11:24:00-04:00,2026-08-12 11:28:43.997428-04:00,223.997428,7013.0,2.325000047683716,2.3299999237060547
FEMY,2026-08-12 11:25:00-04:00,2026-08-12 11:28:43.997428-04:00,163.997428,45332.0,2.3299999237060547,2.240000009536743
FEMY,2026-08-12 11:26:00-04:00,2026-08-12 11:28:43.997428-04:00,103.997428,10702.0,2.240000009536743,2.240000009536743
FEMY,2026-08-12 11:27:00-04:00,2026-08-12 11:28:43.997428-04:00,43.997428,0.0,2.2699999809265137,2.2699999809265137
BIVI,2026-08-12 11:23:00-04:00,2026-08-12 11:28:43.997428-04:00,283.997428,605183.0,1.4900000095367432,1.5399999618530273
BIVI,2026-08-12 11:24:00-04:00,2026-08-12 11:28:43.997428-04:00,223.997428,1694357.0,1.5392999649047852,1.589900016784668
BIVI,2026-08-12 11:25:00-04:00,2026-08-12 11:28:43.997428-04:00,163.997428,666507.0,1.590000033378601,1.6100000143051147
BIVI,2026-08-12 11:26:00-04:00,2026-08-12 11:28:43.997428-04:00,103.997428,736827.0,1.6009999513626099,1.7100000381469727
BIVI,2026-08-12 11:27:00-04:00,2026-08-12 11:28:43.997428-04:00,43.997428,924668.0,1.718999981880188,1.850000023841858
BIVI,2026-08-12 11:28:00-04:00,2026-08-12 11:28:43.997428-04:00,-16.002572,0.0,1.9606000185012817,1.9606000185012817
ENHA,2026-08-12 11:16:00-04:00,2026-08-12 11:28:43.997428-04:00,703.997428,312.0,2.1498000621795654,2.148099899291992
ENHA,2026-08-12 11:18:00-04:00,2026-08-12 11:28:43.997428-04:00,583.997428,1131.0,2.1498000621795654,2.1449999809265137
ENHA,2026-08-12 11:19:00-04:00,2026-08-12 11:28:43.997428-04:00,523.997428,5974.0,2.1500000953674316,2.1549999713897705
ENHA,2026-08-12 11:20:00-04:00,2026-08-12 11:28:43.997428-04:00,463.997428,2591.0,2.1602001190185547,2.1600000858306885
ENHA,2026-08-12 11:22:00-04:00,2026-08-12 11:28:43.997428-04:00,343.997428,4233.0,2.1600000858306885,2.1700000762939453
ENHA,2026-08-12 11:24:00-04:00,2026-08-12 11:28:43.997428-04:00,223.997428,0.0,2.186199903488159,2.186199903488159
GRWG,2026-08-12 11:23:00-04:00,2026-08-12 11:28:43.997428-04:00,283.997428,44744.0,1.8700000047683716,1.8899999856948853
GRWG,2026-08-12 11:24:00-04:00,2026-08-12 11:28:43.997428-04:00,223.997428,28299.0,1.8902000188827515,1.8799999952316284
GRWG,2026-08-12 11:25:00-04:00,2026-08-12 11:28:43.997428-04:00,163.997428,707.0,1.8899999856948853,1.8849999904632568
GRWG,2026-08-12 11:26:00-04:00,2026-08-12 11:28:43.997428-04:00,103.997428,13187.0,1.8799999952316284,1.8907999992370605
GRWG,2026-08-12 11:27:00-04:00,2026-08-12 11:28:43.997428-04:00,43.997428,5960.0,1.8949999809265137,1.8949999809265137
GRWG,2026-08-12 11:28:00-04:00,2026-08-12 11:28:43.997428-04:00,-16.002572,0.0,1.8949999809265137,1.8949999809265137
VLN,2026-08-12 11:21:00-04:00,2026-08-12 11:28:43.997428-04:00,403.997428,4201.0,1.8300000429153442,1.8250000476837158
VLN,2026-08-12 11:23:00-04:00,2026-08-12 11:28:43.997428-04:00,283.997428,1287.0,1.8250000476837158,1.8289999961853027
VLN,2026-08-12 11:25:00-04:00,2026-08-12 11:28:43.997428-04:00,163.997428,819.0,1.8250000476837158,1.8250000476837158
VLN,2026-08-12 11:26:00-04:00,2026-08-12 11:28:43.997428-04:00,103.997428,4144.0,1.8250000476837158,1.8250000476837158
VLN,2026-08-12 11:27:00-04:00,2026-08-12 11:28:43.997428-04:00,43.997428,262.0,1.8250000476837158,1.8300000429153442
VLN,2026-08-12 11:28:00-04:00,2026-08-12 11:28:43.997428-04:00,-16.002572,0.0,1.8250000476837158,1.8250000476837158
DRMA,2026-08-12 11:23:00-04:00,2026-08-12 11:28:43.997428-04:00,283.997428,3923.0,1.3202999830245972,1.3212000131607056
DRMA,2026-08-12 11:24:00-04:00,2026-08-12 11:28:43.997428-04:00,223.997428,29711.0,1.3250000476837158,1.3250000476837158
DRMA,2026-08-12 11:25:00-04:00,2026-08-12 11:28:43.997428-04:00,163.997428,4585.0,1.3250000476837158,1.3200000524520874
DRMA,2026-08-12 11:26:00-04:00,2026-08-12 11:28:43.997428-04:00,103.997428,2498.0,1.3300000429153442,1.3250000476837158
DRMA,2026-08-12 11:27:00-04:00,2026-08-12 11:28:43.997428-04:00,43.997428,1565.0,1.3200000524520874,1.3240000009536743
DRMA,2026-08-12 11:28:00-04:00,2026-08-12 11:28:43.997428-04:00,-16.002572,0.0,1.3200000524520874,1.3200000524520874
MXCT,2026-08-12 11:18:00-04:00,2026-08-12 11:28:43.997428-04:00,583.997428,3499.0,1.2549999952316284,1.2549999952316284
MXCT,2026-08-12 11:20:00-04:00,2026-08-12 11:28:43.997428-04:00,463.997428,471.0,1.2549999952316284,1.25
MXCT,2026-08-12 11:21:00-04:00,2026-08-12 11:28:43.997428-04:00,403.997428,1160.0,1.250100016593933,1.250100016593933
MXCT,2026-08-12 11:22:00-04:00,2026-08-12 11:28:43.997428-04:00,343.997428,2302.0,1.2549999952316284,1.2549999952316284
MXCT,2026-08-12 11:23:00-04:00,2026-08-12 11:28:43.997428-04:00,283.997428,504.0,1.2549999952316284,1.2549999952316284
MXCT,2026-08-12 11:25:00-04:00,2026-08-12 11:28:43.997428-04:00,163.997428,0.0,1.250499963760376,1.250499963760376
REBN,2026-08-12 10:55:00-04:00,2026-08-12 11:29:04.030469-04:00,1984.030469,907.0,1.5099999904632568,1.5099999904632568
REBN,2026-08-12 11:00:00-04:00,2026-08-12 11:29:04.030469-04:00,1684.030469,294.0,1.5099999904632568,1.5099999904632568
REBN,2026-08-12 11:01:00-04:00,2026-08-12 11:29:04.030469-04:00,1624.030469,11.0,1.5038000345230103,1.5038000345230103
REBN,2026-08-12 11:04:00-04:00,2026-08-12 11:29:04.030469-04:00,1444.030469,1111.0,1.5099999904632568,1.4900000095367432
REBN,2026-08-12 11:12:00-04:00,2026-08-12 11:29:04.030469-04:00,964.030469,1109.0,1.5149999856948853,1.5149999856948853
REBN,2026-08-12 11:14:00-04:00,2026-08-12 11:29:04.030469-04:00,844.030469,0.0,1.5,1.5
FEMY,2026-08-12 11:20:00-04:00,2026-08-12 11:29:04.030469-04:00,484.030469,4365.0,2.3299999237060547,2.3299999237060547
FEMY,2026-08-12 11:21:00-04:00,2026-08-12 11:29:04.030469-04:00,424.030469,182.0,2.325000047683716,2.325000047683716
FEMY,2026-08-12 11:24:00-04:00,2026-08-12 11:29:04.030469-04:00,244.030469,7013.0,2.325000047683716,2.3299999237060547
FEMY,2026-08-12 11:25:00-04:00,2026-08-12 11:29:04.030469-04:00,184.030469,45332.0,2.3299999237060547,2.240000009536743
FEMY,2026-08-12 11:26:00-04:00,2026-08-12 11:29:04.030469-04:00,124.030469,10702.0,2.240000009536743,2.240000009536743
FEMY,2026-08-12 11:27:00-04:00,2026-08-12 11:29:04.030469-04:00,64.030469,0.0,2.2699999809265137,2.2699999809265137
ENHA,2026-08-12 11:16:00-04:00,2026-08-12 11:29:04.030469-04:00,724.030469,312.0,2.1498000621795654,2.148099899291992
ENHA,2026-08-12 11:18:00-04:00,2026-08-12 11:29:04.030469-04:00,604.030469,1131.0,2.1498000621795654,2.1449999809265137
ENHA,2026-08-12 11:19:00-04:00,2026-08-12 11:29:04.030469-04:00,544.030469,5974.0,2.1500000953674316,2.1549999713897705
ENHA,2026-08-12 11:20:00-04:00,2026-08-12 11:29:04.030469-04:00,484.030469,2591.0,2.1602001190185547,2.1600000858306885
ENHA,2026-08-12 11:22:00-04:00,2026-08-12 11:29:04.030469-04:00,364.030469,4233.0,2.1649999618530273,2.1700000762939453
ENHA,2026-08-12 11:24:00-04:00,2026-08-12 11:29:04.030469-04:00,244.030469,0.0,2.186199903488159,2.186199903488159
MXCT,2026-08-12 11:18:00-04:00,2026-08-12 11:29:04.030469-04:00,604.030469,3499.0,1.2549999952316284,1.2549999952316284
MXCT,2026-08-12 11:20:00-04:00,2026-08-12 11:29:04.030469-04:00,484.030469,471.0,1.2549999952316284,1.25
MXCT,2026-08-12 11:21:00-04:00,2026-08-12 11:29:04.030469-04:00,424.030469,1160.0,1.250100016593933,1.250100016593933
MXCT,2026-08-12 11:22:00-04:00,2026-08-12 11:29:04.030469-04:00,364.030469,2302.0,1.2549999952316284,1.2549999952316284
MXCT,2026-08-12 11:23:00-04:00,2026-08-12 11:29:04.030469-04:00,304.030469,504.0,1.2549999952316284,1.2549999952316284
MXCT,2026-08-12 11:25:00-04:00,2026-08-12 11:29:04.030469-04:00,184.030469,0.0,1.250499963760376,1.250499963760376
GRWG,2026-08-12 11:23:00-04:00,2026-08-12 11:29:04.030469-04:00,304.030469,44744.0,1.8700000047683716,1.8899999856948853
GRWG,2026-08-12 11:24:00-04:00,2026-08-12 11:29:04.030469-04:00,244.030469,28299.0,1.8902000188827515,1.8799999952316284
GRWG,2026-08-12 11:25:00-04:00,2026-08-12 11:29:04.030469-04:00,184.030469,707.0,1.8899999856948853,1.8849999904632568
GRWG,2026-08-12 11:26:00-04:00,2026-08-12 11:29:04.030469-04:00,124.030469,13187.0,1.8799999952316284,1.8907999992370605
GRWG,2026-08-12 11:27:00-04:00,2026-08-12 11:29:04.030469-04:00,64.030469,5960.0,1.8949999809265137,1.8949999809265137
GRWG,2026-08-12 11:28:00-04:00,2026-08-12 11:29:04.030469-04:00,4.030469,6670.0,1.8940000534057617,1.8949999809265137
VLN,2026-08-12 11:21:00-04:00,2026-08-12 11:29:04.030469-04:00,424.030469,4201.0,1.8300000429153442,1.8250000476837158
VLN,2026-08-12 11:23:00-04:00,2026-08-12 11:29:04.030469-04:00,304.030469,1287.0,1.8250000476837158,1.8289999961853027
VLN,2026-08-12 11:25:00-04:00,2026-08-12 11:29:04.030469-04:00,184.030469,819.0,1.8250000476837158,1.8250000476837158
VLN,2026-08-12 11:26:00-04:00,2026-08-12 11:29:04.030469-04:00,124.030469,4144.0,1.8250000476837158,1.8250000476837158
VLN,2026-08-12 11:27:00-04:00,2026-08-12 11:29:04.030469-04:00,64.030469,262.0,1.8250000476837158,1.8300000429153442
VLN,2026-08-12 11:28:00-04:00,2026-08-12 11:29:04.030469-04:00,4.030469,0.0,1.8250000476837158,1.8250000476837158
BIVI,2026-08-12 11:24:00-04:00,2026-08-12 11:29:04.030469-04:00,244.030469,1694357.0,1.5392999649047852,1.589900016784668
BIVI,2026-08-12 11:25:00-04:00,2026-08-12 11:29:04.030469-04:00,184.030469,666507.0,1.590000033378601,1.6100000143051147
BIVI,2026-08-12 11:26:00-04:00,2026-08-12 11:29:04.030469-04:00,124.030469,736827.0,1.6009999513626099,1.7100000381469727
BIVI,2026-08-12 11:27:00-04:00,2026-08-12 11:29:04.030469-04:00,64.030469,924668.0,1.718999981880188,1.850000023841858
BIVI,2026-08-12 11:28:00-04:00,2026-08-12 11:29:04.030469-04:00,4.030469,873786.0,1.8650000095367432,1.9589999914169312
BIVI,2026-08-12 11:29:00-04:00,2026-08-12 11:29:04.030469-04:00,-55.969531,0.0,1.98989999294281,1.98989999294281
DRMA,2026-08-12 11:23:00-04:00,2026-08-12 11:29:04.030469-04:00,304.030469,3923.0,1.3202999830245972,1.3212000131607056
DRMA,2026-08-12 11:24:00-04:00,2026-08-12 11:29:04.030469-04:00,244.030469,29711.0,1.3250000476837158,1.3250000476837158
DRMA,2026-08-12 11:25:00-04:00,2026-08-12 11:29:04.030469-04:00,184.030469,4585.0,1.3250000476837158,1.3200000524520874
DRMA,2026-08-12 11:26:00-04:00,2026-08-12 11:29:04.030469-04:00,124.030469,2498.0,1.3300000429153442,1.3250000476837158
DRMA,2026-08-12 11:27:00-04:00,2026-08-12 11:29:04.030469-04:00,64.030469,1565.0,1.3200000524520874,1.3240000009536743
DRMA,2026-08-12 11:28:00-04:00,2026-08-12 11:29:04.030469-04:00,4.030469,0.0,1.3200000524520874,1.3200000524520874
MXCT,2026-08-12 11:18:00-04:00,2026-08-12 11:29:24.064855-04:00,624.064855,3499.0,1.2549999952316284,1.2549999952316284
MXCT,2026-08-12 11:20:00-04:00,2026-08-12 11:29:24.064855-04:00,504.064855,471.0,1.2549999952316284,1.25
MXCT,2026-08-12 11:21:00-04:00,2026-08-12 11:29:24.064855-04:00,444.064855,1160.0,1.250100016593933,1.250100016593933
MXCT,2026-08-12 11:22:00-04:00,2026-08-12 11:29:24.064855-04:00,384.064855,2302.0,1.2549999952316284,1.2549999952316284
MXCT,2026-08-12 11:23:00-04:00,2026-08-12 11:29:24.064855-04:00,324.064855,504.0,1.2549999952316284,1.2549999952316284
MXCT,2026-08-12 11:25:00-04:00,2026-08-12 11:29:24.064855-04:00,204.064855,0.0,1.250499963760376,1.250499963760376
VLN,2026-08-12 11:21:00-04:00,2026-08-12 11:29:24.064855-04:00,444.064855,4201.0,1.8300000429153442,1.8250000476837158
VLN,2026-08-12 11:23:00-04:00,2026-08-12 11:29:24.064855-04:00,324.064855,1287.0,1.8250000476837158,1.8289999961853027
VLN,2026-08-12 11:25:00-04:00,2026-08-12 11:29:24.064855-04:00,204.064855,819.0,1.8250000476837158,1.8250000476837158
VLN,2026-08-12 11:26:00-04:00,2026-08-12 11:29:24.064855-04:00,144.064855,4144.0,1.8250000476837158,1.8250000476837158
VLN,2026-08-12 11:27:00-04:00,2026-08-12 11:29:24.064855-04:00,84.064855,262.0,1.8250000476837158,1.8300000429153442
VLN,2026-08-12 11:28:00-04:00,2026-08-12 11:29:24.064855-04:00,24.064855,0.0,1.8250000476837158,1.8250000476837158
REBN,2026-08-12 10:55:00-04:00,2026-08-12 11:29:24.064855-04:00,2004.064855,907.0,1.5099999904632568,1.5099999904632568
REBN,2026-08-12 11:00:00-04:00,2026-08-12 11:29:24.064855-04:00,1704.064855,294.0,1.5099999904632568,1.5099999904632568
REBN,2026-08-12 11:01:00-04:00,2026-08-12 11:29:24.064855-04:00,1644.064855,11.0,1.5038000345230103,1.5038000345230103
REBN,2026-08-12 11:04:00-04:00,2026-08-12 11:29:24.064855-04:00,1464.064855,1111.0,1.5099999904632568,1.4900000095367432
REBN,2026-08-12 11:12:00-04:00,2026-08-12 11:29:24.064855-04:00,984.064855,1109.0,1.5149999856948853,1.5149999856948853
REBN,2026-08-12 11:14:00-04:00,2026-08-12 11:29:24.064855-04:00,864.064855,0.0,1.5,1.5
DRMA,2026-08-12 11:24:00-04:00,2026-08-12 11:29:24.064855-04:00,264.064855,29711.0,1.3250000476837158,1.3250000476837158
DRMA,2026-08-12 11:25:00-04:00,2026-08-12 11:29:24.064855-04:00,204.064855,4585.0,1.3250000476837158,1.3200000524520874
DRMA,2026-08-12 11:26:00-04:00,2026-08-12 11:29:24.064855-04:00,144.064855,2498.0,1.3300000429153442,1.3250000476837158
DRMA,2026-08-12 11:27:00-04:00,2026-08-12 11:29:24.064855-04:00,84.064855,1565.0,1.3200000524520874,1.3240000009536743
DRMA,2026-08-12 11:28:00-04:00,2026-08-12 11:29:24.064855-04:00,24.064855,18334.0,1.3250000476837158,1.3200000524520874
DRMA,2026-08-12 11:29:00-04:00,2026-08-12 11:29:24.064855-04:00,-35.935145,0.0,1.3200000524520874,1.3200000524520874
ENHA,2026-08-12 11:16:00-04:00,2026-08-12 11:29:24.064855-04:00,744.064855,312.0,2.1498000621795654,2.148099899291992
ENHA,2026-08-12 11:18:00-04:00,2026-08-12 11:29:24.064855-04:00,624.064855,1131.0,2.1498000621795654,2.1449999809265137
ENHA,2026-08-12 11:19:00-04:00,2026-08-12 11:29:24.064855-04:00,564.064855,5974.0,2.1500000953674316,2.1549999713897705
ENHA,2026-08-12 11:20:00-04:00,2026-08-12 11:29:24.064855-04:00,504.064855,2591.0,2.1602001190185547,2.1600000858306885
ENHA,2026-08-12 11:22:00-04:00,2026-08-12 11:29:24.064855-04:00,384.064855,4233.0,2.1600000858306885,2.1700000762939453
ENHA,2026-08-12 11:24:00-04:00,2026-08-12 11:29:24.064855-04:00,264.064855,0.0,2.186199903488159,2.186199903488159
FEMY,2026-08-12 11:20:00-04:00,2026-08-12 11:29:24.064855-04:00,504.064855,4365.0,2.3299999237060547,2.3299999237060547
FEMY,2026-08-12 11:21:00-04:00,2026-08-12 11:29:24.064855-04:00,444.064855,182.0,2.325000047683716,2.325000047683716
FEMY,2026-08-12 11:24:00-04:00,2026-08-12 11:29:24.064855-04:00,264.064855,7013.0,2.325000047683716,2.3299999237060547
FEMY,2026-08-12 11:25:00-04:00,2026-08-12 11:29:24.064855-04:00,204.064855,45332.0,2.3299999237060547,2.240000009536743
FEMY,2026-08-12 11:26:00-04:00,2026-08-12 11:29:24.064855-04:00,144.064855,10702.0,2.240000009536743,2.240000009536743
FEMY,2026-08-12 11:27:00-04:00,2026-08-12 11:29:24.064855-04:00,84.064855,0.0,2.2699999809265137,2.2699999809265137
BIVI,2026-08-12 11:24:00-04:00,2026-08-12 11:29:24.064855-04:00,264.064855,1694357.0,1.5392999649047852,1.589900016784668
BIVI,2026-08-12 11:25:00-04:00,2026-08-12 11:29:24.064855-04:00,204.064855,666507.0,1.590000033378601,1.6100000143051147
BIVI,2026-08-12 11:26:00-04:00,2026-08-12 11:29:24.064855-04:00,144.064855,736827.0,1.6009999513626099,1.7100000381469727
BIVI,2026-08-12 11:27:00-04:00,2026-08-12 11:29:24.064855-04:00,84.064855,924668.0,1.718999981880188,1.850000023841858
BIVI,2026-08-12 11:28:00-04:00,2026-08-12 11:29:24.064855-04:00,24.064855,873786.0,1.8650000095367432,1.9589999914169312
BIVI,2026-08-12 11:29:00-04:00,2026-08-12 11:29:24.064855-04:00,-35.935145,0.0,2.059999942779541,2.059999942779541
GRWG,2026-08-12 11:24:00-04:00,2026-08-12 11:29:24.064855-04:00,264.064855,28299.0,1.8902000188827515,1.8799999952316284
GRWG,2026-08-12 11:25:00-04:00,2026-08-12 11:29:24.064855-04:00,204.064855,707.0,1.8899999856948853,1.8849999904632568
GRWG,2026-08-12 11:26:00-04:00,2026-08-12 11:29:24.064855-04:00,144.064855,13187.0,1.8799999952316284,1.8907999992370605
GRWG,2026-08-12 11:27:00-04:00,2026-08-12 11:29:24.064855-04:00,84.064855,5960.0,1.8949999809265137,1.8949999809265137
GRWG,2026-08-12 11:28:00-04:00,2026-08-12 11:29:24.064855-04:00,24.064855,6670.0,1.8940000534057617,1.8949999809265137
GRWG,2026-08-12 11:29:00-04:00,2026-08-12 11:29:24.064855-04:00,-35.935145,0.0,1.8949999809265137,1.8949999809265137
VLN,2026-08-12 11:21:00-04:00,2026-08-12 11:29:44.103744-04:00,464.103744,4201.0,1.8300000429153442,1.8250000476837158
VLN,2026-08-12 11:23:00-04:00,2026-08-12 11:29:44.103744-04:00,344.103744,1287.0,1.8250000476837158,1.8289999961853027
VLN,2026-08-12 11:25:00-04:00,2026-08-12 11:29:44.103744-04:00,224.103744,819.0,1.8250000476837158,1.8250000476837158
VLN,2026-08-12 11:26:00-04:00,2026-08-12 11:29:44.103744-04:00,164.103744,4144.0,1.8250000476837158,1.8250000476837158
VLN,2026-08-12 11:27:00-04:00,2026-08-12 11:29:44.103744-04:00,104.103744,262.0,1.8250000476837158,1.8300000429153442
VLN,2026-08-12 11:28:00-04:00,2026-08-12 11:29:44.103744-04:00,44.103744,0.0,1.8250000476837158,1.8250000476837158
REBN,2026-08-12 10:55:00-04:00,2026-08-12 11:29:44.103744-04:00,2024.103744,907.0,1.5099999904632568,1.5099999904632568
REBN,2026-08-12 11:00:00-04:00,2026-08-12 11:29:44.103744-04:00,1724.103744,294.0,1.5099999904632568,1.5099999904632568
REBN,2026-08-12 11:01:00-04:00,2026-08-12 11:29:44.103744-04:00,1664.103744,11.0,1.5038000345230103,1.5038000345230103
REBN,2026-08-12 11:04:00-04:00,2026-08-12 11:29:44.103744-04:00,1484.103744,1111.0,1.5099999904632568,1.4900000095367432
REBN,2026-08-12 11:12:00-04:00,2026-08-12 11:29:44.103744-04:00,1004.103744,1109.0,1.5149999856948853,1.5149999856948853
REBN,2026-08-12 11:14:00-04:00,2026-08-12 11:29:44.103744-04:00,884.103744,0.0,1.5,1.5
MXCT,2026-08-12 11:18:00-04:00,2026-08-12 11:29:44.103744-04:00,644.103744,3499.0,1.2549999952316284,1.2549999952316284
MXCT,2026-08-12 11:20:00-04:00,2026-08-12 11:29:44.103744-04:00,524.103744,471.0,1.2549999952316284,1.25
MXCT,2026-08-12 11:21:00-04:00,2026-08-12 11:29:44.103744-04:00,464.103744,1160.0,1.250100016593933,1.250100016593933
MXCT,2026-08-12 11:22:00-04:00,2026-08-12 11:29:44.103744-04:00,404.103744,2302.0,1.2549999952316284,1.2549999952316284
MXCT,2026-08-12 11:23:00-04:00,2026-08-12 11:29:44.103744-04:00,344.103744,504.0,1.2549999952316284,1.2549999952316284
MXCT,2026-08-12 11:25:00-04:00,2026-08-12 11:29:44.103744-04:00,224.103744,0.0,1.250499963760376,1.250499963760376
FEMY,2026-08-12 11:20:00-04:00,2026-08-12 11:29:44.103744-04:00,524.103744,4365.0,2.3299999237060547,2.3299999237060547
FEMY,2026-08-12 11:21:00-04:00,2026-08-12 11:29:44.103744-04:00,464.103744,182.0,2.325000047683716,2.325000047683716
FEMY,2026-08-12 11:24:00-04:00,2026-08-12 11:29:44.103744-04:00,284.103744,7013.0,2.325000047683716,2.3299999237060547
FEMY,2026-08-12 11:25:00-04:00,2026-08-12 11:29:44.103744-04:00,224.103744,45332.0,2.3299999237060547,2.240000009536743
FEMY,2026-08-12 11:26:00-04:00,2026-08-12 11:29:44.103744-04:00,164.103744,10702.0,2.240000009536743,2.240000009536743
FEMY,2026-08-12 11:27:00-04:00,2026-08-12 11:29:44.103744-04:00,104.103744,0.0,2.2699999809265137,2.2699999809265137
GRWG,2026-08-12 11:24:00-04:00,2026-08-12 11:29:44.103744-04:00,284.103744,28299.0,1.8902000188827515,1.8799999952316284
GRWG,2026-08-12 11:25:00-04:00,2026-08-12 11:29:44.103744-04:00,224.103744,707.0,1.8899999856948853,1.8849999904632568
GRWG,2026-08-12 11:26:00-04:00,2026-08-12 11:29:44.103744-04:00,164.103744,13187.0,1.8799999952316284,1.8907999992370605
GRWG,2026-08-12 11:27:00-04:00,2026-08-12 11:29:44.103744-04:00,104.103744,5960.0,1.8949999809265137,1.8949999809265137
GRWG,2026-08-12 11:28:00-04:00,2026-08-12 11:29:44.103744-04:00,44.103744,6670.0,1.8940000534057617,1.8949999809265137
GRWG,2026-08-12 11:29:00-04:00,2026-08-12 11:29:44.103744-04:00,-15.896256,0.0,1.8990000486373901,1.8990000486373901
ENHA,2026-08-12 11:16:00-04:00,2026-08-12 11:29:44.103744-04:00,764.103744,312.0,2.1498000621795654,2.148099899291992
ENHA,2026-08-12 11:18:00-04:00,2026-08-12 11:29:44.103744-04:00,644.103744,1131.0,2.1498000621795654,2.1449999809265137
ENHA,2026-08-12 11:19:00-04:00,2026-08-12 11:29:44.103744-04:00,584.103744,5974.0,2.1500000953674316,2.1549999713897705
ENHA,2026-08-12 11:20:00-04:00,2026-08-12 11:29:44.103744-04:00,524.103744,2591.0,2.1602001190185547,2.1600000858306885
ENHA,2026-08-12 11:22:00-04:00,2026-08-12 11:29:44.103744-04:00,404.103744,4233.0,2.1600000858306885,2.1700000762939453
ENHA,2026-08-12 11:24:00-04:00,2026-08-12 11:29:44.103744-04:00,284.103744,0.0,2.186199903488159,2.186199903488159
DRMA,2026-08-12 11:24:00-04:00,2026-08-12 11:29:44.103744-04:00,284.103744,29711.0,1.3250000476837158,1.3250000476837158
DRMA,2026-08-12 11:25:00-04:00,2026-08-12 11:29:44.103744-04:00,224.103744,4585.0,1.3250000476837158,1.3200000524520874
DRMA,2026-08-12 11:26:00-04:00,2026-08-12 11:29:44.103744-04:00,164.103744,2498.0,1.3300000429153442,1.3250000476837158
DRMA,2026-08-12 11:27:00-04:00,2026-08-12 11:29:44.103744-04:00,104.103744,1565.0,1.3200000524520874,1.3240000009536743
DRMA,2026-08-12 11:28:00-04:00,2026-08-12 11:29:44.103744-04:00,44.103744,18334.0,1.3250000476837158,1.3200000524520874
DRMA,2026-08-12 11:29:00-04:00,2026-08-12 11:29:44.103744-04:00,-15.896256,0.0,1.320099949836731,1.320099949836731
BIVI,2026-08-12 11:24:00-04:00,2026-08-12 11:29:44.103744-04:00,284.103744,1694357.0,1.5392999649047852,1.589900016784668
BIVI,2026-08-12 11:25:00-04:00,2026-08-12 11:29:44.103744-04:00,224.103744,666507.0,1.590000033378601,1.6100000143051147
BIVI,2026-08-12 11:26:00-04:00,2026-08-12 11:29:44.103744-04:00,164.103744,736827.0,1.6009999513626099,1.7100000381469727
BIVI,2026-08-12 11:27:00-04:00,2026-08-12 11:29:44.103744-04:00,104.103744,924668.0,1.718999981880188,1.850000023841858
BIVI,2026-08-12 11:28:00-04:00,2026-08-12 11:29:44.103744-04:00,44.103744,873786.0,1.8650000095367432,1.9589999914169312
BIVI,2026-08-12 11:29:00-04:00,2026-08-12 11:29:44.103744-04:00,-15.896256,0.0,2.075000047683716,2.075000047683716
VLN,2026-08-12 11:23:00-04:00,2026-08-12 11:30:04.146429-04:00,364.146429,1287.0,1.8250000476837158,1.8289999961853027
VLN,2026-08-12 11:25:00-04:00,2026-08-12 11:30:04.146429-04:00,244.146429,819.0,1.8250000476837158,1.8250000476837158
VLN,2026-08-12 11:26:00-04:00,2026-08-12 11:30:04.146429-04:00,184.146429,4144.0,1.8250000476837158,1.8250000476837158
VLN,2026-08-12 11:27:00-04:00,2026-08-12 11:30:04.146429-04:00,124.146429,262.0,1.8250000476837158,1.8300000429153442
VLN,2026-08-12 11:28:00-04:00,2026-08-12 11:30:04.146429-04:00,64.146429,1650.0,1.8250000476837158,1.8250000476837158
VLN,2026-08-12 11:29:00-04:00,2026-08-12 11:30:04.146429-04:00,4.146429,0.0,1.8350000381469727,1.8350000381469727
GRWG,2026-08-12 11:24:00-04:00,2026-08-12 11:30:04.146429-04:00,304.146429,28299.0,1.8902000188827515,1.8799999952316284
GRWG,2026-08-12 11:25:00-04:00,2026-08-12 11:30:04.146429-04:00,244.146429,707.0,1.8899999856948853,1.8849999904632568
GRWG,2026-08-12 11:26:00-04:00,2026-08-12 11:30:04.146429-04:00,184.146429,13187.0,1.8799999952316284,1.8907999992370605
GRWG,2026-08-12 11:27:00-04:00,2026-08-12 11:30:04.146429-04:00,124.146429,5960.0,1.8949999809265137,1.8949999809265137
GRWG,2026-08-12 11:28:00-04:00,2026-08-12 11:30:04.146429-04:00,64.146429,6670.0,1.8940000534057617,1.8949999809265137
GRWG,2026-08-12 11:29:00-04:00,2026-08-12 11:30:04.146429-04:00,4.146429,0.0,1.8990000486373901,1.8990000486373901
MXCT,2026-08-12 11:20:00-04:00,2026-08-12 11:30:04.146429-04:00,544.146429,471.0,1.2549999952316284,1.25
MXCT,2026-08-12 11:21:00-04:00,2026-08-12 11:30:04.146429-04:00,484.146429,1160.0,1.250100016593933,1.250100016593933
MXCT,2026-08-12 11:22:00-04:00,2026-08-12 11:30:04.146429-04:00,424.146429,2302.0,1.2549999952316284,1.2549999952316284
MXCT,2026-08-12 11:23:00-04:00,2026-08-12 11:30:04.146429-04:00,364.146429,504.0,1.2549999952316284,1.2549999952316284
MXCT,2026-08-12 11:25:00-04:00,2026-08-12 11:30:04.146429-04:00,244.146429,758.0,1.250499963760376,1.250499963760376
MXCT,2026-08-12 11:30:00-04:00,2026-08-12 11:30:04.146429-04:00,-55.853571,0.0,1.2549999952316284,1.2549999952316284
REBN,2026-08-12 10:55:00-04:00,2026-08-12 11:30:04.146429-04:00,2044.146429,907.0,1.5099999904632568,1.5099999904632568
REBN,2026-08-12 11:00:00-04:00,2026-08-12 11:30:04.146429-04:00,1744.146429,294.0,1.5099999904632568,1.5099999904632568
REBN,2026-08-12 11:01:00-04:00,2026-08-12 11:30:04.146429-04:00,1684.146429,11.0,1.5038000345230103,1.5038000345230103
REBN,2026-08-12 11:04:00-04:00,2026-08-12 11:30:04.146429-04:00,1504.146429,1111.0,1.5099999904632568,1.4900000095367432
REBN,2026-08-12 11:12:00-04:00,2026-08-12 11:30:04.146429-04:00,1024.146429,1109.0,1.5149999856948853,1.5149999856948853
REBN,2026-08-12 11:14:00-04:00,2026-08-12 11:30:04.146429-04:00,904.146429,0.0,1.5,1.5
DRMA,2026-08-12 11:24:00-04:00,2026-08-12 11:30:04.146429-04:00,304.146429,29711.0,1.3250000476837158,1.3250000476837158
DRMA,2026-08-12 11:25:00-04:00,2026-08-12 11:30:04.146429-04:00,244.146429,4585.0,1.3250000476837158,1.3200000524520874
DRMA,2026-08-12 11:26:00-04:00,2026-08-12 11:30:04.146429-04:00,184.146429,2498.0,1.3300000429153442,1.3250000476837158
DRMA,2026-08-12 11:27:00-04:00,2026-08-12 11:30:04.146429-04:00,124.146429,1565.0,1.3200000524520874,1.3240000009536743
DRMA,2026-08-12 11:28:00-04:00,2026-08-12 11:30:04.146429-04:00,64.146429,18334.0,1.3250000476837158,1.3200000524520874
DRMA,2026-08-12 11:29:00-04:00,2026-08-12 11:30:04.146429-04:00,4.146429,0.0,1.320099949836731,1.320099949836731
BIVI,2026-08-12 11:25:00-04:00,2026-08-12 11:30:04.146429-04:00,244.146429,666507.0,1.590000033378601,1.6100000143051147
BIVI,2026-08-12 11:26:00-04:00,2026-08-12 11:30:04.146429-04:00,184.146429,736827.0,1.6009999513626099,1.7100000381469727
BIVI,2026-08-12 11:27:00-04:00,2026-08-12 11:30:04.146429-04:00,124.146429,924668.0,1.718999981880188,1.850000023841858
BIVI,2026-08-12 11:28:00-04:00,2026-08-12 11:30:04.146429-04:00,64.146429,873786.0,1.8650000095367432,1.9589999914169312
BIVI,2026-08-12 11:29:00-04:00,2026-08-12 11:30:04.146429-04:00,4.146429,1146844.0,1.9599000215530396,2.190000057220459
BIVI,2026-08-12 11:30:00-04:00,2026-08-12 11:30:04.146429-04:00,-55.853571,0.0,2.1010000705718994,2.1010000705718994
FEMY,2026-08-12 11:20:00-04:00,2026-08-12 11:30:04.146429-04:00,544.146429,4365.0,2.3299999237060547,2.3299999237060547
FEMY,2026-08-12 11:21:00-04:00,2026-08-12 11:30:04.146429-04:00,484.146429,182.0,2.325000047683716,2.325000047683716
FEMY,2026-08-12 11:24:00-04:00,2026-08-12 11:30:04.146429-04:00,304.146429,7013.0,2.325000047683716,2.3299999237060547
FEMY,2026-08-12 11:25:00-04:00,2026-08-12 11:30:04.146429-04:00,244.146429,45332.0,2.3299999237060547,2.240000009536743
FEMY,2026-08-12 11:26:00-04:00,2026-08-12 11:30:04.146429-04:00,184.146429,10702.0,2.240000009536743,2.240000009536743
FEMY,2026-08-12 11:27:00-04:00,2026-08-12 11:30:04.146429-04:00,124.146429,0.0,2.2699999809265137,2.2699999809265137
ENHA,2026-08-12 11:16:00-04:00,2026-08-12 11:30:04.146429-04:00,784.146429,312.0,2.1498000621795654,2.148099899291992
ENHA,2026-08-12 11:18:00-04:00,2026-08-12 11:30:04.146429-04:00,664.146429,1131.0,2.1498000621795654,2.1449999809265137
ENHA,2026-08-12 11:19:00-04:00,2026-08-12 11:30:04.146429-04:00,604.146429,5974.0,2.1500000953674316,2.1549999713897705
ENHA,2026-08-12 11:20:00-04:00,2026-08-12 11:30:04.146429-04:00,544.146429,2591.0,2.1602001190185547,2.1600000858306885
ENHA,2026-08-12 11:22:00-04:00,2026-08-12 11:30:04.146429-04:00,424.146429,4233.0,2.1649999618530273,2.1700000762939453
ENHA,2026-08-12 11:24:00-04:00,2026-08-12 11:30:04.146429-04:00,304.146429,0.0,2.186199903488159,2.186199903488159
FEMY,2026-08-12 11:20:00-04:00,2026-08-12 11:30:24.196166-04:00,564.196166,4365.0,2.3299999237060547,2.3299999237060547
FEMY,2026-08-12 11:21:00-04:00,2026-08-12 11:30:24.196166-04:00,504.196166,182.0,2.325000047683716,2.325000047683716
FEMY,2026-08-12 11:24:00-04:00,2026-08-12 11:30:24.196166-04:00,324.196166,7013.0,2.325000047683716,2.3299999237060547
FEMY,2026-08-12 11:25:00-04:00,2026-08-12 11:30:24.196166-04:00,264.196166,45332.0,2.3299999237060547,2.240000009536743
FEMY,2026-08-12 11:26:00-04:00,2026-08-12 11:30:24.196166-04:00,204.196166,10702.0,2.240000009536743,2.240000009536743
FEMY,2026-08-12 11:27:00-04:00,2026-08-12 11:30:24.196166-04:00,144.196166,0.0,2.2699999809265137,2.2699999809265137
MXCT,2026-08-12 11:20:00-04:00,2026-08-12 11:30:24.196166-04:00,564.196166,471.0,1.2549999952316284,1.25
MXCT,2026-08-12 11:21:00-04:00,2026-08-12 11:30:24.196166-04:00,504.196166,1160.0,1.250100016593933,1.250100016593933
MXCT,2026-08-12 11:22:00-04:00,2026-08-12 11:30:24.196166-04:00,444.196166,2302.0,1.2549999952316284,1.2549999952316284
MXCT,2026-08-12 11:23:00-04:00,2026-08-12 11:30:24.196166-04:00,384.196166,504.0,1.2549999952316284,1.2549999952316284
MXCT,2026-08-12 11:25:00-04:00,2026-08-12 11:30:24.196166-04:00,264.196166,758.0,1.250499963760376,1.250499963760376
MXCT,2026-08-12 11:30:00-04:00,2026-08-12 11:30:24.196166-04:00,-35.803834,0.0,1.2549999952316284,1.2549999952316284
DRMA,2026-08-12 11:25:00-04:00,2026-08-12 11:30:24.196166-04:00,264.196166,4585.0,1.3250000476837158,1.3200000524520874
DRMA,2026-08-12 11:26:00-04:00,2026-08-12 11:30:24.196166-04:00,204.196166,2498.0,1.3300000429153442,1.3250000476837158
DRMA,2026-08-12 11:27:00-04:00,2026-08-12 11:30:24.196166-04:00,144.196166,1565.0,1.3200000524520874,1.3240000009536743
DRMA,2026-08-12 11:28:00-04:00,2026-08-12 11:30:24.196166-04:00,84.196166,18334.0,1.3250000476837158,1.3200000524520874
DRMA,2026-08-12 11:29:00-04:00,2026-08-12 11:30:24.196166-04:00,24.196166,7137.0,1.3200000524520874,1.320099949836731
DRMA,2026-08-12 11:30:00-04:00,2026-08-12 11:30:24.196166-04:00,-35.803834,0.0,1.330899953842163,1.330899953842163
BIVI,2026-08-12 11:25:00-04:00,2026-08-12 11:30:24.196166-04:00,264.196166,666507.0,1.590000033378601,1.6100000143051147
BIVI,2026-08-12 11:26:00-04:00,2026-08-12 11:30:24.196166-04:00,204.196166,736827.0,1.6009999513626099,1.7100000381469727
BIVI,2026-08-12 11:27:00-04:00,2026-08-12 11:30:24.196166-04:00,144.196166,924668.0,1.718999981880188,1.850000023841858
BIVI,2026-08-12 11:28:00-04:00,2026-08-12 11:30:24.196166-04:00,84.196166,873786.0,1.8650000095367432,1.9589999914169312
BIVI,2026-08-12 11:29:00-04:00,2026-08-12 11:30:24.196166-04:00,24.196166,1146844.0,1.9599000215530396,2.190000057220459
BIVI,2026-08-12 11:30:00-04:00,2026-08-12 11:30:24.196166-04:00,-35.803834,0.0,2.0390000343322754,2.0390000343322754
REBN,2026-08-12 10:55:00-04:00,2026-08-12 11:30:24.196166-04:00,2064.196166,907.0,1.5099999904632568,1.5099999904632568
REBN,2026-08-12 11:00:00-04:00,2026-08-12 11:30:24.196166-04:00,1764.196166,294.0,1.5099999904632568,1.5099999904632568
REBN,2026-08-12 11:01:00-04:00,2026-08-12 11:30:24.196166-04:00,1704.196166,11.0,1.5038000345230103,1.5038000345230103
REBN,2026-08-12 11:04:00-04:00,2026-08-12 11:30:24.196166-04:00,1524.196166,1111.0,1.5099999904632568,1.4900000095367432
REBN,2026-08-12 11:12:00-04:00,2026-08-12 11:30:24.196166-04:00,1044.196166,1109.0,1.5149999856948853,1.5149999856948853
REBN,2026-08-12 11:14:00-04:00,2026-08-12 11:30:24.196166-04:00,924.196166,0.0,1.5,1.5
ENHA,2026-08-12 11:16:00-04:00,2026-08-12 11:30:24.196166-04:00,804.196166,312.0,2.1498000621795654,2.148099899291992
ENHA,2026-08-12 11:18:00-04:00,2026-08-12 11:30:24.196166-04:00,684.196166,1131.0,2.1498000621795654,2.1449999809265137
ENHA,2026-08-12 11:19:00-04:00,2026-08-12 11:30:24.196166-04:00,624.196166,5974.0,2.1500000953674316,2.1549999713897705
ENHA,2026-08-12 11:20:00-04:00,2026-08-12 11:30:24.196166-04:00,564.196166,2591.0,2.1602001190185547,2.1600000858306885
ENHA,2026-08-12 11:22:00-04:00,2026-08-12 11:30:24.196166-04:00,444.196166,4233.0,2.1600000858306885,2.1700000762939453
ENHA,2026-08-12 11:24:00-04:00,2026-08-12 11:30:24.196166-04:00,324.196166,0.0,2.186199903488159,2.186199903488159
GRWG,2026-08-12 11:25:00-04:00,2026-08-12 11:30:24.196166-04:00,264.196166,707.0,1.8899999856948853,1.8849999904632568
GRWG,2026-08-12 11:26:00-04:00,2026-08-12 11:30:24.196166-04:00,204.196166,13187.0,1.8799999952316284,1.8907999992370605
GRWG,2026-08-12 11:27:00-04:00,2026-08-12 11:30:24.196166-04:00,144.196166,5960.0,1.8949999809265137,1.8949999809265137
GRWG,2026-08-12 11:28:00-04:00,2026-08-12 11:30:24.196166-04:00,84.196166,6670.0,1.8940000534057617,1.8949999809265137
GRWG,2026-08-12 11:29:00-04:00,2026-08-12 11:30:24.196166-04:00,24.196166,8402.0,1.899999976158142,1.8990000486373901
GRWG,2026-08-12 11:30:00-04:00,2026-08-12 11:30:24.196166-04:00,-35.803834,0.0,1.8910000324249268,1.8910000324249268
VLN,2026-08-12 11:23:00-04:00,2026-08-12 11:30:24.196166-04:00,384.196166,1287.0,1.8250000476837158,1.8289999961853027
VLN,2026-08-12 11:25:00-04:00,2026-08-12 11:30:24.196166-04:00,264.196166,819.0,1.8250000476837158,1.8250000476837158
VLN,2026-08-12 11:26:00-04:00,2026-08-12 11:30:24.196166-04:00,204.196166,4144.0,1.8250000476837158,1.8250000476837158
VLN,2026-08-12 11:27:00-04:00,2026-08-12 11:30:24.196166-04:00,144.196166,262.0,1.8250000476837158,1.8300000429153442
VLN,2026-08-12 11:28:00-04:00,2026-08-12 11:30:24.196166-04:00,84.196166,1650.0,1.8250000476837158,1.8250000476837158
VLN,2026-08-12 11:29:00-04:00,2026-08-12 11:30:24.196166-04:00,24.196166,0.0,1.8350000381469727,1.8350000381469727
GRWG,2026-08-12 11:25:00-04:00,2026-08-12 11:30:44.236766-04:00,284.236766,707.0,1.8899999856948853,1.8849999904632568
GRWG,2026-08-12 11:26:00-04:00,2026-08-12 11:30:44.236766-04:00,224.236766,13187.0,1.8799999952316284,1.8907999992370605
GRWG,2026-08-12 11:27:00-04:00,2026-08-12 11:30:44.236766-04:00,164.236766,5960.0,1.8949999809265137,1.8949999809265137
GRWG,2026-08-12 11:28:00-04:00,2026-08-12 11:30:44.236766-04:00,104.236766,6670.0,1.8940000534057617,1.8949999809265137
GRWG,2026-08-12 11:29:00-04:00,2026-08-12 11:30:44.236766-04:00,44.236766,8402.0,1.899999976158142,1.8990000486373901
GRWG,2026-08-12 11:30:00-04:00,2026-08-12 11:30:44.236766-04:00,-15.763234,0.0,1.8910000324249268,1.8910000324249268
FEMY,2026-08-12 11:20:00-04:00,2026-08-12 11:30:44.236766-04:00,584.236766,4365.0,2.3299999237060547,2.3299999237060547
FEMY,2026-08-12 11:21:00-04:00,2026-08-12 11:30:44.236766-04:00,524.236766,182.0,2.325000047683716,2.325000047683716
FEMY,2026-08-12 11:24:00-04:00,2026-08-12 11:30:44.236766-04:00,344.236766,7013.0,2.325000047683716,2.3299999237060547
FEMY,2026-08-12 11:25:00-04:00,2026-08-12 11:30:44.236766-04:00,284.236766,45332.0,2.3299999237060547,2.240000009536743
FEMY,2026-08-12 11:26:00-04:00,2026-08-12 11:30:44.236766-04:00,224.236766,10702.0,2.240000009536743,2.240000009536743
FEMY,2026-08-12 11:27:00-04:00,2026-08-12 11:30:44.236766-04:00,164.236766,0.0,2.2699999809265137,2.2699999809265137
MXCT,2026-08-12 11:20:00-04:00,2026-08-12 11:30:44.236766-04:00,584.236766,471.0,1.2549999952316284,1.25
MXCT,2026-08-12 11:21:00-04:00,2026-08-12 11:30:44.236766-04:00,524.236766,1160.0,1.250100016593933,1.250100016593933
MXCT,2026-08-12 11:22:00-04:00,2026-08-12 11:30:44.236766-04:00,464.236766,2302.0,1.2549999952316284,1.2549999952316284
MXCT,2026-08-12 11:23:00-04:00,2026-08-12 11:30:44.236766-04:00,404.236766,504.0,1.2549999952316284,1.2549999952316284
MXCT,2026-08-12 11:25:00-04:00,2026-08-12 11:30:44.236766-04:00,284.236766,758.0,1.250499963760376,1.250499963760376
MXCT,2026-08-12 11:30:00-04:00,2026-08-12 11:30:44.236766-04:00,-15.763234,0.0,1.2549999952316284,1.2549999952316284
REBN,2026-08-12 10:55:00-04:00,2026-08-12 11:30:44.236766-04:00,2084.236766,907.0,1.5099999904632568,1.5099999904632568
REBN,2026-08-12 11:00:00-04:00,2026-08-12 11:30:44.236766-04:00,1784.236766,294.0,1.5099999904632568,1.5099999904632568
REBN,2026-08-12 11:01:00-04:00,2026-08-12 11:30:44.236766-04:00,1724.236766,11.0,1.5038000345230103,1.5038000345230103
REBN,2026-08-12 11:04:00-04:00,2026-08-12 11:30:44.236766-04:00,1544.236766,1111.0,1.5099999904632568,1.4900000095367432
REBN,2026-08-12 11:12:00-04:00,2026-08-12 11:30:44.236766-04:00,1064.236766,1109.0,1.5149999856948853,1.5149999856948853
REBN,2026-08-12 11:14:00-04:00,2026-08-12 11:30:44.236766-04:00,944.236766,0.0,1.5,1.5
ENHA,2026-08-12 11:16:00-04:00,2026-08-12 11:30:44.236766-04:00,824.236766,312.0,2.1498000621795654,2.148099899291992
ENHA,2026-08-12 11:18:00-04:00,2026-08-12 11:30:44.236766-04:00,704.236766,1131.0,2.1498000621795654,2.1449999809265137
ENHA,2026-08-12 11:19:00-04:00,2026-08-12 11:30:44.236766-04:00,644.236766,5974.0,2.1500000953674316,2.1549999713897705
ENHA,2026-08-12 11:20:00-04:00,2026-08-12 11:30:44.236766-04:00,584.236766,2591.0,2.1602001190185547,2.1600000858306885
ENHA,2026-08-12 11:22:00-04:00,2026-08-12 11:30:44.236766-04:00,464.236766,4233.0,2.1649999618530273,2.1700000762939453
ENHA,2026-08-12 11:24:00-04:00,2026-08-12 11:30:44.236766-04:00,344.236766,0.0,2.186199903488159,2.186199903488159
BIVI,2026-08-12 11:25:00-04:00,2026-08-12 11:30:44.236766-04:00,284.236766,666507.0,1.590000033378601,1.6100000143051147
BIVI,2026-08-12 11:26:00-04:00,2026-08-12 11:30:44.236766-04:00,224.236766,736827.0,1.6009999513626099,1.7100000381469727
BIVI,2026-08-12 11:27:00-04:00,2026-08-12 11:30:44.236766-04:00,164.236766,924668.0,1.718999981880188,1.850000023841858
BIVI,2026-08-12 11:28:00-04:00,2026-08-12 11:30:44.236766-04:00,104.236766,873786.0,1.8650000095367432,1.9589999914169312
BIVI,2026-08-12 11:29:00-04:00,2026-08-12 11:30:44.236766-04:00,44.236766,1146844.0,1.9599000215530396,2.190000057220459
BIVI,2026-08-12 11:30:00-04:00,2026-08-12 11:30:44.236766-04:00,-15.763234,0.0,2.0250000953674316,2.0250000953674316
VLN,2026-08-12 11:23:00-04:00,2026-08-12 11:30:44.236766-04:00,404.236766,1287.0,1.8250000476837158,1.8289999961853027
VLN,2026-08-12 11:25:00-04:00,2026-08-12 11:30:44.236766-04:00,284.236766,819.0,1.8250000476837158,1.8250000476837158
VLN,2026-08-12 11:26:00-04:00,2026-08-12 11:30:44.236766-04:00,224.236766,4144.0,1.8250000476837158,1.8250000476837158
VLN,2026-08-12 11:27:00-04:00,2026-08-12 11:30:44.236766-04:00,164.236766,262.0,1.8250000476837158,1.8300000429153442
VLN,2026-08-12 11:28:00-04:00,2026-08-12 11:30:44.236766-04:00,104.236766,1650.0,1.8250000476837158,1.8250000476837158
VLN,2026-08-12 11:29:00-04:00,2026-08-12 11:30:44.236766-04:00,44.236766,0.0,1.8350000381469727,1.8350000381469727
DRMA,2026-08-12 11:25:00-04:00,2026-08-12 11:30:44.236766-04:00,284.236766,4585.0,1.3250000476837158,1.3200000524520874
DRMA,2026-08-12 11:26:00-04:00,2026-08-12 11:30:44.236766-04:00,224.236766,2498.0,1.3300000429153442,1.3250000476837158
DRMA,2026-08-12 11:27:00-04:00,2026-08-12 11:30:44.236766-04:00,164.236766,1565.0,1.3200000524520874,1.3240000009536743
DRMA,2026-08-12 11:28:00-04:00,2026-08-12 11:30:44.236766-04:00,104.236766,18334.0,1.3250000476837158,1.3200000524520874
DRMA,2026-08-12 11:29:00-04:00,2026-08-12 11:30:44.236766-04:00,44.236766,7137.0,1.3200000524520874,1.320099949836731
DRMA,2026-08-12 11:30:00-04:00,2026-08-12 11:30:44.236766-04:00,-15.763234,0.0,1.3301000595092773,1.3301000595092773
REBN,2026-08-12 10:55:00-04:00,2026-08-12 11:31:04.282178-04:00,2104.282178,907.0,1.5099999904632568,1.5099999904632568
REBN,2026-08-12 11:00:00-04:00,2026-08-12 11:31:04.282178-04:00,1804.282178,294.0,1.5099999904632568,1.5099999904632568
REBN,2026-08-12 11:01:00-04:00,2026-08-12 11:31:04.282178-04:00,1744.282178,11.0,1.5038000345230103,1.5038000345230103
REBN,2026-08-12 11:04:00-04:00,2026-08-12 11:31:04.282178-04:00,1564.282178,1111.0,1.5099999904632568,1.4900000095367432
REBN,2026-08-12 11:12:00-04:00,2026-08-12 11:31:04.282178-04:00,1084.282178,1109.0,1.5149999856948853,1.5149999856948853
REBN,2026-08-12 11:14:00-04:00,2026-08-12 11:31:04.282178-04:00,964.282178,0.0,1.5,1.5
FEMY,2026-08-12 11:20:00-04:00,2026-08-12 11:31:04.282178-04:00,604.282178,4365.0,2.3299999237060547,2.3299999237060547
FEMY,2026-08-12 11:21:00-04:00,2026-08-12 11:31:04.282178-04:00,544.282178,182.0,2.325000047683716,2.325000047683716
FEMY,2026-08-12 11:24:00-04:00,2026-08-12 11:31:04.282178-04:00,364.282178,7013.0,2.325000047683716,2.3299999237060547
FEMY,2026-08-12 11:25:00-04:00,2026-08-12 11:31:04.282178-04:00,304.282178,45332.0,2.3299999237060547,2.240000009536743
FEMY,2026-08-12 11:26:00-04:00,2026-08-12 11:31:04.282178-04:00,244.282178,10702.0,2.240000009536743,2.240000009536743
FEMY,2026-08-12 11:27:00-04:00,2026-08-12 11:31:04.282178-04:00,184.282178,0.0,2.2699999809265137,2.2699999809265137
ENHA,2026-08-12 11:16:00-04:00,2026-08-12 11:31:04.282178-04:00,844.282178,312.0,2.1498000621795654,2.148099899291992
ENHA,2026-08-12 11:18:00-04:00,2026-08-12 11:31:04.282178-04:00,724.282178,1131.0,2.1498000621795654,2.1449999809265137
ENHA,2026-08-12 11:19:00-04:00,2026-08-12 11:31:04.282178-04:00,664.282178,5974.0,2.1500000953674316,2.1549999713897705
ENHA,2026-08-12 11:20:00-04:00,2026-08-12 11:31:04.282178-04:00,604.282178,2591.0,2.1602001190185547,2.1600000858306885
ENHA,2026-08-12 11:22:00-04:00,2026-08-12 11:31:04.282178-04:00,484.282178,4233.0,2.1600000858306885,2.1700000762939453
ENHA,2026-08-12 11:24:00-04:00,2026-08-12 11:31:04.282178-04:00,364.282178,0.0,2.186199903488159,2.186199903488159
DRMA,2026-08-12 11:25:00-04:00,2026-08-12 11:31:04.282178-04:00,304.282178,4585.0,1.3250000476837158,1.3200000524520874
DRMA,2026-08-12 11:26:00-04:00,2026-08-12 11:31:04.282178-04:00,244.282178,2498.0,1.3300000429153442,1.3250000476837158
DRMA,2026-08-12 11:27:00-04:00,2026-08-12 11:31:04.282178-04:00,184.282178,1565.0,1.3200000524520874,1.3240000009536743
DRMA,2026-08-12 11:28:00-04:00,2026-08-12 11:31:04.282178-04:00,124.282178,18334.0,1.3250000476837158,1.3200000524520874
DRMA,2026-08-12 11:29:00-04:00,2026-08-12 11:31:04.282178-04:00,64.282178,7137.0,1.3200000524520874,1.320099949836731
DRMA,2026-08-12 11:30:00-04:00,2026-08-12 11:31:04.282178-04:00,4.282178,0.0,1.3322999477386475,1.3322999477386475
GRWG,2026-08-12 11:25:00-04:00,2026-08-12 11:31:04.282178-04:00,304.282178,707.0,1.8899999856948853,1.8849999904632568
GRWG,2026-08-12 11:26:00-04:00,2026-08-12 11:31:04.282178-04:00,244.282178,13187.0,1.8799999952316284,1.8907999992370605
GRWG,2026-08-12 11:27:00-04:00,2026-08-12 11:31:04.282178-04:00,184.282178,5960.0,1.8949999809265137,1.8949999809265137
GRWG,2026-08-12 11:28:00-04:00,2026-08-12 11:31:04.282178-04:00,124.282178,6670.0,1.8940000534057617,1.8949999809265137
GRWG,2026-08-12 11:29:00-04:00,2026-08-12 11:31:04.282178-04:00,64.282178,8402.0,1.899999976158142,1.8990000486373901
GRWG,2026-08-12 11:30:00-04:00,2026-08-12 11:31:04.282178-04:00,4.282178,0.0,1.8910000324249268,1.8910000324249268
MXCT,2026-08-12 11:20:00-04:00,2026-08-12 11:31:04.282178-04:00,604.282178,471.0,1.2549999952316284,1.25
MXCT,2026-08-12 11:21:00-04:00,2026-08-12 11:31:04.282178-04:00,544.282178,1160.0,1.250100016593933,1.250100016593933
MXCT,2026-08-12 11:22:00-04:00,2026-08-12 11:31:04.282178-04:00,484.282178,2302.0,1.2549999952316284,1.2549999952316284
MXCT,2026-08-12 11:23:00-04:00,2026-08-12 11:31:04.282178-04:00,424.282178,504.0,1.2549999952316284,1.2549999952316284
MXCT,2026-08-12 11:25:00-04:00,2026-08-12 11:31:04.282178-04:00,304.282178,758.0,1.250499963760376,1.250499963760376
MXCT,2026-08-12 11:30:00-04:00,2026-08-12 11:31:04.282178-04:00,4.282178,0.0,1.2598999738693237,1.2598999738693237
VLN,2026-08-12 11:25:00-04:00,2026-08-12 11:31:04.282178-04:00,304.282178,819.0,1.8250000476837158,1.8250000476837158
VLN,2026-08-12 11:26:00-04:00,2026-08-12 11:31:04.282178-04:00,244.282178,4144.0,1.8250000476837158,1.8250000476837158
VLN,2026-08-12 11:27:00-04:00,2026-08-12 11:31:04.282178-04:00,184.282178,262.0,1.8250000476837158,1.8300000429153442
VLN,2026-08-12 11:28:00-04:00,2026-08-12 11:31:04.282178-04:00,124.282178,1650.0,1.8250000476837158,1.8250000476837158
VLN,2026-08-12 11:29:00-04:00,2026-08-12 11:31:04.282178-04:00,64.282178,8045.0,1.8300000429153442,1.8350000381469727
VLN,2026-08-12 11:30:00-04:00,2026-08-12 11:31:04.282178-04:00,4.282178,0.0,1.8350000381469727,1.8350000381469727
BIVI,2026-08-12 11:26:00-04:00,2026-08-12 11:31:04.282178-04:00,244.282178,736827.0,1.6009999513626099,1.7100000381469727
BIVI,2026-08-12 11:27:00-04:00,2026-08-12 11:31:04.282178-04:00,184.282178,924668.0,1.718999981880188,1.850000023841858
BIVI,2026-08-12 11:28:00-04:00,2026-08-12 11:31:04.282178-04:00,124.282178,873786.0,1.8650000095367432,1.9589999914169312
BIVI,2026-08-12 11:29:00-04:00,2026-08-12 11:31:04.282178-04:00,64.282178,1146844.0,1.9599000215530396,2.190000057220459
BIVI,2026-08-12 11:30:00-04:00,2026-08-12 11:31:04.282178-04:00,4.282178,1023891.0,2.190000057220459,2.050100088119507
BIVI,2026-08-12 11:31:00-04:00,2026-08-12 11:31:04.282178-04:00,-55.717822,0.0,2.119999885559082,2.119999885559082
DRMA,2026-08-12 11:26:00-04:00,2026-08-12 11:31:24.323141-04:00,264.323141,2498.0,1.3300000429153442,1.3250000476837158
DRMA,2026-08-12 11:27:00-04:00,2026-08-12 11:31:24.323141-04:00,204.323141,1565.0,1.3200000524520874,1.3240000009536743
DRMA,2026-08-12 11:28:00-04:00,2026-08-12 11:31:24.323141-04:00,144.323141,18334.0,1.3250000476837158,1.3200000524520874
DRMA,2026-08-12 11:29:00-04:00,2026-08-12 11:31:24.323141-04:00,84.323141,7137.0,1.3200000524520874,1.320099949836731
DRMA,2026-08-12 11:30:00-04:00,2026-08-12 11:31:24.323141-04:00,24.323141,24818.0,1.3200000524520874,1.3322999477386475
DRMA,2026-08-12 11:31:00-04:00,2026-08-12 11:31:24.323141-04:00,-35.676859,0.0,1.3300000429153442,1.3300000429153442
BIVI,2026-08-12 11:26:00-04:00,2026-08-12 11:31:24.323141-04:00,264.323141,736827.0,1.6009999513626099,1.7100000381469727
BIVI,2026-08-12 11:27:00-04:00,2026-08-12 11:31:24.323141-04:00,204.323141,924668.0,1.718999981880188,1.850000023841858
BIVI,2026-08-12 11:28:00-04:00,2026-08-12 11:31:24.323141-04:00,144.323141,873786.0,1.8650000095367432,1.9589999914169312
BIVI,2026-08-12 11:29:00-04:00,2026-08-12 11:31:24.323141-04:00,84.323141,1146844.0,1.9599000215530396,2.190000057220459
BIVI,2026-08-12 11:30:00-04:00,2026-08-12 11:31:24.323141-04:00,24.323141,1023891.0,2.190000057220459,2.050100088119507
BIVI,2026-08-12 11:31:00-04:00,2026-08-12 11:31:24.323141-04:00,-35.676859,0.0,2.071700096130371,2.071700096130371
VLN,2026-08-12 11:25:00-04:00,2026-08-12 11:31:24.323141-04:00,324.323141,819.0,1.8250000476837158,1.8250000476837158
VLN,2026-08-12 11:26:00-04:00,2026-08-12 11:31:24.323141-04:00,264.323141,4144.0,1.8250000476837158,1.8250000476837158
VLN,2026-08-12 11:27:00-04:00,2026-08-12 11:31:24.323141-04:00,204.323141,262.0,1.8250000476837158,1.8300000429153442
VLN,2026-08-12 11:28:00-04:00,2026-08-12 11:31:24.323141-04:00,144.323141,1650.0,1.8250000476837158,1.8250000476837158
VLN,2026-08-12 11:29:00-04:00,2026-08-12 11:31:24.323141-04:00,84.323141,8045.0,1.8300000429153442,1.8350000381469727
VLN,2026-08-12 11:30:00-04:00,2026-08-12 11:31:24.323141-04:00,24.323141,0.0,1.8350000381469727,1.8350000381469727
REBN,2026-08-12 10:55:00-04:00,2026-08-12 11:31:24.323141-04:00,2124.323141,907.0,1.5099999904632568,1.5099999904632568
REBN,2026-08-12 11:00:00-04:00,2026-08-12 11:31:24.323141-04:00,1824.323141,294.0,1.5099999904632568,1.5099999904632568
REBN,2026-08-12 11:01:00-04:00,2026-08-12 11:31:24.323141-04:00,1764.323141,11.0,1.5038000345230103,1.5038000345230103
REBN,2026-08-12 11:04:00-04:00,2026-08-12 11:31:24.323141-04:00,1584.323141,1111.0,1.5099999904632568,1.4900000095367432
REBN,2026-08-12 11:12:00-04:00,2026-08-12 11:31:24.323141-04:00,1104.323141,1109.0,1.5149999856948853,1.5149999856948853
REBN,2026-08-12 11:14:00-04:00,2026-08-12 11:31:24.323141-04:00,984.323141,0.0,1.5,1.5
ENHA,2026-08-12 11:18:00-04:00,2026-08-12 11:31:24.323141-04:00,744.323141,1131.0,2.1498000621795654,2.1449999809265137
ENHA,2026-08-12 11:19:00-04:00,2026-08-12 11:31:24.323141-04:00,684.323141,5974.0,2.1500000953674316,2.1549999713897705
ENHA,2026-08-12 11:20:00-04:00,2026-08-12 11:31:24.323141-04:00,624.323141,2591.0,2.1602001190185547,2.1600000858306885
ENHA,2026-08-12 11:22:00-04:00,2026-08-12 11:31:24.323141-04:00,504.323141,4233.0,2.1600000858306885,2.1700000762939453
ENHA,2026-08-12 11:24:00-04:00,2026-08-12 11:31:24.323141-04:00,384.323141,2089.0,2.186199903488159,2.186199903488159
ENHA,2026-08-12 11:31:00-04:00,2026-08-12 11:31:24.323141-04:00,-35.676859,0.0,2.200000047683716,2.200000047683716
FEMY,2026-08-12 11:20:00-04:00,2026-08-12 11:31:24.323141-04:00,624.323141,4365.0,2.3299999237060547,2.3299999237060547
FEMY,2026-08-12 11:21:00-04:00,2026-08-12 11:31:24.323141-04:00,564.323141,182.0,2.325000047683716,2.325000047683716
FEMY,2026-08-12 11:24:00-04:00,2026-08-12 11:31:24.323141-04:00,384.323141,7013.0,2.325000047683716,2.3299999237060547
FEMY,2026-08-12 11:25:00-04:00,2026-08-12 11:31:24.323141-04:00,324.323141,45332.0,2.3299999237060547,2.240000009536743
FEMY,2026-08-12 11:26:00-04:00,2026-08-12 11:31:24.323141-04:00,264.323141,10702.0,2.240000009536743,2.240000009536743
FEMY,2026-08-12 11:27:00-04:00,2026-08-12 11:31:24.323141-04:00,204.323141,0.0,2.2699999809265137,2.2699999809265137
MXCT,2026-08-12 11:20:00-04:00,2026-08-12 11:31:24.323141-04:00,624.323141,471.0,1.2549999952316284,1.25
MXCT,2026-08-12 11:21:00-04:00,2026-08-12 11:31:24.323141-04:00,564.323141,1160.0,1.250100016593933,1.250100016593933
MXCT,2026-08-12 11:22:00-04:00,2026-08-12 11:31:24.323141-04:00,504.323141,2302.0,1.2549999952316284,1.2549999952316284
MXCT,2026-08-12 11:23:00-04:00,2026-08-12 11:31:24.323141-04:00,444.323141,504.0,1.2549999952316284,1.2549999952316284
MXCT,2026-08-12 11:25:00-04:00,2026-08-12 11:31:24.323141-04:00,324.323141,758.0,1.250499963760376,1.250499963760376
MXCT,2026-08-12 11:30:00-04:00,2026-08-12 11:31:24.323141-04:00,24.323141,0.0,1.2598999738693237,1.2598999738693237
GRWG,2026-08-12 11:26:00-04:00,2026-08-12 11:31:24.323141-04:00,264.323141,13187.0,1.8799999952316284,1.8907999992370605
GRWG,2026-08-12 11:27:00-04:00,2026-08-12 11:31:24.323141-04:00,204.323141,5960.0,1.8949999809265137,1.8949999809265137
GRWG,2026-08-12 11:28:00-04:00,2026-08-12 11:31:24.323141-04:00,144.323141,6670.0,1.8940000534057617,1.8949999809265137
GRWG,2026-08-12 11:29:00-04:00,2026-08-12 11:31:24.323141-04:00,84.323141,8402.0,1.899999976158142,1.8990000486373901
GRWG,2026-08-12 11:30:00-04:00,2026-08-12 11:31:24.323141-04:00,24.323141,3831.0,1.8907999992370605,1.8910000324249268
GRWG,2026-08-12 11:31:00-04:00,2026-08-12 11:31:24.323141-04:00,-35.676859,0.0,1.8897000551223755,1.8897000551223755
FEMY,2026-08-12 11:20:00-04:00,2026-08-12 11:31:44.362979-04:00,644.362979,4365.0,2.3299999237060547,2.3299999237060547
FEMY,2026-08-12 11:21:00-04:00,2026-08-12 11:31:44.362979-04:00,584.362979,182.0,2.325000047683716,2.325000047683716
FEMY,2026-08-12 11:24:00-04:00,2026-08-12 11:31:44.362979-04:00,404.362979,7013.0,2.325000047683716,2.3299999237060547
FEMY,2026-08-12 11:25:00-04:00,2026-08-12 11:31:44.362979-04:00,344.362979,45332.0,2.3299999237060547,2.240000009536743
FEMY,2026-08-12 11:26:00-04:00,2026-08-12 11:31:44.362979-04:00,284.362979,10702.0,2.240000009536743,2.240000009536743
FEMY,2026-08-12 11:27:00-04:00,2026-08-12 11:31:44.362979-04:00,224.362979,0.0,2.2699999809265137,2.2699999809265137
REBN,2026-08-12 10:55:00-04:00,2026-08-12 11:31:44.362979-04:00,2144.362979,907.0,1.5099999904632568,1.5099999904632568
REBN,2026-08-12 11:00:00-04:00,2026-08-12 11:31:44.362979-04:00,1844.362979,294.0,1.5099999904632568,1.5099999904632568
REBN,2026-08-12 11:01:00-04:00,2026-08-12 11:31:44.362979-04:00,1784.362979,11.0,1.5038000345230103,1.5038000345230103
REBN,2026-08-12 11:04:00-04:00,2026-08-12 11:31:44.362979-04:00,1604.362979,1111.0,1.5099999904632568,1.4900000095367432
REBN,2026-08-12 11:12:00-04:00,2026-08-12 11:31:44.362979-04:00,1124.362979,1109.0,1.5149999856948853,1.5149999856948853
REBN,2026-08-12 11:14:00-04:00,2026-08-12 11:31:44.362979-04:00,1004.362979,0.0,1.5,1.5
BIVI,2026-08-12 11:26:00-04:00,2026-08-12 11:31:44.362979-04:00,284.362979,736827.0,1.6009999513626099,1.7100000381469727
BIVI,2026-08-12 11:27:00-04:00,2026-08-12 11:31:44.362979-04:00,224.362979,924668.0,1.718999981880188,1.850000023841858
BIVI,2026-08-12 11:28:00-04:00,2026-08-12 11:31:44.362979-04:00,164.362979,873786.0,1.8650000095367432,1.9589999914169312
BIVI,2026-08-12 11:29:00-04:00,2026-08-12 11:31:44.362979-04:00,104.362979,1146844.0,1.9599000215530396,2.190000057220459
BIVI,2026-08-12 11:30:00-04:00,2026-08-12 11:31:44.362979-04:00,44.362979,1023891.0,2.190000057220459,2.050100088119507
BIVI,2026-08-12 11:31:00-04:00,2026-08-12 11:31:44.362979-04:00,-15.637021,0.0,2.029099941253662,2.029099941253662
GRWG,2026-08-12 11:26:00-04:00,2026-08-12 11:31:44.362979-04:00,284.362979,13187.0,1.8799999952316284,1.8907999992370605
GRWG,2026-08-12 11:27:00-04:00,2026-08-12 11:31:44.362979-04:00,224.362979,5960.0,1.8949999809265137,1.8949999809265137
GRWG,2026-08-12 11:28:00-04:00,2026-08-12 11:31:44.362979-04:00,164.362979,6670.0,1.8940000534057617,1.8949999809265137
GRWG,2026-08-12 11:29:00-04:00,2026-08-12 11:31:44.362979-04:00,104.362979,8402.0,1.899999976158142,1.8990000486373901
GRWG,2026-08-12 11:30:00-04:00,2026-08-12 11:31:44.362979-04:00,44.362979,3831.0,1.8907999992370605,1.8910000324249268
GRWG,2026-08-12 11:31:00-04:00,2026-08-12 11:31:44.362979-04:00,-15.637021,0.0,1.8849999904632568,1.8849999904632568
ENHA,2026-08-12 11:18:00-04:00,2026-08-12 11:31:44.362979-04:00,764.362979,1131.0,2.1498000621795654,2.1449999809265137
ENHA,2026-08-12 11:19:00-04:00,2026-08-12 11:31:44.362979-04:00,704.362979,5974.0,2.1500000953674316,2.1549999713897705
ENHA,2026-08-12 11:20:00-04:00,2026-08-12 11:31:44.362979-04:00,644.362979,2591.0,2.1602001190185547,2.1600000858306885
ENHA,2026-08-12 11:22:00-04:00,2026-08-12 11:31:44.362979-04:00,524.362979,4233.0,2.1600000858306885,2.1700000762939453
ENHA,2026-08-12 11:24:00-04:00,2026-08-12 11:31:44.362979-04:00,404.362979,2089.0,2.186199903488159,2.186199903488159
ENHA,2026-08-12 11:31:00-04:00,2026-08-12 11:31:44.362979-04:00,-15.637021,0.0,2.200000047683716,2.200000047683716
VLN,2026-08-12 11:26:00-04:00,2026-08-12 11:31:44.362979-04:00,284.362979,4144.0,1.8250000476837158,1.8250000476837158
VLN,2026-08-12 11:27:00-04:00,2026-08-12 11:31:44.362979-04:00,224.362979,262.0,1.8250000476837158,1.8300000429153442
VLN,2026-08-12 11:28:00-04:00,2026-08-12 11:31:44.362979-04:00,164.362979,1650.0,1.8250000476837158,1.8250000476837158
VLN,2026-08-12 11:29:00-04:00,2026-08-12 11:31:44.362979-04:00,104.362979,8045.0,1.8300000429153442,1.8350000381469727
VLN,2026-08-12 11:30:00-04:00,2026-08-12 11:31:44.362979-04:00,44.362979,172.0,1.8350000381469727,1.8350000381469727
VLN,2026-08-12 11:31:00-04:00,2026-08-12 11:31:44.362979-04:00,-15.637021,0.0,1.8396999835968018,1.8396999835968018
DRMA,2026-08-12 11:26:00-04:00,2026-08-12 11:31:44.362979-04:00,284.362979,2498.0,1.3300000429153442,1.3250000476837158
DRMA,2026-08-12 11:27:00-04:00,2026-08-12 11:31:44.362979-04:00,224.362979,1565.0,1.3200000524520874,1.3240000009536743
DRMA,2026-08-12 11:28:00-04:00,2026-08-12 11:31:44.362979-04:00,164.362979,18334.0,1.3250000476837158,1.3200000524520874
DRMA,2026-08-12 11:29:00-04:00,2026-08-12 11:31:44.362979-04:00,104.362979,7137.0,1.3200000524520874,1.320099949836731
DRMA,2026-08-12 11:30:00-04:00,2026-08-12 11:31:44.362979-04:00,44.362979,24818.0,1.3200000524520874,1.3322999477386475
DRMA,2026-08-12 11:31:00-04:00,2026-08-12 11:31:44.362979-04:00,-15.637021,0.0,1.3300000429153442,1.3300000429153442
MXCT,2026-08-12 11:20:00-04:00,2026-08-12 11:31:44.362979-04:00,644.362979,471.0,1.2549999952316284,1.25
MXCT,2026-08-12 11:21:00-04:00,2026-08-12 11:31:44.362979-04:00,584.362979,1160.0,1.250100016593933,1.250100016593933
MXCT,2026-08-12 11:22:00-04:00,2026-08-12 11:31:44.362979-04:00,524.362979,2302.0,1.2549999952316284,1.2549999952316284
MXCT,2026-08-12 11:23:00-04:00,2026-08-12 11:31:44.362979-04:00,464.362979,504.0,1.2549999952316284,1.2549999952316284
MXCT,2026-08-12 11:25:00-04:00,2026-08-12 11:31:44.362979-04:00,344.362979,758.0,1.250499963760376,1.250499963760376
MXCT,2026-08-12 11:30:00-04:00,2026-08-12 11:31:44.362979-04:00,44.362979,0.0,1.2598999738693237,1.2598999738693237
DRMA,2026-08-12 11:27:00-04:00,2026-08-12 11:32:04.403878-04:00,244.403878,1565.0,1.3200000524520874,1.3240000009536743
DRMA,2026-08-12 11:28:00-04:00,2026-08-12 11:32:04.403878-04:00,184.403878,18334.0,1.3250000476837158,1.3200000524520874
DRMA,2026-08-12 11:29:00-04:00,2026-08-12 11:32:04.403878-04:00,124.403878,7137.0,1.3200000524520874,1.320099949836731
DRMA,2026-08-12 11:30:00-04:00,2026-08-12 11:32:04.403878-04:00,64.403878,24818.0,1.3200000524520874,1.3322999477386475
DRMA,2026-08-12 11:31:00-04:00,2026-08-12 11:32:04.403878-04:00,4.403878,4068.0,1.3300000429153442,1.3309999704360962
DRMA,2026-08-12 11:32:00-04:00,2026-08-12 11:32:04.403878-04:00,-55.596122,0.0,1.3350000381469727,1.3350000381469727
GRWG,2026-08-12 11:26:00-04:00,2026-08-12 11:32:04.403878-04:00,304.403878,13187.0,1.8799999952316284,1.8907999992370605
GRWG,2026-08-12 11:27:00-04:00,2026-08-12 11:32:04.403878-04:00,244.403878,5960.0,1.8949999809265137,1.8949999809265137
GRWG,2026-08-12 11:28:00-04:00,2026-08-12 11:32:04.403878-04:00,184.403878,6670.0,1.8940000534057617,1.8949999809265137
GRWG,2026-08-12 11:29:00-04:00,2026-08-12 11:32:04.403878-04:00,124.403878,8402.0,1.899999976158142,1.8990000486373901
GRWG,2026-08-12 11:30:00-04:00,2026-08-12 11:32:04.403878-04:00,64.403878,3831.0,1.8907999992370605,1.8910000324249268
GRWG,2026-08-12 11:31:00-04:00,2026-08-12 11:32:04.403878-04:00,4.403878,0.0,1.8849999904632568,1.8849999904632568
MXCT,2026-08-12 11:20:00-04:00,2026-08-12 11:32:04.403878-04:00,664.403878,471.0,1.2549999952316284,1.25
MXCT,2026-08-12 11:21:00-04:00,2026-08-12 11:32:04.403878-04:00,604.403878,1160.0,1.250100016593933,1.250100016593933
MXCT,2026-08-12 11:22:00-04:00,2026-08-12 11:32:04.403878-04:00,544.403878,2302.0,1.2549999952316284,1.2549999952316284
MXCT,2026-08-12 11:23:00-04:00,2026-08-12 11:32:04.403878-04:00,484.403878,504.0,1.2549999952316284,1.2549999952316284
MXCT,2026-08-12 11:25:00-04:00,2026-08-12 11:32:04.403878-04:00,364.403878,758.0,1.250499963760376,1.250499963760376
MXCT,2026-08-12 11:30:00-04:00,2026-08-12 11:32:04.403878-04:00,64.403878,0.0,1.2598999738693237,1.2598999738693237
BIVI,2026-08-12 11:27:00-04:00,2026-08-12 11:32:04.403878-04:00,244.403878,924668.0,1.718999981880188,1.850000023841858
BIVI,2026-08-12 11:28:00-04:00,2026-08-12 11:32:04.403878-04:00,184.403878,873786.0,1.8650000095367432,1.9589999914169312
BIVI,2026-08-12 11:29:00-04:00,2026-08-12 11:32:04.403878-04:00,124.403878,1146844.0,1.9599000215530396,2.190000057220459
BIVI,2026-08-12 11:30:00-04:00,2026-08-12 11:32:04.403878-04:00,64.403878,1023891.0,2.190000057220459,2.050100088119507
BIVI,2026-08-12 11:31:00-04:00,2026-08-12 11:32:04.403878-04:00,4.403878,710404.0,2.059000015258789,1.8899999856948853
BIVI,2026-08-12 11:32:00-04:00,2026-08-12 11:32:04.403878-04:00,-55.596122,0.0,1.9249999523162842,1.9249999523162842
REBN,2026-08-12 10:55:00-04:00,2026-08-12 11:32:04.403878-04:00,2164.403878,907.0,1.5099999904632568,1.5099999904632568
REBN,2026-08-12 11:00:00-04:00,2026-08-12 11:32:04.403878-04:00,1864.403878,294.0,1.5099999904632568,1.5099999904632568
REBN,2026-08-12 11:01:00-04:00,2026-08-12 11:32:04.403878-04:00,1804.403878,11.0,1.5038000345230103,1.5038000345230103
REBN,2026-08-12 11:04:00-04:00,2026-08-12 11:32:04.403878-04:00,1624.403878,1111.0,1.5099999904632568,1.4900000095367432
REBN,2026-08-12 11:12:00-04:00,2026-08-12 11:32:04.403878-04:00,1144.403878,1109.0,1.5149999856948853,1.5149999856948853
REBN,2026-08-12 11:14:00-04:00,2026-08-12 11:32:04.403878-04:00,1024.403878,0.0,1.5,1.5
ENHA,2026-08-12 11:18:00-04:00,2026-08-12 11:32:04.403878-04:00,784.403878,1131.0,2.1498000621795654,2.1449999809265137
ENHA,2026-08-12 11:19:00-04:00,2026-08-12 11:32:04.403878-04:00,724.403878,5974.0,2.1500000953674316,2.1549999713897705
ENHA,2026-08-12 11:20:00-04:00,2026-08-12 11:32:04.403878-04:00,664.403878,2591.0,2.1602001190185547,2.1600000858306885
ENHA,2026-08-12 11:22:00-04:00,2026-08-12 11:32:04.403878-04:00,544.403878,4233.0,2.1600000858306885,2.1700000762939453
ENHA,2026-08-12 11:24:00-04:00,2026-08-12 11:32:04.403878-04:00,424.403878,2089.0,2.186199903488159,2.186199903488159
ENHA,2026-08-12 11:31:00-04:00,2026-08-12 11:32:04.403878-04:00,4.403878,0.0,2.200000047683716,2.200000047683716
VLN,2026-08-12 11:26:00-04:00,2026-08-12 11:32:04.403878-04:00,304.403878,4144.0,1.8250000476837158,1.8250000476837158
VLN,2026-08-12 11:27:00-04:00,2026-08-12 11:32:04.403878-04:00,244.403878,262.0,1.8250000476837158,1.8300000429153442
VLN,2026-08-12 11:28:00-04:00,2026-08-12 11:32:04.403878-04:00,184.403878,1650.0,1.8250000476837158,1.8250000476837158
VLN,2026-08-12 11:29:00-04:00,2026-08-12 11:32:04.403878-04:00,124.403878,8045.0,1.8300000429153442,1.8350000381469727
VLN,2026-08-12 11:30:00-04:00,2026-08-12 11:32:04.403878-04:00,64.403878,172.0,1.8350000381469727,1.8350000381469727
VLN,2026-08-12 11:31:00-04:00,2026-08-12 11:32:04.403878-04:00,4.403878,0.0,1.8396999835968018,1.8396999835968018
FEMY,2026-08-12 11:20:00-04:00,2026-08-12 11:32:04.403878-04:00,664.403878,4365.0,2.3299999237060547,2.3299999237060547
FEMY,2026-08-12 11:21:00-04:00,2026-08-12 11:32:04.403878-04:00,604.403878,182.0,2.325000047683716,2.325000047683716
FEMY,2026-08-12 11:24:00-04:00,2026-08-12 11:32:04.403878-04:00,424.403878,7013.0,2.325000047683716,2.3299999237060547
FEMY,2026-08-12 11:25:00-04:00,2026-08-12 11:32:04.403878-04:00,364.403878,45332.0,2.3299999237060547,2.240000009536743
FEMY,2026-08-12 11:26:00-04:00,2026-08-12 11:32:04.403878-04:00,304.403878,10702.0,2.240000009536743,2.240000009536743
FEMY,2026-08-12 11:27:00-04:00,2026-08-12 11:32:04.403878-04:00,244.403878,0.0,2.2699999809265137,2.2699999809265137
MXCT,2026-08-12 11:20:00-04:00,2026-08-12 11:32:24.498906-04:00,684.498906,471.0,1.2549999952316284,1.25
MXCT,2026-08-12 11:21:00-04:00,2026-08-12 11:32:24.498906-04:00,624.498906,1160.0,1.250100016593933,1.250100016593933
MXCT,2026-08-12 11:22:00-04:00,2026-08-12 11:32:24.498906-04:00,564.498906,2302.0,1.2549999952316284,1.2549999952316284
MXCT,2026-08-12 11:23:00-04:00,2026-08-12 11:32:24.498906-04:00,504.498906,504.0,1.2549999952316284,1.2549999952316284
MXCT,2026-08-12 11:25:00-04:00,2026-08-12 11:32:24.498906-04:00,384.498906,758.0,1.250499963760376,1.250499963760376
MXCT,2026-08-12 11:30:00-04:00,2026-08-12 11:32:24.498906-04:00,84.498906,0.0,1.2598999738693237,1.2598999738693237
BIVI,2026-08-12 11:27:00-04:00,2026-08-12 11:32:24.498906-04:00,264.498906,924668.0,1.718999981880188,1.850000023841858
BIVI,2026-08-12 11:28:00-04:00,2026-08-12 11:32:24.498906-04:00,204.498906,873786.0,1.8650000095367432,1.9589999914169312
BIVI,2026-08-12 11:29:00-04:00,2026-08-12 11:32:24.498906-04:00,144.498906,1146844.0,1.9599000215530396,2.190000057220459
BIVI,2026-08-12 11:30:00-04:00,2026-08-12 11:32:24.498906-04:00,84.498906,1023891.0,2.190000057220459,2.050100088119507
BIVI,2026-08-12 11:31:00-04:00,2026-08-12 11:32:24.498906-04:00,24.498906,710404.0,2.059000015258789,1.8899999856948853
BIVI,2026-08-12 11:32:00-04:00,2026-08-12 11:32:24.498906-04:00,-35.501094,0.0,1.9299999475479126,1.9299999475479126
VLN,2026-08-12 11:27:00-04:00,2026-08-12 11:32:24.498906-04:00,264.498906,262.0,1.8250000476837158,1.8300000429153442
VLN,2026-08-12 11:28:00-04:00,2026-08-12 11:32:24.498906-04:00,204.498906,1650.0,1.8250000476837158,1.8250000476837158
VLN,2026-08-12 11:29:00-04:00,2026-08-12 11:32:24.498906-04:00,144.498906,8045.0,1.8300000429153442,1.8350000381469727
VLN,2026-08-12 11:30:00-04:00,2026-08-12 11:32:24.498906-04:00,84.498906,172.0,1.8350000381469727,1.8350000381469727
VLN,2026-08-12 11:31:00-04:00,2026-08-12 11:32:24.498906-04:00,24.498906,424.0,1.8396999835968018,1.8396999835968018
VLN,2026-08-12 11:32:00-04:00,2026-08-12 11:32:24.498906-04:00,-35.501094,0.0,1.8350000381469727,1.8350000381469727
GRWG,2026-08-12 11:27:00-04:00,2026-08-12 11:32:24.498906-04:00,264.498906,5960.0,1.8949999809265137,1.8949999809265137
GRWG,2026-08-12 11:28:00-04:00,2026-08-12 11:32:24.498906-04:00,204.498906,6670.0,1.8940000534057617,1.8949999809265137
GRWG,2026-08-12 11:29:00-04:00,2026-08-12 11:32:24.498906-04:00,144.498906,8402.0,1.899999976158142,1.8990000486373901
GRWG,2026-08-12 11:30:00-04:00,2026-08-12 11:32:24.498906-04:00,84.498906,3831.0,1.8907999992370605,1.8910000324249268
GRWG,2026-08-12 11:31:00-04:00,2026-08-12 11:32:24.498906-04:00,24.498906,20006.0,1.8949999809265137,1.8849999904632568
GRWG,2026-08-12 11:32:00-04:00,2026-08-12 11:32:24.498906-04:00,-35.501094,0.0,1.8801000118255615,1.8801000118255615
DRMA,2026-08-12 11:27:00-04:00,2026-08-12 11:32:24.498906-04:00,264.498906,1565.0,1.3200000524520874,1.3240000009536743
DRMA,2026-08-12 11:28:00-04:00,2026-08-12 11:32:24.498906-04:00,204.498906,18334.0,1.3250000476837158,1.3200000524520874
DRMA,2026-08-12 11:29:00-04:00,2026-08-12 11:32:24.498906-04:00,144.498906,7137.0,1.3200000524520874,1.320099949836731
DRMA,2026-08-12 11:30:00-04:00,2026-08-12 11:32:24.498906-04:00,84.498906,24818.0,1.3200000524520874,1.3322999477386475
DRMA,2026-08-12 11:31:00-04:00,2026-08-12 11:32:24.498906-04:00,24.498906,4068.0,1.3300000429153442,1.3309999704360962
DRMA,2026-08-12 11:32:00-04:00,2026-08-12 11:32:24.498906-04:00,-35.501094,0.0,1.3300000429153442,1.3300000429153442
FEMY,2026-08-12 11:20:00-04:00,2026-08-12 11:32:24.498906-04:00,684.498906,4365.0,2.3299999237060547,2.3299999237060547
FEMY,2026-08-12 11:21:00-04:00,2026-08-12 11:32:24.498906-04:00,624.498906,182.0,2.325000047683716,2.325000047683716
FEMY,2026-08-12 11:24:00-04:00,2026-08-12 11:32:24.498906-04:00,444.498906,7013.0,2.325000047683716,2.3299999237060547
FEMY,2026-08-12 11:25:00-04:00,2026-08-12 11:32:24.498906-04:00,384.498906,45332.0,2.3299999237060547,2.240000009536743
FEMY,2026-08-12 11:26:00-04:00,2026-08-12 11:32:24.498906-04:00,324.498906,10702.0,2.240000009536743,2.240000009536743
FEMY,2026-08-12 11:27:00-04:00,2026-08-12 11:32:24.498906-04:00,264.498906,0.0,2.2699999809265137,2.2699999809265137
ENHA,2026-08-12 11:18:00-04:00,2026-08-12 11:32:24.498906-04:00,804.498906,1131.0,2.1498000621795654,2.1449999809265137
ENHA,2026-08-12 11:19:00-04:00,2026-08-12 11:32:24.498906-04:00,744.498906,5974.0,2.1500000953674316,2.1549999713897705
ENHA,2026-08-12 11:20:00-04:00,2026-08-12 11:32:24.498906-04:00,684.498906,2591.0,2.1602001190185547,2.1600000858306885
ENHA,2026-08-12 11:22:00-04:00,2026-08-12 11:32:24.498906-04:00,564.498906,4233.0,2.1600000858306885,2.1700000762939453
ENHA,2026-08-12 11:24:00-04:00,2026-08-12 11:32:24.498906-04:00,444.498906,2089.0,2.186199903488159,2.186199903488159
ENHA,2026-08-12 11:31:00-04:00,2026-08-12 11:32:24.498906-04:00,24.498906,0.0,2.200000047683716,2.200000047683716
REBN,2026-08-12 10:55:00-04:00,2026-08-12 11:32:24.498906-04:00,2184.498906,907.0,1.5099999904632568,1.5099999904632568
REBN,2026-08-12 11:00:00-04:00,2026-08-12 11:32:24.498906-04:00,1884.498906,294.0,1.5099999904632568,1.5099999904632568
REBN,2026-08-12 11:01:00-04:00,2026-08-12 11:32:24.498906-04:00,1824.498906,11.0,1.5038000345230103,1.5038000345230103
REBN,2026-08-12 11:04:00-04:00,2026-08-12 11:32:24.498906-04:00,1644.498906,1111.0,1.5099999904632568,1.4900000095367432
REBN,2026-08-12 11:12:00-04:00,2026-08-12 11:32:24.498906-04:00,1164.498906,1109.0,1.5149999856948853,1.5149999856948853
REBN,2026-08-12 11:14:00-04:00,2026-08-12 11:32:24.498906-04:00,1044.498906,0.0,1.5,1.5
MXCT,2026-08-12 11:21:00-04:00,2026-08-12 11:32:44.541183-04:00,644.541183,1160.0,1.250100016593933,1.250100016593933
MXCT,2026-08-12 11:22:00-04:00,2026-08-12 11:32:44.541183-04:00,584.541183,2302.0,1.2549999952316284,1.2549999952316284
MXCT,2026-08-12 11:23:00-04:00,2026-08-12 11:32:44.541183-04:00,524.541183,504.0,1.2549999952316284,1.2549999952316284
MXCT,2026-08-12 11:25:00-04:00,2026-08-12 11:32:44.541183-04:00,404.541183,758.0,1.250499963760376,1.250499963760376
MXCT,2026-08-12 11:30:00-04:00,2026-08-12 11:32:44.541183-04:00,104.541183,6947.0,1.2549999952316284,1.2598999738693237
MXCT,2026-08-12 11:32:00-04:00,2026-08-12 11:32:44.541183-04:00,-15.458817,0.0,1.2595000267028809,1.2595000267028809
VLN,2026-08-12 11:27:00-04:00,2026-08-12 11:32:44.541183-04:00,284.541183,262.0,1.8250000476837158,1.8300000429153442
VLN,2026-08-12 11:28:00-04:00,2026-08-12 11:32:44.541183-04:00,224.541183,1650.0,1.8250000476837158,1.8250000476837158
VLN,2026-08-12 11:29:00-04:00,2026-08-12 11:32:44.541183-04:00,164.541183,8045.0,1.8300000429153442,1.8350000381469727
VLN,2026-08-12 11:30:00-04:00,2026-08-12 11:32:44.541183-04:00,104.541183,172.0,1.8350000381469727,1.8350000381469727
VLN,2026-08-12 11:31:00-04:00,2026-08-12 11:32:44.541183-04:00,44.541183,424.0,1.8396999835968018,1.8396999835968018
VLN,2026-08-12 11:32:00-04:00,2026-08-12 11:32:44.541183-04:00,-15.458817,0.0,1.8350000381469727,1.8350000381469727
FEMY,2026-08-12 11:20:00-04:00,2026-08-12 11:32:44.541183-04:00,704.541183,4365.0,2.3299999237060547,2.3299999237060547
FEMY,2026-08-12 11:21:00-04:00,2026-08-12 11:32:44.541183-04:00,644.541183,182.0,2.325000047683716,2.325000047683716
FEMY,2026-08-12 11:24:00-04:00,2026-08-12 11:32:44.541183-04:00,464.541183,7013.0,2.325000047683716,2.3299999237060547
FEMY,2026-08-12 11:25:00-04:00,2026-08-12 11:32:44.541183-04:00,404.541183,45332.0,2.3299999237060547,2.240000009536743
FEMY,2026-08-12 11:26:00-04:00,2026-08-12 11:32:44.541183-04:00,344.541183,10702.0,2.240000009536743,2.240000009536743
FEMY,2026-08-12 11:27:00-04:00,2026-08-12 11:32:44.541183-04:00,284.541183,0.0,2.2699999809265137,2.2699999809265137
GRWG,2026-08-12 11:27:00-04:00,2026-08-12 11:32:44.541183-04:00,284.541183,5960.0,1.8949999809265137,1.8949999809265137
GRWG,2026-08-12 11:28:00-04:00,2026-08-12 11:32:44.541183-04:00,224.541183,6670.0,1.8940000534057617,1.8949999809265137
GRWG,2026-08-12 11:29:00-04:00,2026-08-12 11:32:44.541183-04:00,164.541183,8402.0,1.899999976158142,1.8990000486373901
GRWG,2026-08-12 11:30:00-04:00,2026-08-12 11:32:44.541183-04:00,104.541183,3831.0,1.8907999992370605,1.8910000324249268
GRWG,2026-08-12 11:31:00-04:00,2026-08-12 11:32:44.541183-04:00,44.541183,20006.0,1.8949999809265137,1.8849999904632568
GRWG,2026-08-12 11:32:00-04:00,2026-08-12 11:32:44.541183-04:00,-15.458817,0.0,1.8799999952316284,1.8799999952316284
ENHA,2026-08-12 11:18:00-04:00,2026-08-12 11:32:44.541183-04:00,824.541183,1131.0,2.1498000621795654,2.1449999809265137
ENHA,2026-08-12 11:19:00-04:00,2026-08-12 11:32:44.541183-04:00,764.541183,5974.0,2.1500000953674316,2.1549999713897705
ENHA,2026-08-12 11:20:00-04:00,2026-08-12 11:32:44.541183-04:00,704.541183,2591.0,2.1602001190185547,2.1600000858306885
ENHA,2026-08-12 11:22:00-04:00,2026-08-12 11:32:44.541183-04:00,584.541183,4233.0,2.1600000858306885,2.1700000762939453
ENHA,2026-08-12 11:24:00-04:00,2026-08-12 11:32:44.541183-04:00,464.541183,2089.0,2.186199903488159,2.186199903488159
ENHA,2026-08-12 11:31:00-04:00,2026-08-12 11:32:44.541183-04:00,44.541183,0.0,2.200000047683716,2.200000047683716
BIVI,2026-08-12 11:27:00-04:00,2026-08-12 11:32:44.541183-04:00,284.541183,924668.0,1.718999981880188,1.850000023841858
BIVI,2026-08-12 11:28:00-04:00,2026-08-12 11:32:44.541183-04:00,224.541183,873786.0,1.8650000095367432,1.9589999914169312
BIVI,2026-08-12 11:29:00-04:00,2026-08-12 11:32:44.541183-04:00,164.541183,1146844.0,1.9599000215530396,2.190000057220459
BIVI,2026-08-12 11:30:00-04:00,2026-08-12 11:32:44.541183-04:00,104.541183,1023891.0,2.190000057220459,2.050100088119507
BIVI,2026-08-12 11:31:00-04:00,2026-08-12 11:32:44.541183-04:00,44.541183,710404.0,2.059000015258789,1.8899999856948853
BIVI,2026-08-12 11:32:00-04:00,2026-08-12 11:32:44.541183-04:00,-15.458817,0.0,1.9249999523162842,1.9249999523162842
DRMA,2026-08-12 11:27:00-04:00,2026-08-12 11:32:44.541183-04:00,284.541183,1565.0,1.3200000524520874,1.3240000009536743
DRMA,2026-08-12 11:28:00-04:00,2026-08-12 11:32:44.541183-04:00,224.541183,18334.0,1.3250000476837158,1.3200000524520874
DRMA,2026-08-12 11:29:00-04:00,2026-08-12 11:32:44.541183-04:00,164.541183,7137.0,1.3200000524520874,1.320099949836731
DRMA,2026-08-12 11:30:00-04:00,2026-08-12 11:32:44.541183-04:00,104.541183,24818.0,1.3200000524520874,1.3322999477386475
DRMA,2026-08-12 11:31:00-04:00,2026-08-12 11:32:44.541183-04:00,44.541183,4068.0,1.3300000429153442,1.3309999704360962
DRMA,2026-08-12 11:32:00-04:00,2026-08-12 11:32:44.541183-04:00,-15.458817,0.0,1.3350000381469727,1.3350000381469727
REBN,2026-08-12 10:55:00-04:00,2026-08-12 11:32:44.541183-04:00,2204.541183,907.0,1.5099999904632568,1.5099999904632568
REBN,2026-08-12 11:00:00-04:00,2026-08-12 11:32:44.541183-04:00,1904.541183,294.0,1.5099999904632568,1.5099999904632568
REBN,2026-08-12 11:01:00-04:00,2026-08-12 11:32:44.541183-04:00,1844.541183,11.0,1.5038000345230103,1.5038000345230103
REBN,2026-08-12 11:04:00-04:00,2026-08-12 11:32:44.541183-04:00,1664.541183,1111.0,1.5099999904632568,1.4900000095367432
REBN,2026-08-12 11:12:00-04:00,2026-08-12 11:32:44.541183-04:00,1184.541183,1109.0,1.5149999856948853,1.5149999856948853
REBN,2026-08-12 11:14:00-04:00,2026-08-12 11:32:44.541183-04:00,1064.541183,0.0,1.5,1.5
ENHA,2026-08-12 11:18:00-04:00,2026-08-12 11:33:04.584270-04:00,844.58427,1131.0,2.1498000621795654,2.1449999809265137
ENHA,2026-08-12 11:19:00-04:00,2026-08-12 11:33:04.584270-04:00,784.58427,5974.0,2.1500000953674316,2.1549999713897705
ENHA,2026-08-12 11:20:00-04:00,2026-08-12 11:33:04.584270-04:00,724.58427,2591.0,2.1602001190185547,2.1600000858306885
ENHA,2026-08-12 11:22:00-04:00,2026-08-12 11:33:04.584270-04:00,604.58427,4233.0,2.1649999618530273,2.1700000762939453
ENHA,2026-08-12 11:24:00-04:00,2026-08-12 11:33:04.584270-04:00,484.58427,2089.0,2.186199903488159,2.186199903488159
ENHA,2026-08-12 11:31:00-04:00,2026-08-12 11:33:04.584270-04:00,64.58427,0.0,2.200000047683716,2.200000047683716
MXCT,2026-08-12 11:21:00-04:00,2026-08-12 11:33:04.584270-04:00,664.58427,1160.0,1.250100016593933,1.250100016593933
MXCT,2026-08-12 11:22:00-04:00,2026-08-12 11:33:04.584270-04:00,604.58427,2302.0,1.2549999952316284,1.2549999952316284
MXCT,2026-08-12 11:23:00-04:00,2026-08-12 11:33:04.584270-04:00,544.58427,504.0,1.2549999952316284,1.2549999952316284
MXCT,2026-08-12 11:25:00-04:00,2026-08-12 11:33:04.584270-04:00,424.58427,758.0,1.250499963760376,1.250499963760376
MXCT,2026-08-12 11:30:00-04:00,2026-08-12 11:33:04.584270-04:00,124.58427,6947.0,1.2549999952316284,1.2598999738693237
MXCT,2026-08-12 11:32:00-04:00,2026-08-12 11:33:04.584270-04:00,4.58427,0.0,1.2549999952316284,1.2549999952316284
BIVI,2026-08-12 11:28:00-04:00,2026-08-12 11:33:04.584270-04:00,244.58427,873786.0,1.8650000095367432,1.9589999914169312
BIVI,2026-08-12 11:29:00-04:00,2026-08-12 11:33:04.584270-04:00,184.58427,1146844.0,1.9599000215530396,2.190000057220459
BIVI,2026-08-12 11:30:00-04:00,2026-08-12 11:33:04.584270-04:00,124.58427,1023891.0,2.190000057220459,2.050100088119507
BIVI,2026-08-12 11:31:00-04:00,2026-08-12 11:33:04.584270-04:00,64.58427,710404.0,2.059000015258789,1.8899999856948853
BIVI,2026-08-12 11:32:00-04:00,2026-08-12 11:33:04.584270-04:00,4.58427,426806.0,1.8899999856948853,1.9249999523162842
BIVI,2026-08-12 11:33:00-04:00,2026-08-12 11:33:04.584270-04:00,-55.41573,0.0,1.9700000286102295,1.9700000286102295
DRMA,2026-08-12 11:27:00-04:00,2026-08-12 11:33:04.584270-04:00,304.58427,1565.0,1.3200000524520874,1.3240000009536743
DRMA,2026-08-12 11:28:00-04:00,2026-08-12 11:33:04.584270-04:00,244.58427,18334.0,1.3250000476837158,1.3200000524520874
DRMA,2026-08-12 11:29:00-04:00,2026-08-12 11:33:04.584270-04:00,184.58427,7137.0,1.3200000524520874,1.320099949836731
DRMA,2026-08-12 11:30:00-04:00,2026-08-12 11:33:04.584270-04:00,124.58427,24818.0,1.3200000524520874,1.3322999477386475
DRMA,2026-08-12 11:31:00-04:00,2026-08-12 11:33:04.584270-04:00,64.58427,4068.0,1.3300000429153442,1.3309999704360962
DRMA,2026-08-12 11:32:00-04:00,2026-08-12 11:33:04.584270-04:00,4.58427,0.0,1.3350000381469727,1.3350000381469727
VLN,2026-08-12 11:27:00-04:00,2026-08-12 11:33:04.584270-04:00,304.58427,262.0,1.8250000476837158,1.8300000429153442
VLN,2026-08-12 11:28:00-04:00,2026-08-12 11:33:04.584270-04:00,244.58427,1650.0,1.8250000476837158,1.8250000476837158
VLN,2026-08-12 11:29:00-04:00,2026-08-12 11:33:04.584270-04:00,184.58427,8045.0,1.8300000429153442,1.8350000381469727
VLN,2026-08-12 11:30:00-04:00,2026-08-12 11:33:04.584270-04:00,124.58427,172.0,1.8350000381469727,1.8350000381469727
VLN,2026-08-12 11:31:00-04:00,2026-08-12 11:33:04.584270-04:00,64.58427,424.0,1.8396999835968018,1.8396999835968018
VLN,2026-08-12 11:32:00-04:00,2026-08-12 11:33:04.584270-04:00,4.58427,0.0,1.8350000381469727,1.8350000381469727
FEMY,2026-08-12 11:20:00-04:00,2026-08-12 11:33:04.584270-04:00,724.58427,4365.0,2.3299999237060547,2.3299999237060547
FEMY,2026-08-12 11:21:00-04:00,2026-08-12 11:33:04.584270-04:00,664.58427,182.0,2.325000047683716,2.325000047683716
FEMY,2026-08-12 11:24:00-04:00,2026-08-12 11:33:04.584270-04:00,484.58427,7013.0,2.325000047683716,2.3299999237060547
FEMY,2026-08-12 11:25:00-04:00,2026-08-12 11:33:04.584270-04:00,424.58427,45332.0,2.3299999237060547,2.240000009536743
FEMY,2026-08-12 11:26:00-04:00,2026-08-12 11:33:04.584270-04:00,364.58427,10702.0,2.240000009536743,2.240000009536743
FEMY,2026-08-12 11:27:00-04:00,2026-08-12 11:33:04.584270-04:00,304.58427,0.0,2.2699999809265137,2.2699999809265137
REBN,2026-08-12 10:55:00-04:00,2026-08-12 11:33:04.584270-04:00,2224.58427,907.0,1.5099999904632568,1.5099999904632568
REBN,2026-08-12 11:00:00-04:00,2026-08-12 11:33:04.584270-04:00,1924.58427,294.0,1.5099999904632568,1.5099999904632568
REBN,2026-08-12 11:01:00-04:00,2026-08-12 11:33:04.584270-04:00,1864.58427,11.0,1.5038000345230103,1.5038000345230103
REBN,2026-08-12 11:04:00-04:00,2026-08-12 11:33:04.584270-04:00,1684.58427,1111.0,1.5099999904632568,1.4900000095367432
REBN,2026-08-12 11:12:00-04:00,2026-08-12 11:33:04.584270-04:00,1204.58427,1109.0,1.5149999856948853,1.5149999856948853
REBN,2026-08-12 11:14:00-04:00,2026-08-12 11:33:04.584270-04:00,1084.58427,0.0,1.5,1.5
GRWG,2026-08-12 11:27:00-04:00,2026-08-12 11:33:04.584270-04:00,304.58427,5960.0,1.8949999809265137,1.8949999809265137
GRWG,2026-08-12 11:28:00-04:00,2026-08-12 11:33:04.584270-04:00,244.58427,6670.0,1.8940000534057617,1.8949999809265137
GRWG,2026-08-12 11:29:00-04:00,2026-08-12 11:33:04.584270-04:00,184.58427,8402.0,1.899999976158142,1.8990000486373901
GRWG,2026-08-12 11:30:00-04:00,2026-08-12 11:33:04.584270-04:00,124.58427,3831.0,1.8907999992370605,1.8910000324249268
GRWG,2026-08-12 11:31:00-04:00,2026-08-12 11:33:04.584270-04:00,64.58427,20006.0,1.8949999809265137,1.8849999904632568
GRWG,2026-08-12 11:32:00-04:00,2026-08-12 11:33:04.584270-04:00,4.58427,0.0,1.8799999952316284,1.8799999952316284
REBN,2026-08-12 10:55:00-04:00,2026-08-12 11:33:24.632543-04:00,2244.632543,907.0,1.5099999904632568,1.5099999904632568
REBN,2026-08-12 11:00:00-04:00,2026-08-12 11:33:24.632543-04:00,1944.632543,294.0,1.5099999904632568,1.5099999904632568
REBN,2026-08-12 11:01:00-04:00,2026-08-12 11:33:24.632543-04:00,1884.632543,11.0,1.5038000345230103,1.5038000345230103
REBN,2026-08-12 11:04:00-04:00,2026-08-12 11:33:24.632543-04:00,1704.632543,1111.0,1.5099999904632568,1.4900000095367432
REBN,2026-08-12 11:12:00-04:00,2026-08-12 11:33:24.632543-04:00,1224.632543,1109.0,1.5149999856948853,1.5149999856948853
REBN,2026-08-12 11:14:00-04:00,2026-08-12 11:33:24.632543-04:00,1104.632543,0.0,1.5,1.5
FEMY,2026-08-12 11:20:00-04:00,2026-08-12 11:33:24.632543-04:00,744.632543,4365.0,2.3299999237060547,2.3299999237060547
FEMY,2026-08-12 11:21:00-04:00,2026-08-12 11:33:24.632543-04:00,684.632543,182.0,2.325000047683716,2.325000047683716
FEMY,2026-08-12 11:24:00-04:00,2026-08-12 11:33:24.632543-04:00,504.632543,7013.0,2.325000047683716,2.3299999237060547
FEMY,2026-08-12 11:25:00-04:00,2026-08-12 11:33:24.632543-04:00,444.632543,45332.0,2.3299999237060547,2.240000009536743
FEMY,2026-08-12 11:26:00-04:00,2026-08-12 11:33:24.632543-04:00,384.632543,10702.0,2.240000009536743,2.240000009536743
FEMY,2026-08-12 11:27:00-04:00,2026-08-12 11:33:24.632543-04:00,324.632543,0.0,2.2699999809265137,2.2699999809265137
DRMA,2026-08-12 11:28:00-04:00,2026-08-12 11:33:24.632543-04:00,264.632543,18334.0,1.3250000476837158,1.3200000524520874
DRMA,2026-08-12 11:29:00-04:00,2026-08-12 11:33:24.632543-04:00,204.632543,7137.0,1.3200000524520874,1.320099949836731
DRMA,2026-08-12 11:30:00-04:00,2026-08-12 11:33:24.632543-04:00,144.632543,24818.0,1.3200000524520874,1.3322999477386475
DRMA,2026-08-12 11:31:00-04:00,2026-08-12 11:33:24.632543-04:00,84.632543,4068.0,1.3300000429153442,1.3309999704360962
DRMA,2026-08-12 11:32:00-04:00,2026-08-12 11:33:24.632543-04:00,24.632543,25999.0,1.3300000429153442,1.3350000381469727
DRMA,2026-08-12 11:33:00-04:00,2026-08-12 11:33:24.632543-04:00,-35.367457,0.0,1.3300000429153442,1.3300000429153442
MXCT,2026-08-12 11:21:00-04:00,2026-08-12 11:33:24.632543-04:00,684.632543,1160.0,1.250100016593933,1.250100016593933
MXCT,2026-08-12 11:22:00-04:00,2026-08-12 11:33:24.632543-04:00,624.632543,2302.0,1.2549999952316284,1.2549999952316284
MXCT,2026-08-12 11:23:00-04:00,2026-08-12 11:33:24.632543-04:00,564.632543,504.0,1.2549999952316284,1.2549999952316284
MXCT,2026-08-12 11:25:00-04:00,2026-08-12 11:33:24.632543-04:00,444.632543,758.0,1.250499963760376,1.250499963760376
MXCT,2026-08-12 11:30:00-04:00,2026-08-12 11:33:24.632543-04:00,144.632543,6947.0,1.2549999952316284,1.2598999738693237
MXCT,2026-08-12 11:32:00-04:00,2026-08-12 11:33:24.632543-04:00,24.632543,0.0,1.2549999952316284,1.2549999952316284
GRWG,2026-08-12 11:28:00-04:00,2026-08-12 11:33:24.632543-04:00,264.632543,6670.0,1.8940000534057617,1.8949999809265137
GRWG,2026-08-12 11:29:00-04:00,2026-08-12 11:33:24.632543-04:00,204.632543,8402.0,1.899999976158142,1.8990000486373901
GRWG,2026-08-12 11:30:00-04:00,2026-08-12 11:33:24.632543-04:00,144.632543,3831.0,1.8907999992370605,1.8910000324249268
GRWG,2026-08-12 11:31:00-04:00,2026-08-12 11:33:24.632543-04:00,84.632543,20006.0,1.8949999809265137,1.8849999904632568
GRWG,2026-08-12 11:32:00-04:00,2026-08-12 11:33:24.632543-04:00,24.632543,4166.0,1.8801000118255615,1.8799999952316284
GRWG,2026-08-12 11:33:00-04:00,2026-08-12 11:33:24.632543-04:00,-35.367457,0.0,1.8799999952316284,1.8799999952316284
ENHA,2026-08-12 11:18:00-04:00,2026-08-12 11:33:24.632543-04:00,864.632543,0.0,2.1498000621795654,2.1449999809265137
ENHA,2026-08-12 11:19:00-04:00,2026-08-12 11:33:24.632543-04:00,804.632543,5974.0,2.1500000953674316,2.1549999713897705
ENHA,2026-08-12 11:20:00-04:00,2026-08-12 11:33:24.632543-04:00,744.632543,2591.0,2.1602001190185547,2.1600000858306885
ENHA,2026-08-12 11:22:00-04:00,2026-08-12 11:33:24.632543-04:00,624.632543,4233.0,2.1600000858306885,2.1700000762939453
ENHA,2026-08-12 11:24:00-04:00,2026-08-12 11:33:24.632543-04:00,504.632543,2089.0,2.186199903488159,2.186199903488159
ENHA,2026-08-12 11:31:00-04:00,2026-08-12 11:33:24.632543-04:00,84.632543,0.0,2.200000047683716,2.200000047683716
VLN,2026-08-12 11:28:00-04:00,2026-08-12 11:33:24.632543-04:00,264.632543,1650.0,1.8250000476837158,1.8250000476837158
VLN,2026-08-12 11:29:00-04:00,2026-08-12 11:33:24.632543-04:00,204.632543,8045.0,1.8300000429153442,1.8350000381469727
VLN,2026-08-12 11:30:00-04:00,2026-08-12 11:33:24.632543-04:00,144.632543,172.0,1.8350000381469727,1.8350000381469727
VLN,2026-08-12 11:31:00-04:00,2026-08-12 11:33:24.632543-04:00,84.632543,424.0,1.8396999835968018,1.8396999835968018
VLN,2026-08-12 11:32:00-04:00,2026-08-12 11:33:24.632543-04:00,24.632543,2866.0,1.8350000381469727,1.8350000381469727
VLN,2026-08-12 11:33:00-04:00,2026-08-12 11:33:24.632543-04:00,-35.367457,0.0,1.8350000381469727,1.8350000381469727
BIVI,2026-08-12 11:28:00-04:00,2026-08-12 11:33:24.632543-04:00,264.632543,873786.0,1.8650000095367432,1.9589999914169312
BIVI,2026-08-12 11:29:00-04:00,2026-08-12 11:33:24.632543-04:00,204.632543,1146844.0,1.9599000215530396,2.190000057220459
BIVI,2026-08-12 11:30:00-04:00,2026-08-12 11:33:24.632543-04:00,144.632543,1023891.0,2.190000057220459,2.050100088119507
BIVI,2026-08-12 11:31:00-04:00,2026-08-12 11:33:24.632543-04:00,84.632543,710404.0,2.059000015258789,1.8899999856948853
BIVI,2026-08-12 11:32:00-04:00,2026-08-12 11:33:24.632543-04:00,24.632543,426806.0,1.8899999856948853,1.9249999523162842
BIVI,2026-08-12 11:33:00-04:00,2026-08-12 11:33:24.632543-04:00,-35.367457,0.0,2.0290000438690186,2.0290000438690186
REBN,2026-08-12 10:55:00-04:00,2026-08-12 11:33:44.679976-04:00,2264.679976,907.0,1.5099999904632568,1.5099999904632568
REBN,2026-08-12 11:00:00-04:00,2026-08-12 11:33:44.679976-04:00,1964.679976,294.0,1.5099999904632568,1.5099999904632568
REBN,2026-08-12 11:01:00-04:00,2026-08-12 11:33:44.679976-04:00,1904.679976,11.0,1.5038000345230103,1.5038000345230103
REBN,2026-08-12 11:04:00-04:00,2026-08-12 11:33:44.679976-04:00,1724.679976,1111.0,1.5099999904632568,1.4900000095367432
REBN,2026-08-12 11:12:00-04:00,2026-08-12 11:33:44.679976-04:00,1244.679976,1109.0,1.5149999856948853,1.5149999856948853
REBN,2026-08-12 11:14:00-04:00,2026-08-12 11:33:44.679976-04:00,1124.679976,0.0,1.5,1.5
BIVI,2026-08-12 11:28:00-04:00,2026-08-12 11:33:44.679976-04:00,284.679976,873786.0,1.8650000095367432,1.9589999914169312
BIVI,2026-08-12 11:29:00-04:00,2026-08-12 11:33:44.679976-04:00,224.679976,1146844.0,1.9599000215530396,2.190000057220459
BIVI,2026-08-12 11:30:00-04:00,2026-08-12 11:33:44.679976-04:00,164.679976,1023891.0,2.190000057220459,2.050100088119507
BIVI,2026-08-12 11:31:00-04:00,2026-08-12 11:33:44.679976-04:00,104.679976,710404.0,2.059000015258789,1.8899999856948853
BIVI,2026-08-12 11:32:00-04:00,2026-08-12 11:33:44.679976-04:00,44.679976,426806.0,1.8899999856948853,1.9249999523162842
BIVI,2026-08-12 11:33:00-04:00,2026-08-12 11:33:44.679976-04:00,-15.320024,0.0,2.0,2.0
DRMA,2026-08-12 11:28:00-04:00,2026-08-12 11:33:44.679976-04:00,284.679976,18334.0,1.3250000476837158,1.3200000524520874
DRMA,2026-08-12 11:29:00-04:00,2026-08-12 11:33:44.679976-04:00,224.679976,7137.0,1.3200000524520874,1.320099949836731
DRMA,2026-08-12 11:30:00-04:00,2026-08-12 11:33:44.679976-04:00,164.679976,24818.0,1.3200000524520874,1.3322999477386475
DRMA,2026-08-12 11:31:00-04:00,2026-08-12 11:33:44.679976-04:00,104.679976,4068.0,1.3300000429153442,1.3309999704360962
DRMA,2026-08-12 11:32:00-04:00,2026-08-12 11:33:44.679976-04:00,44.679976,25999.0,1.3300000429153442,1.3350000381469727
DRMA,2026-08-12 11:33:00-04:00,2026-08-12 11:33:44.679976-04:00,-15.320024,0.0,1.3488999605178833,1.3488999605178833
FEMY,2026-08-12 11:20:00-04:00,2026-08-12 11:33:44.679976-04:00,764.679976,4365.0,2.3299999237060547,2.3299999237060547
FEMY,2026-08-12 11:21:00-04:00,2026-08-12 11:33:44.679976-04:00,704.679976,182.0,2.325000047683716,2.325000047683716
FEMY,2026-08-12 11:24:00-04:00,2026-08-12 11:33:44.679976-04:00,524.679976,7013.0,2.325000047683716,2.3299999237060547
FEMY,2026-08-12 11:25:00-04:00,2026-08-12 11:33:44.679976-04:00,464.679976,45332.0,2.3299999237060547,2.240000009536743
FEMY,2026-08-12 11:26:00-04:00,2026-08-12 11:33:44.679976-04:00,404.679976,10702.0,2.240000009536743,2.240000009536743
FEMY,2026-08-12 11:27:00-04:00,2026-08-12 11:33:44.679976-04:00,344.679976,0.0,2.2699999809265137,2.2699999809265137
VLN,2026-08-12 11:28:00-04:00,2026-08-12 11:33:44.679976-04:00,284.679976,1650.0,1.8250000476837158,1.8250000476837158
VLN,2026-08-12 11:29:00-04:00,2026-08-12 11:33:44.679976-04:00,224.679976,8045.0,1.8300000429153442,1.8350000381469727
VLN,2026-08-12 11:30:00-04:00,2026-08-12 11:33:44.679976-04:00,164.679976,172.0,1.8350000381469727,1.8350000381469727
VLN,2026-08-12 11:31:00-04:00,2026-08-12 11:33:44.679976-04:00,104.679976,424.0,1.8396999835968018,1.8396999835968018
VLN,2026-08-12 11:32:00-04:00,2026-08-12 11:33:44.679976-04:00,44.679976,2866.0,1.8350000381469727,1.8350000381469727
VLN,2026-08-12 11:33:00-04:00,2026-08-12 11:33:44.679976-04:00,-15.320024,0.0,1.8200000524520874,1.8200000524520874
ENHA,2026-08-12 11:18:00-04:00,2026-08-12 11:33:44.679976-04:00,884.679976,0.0,2.1498000621795654,2.1449999809265137
ENHA,2026-08-12 11:19:00-04:00,2026-08-12 11:33:44.679976-04:00,824.679976,5974.0,2.1500000953674316,2.1549999713897705
ENHA,2026-08-12 11:20:00-04:00,2026-08-12 11:33:44.679976-04:00,764.679976,2591.0,2.1602001190185547,2.1600000858306885
ENHA,2026-08-12 11:22:00-04:00,2026-08-12 11:33:44.679976-04:00,644.679976,4233.0,2.1600000858306885,2.1700000762939453
ENHA,2026-08-12 11:24:00-04:00,2026-08-12 11:33:44.679976-04:00,524.679976,2089.0,2.186199903488159,2.186199903488159
ENHA,2026-08-12 11:31:00-04:00,2026-08-12 11:33:44.679976-04:00,104.679976,0.0,2.200000047683716,2.200000047683716
MXCT,2026-08-12 11:21:00-04:00,2026-08-12 11:33:44.679976-04:00,704.679976,1160.0,1.250100016593933,1.250100016593933
MXCT,2026-08-12 11:22:00-04:00,2026-08-12 11:33:44.679976-04:00,644.679976,2302.0,1.2549999952316284,1.2549999952316284
MXCT,2026-08-12 11:23:00-04:00,2026-08-12 11:33:44.679976-04:00,584.679976,504.0,1.2549999952316284,1.2549999952316284
MXCT,2026-08-12 11:25:00-04:00,2026-08-12 11:33:44.679976-04:00,464.679976,758.0,1.250499963760376,1.250499963760376
MXCT,2026-08-12 11:30:00-04:00,2026-08-12 11:33:44.679976-04:00,164.679976,6947.0,1.2549999952316284,1.2598999738693237
MXCT,2026-08-12 11:32:00-04:00,2026-08-12 11:33:44.679976-04:00,44.679976,0.0,1.2549999952316284,1.2549999952316284
GRWG,2026-08-12 11:28:00-04:00,2026-08-12 11:33:44.679976-04:00,284.679976,6670.0,1.8940000534057617,1.8949999809265137
GRWG,2026-08-12 11:29:00-04:00,2026-08-12 11:33:44.679976-04:00,224.679976,8402.0,1.899999976158142,1.8990000486373901
GRWG,2026-08-12 11:30:00-04:00,2026-08-12 11:33:44.679976-04:00,164.679976,3831.0,1.8907999992370605,1.8910000324249268
GRWG,2026-08-12 11:31:00-04:00,2026-08-12 11:33:44.679976-04:00,104.679976,20006.0,1.8949999809265137,1.8849999904632568
GRWG,2026-08-12 11:32:00-04:00,2026-08-12 11:33:44.679976-04:00,44.679976,4166.0,1.8801000118255615,1.8799999952316284
GRWG,2026-08-12 11:33:00-04:00,2026-08-12 11:33:44.679976-04:00,-15.320024,0.0,1.8801000118255615,1.8801000118255615
DRMA,2026-08-12 11:28:00-04:00,2026-08-12 11:34:04.726665-04:00,304.726665,18334.0,1.3250000476837158,1.3200000524520874
DRMA,2026-08-12 11:29:00-04:00,2026-08-12 11:34:04.726665-04:00,244.726665,7137.0,1.3200000524520874,1.320099949836731
DRMA,2026-08-12 11:30:00-04:00,2026-08-12 11:34:04.726665-04:00,184.726665,24818.0,1.3200000524520874,1.3322999477386475
DRMA,2026-08-12 11:31:00-04:00,2026-08-12 11:34:04.726665-04:00,124.726665,4068.0,1.3300000429153442,1.3309999704360962
DRMA,2026-08-12 11:32:00-04:00,2026-08-12 11:34:04.726665-04:00,64.726665,25999.0,1.3300000429153442,1.3350000381469727
DRMA,2026-08-12 11:33:00-04:00,2026-08-12 11:34:04.726665-04:00,4.726665,20094.0,1.339900016784668,1.3580000400543213
GRWG,2026-08-12 11:28:00-04:00,2026-08-12 11:34:04.726665-04:00,304.726665,6670.0,1.8940000534057617,1.8949999809265137
GRWG,2026-08-12 11:29:00-04:00,2026-08-12 11:34:04.726665-04:00,244.726665,8402.0,1.899999976158142,1.8990000486373901
GRWG,2026-08-12 11:30:00-04:00,2026-08-12 11:34:04.726665-04:00,184.726665,3831.0,1.8907999992370605,1.8910000324249268
GRWG,2026-08-12 11:31:00-04:00,2026-08-12 11:34:04.726665-04:00,124.726665,20006.0,1.8949999809265137,1.8849999904632568
GRWG,2026-08-12 11:32:00-04:00,2026-08-12 11:34:04.726665-04:00,64.726665,4166.0,1.8801000118255615,1.8799999952316284
GRWG,2026-08-12 11:33:00-04:00,2026-08-12 11:34:04.726665-04:00,4.726665,0.0,1.8801000118255615,1.8801000118255615
FEMY,2026-08-12 11:20:00-04:00,2026-08-12 11:34:04.726665-04:00,784.726665,4365.0,2.3299999237060547,2.3299999237060547
FEMY,2026-08-12 11:21:00-04:00,2026-08-12 11:34:04.726665-04:00,724.726665,182.0,2.325000047683716,2.325000047683716
FEMY,2026-08-12 11:24:00-04:00,2026-08-12 11:34:04.726665-04:00,544.726665,7013.0,2.325000047683716,2.3299999237060547
FEMY,2026-08-12 11:25:00-04:00,2026-08-12 11:34:04.726665-04:00,484.726665,45332.0,2.3299999237060547,2.240000009536743
FEMY,2026-08-12 11:26:00-04:00,2026-08-12 11:34:04.726665-04:00,424.726665,10702.0,2.240000009536743,2.240000009536743
FEMY,2026-08-12 11:27:00-04:00,2026-08-12 11:34:04.726665-04:00,364.726665,0.0,2.2699999809265137,2.2699999809265137
MXCT,2026-08-12 11:21:00-04:00,2026-08-12 11:34:04.726665-04:00,724.726665,1160.0,1.250100016593933,1.250100016593933
MXCT,2026-08-12 11:22:00-04:00,2026-08-12 11:34:04.726665-04:00,664.726665,2302.0,1.2549999952316284,1.2549999952316284
MXCT,2026-08-12 11:23:00-04:00,2026-08-12 11:34:04.726665-04:00,604.726665,504.0,1.2549999952316284,1.2549999952316284
MXCT,2026-08-12 11:25:00-04:00,2026-08-12 11:34:04.726665-04:00,484.726665,758.0,1.250499963760376,1.250499963760376
MXCT,2026-08-12 11:30:00-04:00,2026-08-12 11:34:04.726665-04:00,184.726665,6947.0,1.2549999952316284,1.2598999738693237
MXCT,2026-08-12 11:32:00-04:00,2026-08-12 11:34:04.726665-04:00,64.726665,0.0,1.2549999952316284,1.2549999952316284
REBN,2026-08-12 10:55:00-04:00,2026-08-12 11:34:04.726665-04:00,2284.726665,907.0,1.5099999904632568,1.5099999904632568
REBN,2026-08-12 11:00:00-04:00,2026-08-12 11:34:04.726665-04:00,1984.726665,294.0,1.5099999904632568,1.5099999904632568
REBN,2026-08-12 11:01:00-04:00,2026-08-12 11:34:04.726665-04:00,1924.726665,11.0,1.5038000345230103,1.5038000345230103
REBN,2026-08-12 11:04:00-04:00,2026-08-12 11:34:04.726665-04:00,1744.726665,1111.0,1.5099999904632568,1.4900000095367432
REBN,2026-08-12 11:12:00-04:00,2026-08-12 11:34:04.726665-04:00,1264.726665,1109.0,1.5149999856948853,1.5149999856948853
REBN,2026-08-12 11:14:00-04:00,2026-08-12 11:34:04.726665-04:00,1144.726665,0.0,1.5,1.5
ENHA,2026-08-12 11:18:00-04:00,2026-08-12 11:34:04.726665-04:00,904.726665,0.0,2.1498000621795654,2.1449999809265137
ENHA,2026-08-12 11:19:00-04:00,2026-08-12 11:34:04.726665-04:00,844.726665,5974.0,2.1500000953674316,2.1549999713897705
ENHA,2026-08-12 11:20:00-04:00,2026-08-12 11:34:04.726665-04:00,784.726665,2591.0,2.1602001190185547,2.1600000858306885
ENHA,2026-08-12 11:22:00-04:00,2026-08-12 11:34:04.726665-04:00,664.726665,4233.0,2.1600000858306885,2.1700000762939453
ENHA,2026-08-12 11:24:00-04:00,2026-08-12 11:34:04.726665-04:00,544.726665,2089.0,2.186199903488159,2.186199903488159
ENHA,2026-08-12 11:31:00-04:00,2026-08-12 11:34:04.726665-04:00,124.726665,0.0,2.200000047683716,2.200000047683716
BIVI,2026-08-12 11:29:00-04:00,2026-08-12 11:34:04.726665-04:00,244.726665,1146844.0,1.9599000215530396,2.190000057220459
BIVI,2026-08-12 11:30:00-04:00,2026-08-12 11:34:04.726665-04:00,184.726665,1023891.0,2.190000057220459,2.050100088119507
BIVI,2026-08-12 11:31:00-04:00,2026-08-12 11:34:04.726665-04:00,124.726665,710404.0,2.059000015258789,1.8899999856948853
BIVI,2026-08-12 11:32:00-04:00,2026-08-12 11:34:04.726665-04:00,64.726665,426806.0,1.8899999856948853,1.9249999523162842
BIVI,2026-08-12 11:33:00-04:00,2026-08-12 11:34:04.726665-04:00,4.726665,516552.0,1.9299999475479126,1.9801000356674194
BIVI,2026-08-12 11:34:00-04:00,2026-08-12 11:34:04.726665-04:00,-55.273335,0.0,1.9550000429153442,1.9550000429153442
VLN,2026-08-12 11:28:00-04:00,2026-08-12 11:34:04.726665-04:00,304.726665,1650.0,1.8250000476837158,1.8250000476837158
VLN,2026-08-12 11:29:00-04:00,2026-08-12 11:34:04.726665-04:00,244.726665,8045.0,1.8300000429153442,1.8350000381469727
VLN,2026-08-12 11:30:00-04:00,2026-08-12 11:34:04.726665-04:00,184.726665,172.0,1.8350000381469727,1.8350000381469727
VLN,2026-08-12 11:31:00-04:00,2026-08-12 11:34:04.726665-04:00,124.726665,424.0,1.8396999835968018,1.8396999835968018
VLN,2026-08-12 11:32:00-04:00,2026-08-12 11:34:04.726665-04:00,64.726665,2866.0,1.8350000381469727,1.8350000381469727
VLN,2026-08-12 11:33:00-04:00,2026-08-12 11:34:04.726665-04:00,4.726665,0.0,1.815000057220459,1.815000057220459
ENHA,2026-08-12 11:18:00-04:00,2026-08-12 11:34:24.776967-04:00,924.776967,1131.0,2.1449999809265137,2.1449999809265137
ENHA,2026-08-12 11:19:00-04:00,2026-08-12 11:34:24.776967-04:00,864.776967,0.0,2.1500000953674316,2.1549999713897705
ENHA,2026-08-12 11:20:00-04:00,2026-08-12 11:34:24.776967-04:00,804.776967,2591.0,2.1602001190185547,2.1600000858306885
ENHA,2026-08-12 11:22:00-04:00,2026-08-12 11:34:24.776967-04:00,684.776967,4233.0,2.1649999618530273,2.1700000762939453
ENHA,2026-08-12 11:24:00-04:00,2026-08-12 11:34:24.776967-04:00,564.776967,2089.0,2.186199903488159,2.186199903488159
ENHA,2026-08-12 11:31:00-04:00,2026-08-12 11:34:24.776967-04:00,144.776967,0.0,2.200000047683716,2.200000047683716
GRWG,2026-08-12 11:28:00-04:00,2026-08-12 11:34:24.776967-04:00,324.776967,6670.0,1.8940000534057617,1.8949999809265137
GRWG,2026-08-12 11:29:00-04:00,2026-08-12 11:34:24.776967-04:00,264.776967,8402.0,1.899999976158142,1.8990000486373901
GRWG,2026-08-12 11:30:00-04:00,2026-08-12 11:34:24.776967-04:00,204.776967,3831.0,1.8907999992370605,1.8910000324249268
GRWG,2026-08-12 11:31:00-04:00,2026-08-12 11:34:24.776967-04:00,144.776967,20006.0,1.8949999809265137,1.8849999904632568
GRWG,2026-08-12 11:32:00-04:00,2026-08-12 11:34:24.776967-04:00,84.776967,4166.0,1.8801000118255615,1.8799999952316284
GRWG,2026-08-12 11:33:00-04:00,2026-08-12 11:34:24.776967-04:00,24.776967,13193.0,1.8799999952316284,1.8801000118255615
DRMA,2026-08-12 11:29:00-04:00,2026-08-12 11:34:24.776967-04:00,264.776967,7137.0,1.3200000524520874,1.320099949836731
DRMA,2026-08-12 11:30:00-04:00,2026-08-12 11:34:24.776967-04:00,204.776967,24818.0,1.3200000524520874,1.3322999477386475
DRMA,2026-08-12 11:31:00-04:00,2026-08-12 11:34:24.776967-04:00,144.776967,4068.0,1.3300000429153442,1.3309999704360962
DRMA,2026-08-12 11:32:00-04:00,2026-08-12 11:34:24.776967-04:00,84.776967,25999.0,1.3300000429153442,1.3350000381469727
DRMA,2026-08-12 11:33:00-04:00,2026-08-12 11:34:24.776967-04:00,24.776967,20094.0,1.339900016784668,1.3580000400543213
DRMA,2026-08-12 11:34:00-04:00,2026-08-12 11:34:24.776967-04:00,-35.223033,0.0,1.3598999977111816,1.3598999977111816
MXCT,2026-08-12 11:22:00-04:00,2026-08-12 11:34:24.776967-04:00,684.776967,2302.0,1.2549999952316284,1.2549999952316284
MXCT,2026-08-12 11:23:00-04:00,2026-08-12 11:34:24.776967-04:00,624.776967,504.0,1.2549999952316284,1.2549999952316284
MXCT,2026-08-12 11:25:00-04:00,2026-08-12 11:34:24.776967-04:00,504.776967,758.0,1.250499963760376,1.250499963760376
MXCT,2026-08-12 11:30:00-04:00,2026-08-12 11:34:24.776967-04:00,204.776967,6947.0,1.2549999952316284,1.2598999738693237
MXCT,2026-08-12 11:32:00-04:00,2026-08-12 11:34:24.776967-04:00,84.776967,451.0,1.2595000267028809,1.2549999952316284
MXCT,2026-08-12 11:34:00-04:00,2026-08-12 11:34:24.776967-04:00,-35.223033,0.0,1.2549999952316284,1.2549999952316284
BIVI,2026-08-12 11:29:00-04:00,2026-08-12 11:34:24.776967-04:00,264.776967,1146844.0,1.9599000215530396,2.190000057220459
BIVI,2026-08-12 11:30:00-04:00,2026-08-12 11:34:24.776967-04:00,204.776967,1023891.0,2.190000057220459,2.050100088119507
BIVI,2026-08-12 11:31:00-04:00,2026-08-12 11:34:24.776967-04:00,144.776967,710404.0,2.059000015258789,1.8899999856948853
BIVI,2026-08-12 11:32:00-04:00,2026-08-12 11:34:24.776967-04:00,84.776967,426806.0,1.8899999856948853,1.9249999523162842
BIVI,2026-08-12 11:33:00-04:00,2026-08-12 11:34:24.776967-04:00,24.776967,516552.0,1.9299999475479126,1.9801000356674194
BIVI,2026-08-12 11:34:00-04:00,2026-08-12 11:34:24.776967-04:00,-35.223033,0.0,1.9249999523162842,1.9249999523162842
FEMY,2026-08-12 11:20:00-04:00,2026-08-12 11:34:24.776967-04:00,804.776967,4365.0,2.3299999237060547,2.3299999237060547
FEMY,2026-08-12 11:21:00-04:00,2026-08-12 11:34:24.776967-04:00,744.776967,182.0,2.325000047683716,2.325000047683716
FEMY,2026-08-12 11:24:00-04:00,2026-08-12 11:34:24.776967-04:00,564.776967,7013.0,2.325000047683716,2.3299999237060547
FEMY,2026-08-12 11:25:00-04:00,2026-08-12 11:34:24.776967-04:00,504.776967,45332.0,2.3299999237060547,2.240000009536743
FEMY,2026-08-12 11:26:00-04:00,2026-08-12 11:34:24.776967-04:00,444.776967,10702.0,2.240000009536743,2.240000009536743
FEMY,2026-08-12 11:27:00-04:00,2026-08-12 11:34:24.776967-04:00,384.776967,0.0,2.2699999809265137,2.2699999809265137
REBN,2026-08-12 10:55:00-04:00,2026-08-12 11:34:24.776967-04:00,2304.776967,907.0,1.5099999904632568,1.5099999904632568
REBN,2026-08-12 11:00:00-04:00,2026-08-12 11:34:24.776967-04:00,2004.776967,294.0,1.5099999904632568,1.5099999904632568
REBN,2026-08-12 11:01:00-04:00,2026-08-12 11:34:24.776967-04:00,1944.776967,11.0,1.5038000345230103,1.5038000345230103
REBN,2026-08-12 11:04:00-04:00,2026-08-12 11:34:24.776967-04:00,1764.776967,1111.0,1.5099999904632568,1.4900000095367432
REBN,2026-08-12 11:12:00-04:00,2026-08-12 11:34:24.776967-04:00,1284.776967,1109.0,1.5149999856948853,1.5149999856948853
REBN,2026-08-12 11:14:00-04:00,2026-08-12 11:34:24.776967-04:00,1164.776967,0.0,1.5,1.5
VLN,2026-08-12 11:28:00-04:00,2026-08-12 11:34:24.776967-04:00,324.776967,1650.0,1.8250000476837158,1.8250000476837158
VLN,2026-08-12 11:29:00-04:00,2026-08-12 11:34:24.776967-04:00,264.776967,8045.0,1.8300000429153442,1.8350000381469727
VLN,2026-08-12 11:30:00-04:00,2026-08-12 11:34:24.776967-04:00,204.776967,172.0,1.8350000381469727,1.8350000381469727
VLN,2026-08-12 11:31:00-04:00,2026-08-12 11:34:24.776967-04:00,144.776967,424.0,1.8396999835968018,1.8396999835968018
VLN,2026-08-12 11:32:00-04:00,2026-08-12 11:34:24.776967-04:00,84.776967,2866.0,1.8350000381469727,1.8350000381469727
VLN,2026-08-12 11:33:00-04:00,2026-08-12 11:34:24.776967-04:00,24.776967,0.0,1.815000057220459,1.815000057220459
DRMA,2026-08-12 11:29:00-04:00,2026-08-12 11:34:44.824499-04:00,284.824499,7137.0,1.3200000524520874,1.320099949836731
DRMA,2026-08-12 11:30:00-04:00,2026-08-12 11:34:44.824499-04:00,224.824499,24818.0,1.3200000524520874,1.3322999477386475
DRMA,2026-08-12 11:31:00-04:00,2026-08-12 11:34:44.824499-04:00,164.824499,4068.0,1.3300000429153442,1.3309999704360962
DRMA,2026-08-12 11:32:00-04:00,2026-08-12 11:34:44.824499-04:00,104.824499,25999.0,1.3300000429153442,1.3350000381469727
DRMA,2026-08-12 11:33:00-04:00,2026-08-12 11:34:44.824499-04:00,44.824499,20094.0,1.339900016784668,1.3580000400543213
DRMA,2026-08-12 11:34:00-04:00,2026-08-12 11:34:44.824499-04:00,-15.175501,0.0,1.3550000190734863,1.3550000190734863
GRWG,2026-08-12 11:29:00-04:00,2026-08-12 11:34:44.824499-04:00,284.824499,8402.0,1.899999976158142,1.8990000486373901
GRWG,2026-08-12 11:30:00-04:00,2026-08-12 11:34:44.824499-04:00,224.824499,3831.0,1.8907999992370605,1.8910000324249268
GRWG,2026-08-12 11:31:00-04:00,2026-08-12 11:34:44.824499-04:00,164.824499,20006.0,1.8949999809265137,1.8849999904632568
GRWG,2026-08-12 11:32:00-04:00,2026-08-12 11:34:44.824499-04:00,104.824499,4166.0,1.8801000118255615,1.8799999952316284
GRWG,2026-08-12 11:33:00-04:00,2026-08-12 11:34:44.824499-04:00,44.824499,13193.0,1.8799999952316284,1.8801000118255615
GRWG,2026-08-12 11:34:00-04:00,2026-08-12 11:34:44.824499-04:00,-15.175501,0.0,1.8839999437332153,1.8839999437332153
BIVI,2026-08-12 11:29:00-04:00,2026-08-12 11:34:44.824499-04:00,284.824499,1146844.0,1.9599000215530396,2.190000057220459
BIVI,2026-08-12 11:30:00-04:00,2026-08-12 11:34:44.824499-04:00,224.824499,1023891.0,2.190000057220459,2.050100088119507
BIVI,2026-08-12 11:31:00-04:00,2026-08-12 11:34:44.824499-04:00,164.824499,710404.0,2.059000015258789,1.8899999856948853
BIVI,2026-08-12 11:32:00-04:00,2026-08-12 11:34:44.824499-04:00,104.824499,426806.0,1.8899999856948853,1.9249999523162842
BIVI,2026-08-12 11:33:00-04:00,2026-08-12 11:34:44.824499-04:00,44.824499,516552.0,1.9299999475479126,1.9801000356674194
BIVI,2026-08-12 11:34:00-04:00,2026-08-12 11:34:44.824499-04:00,-15.175501,0.0,1.9399000406265259,1.9399000406265259
VLN,2026-08-12 11:29:00-04:00,2026-08-12 11:34:44.824499-04:00,284.824499,8045.0,1.8300000429153442,1.8350000381469727
VLN,2026-08-12 11:30:00-04:00,2026-08-12 11:34:44.824499-04:00,224.824499,172.0,1.8350000381469727,1.8350000381469727
VLN,2026-08-12 11:31:00-04:00,2026-08-12 11:34:44.824499-04:00,164.824499,424.0,1.8396999835968018,1.8396999835968018
VLN,2026-08-12 11:32:00-04:00,2026-08-12 11:34:44.824499-04:00,104.824499,2866.0,1.8350000381469727,1.8350000381469727
VLN,2026-08-12 11:33:00-04:00,2026-08-12 11:34:44.824499-04:00,44.824499,34561.0,1.8350000381469727,1.815000057220459
VLN,2026-08-12 11:34:00-04:00,2026-08-12 11:34:44.824499-04:00,-15.175501,0.0,1.8102999925613403,1.8102999925613403
MXCT,2026-08-12 11:22:00-04:00,2026-08-12 11:34:44.824499-04:00,704.824499,2302.0,1.2549999952316284,1.2549999952316284
MXCT,2026-08-12 11:23:00-04:00,2026-08-12 11:34:44.824499-04:00,644.824499,504.0,1.2549999952316284,1.2549999952316284
MXCT,2026-08-12 11:25:00-04:00,2026-08-12 11:34:44.824499-04:00,524.824499,758.0,1.250499963760376,1.250499963760376
MXCT,2026-08-12 11:30:00-04:00,2026-08-12 11:34:44.824499-04:00,224.824499,6947.0,1.2549999952316284,1.2598999738693237
MXCT,2026-08-12 11:32:00-04:00,2026-08-12 11:34:44.824499-04:00,104.824499,451.0,1.2595000267028809,1.2549999952316284
MXCT,2026-08-12 11:34:00-04:00,2026-08-12 11:34:44.824499-04:00,-15.175501,0.0,1.2549999952316284,1.2549999952316284
ENHA,2026-08-12 11:19:00-04:00,2026-08-12 11:34:44.824499-04:00,884.824499,0.0,2.1500000953674316,2.1549999713897705
ENHA,2026-08-12 11:20:00-04:00,2026-08-12 11:34:44.824499-04:00,824.824499,2591.0,2.1602001190185547,2.1600000858306885
ENHA,2026-08-12 11:22:00-04:00,2026-08-12 11:34:44.824499-04:00,704.824499,4233.0,2.1600000858306885,2.1700000762939453
ENHA,2026-08-12 11:24:00-04:00,2026-08-12 11:34:44.824499-04:00,584.824499,2089.0,2.186199903488159,2.186199903488159
ENHA,2026-08-12 11:31:00-04:00,2026-08-12 11:34:44.824499-04:00,164.824499,7757.0,2.200000047683716,2.200000047683716
ENHA,2026-08-12 11:34:00-04:00,2026-08-12 11:34:44.824499-04:00,-15.175501,0.0,2.174999952316284,2.174999952316284
REBN,2026-08-12 11:00:00-04:00,2026-08-12 11:34:44.824499-04:00,2024.824499,294.0,1.5099999904632568,1.5099999904632568
REBN,2026-08-12 11:01:00-04:00,2026-08-12 11:34:44.824499-04:00,1964.824499,11.0,1.5038000345230103,1.5038000345230103
REBN,2026-08-12 11:04:00-04:00,2026-08-12 11:34:44.824499-04:00,1784.824499,1111.0,1.5099999904632568,1.4900000095367432
REBN,2026-08-12 11:12:00-04:00,2026-08-12 11:34:44.824499-04:00,1304.824499,1109.0,1.5149999856948853,1.5149999856948853
REBN,2026-08-12 11:14:00-04:00,2026-08-12 11:34:44.824499-04:00,1184.824499,221.0,1.5,1.5
REBN,2026-08-12 11:34:00-04:00,2026-08-12 11:34:44.824499-04:00,-15.175501,0.0,1.4800000190734863,1.4800000190734863
FEMY,2026-08-12 11:20:00-04:00,2026-08-12 11:34:44.824499-04:00,824.824499,4365.0,2.3299999237060547,2.3299999237060547
FEMY,2026-08-12 11:21:00-04:00,2026-08-12 11:34:44.824499-04:00,764.824499,182.0,2.325000047683716,2.325000047683716
FEMY,2026-08-12 11:24:00-04:00,2026-08-12 11:34:44.824499-04:00,584.824499,7013.0,2.325000047683716,2.3299999237060547
FEMY,2026-08-12 11:25:00-04:00,2026-08-12 11:34:44.824499-04:00,524.824499,45332.0,2.3299999237060547,2.240000009536743
FEMY,2026-08-12 11:26:00-04:00,2026-08-12 11:34:44.824499-04:00,464.824499,10702.0,2.240000009536743,2.240000009536743
FEMY,2026-08-12 11:27:00-04:00,2026-08-12 11:34:44.824499-04:00,404.824499,0.0,2.2699999809265137,2.2699999809265137
ENHA,2026-08-12 11:19:00-04:00,2026-08-12 11:35:04.864801-04:00,904.864801,0.0,2.1500000953674316,2.1549999713897705
ENHA,2026-08-12 11:20:00-04:00,2026-08-12 11:35:04.864801-04:00,844.864801,2591.0,2.1602001190185547,2.1600000858306885
ENHA,2026-08-12 11:22:00-04:00,2026-08-12 11:35:04.864801-04:00,724.864801,4233.0,2.1649999618530273,2.1700000762939453
ENHA,2026-08-12 11:24:00-04:00,2026-08-12 11:35:04.864801-04:00,604.864801,2089.0,2.186199903488159,2.186199903488159
ENHA,2026-08-12 11:31:00-04:00,2026-08-12 11:35:04.864801-04:00,184.864801,7757.0,2.200000047683716,2.200000047683716
ENHA,2026-08-12 11:34:00-04:00,2026-08-12 11:35:04.864801-04:00,4.864801,0.0,2.174999952316284,2.174999952316284
REBN,2026-08-12 11:00:00-04:00,2026-08-12 11:35:04.864801-04:00,2044.864801,294.0,1.5099999904632568,1.5099999904632568
REBN,2026-08-12 11:01:00-04:00,2026-08-12 11:35:04.864801-04:00,1984.864801,11.0,1.5038000345230103,1.5038000345230103
REBN,2026-08-12 11:04:00-04:00,2026-08-12 11:35:04.864801-04:00,1804.864801,1111.0,1.5099999904632568,1.4900000095367432
REBN,2026-08-12 11:12:00-04:00,2026-08-12 11:35:04.864801-04:00,1324.864801,1109.0,1.5149999856948853,1.5149999856948853
REBN,2026-08-12 11:14:00-04:00,2026-08-12 11:35:04.864801-04:00,1204.864801,221.0,1.5,1.5
REBN,2026-08-12 11:34:00-04:00,2026-08-12 11:35:04.864801-04:00,4.864801,0.0,1.4800000190734863,1.4800000190734863
DRMA,2026-08-12 11:30:00-04:00,2026-08-12 11:35:04.864801-04:00,244.864801,24818.0,1.3200000524520874,1.3322999477386475
DRMA,2026-08-12 11:31:00-04:00,2026-08-12 11:35:04.864801-04:00,184.864801,4068.0,1.3300000429153442,1.3309999704360962
DRMA,2026-08-12 11:32:00-04:00,2026-08-12 11:35:04.864801-04:00,124.864801,25999.0,1.3300000429153442,1.3350000381469727
DRMA,2026-08-12 11:33:00-04:00,2026-08-12 11:35:04.864801-04:00,64.864801,20094.0,1.339900016784668,1.3580000400543213
DRMA,2026-08-12 11:34:00-04:00,2026-08-12 11:35:04.864801-04:00,4.864801,29277.0,1.350000023841858,1.3550000190734863
DRMA,2026-08-12 11:35:00-04:00,2026-08-12 11:35:04.864801-04:00,-55.135199,0.0,1.3550000190734863,1.3550000190734863
GRWG,2026-08-12 11:30:00-04:00,2026-08-12 11:35:04.864801-04:00,244.864801,3831.0,1.8907999992370605,1.8910000324249268
GRWG,2026-08-12 11:31:00-04:00,2026-08-12 11:35:04.864801-04:00,184.864801,20006.0,1.8949999809265137,1.8849999904632568
GRWG,2026-08-12 11:32:00-04:00,2026-08-12 11:35:04.864801-04:00,124.864801,4166.0,1.8801000118255615,1.8799999952316284
GRWG,2026-08-12 11:33:00-04:00,2026-08-12 11:35:04.864801-04:00,64.864801,13193.0,1.8799999952316284,1.8801000118255615
GRWG,2026-08-12 11:34:00-04:00,2026-08-12 11:35:04.864801-04:00,4.864801,2113.0,1.8799999952316284,1.8849999904632568
GRWG,2026-08-12 11:35:00-04:00,2026-08-12 11:35:04.864801-04:00,-55.135199,0.0,1.8899999856948853,1.8899999856948853
FEMY,2026-08-12 11:20:00-04:00,2026-08-12 11:35:04.864801-04:00,844.864801,4365.0,2.3299999237060547,2.3299999237060547
FEMY,2026-08-12 11:21:00-04:00,2026-08-12 11:35:04.864801-04:00,784.864801,182.0,2.325000047683716,2.325000047683716
FEMY,2026-08-12 11:24:00-04:00,2026-08-12 11:35:04.864801-04:00,604.864801,7013.0,2.325000047683716,2.3299999237060547
FEMY,2026-08-12 11:25:00-04:00,2026-08-12 11:35:04.864801-04:00,544.864801,45332.0,2.3299999237060547,2.240000009536743
FEMY,2026-08-12 11:26:00-04:00,2026-08-12 11:35:04.864801-04:00,484.864801,10702.0,2.240000009536743,2.240000009536743
FEMY,2026-08-12 11:27:00-04:00,2026-08-12 11:35:04.864801-04:00,424.864801,0.0,2.2699999809265137,2.2699999809265137
MXCT,2026-08-12 11:22:00-04:00,2026-08-12 11:35:04.864801-04:00,724.864801,2302.0,1.2549999952316284,1.2549999952316284
MXCT,2026-08-12 11:23:00-04:00,2026-08-12 11:35:04.864801-04:00,664.864801,504.0,1.2549999952316284,1.2549999952316284
MXCT,2026-08-12 11:25:00-04:00,2026-08-12 11:35:04.864801-04:00,544.864801,758.0,1.250499963760376,1.250499963760376
MXCT,2026-08-12 11:30:00-04:00,2026-08-12 11:35:04.864801-04:00,244.864801,6947.0,1.2549999952316284,1.2598999738693237
MXCT,2026-08-12 11:32:00-04:00,2026-08-12 11:35:04.864801-04:00,124.864801,451.0,1.2595000267028809,1.2549999952316284
MXCT,2026-08-12 11:34:00-04:00,2026-08-12 11:35:04.864801-04:00,4.864801,0.0,1.2549999952316284,1.2549999952316284
BIVI,2026-08-12 11:30:00-04:00,2026-08-12 11:35:04.864801-04:00,244.864801,1023891.0,2.190000057220459,2.050100088119507
BIVI,2026-08-12 11:31:00-04:00,2026-08-12 11:35:04.864801-04:00,184.864801,710404.0,2.059000015258789,1.8899999856948853
BIVI,2026-08-12 11:32:00-04:00,2026-08-12 11:35:04.864801-04:00,124.864801,426806.0,1.8899999856948853,1.9249999523162842
BIVI,2026-08-12 11:33:00-04:00,2026-08-12 11:35:04.864801-04:00,64.864801,516552.0,1.9299999475479126,1.9801000356674194
BIVI,2026-08-12 11:34:00-04:00,2026-08-12 11:35:04.864801-04:00,4.864801,433881.0,1.9900000095367432,1.9900000095367432
BIVI,2026-08-12 11:35:00-04:00,2026-08-12 11:35:04.864801-04:00,-55.135199,0.0,1.9701000452041626,1.9701000452041626
VLN,2026-08-12 11:29:00-04:00,2026-08-12 11:35:04.864801-04:00,304.864801,8045.0,1.8300000429153442,1.8350000381469727
VLN,2026-08-12 11:30:00-04:00,2026-08-12 11:35:04.864801-04:00,244.864801,172.0,1.8350000381469727,1.8350000381469727
VLN,2026-08-12 11:31:00-04:00,2026-08-12 11:35:04.864801-04:00,184.864801,424.0,1.8396999835968018,1.8396999835968018
VLN,2026-08-12 11:32:00-04:00,2026-08-12 11:35:04.864801-04:00,124.864801,2866.0,1.8350000381469727,1.8350000381469727
VLN,2026-08-12 11:33:00-04:00,2026-08-12 11:35:04.864801-04:00,64.864801,34561.0,1.8350000381469727,1.815000057220459
VLN,2026-08-12 11:34:00-04:00,2026-08-12 11:35:04.864801-04:00,4.864801,0.0,1.8102999925613403,1.8102999925613403
FEMY,2026-08-12 11:20:00-04:00,2026-08-12 11:35:24.905984-04:00,864.905984,4365.0,2.3299999237060547,2.3299999237060547
FEMY,2026-08-12 11:21:00-04:00,2026-08-12 11:35:24.905984-04:00,804.905984,182.0,2.325000047683716,2.325000047683716
FEMY,2026-08-12 11:24:00-04:00,2026-08-12 11:35:24.905984-04:00,624.905984,7013.0,2.325000047683716,2.3299999237060547
FEMY,2026-08-12 11:25:00-04:00,2026-08-12 11:35:24.905984-04:00,564.905984,45332.0,2.3299999237060547,2.240000009536743
FEMY,2026-08-12 11:26:00-04:00,2026-08-12 11:35:24.905984-04:00,504.905984,10702.0,2.240000009536743,2.240000009536743
FEMY,2026-08-12 11:27:00-04:00,2026-08-12 11:35:24.905984-04:00,444.905984,0.0,2.2699999809265137,2.2699999809265137
MXCT,2026-08-12 11:22:00-04:00,2026-08-12 11:35:24.905984-04:00,744.905984,2302.0,1.2549999952316284,1.2549999952316284
MXCT,2026-08-12 11:23:00-04:00,2026-08-12 11:35:24.905984-04:00,684.905984,504.0,1.2549999952316284,1.2549999952316284
MXCT,2026-08-12 11:25:00-04:00,2026-08-12 11:35:24.905984-04:00,564.905984,758.0,1.250499963760376,1.250499963760376
MXCT,2026-08-12 11:30:00-04:00,2026-08-12 11:35:24.905984-04:00,264.905984,6947.0,1.2549999952316284,1.2598999738693237
MXCT,2026-08-12 11:32:00-04:00,2026-08-12 11:35:24.905984-04:00,144.905984,451.0,1.2595000267028809,1.2549999952316284
MXCT,2026-08-12 11:34:00-04:00,2026-08-12 11:35:24.905984-04:00,24.905984,0.0,1.2549999952316284,1.2549999952316284
GRWG,2026-08-12 11:30:00-04:00,2026-08-12 11:35:24.905984-04:00,264.905984,3831.0,1.8907999992370605,1.8910000324249268
GRWG,2026-08-12 11:31:00-04:00,2026-08-12 11:35:24.905984-04:00,204.905984,20006.0,1.8949999809265137,1.8849999904632568
GRWG,2026-08-12 11:32:00-04:00,2026-08-12 11:35:24.905984-04:00,144.905984,4166.0,1.8801000118255615,1.8799999952316284
GRWG,2026-08-12 11:33:00-04:00,2026-08-12 11:35:24.905984-04:00,84.905984,13193.0,1.8799999952316284,1.8801000118255615
GRWG,2026-08-12 11:34:00-04:00,2026-08-12 11:35:24.905984-04:00,24.905984,2113.0,1.8799999952316284,1.8849999904632568
GRWG,2026-08-12 11:35:00-04:00,2026-08-12 11:35:24.905984-04:00,-35.094016,0.0,1.8938000202178955,1.8938000202178955
ENHA,2026-08-12 11:20:00-04:00,2026-08-12 11:35:24.905984-04:00,864.905984,2591.0,2.1602001190185547,2.1600000858306885
ENHA,2026-08-12 11:22:00-04:00,2026-08-12 11:35:24.905984-04:00,744.905984,4233.0,2.1600000858306885,2.1700000762939453
ENHA,2026-08-12 11:24:00-04:00,2026-08-12 11:35:24.905984-04:00,624.905984,2089.0,2.186199903488159,2.186199903488159
ENHA,2026-08-12 11:31:00-04:00,2026-08-12 11:35:24.905984-04:00,204.905984,7757.0,2.200000047683716,2.200000047683716
ENHA,2026-08-12 11:34:00-04:00,2026-08-12 11:35:24.905984-04:00,24.905984,3606.0,2.194999933242798,2.174999952316284
ENHA,2026-08-12 11:35:00-04:00,2026-08-12 11:35:24.905984-04:00,-35.094016,0.0,2.180000066757202,2.180000066757202
BIVI,2026-08-12 11:30:00-04:00,2026-08-12 11:35:24.905984-04:00,264.905984,1023891.0,2.190000057220459,2.050100088119507
BIVI,2026-08-12 11:31:00-04:00,2026-08-12 11:35:24.905984-04:00,204.905984,710404.0,2.059000015258789,1.8899999856948853
BIVI,2026-08-12 11:32:00-04:00,2026-08-12 11:35:24.905984-04:00,144.905984,426806.0,1.8949999809265137,1.9249999523162842
BIVI,2026-08-12 11:33:00-04:00,2026-08-12 11:35:24.905984-04:00,84.905984,516552.0,1.9299999475479126,1.9801000356674194
BIVI,2026-08-12 11:34:00-04:00,2026-08-12 11:35:24.905984-04:00,24.905984,433881.0,1.9900000095367432,1.9900000095367432
BIVI,2026-08-12 11:35:00-04:00,2026-08-12 11:35:24.905984-04:00,-35.094016,0.0,1.9500000476837158,1.9500000476837158
DRMA,2026-08-12 11:30:00-04:00,2026-08-12 11:35:24.905984-04:00,264.905984,24818.0,1.3200000524520874,1.3322999477386475
DRMA,2026-08-12 11:31:00-04:00,2026-08-12 11:35:24.905984-04:00,204.905984,4068.0,1.3300000429153442,1.3309999704360962
DRMA,2026-08-12 11:32:00-04:00,2026-08-12 11:35:24.905984-04:00,144.905984,25999.0,1.3300000429153442,1.3350000381469727
DRMA,2026-08-12 11:33:00-04:00,2026-08-12 11:35:24.905984-04:00,84.905984,20094.0,1.339900016784668,1.3580000400543213
DRMA,2026-08-12 11:34:00-04:00,2026-08-12 11:35:24.905984-04:00,24.905984,29277.0,1.350000023841858,1.3550000190734863
DRMA,2026-08-12 11:35:00-04:00,2026-08-12 11:35:24.905984-04:00,-35.094016,0.0,1.350000023841858,1.350000023841858
VLN,2026-08-12 11:30:00-04:00,2026-08-12 11:35:24.905984-04:00,264.905984,172.0,1.8350000381469727,1.8350000381469727
VLN,2026-08-12 11:31:00-04:00,2026-08-12 11:35:24.905984-04:00,204.905984,424.0,1.8396999835968018,1.8396999835968018
VLN,2026-08-12 11:32:00-04:00,2026-08-12 11:35:24.905984-04:00,144.905984,2866.0,1.8350000381469727,1.8350000381469727
VLN,2026-08-12 11:33:00-04:00,2026-08-12 11:35:24.905984-04:00,84.905984,34561.0,1.8350000381469727,1.815000057220459
VLN,2026-08-12 11:34:00-04:00,2026-08-12 11:35:24.905984-04:00,24.905984,1069.0,1.8102999925613403,1.8102999925613403
VLN,2026-08-12 11:35:00-04:00,2026-08-12 11:35:24.905984-04:00,-35.094016,0.0,1.815000057220459,1.815000057220459
REBN,2026-08-12 11:00:00-04:00,2026-08-12 11:35:24.905984-04:00,2064.905984,294.0,1.5099999904632568,1.5099999904632568
REBN,2026-08-12 11:01:00-04:00,2026-08-12 11:35:24.905984-04:00,2004.905984,11.0,1.5038000345230103,1.5038000345230103
REBN,2026-08-12 11:04:00-04:00,2026-08-12 11:35:24.905984-04:00,1824.905984,1111.0,1.5099999904632568,1.4900000095367432
REBN,2026-08-12 11:12:00-04:00,2026-08-12 11:35:24.905984-04:00,1344.905984,1109.0,1.5149999856948853,1.5149999856948853
REBN,2026-08-12 11:14:00-04:00,2026-08-12 11:35:24.905984-04:00,1224.905984,221.0,1.5,1.5
REBN,2026-08-12 11:34:00-04:00,2026-08-12 11:35:24.905984-04:00,24.905984,0.0,1.4800000190734863,1.4800000190734863
REBN,2026-08-12 11:00:00-04:00,2026-08-12 11:35:44.948205-04:00,2084.948205,294.0,1.5099999904632568,1.5099999904632568
REBN,2026-08-12 11:01:00-04:00,2026-08-12 11:35:44.948205-04:00,2024.948205,11.0,1.5038000345230103,1.5038000345230103
REBN,2026-08-12 11:04:00-04:00,2026-08-12 11:35:44.948205-04:00,1844.948205,1111.0,1.5099999904632568,1.4900000095367432
REBN,2026-08-12 11:12:00-04:00,2026-08-12 11:35:44.948205-04:00,1364.948205,1109.0,1.5149999856948853,1.5149999856948853
REBN,2026-08-12 11:14:00-04:00,2026-08-12 11:35:44.948205-04:00,1244.948205,221.0,1.5,1.5
REBN,2026-08-12 11:34:00-04:00,2026-08-12 11:35:44.948205-04:00,44.948205,0.0,1.4800000190734863,1.4800000190734863
ENHA,2026-08-12 11:20:00-04:00,2026-08-12 11:35:44.948205-04:00,884.948205,0.0,2.1602001190185547,2.1600000858306885
ENHA,2026-08-12 11:22:00-04:00,2026-08-12 11:35:44.948205-04:00,764.948205,4233.0,2.1649999618530273,2.1700000762939453
ENHA,2026-08-12 11:24:00-04:00,2026-08-12 11:35:44.948205-04:00,644.948205,2089.0,2.186199903488159,2.186199903488159
ENHA,2026-08-12 11:31:00-04:00,2026-08-12 11:35:44.948205-04:00,224.948205,7757.0,2.200000047683716,2.200000047683716
ENHA,2026-08-12 11:34:00-04:00,2026-08-12 11:35:44.948205-04:00,44.948205,3606.0,2.194999933242798,2.174999952316284
ENHA,2026-08-12 11:35:00-04:00,2026-08-12 11:35:44.948205-04:00,-15.051795,0.0,2.180000066757202,2.180000066757202
FEMY,2026-08-12 11:20:00-04:00,2026-08-12 11:35:44.948205-04:00,884.948205,4365.0,2.3299999237060547,2.3299999237060547
FEMY,2026-08-12 11:21:00-04:00,2026-08-12 11:35:44.948205-04:00,824.948205,182.0,2.325000047683716,2.325000047683716
FEMY,2026-08-12 11:24:00-04:00,2026-08-12 11:35:44.948205-04:00,644.948205,7013.0,2.325000047683716,2.3299999237060547
FEMY,2026-08-12 11:25:00-04:00,2026-08-12 11:35:44.948205-04:00,584.948205,45332.0,2.3299999237060547,2.240000009536743
FEMY,2026-08-12 11:26:00-04:00,2026-08-12 11:35:44.948205-04:00,524.948205,10702.0,2.240000009536743,2.240000009536743
FEMY,2026-08-12 11:27:00-04:00,2026-08-12 11:35:44.948205-04:00,464.948205,0.0,2.2699999809265137,2.2699999809265137
MXCT,2026-08-12 11:22:00-04:00,2026-08-12 11:35:44.948205-04:00,764.948205,2302.0,1.2549999952316284,1.2549999952316284
MXCT,2026-08-12 11:23:00-04:00,2026-08-12 11:35:44.948205-04:00,704.948205,504.0,1.2549999952316284,1.2549999952316284
MXCT,2026-08-12 11:25:00-04:00,2026-08-12 11:35:44.948205-04:00,584.948205,758.0,1.250499963760376,1.250499963760376
MXCT,2026-08-12 11:30:00-04:00,2026-08-12 11:35:44.948205-04:00,284.948205,6947.0,1.2549999952316284,1.2598999738693237
MXCT,2026-08-12 11:32:00-04:00,2026-08-12 11:35:44.948205-04:00,164.948205,451.0,1.2595000267028809,1.2549999952316284
MXCT,2026-08-12 11:34:00-04:00,2026-08-12 11:35:44.948205-04:00,44.948205,0.0,1.2549999952316284,1.2549999952316284
VLN,2026-08-12 11:30:00-04:00,2026-08-12 11:35:44.948205-04:00,284.948205,172.0,1.8350000381469727,1.8350000381469727
VLN,2026-08-12 11:31:00-04:00,2026-08-12 11:35:44.948205-04:00,224.948205,424.0,1.8396999835968018,1.8396999835968018
VLN,2026-08-12 11:32:00-04:00,2026-08-12 11:35:44.948205-04:00,164.948205,2866.0,1.8350000381469727,1.8350000381469727
VLN,2026-08-12 11:33:00-04:00,2026-08-12 11:35:44.948205-04:00,104.948205,34561.0,1.8350000381469727,1.815000057220459
VLN,2026-08-12 11:34:00-04:00,2026-08-12 11:35:44.948205-04:00,44.948205,1069.0,1.8102999925613403,1.8102999925613403
VLN,2026-08-12 11:35:00-04:00,2026-08-12 11:35:44.948205-04:00,-15.051795,0.0,1.815000057220459,1.815000057220459
DRMA,2026-08-12 11:30:00-04:00,2026-08-12 11:35:44.948205-04:00,284.948205,24818.0,1.3200000524520874,1.3322999477386475
DRMA,2026-08-12 11:31:00-04:00,2026-08-12 11:35:44.948205-04:00,224.948205,4068.0,1.3300000429153442,1.3309999704360962
DRMA,2026-08-12 11:32:00-04:00,2026-08-12 11:35:44.948205-04:00,164.948205,25999.0,1.3300000429153442,1.3350000381469727
DRMA,2026-08-12 11:33:00-04:00,2026-08-12 11:35:44.948205-04:00,104.948205,20094.0,1.339900016784668,1.3580000400543213
DRMA,2026-08-12 11:34:00-04:00,2026-08-12 11:35:44.948205-04:00,44.948205,29277.0,1.350000023841858,1.3550000190734863
DRMA,2026-08-12 11:35:00-04:00,2026-08-12 11:35:44.948205-04:00,-15.051795,0.0,1.350000023841858,1.350000023841858
BIVI,2026-08-12 11:30:00-04:00,2026-08-12 11:35:44.948205-04:00,284.948205,1023891.0,2.190000057220459,2.050100088119507
BIVI,2026-08-12 11:31:00-04:00,2026-08-12 11:35:44.948205-04:00,224.948205,710404.0,2.059000015258789,1.8899999856948853
BIVI,2026-08-12 11:32:00-04:00,2026-08-12 11:35:44.948205-04:00,164.948205,426806.0,1.8949999809265137,1.9249999523162842
BIVI,2026-08-12 11:33:00-04:00,2026-08-12 11:35:44.948205-04:00,104.948205,516552.0,1.9299999475479126,1.9801000356674194
BIVI,2026-08-12 11:34:00-04:00,2026-08-12 11:35:44.948205-04:00,44.948205,433881.0,1.9900000095367432,1.9900000095367432
BIVI,2026-08-12 11:35:00-04:00,2026-08-12 11:35:44.948205-04:00,-15.051795,0.0,1.9199999570846558,1.9199999570846558
GRWG,2026-08-12 11:30:00-04:00,2026-08-12 11:35:44.948205-04:00,284.948205,3831.0,1.8907999992370605,1.8910000324249268
GRWG,2026-08-12 11:31:00-04:00,2026-08-12 11:35:44.948205-04:00,224.948205,20006.0,1.8949999809265137,1.8849999904632568
GRWG,2026-08-12 11:32:00-04:00,2026-08-12 11:35:44.948205-04:00,164.948205,4166.0,1.8801000118255615,1.8799999952316284
GRWG,2026-08-12 11:33:00-04:00,2026-08-12 11:35:44.948205-04:00,104.948205,13193.0,1.8799999952316284,1.8801000118255615
GRWG,2026-08-12 11:34:00-04:00,2026-08-12 11:35:44.948205-04:00,44.948205,2113.0,1.8799999952316284,1.8849999904632568
GRWG,2026-08-12 11:35:00-04:00,2026-08-12 11:35:44.948205-04:00,-15.051795,0.0,1.8938000202178955,1.8938000202178955
MXCT,2026-08-12 11:23:00-04:00,2026-08-12 11:36:04.989235-04:00,724.989235,504.0,1.2549999952316284,1.2549999952316284
MXCT,2026-08-12 11:25:00-04:00,2026-08-12 11:36:04.989235-04:00,604.989235,758.0,1.250499963760376,1.250499963760376
MXCT,2026-08-12 11:30:00-04:00,2026-08-12 11:36:04.989235-04:00,304.989235,6947.0,1.2549999952316284,1.2598999738693237
MXCT,2026-08-12 11:32:00-04:00,2026-08-12 11:36:04.989235-04:00,184.989235,451.0,1.2595000267028809,1.2549999952316284
MXCT,2026-08-12 11:34:00-04:00,2026-08-12 11:36:04.989235-04:00,64.989235,1017.0,1.2549999952316284,1.2549999952316284
MXCT,2026-08-12 11:35:00-04:00,2026-08-12 11:36:04.989235-04:00,4.989235,0.0,1.2549999952316284,1.2549999952316284
ENHA,2026-08-12 11:20:00-04:00,2026-08-12 11:36:04.989235-04:00,904.989235,0.0,2.1602001190185547,2.1600000858306885
ENHA,2026-08-12 11:22:00-04:00,2026-08-12 11:36:04.989235-04:00,784.989235,4233.0,2.1600000858306885,2.1700000762939453
ENHA,2026-08-12 11:24:00-04:00,2026-08-12 11:36:04.989235-04:00,664.989235,2089.0,2.186199903488159,2.186199903488159
ENHA,2026-08-12 11:31:00-04:00,2026-08-12 11:36:04.989235-04:00,244.989235,7757.0,2.200000047683716,2.200000047683716
ENHA,2026-08-12 11:34:00-04:00,2026-08-12 11:36:04.989235-04:00,64.989235,3606.0,2.194999933242798,2.174999952316284
ENHA,2026-08-12 11:35:00-04:00,2026-08-12 11:36:04.989235-04:00,4.989235,0.0,2.180000066757202,2.180000066757202
REBN,2026-08-12 11:00:00-04:00,2026-08-12 11:36:04.989235-04:00,2104.989235,294.0,1.5099999904632568,1.5099999904632568
REBN,2026-08-12 11:01:00-04:00,2026-08-12 11:36:04.989235-04:00,2044.989235,11.0,1.5038000345230103,1.5038000345230103
REBN,2026-08-12 11:04:00-04:00,2026-08-12 11:36:04.989235-04:00,1864.989235,1111.0,1.5099999904632568,1.4900000095367432
REBN,2026-08-12 11:12:00-04:00,2026-08-12 11:36:04.989235-04:00,1384.989235,1109.0,1.5149999856948853,1.5149999856948853
REBN,2026-08-12 11:14:00-04:00,2026-08-12 11:36:04.989235-04:00,1264.989235,221.0,1.5,1.5
REBN,2026-08-12 11:34:00-04:00,2026-08-12 11:36:04.989235-04:00,64.989235,0.0,1.4800000190734863,1.4800000190734863
GRWG,2026-08-12 11:30:00-04:00,2026-08-12 11:36:04.989235-04:00,304.989235,3831.0,1.8907999992370605,1.8910000324249268
GRWG,2026-08-12 11:31:00-04:00,2026-08-12 11:36:04.989235-04:00,244.989235,20006.0,1.8949999809265137,1.8849999904632568
GRWG,2026-08-12 11:32:00-04:00,2026-08-12 11:36:04.989235-04:00,184.989235,4166.0,1.8801000118255615,1.8799999952316284
GRWG,2026-08-12 11:33:00-04:00,2026-08-12 11:36:04.989235-04:00,124.989235,13193.0,1.8799999952316284,1.8801000118255615
GRWG,2026-08-12 11:34:00-04:00,2026-08-12 11:36:04.989235-04:00,64.989235,2113.0,1.8799999952316284,1.8849999904632568
GRWG,2026-08-12 11:35:00-04:00,2026-08-12 11:36:04.989235-04:00,4.989235,0.0,1.8907999992370605,1.8907999992370605
BIVI,2026-08-12 11:31:00-04:00,2026-08-12 11:36:04.989235-04:00,244.989235,710404.0,2.059000015258789,1.8899999856948853
BIVI,2026-08-12 11:32:00-04:00,2026-08-12 11:36:04.989235-04:00,184.989235,426806.0,1.8899999856948853,1.9249999523162842
BIVI,2026-08-12 11:33:00-04:00,2026-08-12 11:36:04.989235-04:00,124.989235,516552.0,1.9299999475479126,1.9801000356674194
BIVI,2026-08-12 11:34:00-04:00,2026-08-12 11:36:04.989235-04:00,64.989235,433881.0,1.9900000095367432,1.9900000095367432
BIVI,2026-08-12 11:35:00-04:00,2026-08-12 11:36:04.989235-04:00,4.989235,322658.0,1.975000023841858,1.8849999904632568
BIVI,2026-08-12 11:36:00-04:00,2026-08-12 11:36:04.989235-04:00,-55.010765,0.0,1.8849999904632568,1.8849999904632568
DRMA,2026-08-12 11:31:00-04:00,2026-08-12 11:36:04.989235-04:00,244.989235,4068.0,1.3300000429153442,1.3309999704360962
DRMA,2026-08-12 11:32:00-04:00,2026-08-12 11:36:04.989235-04:00,184.989235,25999.0,1.3300000429153442,1.3350000381469727
DRMA,2026-08-12 11:33:00-04:00,2026-08-12 11:36:04.989235-04:00,124.989235,20094.0,1.339900016784668,1.3580000400543213
DRMA,2026-08-12 11:34:00-04:00,2026-08-12 11:36:04.989235-04:00,64.989235,29277.0,1.350000023841858,1.3550000190734863
DRMA,2026-08-12 11:35:00-04:00,2026-08-12 11:36:04.989235-04:00,4.989235,61592.0,1.3550000190734863,1.3700000047683716
DRMA,2026-08-12 11:36:00-04:00,2026-08-12 11:36:04.989235-04:00,-55.010765,0.0,1.399999976158142,1.399999976158142
FEMY,2026-08-12 11:20:00-04:00,2026-08-12 11:36:04.989235-04:00,904.989235,4365.0,2.3299999237060547,2.3299999237060547
FEMY,2026-08-12 11:21:00-04:00,2026-08-12 11:36:04.989235-04:00,844.989235,182.0,2.325000047683716,2.325000047683716
FEMY,2026-08-12 11:24:00-04:00,2026-08-12 11:36:04.989235-04:00,664.989235,7013.0,2.325000047683716,2.3299999237060547
FEMY,2026-08-12 11:25:00-04:00,2026-08-12 11:36:04.989235-04:00,604.989235,45332.0,2.3299999237060547,2.240000009536743
FEMY,2026-08-12 11:26:00-04:00,2026-08-12 11:36:04.989235-04:00,544.989235,10702.0,2.240000009536743,2.240000009536743
FEMY,2026-08-12 11:27:00-04:00,2026-08-12 11:36:04.989235-04:00,484.989235,0.0,2.2699999809265137,2.2699999809265137
VLN,2026-08-12 11:30:00-04:00,2026-08-12 11:36:04.989235-04:00,304.989235,172.0,1.8350000381469727,1.8350000381469727
VLN,2026-08-12 11:31:00-04:00,2026-08-12 11:36:04.989235-04:00,244.989235,424.0,1.8396999835968018,1.8396999835968018
VLN,2026-08-12 11:32:00-04:00,2026-08-12 11:36:04.989235-04:00,184.989235,2866.0,1.8350000381469727,1.8350000381469727
VLN,2026-08-12 11:33:00-04:00,2026-08-12 11:36:04.989235-04:00,124.989235,34561.0,1.8350000381469727,1.815000057220459
VLN,2026-08-12 11:34:00-04:00,2026-08-12 11:36:04.989235-04:00,64.989235,1069.0,1.8102999925613403,1.8102999925613403
VLN,2026-08-12 11:35:00-04:00,2026-08-12 11:36:04.989235-04:00,4.989235,0.0,1.815000057220459,1.815000057220459
GRWG,2026-08-12 11:30:00-04:00,2026-08-12 11:36:25.037900-04:00,325.0379,3831.0,1.8907999992370605,1.8910000324249268
GRWG,2026-08-12 11:31:00-04:00,2026-08-12 11:36:25.037900-04:00,265.0379,20006.0,1.8949999809265137,1.8849999904632568
GRWG,2026-08-12 11:32:00-04:00,2026-08-12 11:36:25.037900-04:00,205.0379,4166.0,1.8801000118255615,1.8799999952316284
GRWG,2026-08-12 11:33:00-04:00,2026-08-12 11:36:25.037900-04:00,145.0379,13193.0,1.8799999952316284,1.8801000118255615
GRWG,2026-08-12 11:34:00-04:00,2026-08-12 11:36:25.037900-04:00,85.0379,2113.0,1.8799999952316284,1.8849999904632568
GRWG,2026-08-12 11:35:00-04:00,2026-08-12 11:36:25.037900-04:00,25.0379,0.0,1.8907999992370605,1.8907999992370605
REBN,2026-08-12 11:00:00-04:00,2026-08-12 11:36:25.037900-04:00,2125.0379,294.0,1.5099999904632568,1.5099999904632568
REBN,2026-08-12 11:01:00-04:00,2026-08-12 11:36:25.037900-04:00,2065.0379,11.0,1.5038000345230103,1.5038000345230103
REBN,2026-08-12 11:04:00-04:00,2026-08-12 11:36:25.037900-04:00,1885.0379,1111.0,1.5099999904632568,1.4900000095367432
REBN,2026-08-12 11:12:00-04:00,2026-08-12 11:36:25.037900-04:00,1405.0379,1109.0,1.5149999856948853,1.5149999856948853
REBN,2026-08-12 11:14:00-04:00,2026-08-12 11:36:25.037900-04:00,1285.0379,221.0,1.5,1.5
REBN,2026-08-12 11:34:00-04:00,2026-08-12 11:36:25.037900-04:00,85.0379,0.0,1.4800000190734863,1.4800000190734863
DRMA,2026-08-12 11:31:00-04:00,2026-08-12 11:36:25.037900-04:00,265.0379,4068.0,1.3300000429153442,1.3309999704360962
DRMA,2026-08-12 11:32:00-04:00,2026-08-12 11:36:25.037900-04:00,205.0379,25999.0,1.3300000429153442,1.3350000381469727
DRMA,2026-08-12 11:33:00-04:00,2026-08-12 11:36:25.037900-04:00,145.0379,20094.0,1.339900016784668,1.3580000400543213
DRMA,2026-08-12 11:34:00-04:00,2026-08-12 11:36:25.037900-04:00,85.0379,29277.0,1.350000023841858,1.3550000190734863
DRMA,2026-08-12 11:35:00-04:00,2026-08-12 11:36:25.037900-04:00,25.0379,61592.0,1.3550000190734863,1.3700000047683716
DRMA,2026-08-12 11:36:00-04:00,2026-08-12 11:36:25.037900-04:00,-34.9621,0.0,1.4108999967575073,1.4108999967575073
BIVI,2026-08-12 11:31:00-04:00,2026-08-12 11:36:25.037900-04:00,265.0379,710404.0,2.059000015258789,1.8899999856948853
BIVI,2026-08-12 11:32:00-04:00,2026-08-12 11:36:25.037900-04:00,205.0379,426806.0,1.8899999856948853,1.9249999523162842
BIVI,2026-08-12 11:33:00-04:00,2026-08-12 11:36:25.037900-04:00,145.0379,516552.0,1.9299999475479126,1.9801000356674194
BIVI,2026-08-12 11:34:00-04:00,2026-08-12 11:36:25.037900-04:00,85.0379,433881.0,1.9900000095367432,1.9900000095367432
BIVI,2026-08-12 11:35:00-04:00,2026-08-12 11:36:25.037900-04:00,25.0379,322658.0,1.975000023841858,1.8849999904632568
BIVI,2026-08-12 11:36:00-04:00,2026-08-12 11:36:25.037900-04:00,-34.9621,0.0,1.9000999927520752,1.9000999927520752
VLN,2026-08-12 11:31:00-04:00,2026-08-12 11:36:25.037900-04:00,265.0379,424.0,1.8396999835968018,1.8396999835968018
VLN,2026-08-12 11:32:00-04:00,2026-08-12 11:36:25.037900-04:00,205.0379,2866.0,1.8350000381469727,1.8350000381469727
VLN,2026-08-12 11:33:00-04:00,2026-08-12 11:36:25.037900-04:00,145.0379,34561.0,1.8350000381469727,1.815000057220459
VLN,2026-08-12 11:34:00-04:00,2026-08-12 11:36:25.037900-04:00,85.0379,1069.0,1.8102999925613403,1.8102999925613403
VLN,2026-08-12 11:35:00-04:00,2026-08-12 11:36:25.037900-04:00,25.0379,3726.0,1.811400055885315,1.815000057220459
VLN,2026-08-12 11:36:00-04:00,2026-08-12 11:36:25.037900-04:00,-34.9621,0.0,1.815000057220459,1.815000057220459
ENHA,2026-08-12 11:20:00-04:00,2026-08-12 11:36:25.037900-04:00,925.0379,2438.0,2.1600000858306885,2.1600000858306885
ENHA,2026-08-12 11:22:00-04:00,2026-08-12 11:36:25.037900-04:00,805.0379,0.0,2.1600000858306885,2.1700000762939453
ENHA,2026-08-12 11:24:00-04:00,2026-08-12 11:36:25.037900-04:00,685.0379,2089.0,2.186199903488159,2.186199903488159
ENHA,2026-08-12 11:31:00-04:00,2026-08-12 11:36:25.037900-04:00,265.0379,7757.0,2.200000047683716,2.200000047683716
ENHA,2026-08-12 11:34:00-04:00,2026-08-12 11:36:25.037900-04:00,85.0379,3606.0,2.194999933242798,2.174999952316284
ENHA,2026-08-12 11:35:00-04:00,2026-08-12 11:36:25.037900-04:00,25.0379,0.0,2.180000066757202,2.180000066757202
MXCT,2026-08-12 11:23:00-04:00,2026-08-12 11:36:25.037900-04:00,745.0379,504.0,1.2549999952316284,1.2549999952316284
MXCT,2026-08-12 11:25:00-04:00,2026-08-12 11:36:25.037900-04:00,625.0379,758.0,1.250499963760376,1.250499963760376
MXCT,2026-08-12 11:30:00-04:00,2026-08-12 11:36:25.037900-04:00,325.0379,6947.0,1.2549999952316284,1.2598999738693237
MXCT,2026-08-12 11:32:00-04:00,2026-08-12 11:36:25.037900-04:00,205.0379,451.0,1.2595000267028809,1.2549999952316284
MXCT,2026-08-12 11:34:00-04:00,2026-08-12 11:36:25.037900-04:00,85.0379,1017.0,1.2549999952316284,1.2549999952316284
MXCT,2026-08-12 11:35:00-04:00,2026-08-12 11:36:25.037900-04:00,25.0379,0.0,1.2549999952316284,1.2549999952316284
FEMY,2026-08-12 11:20:00-04:00,2026-08-12 11:36:25.037900-04:00,925.0379,4365.0,2.3299999237060547,2.3299999237060547
FEMY,2026-08-12 11:21:00-04:00,2026-08-12 11:36:25.037900-04:00,865.0379,182.0,2.325000047683716,2.325000047683716
FEMY,2026-08-12 11:24:00-04:00,2026-08-12 11:36:25.037900-04:00,685.0379,7013.0,2.325000047683716,2.3299999237060547
FEMY,2026-08-12 11:25:00-04:00,2026-08-12 11:36:25.037900-04:00,625.0379,45332.0,2.3299999237060547,2.240000009536743
FEMY,2026-08-12 11:26:00-04:00,2026-08-12 11:36:25.037900-04:00,565.0379,10702.0,2.240000009536743,2.240000009536743
FEMY,2026-08-12 11:27:00-04:00,2026-08-12 11:36:25.037900-04:00,505.0379,0.0,2.2699999809265137,2.2699999809265137
FEMY,2026-08-12 11:20:00-04:00,2026-08-12 11:36:45.083152-04:00,945.083152,4365.0,2.3299999237060547,2.3299999237060547
FEMY,2026-08-12 11:21:00-04:00,2026-08-12 11:36:45.083152-04:00,885.083152,182.0,2.325000047683716,2.325000047683716
FEMY,2026-08-12 11:24:00-04:00,2026-08-12 11:36:45.083152-04:00,705.083152,7013.0,2.325000047683716,2.3299999237060547
FEMY,2026-08-12 11:25:00-04:00,2026-08-12 11:36:45.083152-04:00,645.083152,45332.0,2.3299999237060547,2.240000009536743
FEMY,2026-08-12 11:26:00-04:00,2026-08-12 11:36:45.083152-04:00,585.083152,10702.0,2.240000009536743,2.240000009536743
FEMY,2026-08-12 11:27:00-04:00,2026-08-12 11:36:45.083152-04:00,525.083152,0.0,2.2699999809265137,2.2699999809265137
BIVI,2026-08-12 11:31:00-04:00,2026-08-12 11:36:45.083152-04:00,285.083152,710404.0,2.059000015258789,1.8899999856948853
BIVI,2026-08-12 11:32:00-04:00,2026-08-12 11:36:45.083152-04:00,225.083152,426806.0,1.8899999856948853,1.9249999523162842
BIVI,2026-08-12 11:33:00-04:00,2026-08-12 11:36:45.083152-04:00,165.083152,516552.0,1.9299999475479126,1.9801000356674194
BIVI,2026-08-12 11:34:00-04:00,2026-08-12 11:36:45.083152-04:00,105.083152,433881.0,1.9900000095367432,1.9900000095367432
BIVI,2026-08-12 11:35:00-04:00,2026-08-12 11:36:45.083152-04:00,45.083152,322658.0,1.975000023841858,1.8849999904632568
BIVI,2026-08-12 11:36:00-04:00,2026-08-12 11:36:45.083152-04:00,-14.916848,0.0,1.9149999618530273,1.9149999618530273
GRWG,2026-08-12 11:30:00-04:00,2026-08-12 11:36:45.083152-04:00,345.083152,3831.0,1.8907999992370605,1.8910000324249268
GRWG,2026-08-12 11:31:00-04:00,2026-08-12 11:36:45.083152-04:00,285.083152,20006.0,1.8949999809265137,1.8849999904632568
GRWG,2026-08-12 11:32:00-04:00,2026-08-12 11:36:45.083152-04:00,225.083152,4166.0,1.8801000118255615,1.8799999952316284
GRWG,2026-08-12 11:33:00-04:00,2026-08-12 11:36:45.083152-04:00,165.083152,13193.0,1.8799999952316284,1.8801000118255615
GRWG,2026-08-12 11:34:00-04:00,2026-08-12 11:36:45.083152-04:00,105.083152,2113.0,1.8799999952316284,1.8849999904632568
GRWG,2026-08-12 11:35:00-04:00,2026-08-12 11:36:45.083152-04:00,45.083152,0.0,1.8907999992370605,1.8907999992370605
REBN,2026-08-12 11:00:00-04:00,2026-08-12 11:36:45.083152-04:00,2145.083152,294.0,1.5099999904632568,1.5099999904632568
REBN,2026-08-12 11:01:00-04:00,2026-08-12 11:36:45.083152-04:00,2085.083152,11.0,1.5038000345230103,1.5038000345230103
REBN,2026-08-12 11:04:00-04:00,2026-08-12 11:36:45.083152-04:00,1905.083152,1111.0,1.5099999904632568,1.4900000095367432
REBN,2026-08-12 11:12:00-04:00,2026-08-12 11:36:45.083152-04:00,1425.083152,1109.0,1.5149999856948853,1.5149999856948853
REBN,2026-08-12 11:14:00-04:00,2026-08-12 11:36:45.083152-04:00,1305.083152,221.0,1.5,1.5
REBN,2026-08-12 11:34:00-04:00,2026-08-12 11:36:45.083152-04:00,105.083152,0.0,1.4800000190734863,1.4800000190734863
MXCT,2026-08-12 11:23:00-04:00,2026-08-12 11:36:45.083152-04:00,765.083152,504.0,1.2549999952316284,1.2549999952316284
MXCT,2026-08-12 11:25:00-04:00,2026-08-12 11:36:45.083152-04:00,645.083152,758.0,1.250499963760376,1.250499963760376
MXCT,2026-08-12 11:30:00-04:00,2026-08-12 11:36:45.083152-04:00,345.083152,6947.0,1.2549999952316284,1.2598999738693237
MXCT,2026-08-12 11:32:00-04:00,2026-08-12 11:36:45.083152-04:00,225.083152,451.0,1.2595000267028809,1.2549999952316284
MXCT,2026-08-12 11:34:00-04:00,2026-08-12 11:36:45.083152-04:00,105.083152,1017.0,1.2549999952316284,1.2549999952316284
MXCT,2026-08-12 11:35:00-04:00,2026-08-12 11:36:45.083152-04:00,45.083152,0.0,1.2549999952316284,1.2549999952316284
DRMA,2026-08-12 11:31:00-04:00,2026-08-12 11:36:45.083152-04:00,285.083152,4068.0,1.3300000429153442,1.3309999704360962
DRMA,2026-08-12 11:32:00-04:00,2026-08-12 11:36:45.083152-04:00,225.083152,25999.0,1.3300000429153442,1.3350000381469727
DRMA,2026-08-12 11:33:00-04:00,2026-08-12 11:36:45.083152-04:00,165.083152,20094.0,1.339900016784668,1.3580000400543213
DRMA,2026-08-12 11:34:00-04:00,2026-08-12 11:36:45.083152-04:00,105.083152,29277.0,1.350000023841858,1.3550000190734863
DRMA,2026-08-12 11:35:00-04:00,2026-08-12 11:36:45.083152-04:00,45.083152,61592.0,1.3550000190734863,1.3700000047683716
DRMA,2026-08-12 11:36:00-04:00,2026-08-12 11:36:45.083152-04:00,-14.916848,0.0,1.4010000228881836,1.4010000228881836
ENHA,2026-08-12 11:22:00-04:00,2026-08-12 11:36:45.083152-04:00,825.083152,0.0,2.1600000858306885,2.1700000762939453
ENHA,2026-08-12 11:24:00-04:00,2026-08-12 11:36:45.083152-04:00,705.083152,2089.0,2.186199903488159,2.186199903488159
ENHA,2026-08-12 11:31:00-04:00,2026-08-12 11:36:45.083152-04:00,285.083152,7757.0,2.200000047683716,2.200000047683716
ENHA,2026-08-12 11:34:00-04:00,2026-08-12 11:36:45.083152-04:00,105.083152,3606.0,2.194999933242798,2.174999952316284
ENHA,2026-08-12 11:35:00-04:00,2026-08-12 11:36:45.083152-04:00,45.083152,2052.0,2.180000066757202,2.180000066757202
ENHA,2026-08-12 11:36:00-04:00,2026-08-12 11:36:45.083152-04:00,-14.916848,0.0,2.174999952316284,2.174999952316284
VLN,2026-08-12 11:31:00-04:00,2026-08-12 11:36:45.083152-04:00,285.083152,424.0,1.8396999835968018,1.8396999835968018
VLN,2026-08-12 11:32:00-04:00,2026-08-12 11:36:45.083152-04:00,225.083152,2866.0,1.8350000381469727,1.8350000381469727
VLN,2026-08-12 11:33:00-04:00,2026-08-12 11:36:45.083152-04:00,165.083152,34561.0,1.8350000381469727,1.815000057220459
VLN,2026-08-12 11:34:00-04:00,2026-08-12 11:36:45.083152-04:00,105.083152,1069.0,1.8102999925613403,1.8102999925613403
VLN,2026-08-12 11:35:00-04:00,2026-08-12 11:36:45.083152-04:00,45.083152,3726.0,1.811400055885315,1.815000057220459
VLN,2026-08-12 11:36:00-04:00,2026-08-12 11:36:45.083152-04:00,-14.916848,0.0,1.809999942779541,1.809999942779541
REBN,2026-08-12 11:00:00-04:00,2026-08-12 11:37:05.124475-04:00,2165.124475,294.0,1.5099999904632568,1.5099999904632568
REBN,2026-08-12 11:01:00-04:00,2026-08-12 11:37:05.124475-04:00,2105.124475,11.0,1.5038000345230103,1.5038000345230103
REBN,2026-08-12 11:04:00-04:00,2026-08-12 11:37:05.124475-04:00,1925.124475,1111.0,1.5099999904632568,1.4900000095367432
REBN,2026-08-12 11:12:00-04:00,2026-08-12 11:37:05.124475-04:00,1445.124475,1109.0,1.5149999856948853,1.5149999856948853
REBN,2026-08-12 11:14:00-04:00,2026-08-12 11:37:05.124475-04:00,1325.124475,221.0,1.5,1.5
REBN,2026-08-12 11:34:00-04:00,2026-08-12 11:37:05.124475-04:00,125.124475,0.0,1.4800000190734863,1.4800000190734863
FEMY,2026-08-12 11:20:00-04:00,2026-08-12 11:37:05.124475-04:00,965.124475,4365.0,2.3299999237060547,2.3299999237060547
FEMY,2026-08-12 11:21:00-04:00,2026-08-12 11:37:05.124475-04:00,905.124475,182.0,2.325000047683716,2.325000047683716
FEMY,2026-08-12 11:24:00-04:00,2026-08-12 11:37:05.124475-04:00,725.124475,7013.0,2.325000047683716,2.3299999237060547
FEMY,2026-08-12 11:25:00-04:00,2026-08-12 11:37:05.124475-04:00,665.124475,45332.0,2.3299999237060547,2.240000009536743
FEMY,2026-08-12 11:26:00-04:00,2026-08-12 11:37:05.124475-04:00,605.124475,10702.0,2.240000009536743,2.240000009536743
FEMY,2026-08-12 11:27:00-04:00,2026-08-12 11:37:05.124475-04:00,545.124475,0.0,2.2699999809265137,2.2699999809265137
MXCT,2026-08-12 11:23:00-04:00,2026-08-12 11:37:05.124475-04:00,785.124475,504.0,1.2549999952316284,1.2549999952316284
MXCT,2026-08-12 11:25:00-04:00,2026-08-12 11:37:05.124475-04:00,665.124475,758.0,1.250499963760376,1.250499963760376
MXCT,2026-08-12 11:30:00-04:00,2026-08-12 11:37:05.124475-04:00,365.124475,6947.0,1.2549999952316284,1.2598999738693237
MXCT,2026-08-12 11:32:00-04:00,2026-08-12 11:37:05.124475-04:00,245.124475,451.0,1.2595000267028809,1.2549999952316284
MXCT,2026-08-12 11:34:00-04:00,2026-08-12 11:37:05.124475-04:00,125.124475,1017.0,1.2549999952316284,1.2549999952316284
MXCT,2026-08-12 11:35:00-04:00,2026-08-12 11:37:05.124475-04:00,65.124475,0.0,1.2549999952316284,1.2549999952316284
VLN,2026-08-12 11:32:00-04:00,2026-08-12 11:37:05.124475-04:00,245.124475,2866.0,1.8350000381469727,1.8350000381469727
VLN,2026-08-12 11:33:00-04:00,2026-08-12 11:37:05.124475-04:00,185.124475,34561.0,1.8350000381469727,1.815000057220459
VLN,2026-08-12 11:34:00-04:00,2026-08-12 11:37:05.124475-04:00,125.124475,1069.0,1.8102999925613403,1.8102999925613403
VLN,2026-08-12 11:35:00-04:00,2026-08-12 11:37:05.124475-04:00,65.124475,3726.0,1.811400055885315,1.815000057220459
VLN,2026-08-12 11:36:00-04:00,2026-08-12 11:37:05.124475-04:00,5.124475,1243.0,1.815000057220459,1.809999942779541
VLN,2026-08-12 11:37:00-04:00,2026-08-12 11:37:05.124475-04:00,-54.875525,0.0,1.815000057220459,1.815000057220459
DRMA,2026-08-12 11:32:00-04:00,2026-08-12 11:37:05.124475-04:00,245.124475,25999.0,1.3300000429153442,1.3350000381469727
DRMA,2026-08-12 11:33:00-04:00,2026-08-12 11:37:05.124475-04:00,185.124475,20094.0,1.339900016784668,1.3580000400543213
DRMA,2026-08-12 11:34:00-04:00,2026-08-12 11:37:05.124475-04:00,125.124475,29277.0,1.350000023841858,1.3550000190734863
DRMA,2026-08-12 11:35:00-04:00,2026-08-12 11:37:05.124475-04:00,65.124475,61592.0,1.3550000190734863,1.3700000047683716
DRMA,2026-08-12 11:36:00-04:00,2026-08-12 11:37:05.124475-04:00,5.124475,266640.0,1.3799999952316284,1.3871999979019165
DRMA,2026-08-12 11:37:00-04:00,2026-08-12 11:37:05.124475-04:00,-54.875525,0.0,1.3898999691009521,1.3898999691009521
GRWG,2026-08-12 11:30:00-04:00,2026-08-12 11:37:05.124475-04:00,365.124475,3831.0,1.8907999992370605,1.8910000324249268
GRWG,2026-08-12 11:31:00-04:00,2026-08-12 11:37:05.124475-04:00,305.124475,20006.0,1.8949999809265137,1.8849999904632568
GRWG,2026-08-12 11:32:00-04:00,2026-08-12 11:37:05.124475-04:00,245.124475,4166.0,1.8801000118255615,1.8799999952316284
GRWG,2026-08-12 11:33:00-04:00,2026-08-12 11:37:05.124475-04:00,185.124475,13193.0,1.8799999952316284,1.8801000118255615
GRWG,2026-08-12 11:34:00-04:00,2026-08-12 11:37:05.124475-04:00,125.124475,2113.0,1.8799999952316284,1.8849999904632568
GRWG,2026-08-12 11:35:00-04:00,2026-08-12 11:37:05.124475-04:00,65.124475,0.0,1.8907999992370605,1.8907999992370605
ENHA,2026-08-12 11:22:00-04:00,2026-08-12 11:37:05.124475-04:00,845.124475,0.0,2.1600000858306885,2.1700000762939453
ENHA,2026-08-12 11:24:00-04:00,2026-08-12 11:37:05.124475-04:00,725.124475,2089.0,2.186199903488159,2.186199903488159
ENHA,2026-08-12 11:31:00-04:00,2026-08-12 11:37:05.124475-04:00,305.124475,7757.0,2.200000047683716,2.200000047683716
ENHA,2026-08-12 11:34:00-04:00,2026-08-12 11:37:05.124475-04:00,125.124475,3606.0,2.194999933242798,2.174999952316284
ENHA,2026-08-12 11:35:00-04:00,2026-08-12 11:37:05.124475-04:00,65.124475,2052.0,2.180000066757202,2.180000066757202
ENHA,2026-08-12 11:36:00-04:00,2026-08-12 11:37:05.124475-04:00,5.124475,0.0,2.174999952316284,2.174999952316284
BIVI,2026-08-12 11:32:00-04:00,2026-08-12 11:37:05.124475-04:00,245.124475,426806.0,1.8949999809265137,1.9249999523162842
BIVI,2026-08-12 11:33:00-04:00,2026-08-12 11:37:05.124475-04:00,185.124475,516552.0,1.9299999475479126,1.9801000356674194
BIVI,2026-08-12 11:34:00-04:00,2026-08-12 11:37:05.124475-04:00,125.124475,433881.0,1.9900000095367432,1.9900000095367432
BIVI,2026-08-12 11:35:00-04:00,2026-08-12 11:37:05.124475-04:00,65.124475,322658.0,1.975000023841858,1.8849999904632568
BIVI,2026-08-12 11:36:00-04:00,2026-08-12 11:37:05.124475-04:00,5.124475,307502.0,1.8876999616622925,1.8898999691009521
BIVI,2026-08-12 11:37:00-04:00,2026-08-12 11:37:05.124475-04:00,-54.875525,0.0,1.8600000143051147,1.8600000143051147
REBN,2026-08-12 11:00:00-04:00,2026-08-12 11:37:25.168464-04:00,2185.168464,294.0,1.5099999904632568,1.5099999904632568
REBN,2026-08-12 11:01:00-04:00,2026-08-12 11:37:25.168464-04:00,2125.168464,11.0,1.5038000345230103,1.5038000345230103
REBN,2026-08-12 11:04:00-04:00,2026-08-12 11:37:25.168464-04:00,1945.168464,1111.0,1.5099999904632568,1.4900000095367432
REBN,2026-08-12 11:12:00-04:00,2026-08-12 11:37:25.168464-04:00,1465.168464,1109.0,1.5149999856948853,1.5149999856948853
REBN,2026-08-12 11:14:00-04:00,2026-08-12 11:37:25.168464-04:00,1345.168464,221.0,1.5,1.5
REBN,2026-08-12 11:34:00-04:00,2026-08-12 11:37:25.168464-04:00,145.168464,0.0,1.4800000190734863,1.4800000190734863
VLN,2026-08-12 11:32:00-04:00,2026-08-12 11:37:25.168464-04:00,265.168464,2866.0,1.8350000381469727,1.8350000381469727
VLN,2026-08-12 11:33:00-04:00,2026-08-12 11:37:25.168464-04:00,205.168464,34561.0,1.8350000381469727,1.815000057220459
VLN,2026-08-12 11:34:00-04:00,2026-08-12 11:37:25.168464-04:00,145.168464,1069.0,1.8102999925613403,1.8102999925613403
VLN,2026-08-12 11:35:00-04:00,2026-08-12 11:37:25.168464-04:00,85.168464,3726.0,1.811400055885315,1.815000057220459
VLN,2026-08-12 11:36:00-04:00,2026-08-12 11:37:25.168464-04:00,25.168464,1243.0,1.815000057220459,1.809999942779541
VLN,2026-08-12 11:37:00-04:00,2026-08-12 11:37:25.168464-04:00,-34.831536,0.0,1.815000057220459,1.815000057220459
FEMY,2026-08-12 11:20:00-04:00,2026-08-12 11:37:25.168464-04:00,985.168464,4365.0,2.3299999237060547,2.3299999237060547
FEMY,2026-08-12 11:21:00-04:00,2026-08-12 11:37:25.168464-04:00,925.168464,182.0,2.325000047683716,2.325000047683716
FEMY,2026-08-12 11:24:00-04:00,2026-08-12 11:37:25.168464-04:00,745.168464,7013.0,2.325000047683716,2.3299999237060547
FEMY,2026-08-12 11:25:00-04:00,2026-08-12 11:37:25.168464-04:00,685.168464,45332.0,2.3299999237060547,2.240000009536743
FEMY,2026-08-12 11:26:00-04:00,2026-08-12 11:37:25.168464-04:00,625.168464,10702.0,2.240000009536743,2.240000009536743
FEMY,2026-08-12 11:27:00-04:00,2026-08-12 11:37:25.168464-04:00,565.168464,0.0,2.2699999809265137,2.2699999809265137
DRMA,2026-08-12 11:32:00-04:00,2026-08-12 11:37:25.168464-04:00,265.168464,25999.0,1.3300000429153442,1.3350000381469727
DRMA,2026-08-12 11:33:00-04:00,2026-08-12 11:37:25.168464-04:00,205.168464,20094.0,1.339900016784668,1.3580000400543213
DRMA,2026-08-12 11:34:00-04:00,2026-08-12 11:37:25.168464-04:00,145.168464,29277.0,1.350000023841858,1.3550000190734863
DRMA,2026-08-12 11:35:00-04:00,2026-08-12 11:37:25.168464-04:00,85.168464,61592.0,1.3550000190734863,1.3700000047683716
DRMA,2026-08-12 11:36:00-04:00,2026-08-12 11:37:25.168464-04:00,25.168464,266640.0,1.3799999952316284,1.3871999979019165
DRMA,2026-08-12 11:37:00-04:00,2026-08-12 11:37:25.168464-04:00,-34.831536,0.0,1.350000023841858,1.350000023841858
MXCT,2026-08-12 11:25:00-04:00,2026-08-12 11:37:25.168464-04:00,685.168464,758.0,1.250499963760376,1.250499963760376
MXCT,2026-08-12 11:30:00-04:00,2026-08-12 11:37:25.168464-04:00,385.168464,6947.0,1.2549999952316284,1.2598999738693237
MXCT,2026-08-12 11:32:00-04:00,2026-08-12 11:37:25.168464-04:00,265.168464,451.0,1.2595000267028809,1.2549999952316284
MXCT,2026-08-12 11:34:00-04:00,2026-08-12 11:37:25.168464-04:00,145.168464,1017.0,1.2549999952316284,1.2549999952316284
MXCT,2026-08-12 11:35:00-04:00,2026-08-12 11:37:25.168464-04:00,85.168464,2122.0,1.2549999952316284,1.2549999952316284
MXCT,2026-08-12 11:37:00-04:00,2026-08-12 11:37:25.168464-04:00,-34.831536,0.0,1.2549999952316284,1.2549999952316284
GRWG,2026-08-12 11:31:00-04:00,2026-08-12 11:37:25.168464-04:00,325.168464,20006.0,1.8949999809265137,1.8849999904632568
GRWG,2026-08-12 11:32:00-04:00,2026-08-12 11:37:25.168464-04:00,265.168464,4166.0,1.8801000118255615,1.8799999952316284
GRWG,2026-08-12 11:33:00-04:00,2026-08-12 11:37:25.168464-04:00,205.168464,13193.0,1.8799999952316284,1.8801000118255615
GRWG,2026-08-12 11:34:00-04:00,2026-08-12 11:37:25.168464-04:00,145.168464,2113.0,1.8799999952316284,1.8849999904632568
GRWG,2026-08-12 11:35:00-04:00,2026-08-12 11:37:25.168464-04:00,85.168464,8844.0,1.8899999856948853,1.8907999992370605
GRWG,2026-08-12 11:37:00-04:00,2026-08-12 11:37:25.168464-04:00,-34.831536,0.0,1.8949999809265137,1.8949999809265137
BIVI,2026-08-12 11:32:00-04:00,2026-08-12 11:37:25.168464-04:00,265.168464,426806.0,1.8949999809265137,1.9249999523162842
BIVI,2026-08-12 11:33:00-04:00,2026-08-12 11:37:25.168464-04:00,205.168464,516552.0,1.9299999475479126,1.9801000356674194
BIVI,2026-08-12 11:34:00-04:00,2026-08-12 11:37:25.168464-04:00,145.168464,433881.0,1.9900000095367432,1.9900000095367432
BIVI,2026-08-12 11:35:00-04:00,2026-08-12 11:37:25.168464-04:00,85.168464,322658.0,1.975000023841858,1.8849999904632568
BIVI,2026-08-12 11:36:00-04:00,2026-08-12 11:37:25.168464-04:00,25.168464,307502.0,1.8876999616622925,1.8898999691009521
BIVI,2026-08-12 11:37:00-04:00,2026-08-12 11:37:25.168464-04:00,-34.831536,0.0,1.850000023841858,1.850000023841858
ENHA,2026-08-12 11:22:00-04:00,2026-08-12 11:37:25.168464-04:00,865.168464,0.0,2.1649999618530273,2.1700000762939453
ENHA,2026-08-12 11:24:00-04:00,2026-08-12 11:37:25.168464-04:00,745.168464,2089.0,2.186199903488159,2.186199903488159
ENHA,2026-08-12 11:31:00-04:00,2026-08-12 11:37:25.168464-04:00,325.168464,7757.0,2.200000047683716,2.200000047683716
ENHA,2026-08-12 11:34:00-04:00,2026-08-12 11:37:25.168464-04:00,145.168464,3606.0,2.194999933242798,2.174999952316284
ENHA,2026-08-12 11:35:00-04:00,2026-08-12 11:37:25.168464-04:00,85.168464,2052.0,2.180000066757202,2.180000066757202
ENHA,2026-08-12 11:36:00-04:00,2026-08-12 11:37:25.168464-04:00,25.168464,0.0,2.174999952316284,2.174999952316284
BIVI,2026-08-12 11:32:00-04:00,2026-08-12 11:37:45.271180-04:00,285.27118,426806.0,1.8899999856948853,1.9249999523162842
BIVI,2026-08-12 11:33:00-04:00,2026-08-12 11:37:45.271180-04:00,225.27118,516552.0,1.9299999475479126,1.9801000356674194
BIVI,2026-08-12 11:34:00-04:00,2026-08-12 11:37:45.271180-04:00,165.27118,433881.0,1.9900000095367432,1.9900000095367432
BIVI,2026-08-12 11:35:00-04:00,2026-08-12 11:37:45.271180-04:00,105.27118,322658.0,1.975000023841858,1.8849999904632568
BIVI,2026-08-12 11:36:00-04:00,2026-08-12 11:37:45.271180-04:00,45.27118,307502.0,1.8876999616622925,1.8898999691009521
BIVI,2026-08-12 11:37:00-04:00,2026-08-12 11:37:45.271180-04:00,-14.72882,0.0,1.850100040435791,1.850100040435791
GRWG,2026-08-12 11:31:00-04:00,2026-08-12 11:37:45.271180-04:00,345.27118,20006.0,1.8949999809265137,1.8849999904632568
GRWG,2026-08-12 11:32:00-04:00,2026-08-12 11:37:45.271180-04:00,285.27118,4166.0,1.8801000118255615,1.8799999952316284
GRWG,2026-08-12 11:33:00-04:00,2026-08-12 11:37:45.271180-04:00,225.27118,13193.0,1.8799999952316284,1.8801000118255615
GRWG,2026-08-12 11:34:00-04:00,2026-08-12 11:37:45.271180-04:00,165.27118,2113.0,1.8799999952316284,1.8849999904632568
GRWG,2026-08-12 11:35:00-04:00,2026-08-12 11:37:45.271180-04:00,105.27118,8844.0,1.8899999856948853,1.8907999992370605
GRWG,2026-08-12 11:37:00-04:00,2026-08-12 11:37:45.271180-04:00,-14.72882,0.0,1.8899999856948853,1.8899999856948853
FEMY,2026-08-12 11:20:00-04:00,2026-08-12 11:37:45.271180-04:00,1005.27118,4365.0,2.3299999237060547,2.3299999237060547
FEMY,2026-08-12 11:21:00-04:00,2026-08-12 11:37:45.271180-04:00,945.27118,182.0,2.325000047683716,2.325000047683716
FEMY,2026-08-12 11:24:00-04:00,2026-08-12 11:37:45.271180-04:00,765.27118,7013.0,2.325000047683716,2.3299999237060547
FEMY,2026-08-12 11:25:00-04:00,2026-08-12 11:37:45.271180-04:00,705.27118,45332.0,2.3299999237060547,2.240000009536743
FEMY,2026-08-12 11:26:00-04:00,2026-08-12 11:37:45.271180-04:00,645.27118,10702.0,2.240000009536743,2.240000009536743
FEMY,2026-08-12 11:27:00-04:00,2026-08-12 11:37:45.271180-04:00,585.27118,0.0,2.2699999809265137,2.2699999809265137
REBN,2026-08-12 11:00:00-04:00,2026-08-12 11:37:45.271180-04:00,2205.27118,294.0,1.5099999904632568,1.5099999904632568
REBN,2026-08-12 11:01:00-04:00,2026-08-12 11:37:45.271180-04:00,2145.27118,11.0,1.5038000345230103,1.5038000345230103
REBN,2026-08-12 11:04:00-04:00,2026-08-12 11:37:45.271180-04:00,1965.27118,1111.0,1.5099999904632568,1.4900000095367432
REBN,2026-08-12 11:12:00-04:00,2026-08-12 11:37:45.271180-04:00,1485.27118,1109.0,1.5149999856948853,1.5149999856948853
REBN,2026-08-12 11:14:00-04:00,2026-08-12 11:37:45.271180-04:00,1365.27118,221.0,1.5,1.5
REBN,2026-08-12 11:34:00-04:00,2026-08-12 11:37:45.271180-04:00,165.27118,0.0,1.4800000190734863,1.4800000190734863
DRMA,2026-08-12 11:32:00-04:00,2026-08-12 11:37:45.271180-04:00,285.27118,25999.0,1.3300000429153442,1.3350000381469727
DRMA,2026-08-12 11:33:00-04:00,2026-08-12 11:37:45.271180-04:00,225.27118,20094.0,1.339900016784668,1.3580000400543213
DRMA,2026-08-12 11:34:00-04:00,2026-08-12 11:37:45.271180-04:00,165.27118,29277.0,1.350000023841858,1.3550000190734863
DRMA,2026-08-12 11:35:00-04:00,2026-08-12 11:37:45.271180-04:00,105.27118,61592.0,1.3550000190734863,1.3700000047683716
DRMA,2026-08-12 11:36:00-04:00,2026-08-12 11:37:45.271180-04:00,45.27118,266640.0,1.3799999952316284,1.3871999979019165
DRMA,2026-08-12 11:37:00-04:00,2026-08-12 11:37:45.271180-04:00,-14.72882,0.0,1.340000033378601,1.340000033378601
ENHA,2026-08-12 11:22:00-04:00,2026-08-12 11:37:45.271180-04:00,885.27118,0.0,2.1600000858306885,2.1700000762939453
ENHA,2026-08-12 11:24:00-04:00,2026-08-12 11:37:45.271180-04:00,765.27118,2089.0,2.186199903488159,2.186199903488159
ENHA,2026-08-12 11:31:00-04:00,2026-08-12 11:37:45.271180-04:00,345.27118,7757.0,2.200000047683716,2.200000047683716
ENHA,2026-08-12 11:34:00-04:00,2026-08-12 11:37:45.271180-04:00,165.27118,3606.0,2.194999933242798,2.174999952316284
ENHA,2026-08-12 11:35:00-04:00,2026-08-12 11:37:45.271180-04:00,105.27118,2052.0,2.180000066757202,2.180000066757202
ENHA,2026-08-12 11:36:00-04:00,2026-08-12 11:37:45.271180-04:00,45.27118,0.0,2.174999952316284,2.174999952316284
MXCT,2026-08-12 11:25:00-04:00,2026-08-12 11:37:45.271180-04:00,705.27118,758.0,1.250499963760376,1.250499963760376
MXCT,2026-08-12 11:30:00-04:00,2026-08-12 11:37:45.271180-04:00,405.27118,6947.0,1.2549999952316284,1.2598999738693237
MXCT,2026-08-12 11:32:00-04:00,2026-08-12 11:37:45.271180-04:00,285.27118,451.0,1.2595000267028809,1.2549999952316284
MXCT,2026-08-12 11:34:00-04:00,2026-08-12 11:37:45.271180-04:00,165.27118,1017.0,1.2549999952316284,1.2549999952316284
MXCT,2026-08-12 11:35:00-04:00,2026-08-12 11:37:45.271180-04:00,105.27118,2122.0,1.2549999952316284,1.2549999952316284
MXCT,2026-08-12 11:37:00-04:00,2026-08-12 11:37:45.271180-04:00,-14.72882,0.0,1.2549999952316284,1.2549999952316284
VLN,2026-08-12 11:32:00-04:00,2026-08-12 11:37:45.271180-04:00,285.27118,2866.0,1.8350000381469727,1.8350000381469727
VLN,2026-08-12 11:33:00-04:00,2026-08-12 11:37:45.271180-04:00,225.27118,34561.0,1.8350000381469727,1.815000057220459
VLN,2026-08-12 11:34:00-04:00,2026-08-12 11:37:45.271180-04:00,165.27118,1069.0,1.8102999925613403,1.8102999925613403
VLN,2026-08-12 11:35:00-04:00,2026-08-12 11:37:45.271180-04:00,105.27118,3726.0,1.811400055885315,1.815000057220459
VLN,2026-08-12 11:36:00-04:00,2026-08-12 11:37:45.271180-04:00,45.27118,1243.0,1.815000057220459,1.809999942779541
VLN,2026-08-12 11:37:00-04:00,2026-08-12 11:37:45.271180-04:00,-14.72882,0.0,1.815000057220459,1.815000057220459
ENHA,2026-08-12 11:22:00-04:00,2026-08-12 11:38:05.312536-04:00,905.312536,0.0,2.1649999618530273,2.1700000762939453
ENHA,2026-08-12 11:24:00-04:00,2026-08-12 11:38:05.312536-04:00,785.312536,2089.0,2.186199903488159,2.186199903488159
ENHA,2026-08-12 11:31:00-04:00,2026-08-12 11:38:05.312536-04:00,365.312536,7757.0,2.200000047683716,2.200000047683716
ENHA,2026-08-12 11:34:00-04:00,2026-08-12 11:38:05.312536-04:00,185.312536,3606.0,2.194999933242798,2.174999952316284
ENHA,2026-08-12 11:35:00-04:00,2026-08-12 11:38:05.312536-04:00,125.312536,2052.0,2.180000066757202,2.180000066757202
ENHA,2026-08-12 11:36:00-04:00,2026-08-12 11:38:05.312536-04:00,65.312536,0.0,2.174999952316284,2.174999952316284
FEMY,2026-08-12 11:20:00-04:00,2026-08-12 11:38:05.312536-04:00,1025.312536,4365.0,2.3299999237060547,2.3299999237060547
FEMY,2026-08-12 11:21:00-04:00,2026-08-12 11:38:05.312536-04:00,965.312536,182.0,2.325000047683716,2.325000047683716
FEMY,2026-08-12 11:24:00-04:00,2026-08-12 11:38:05.312536-04:00,785.312536,7013.0,2.325000047683716,2.3299999237060547
FEMY,2026-08-12 11:25:00-04:00,2026-08-12 11:38:05.312536-04:00,725.312536,45332.0,2.3299999237060547,2.240000009536743
FEMY,2026-08-12 11:26:00-04:00,2026-08-12 11:38:05.312536-04:00,665.312536,10702.0,2.240000009536743,2.240000009536743
FEMY,2026-08-12 11:27:00-04:00,2026-08-12 11:38:05.312536-04:00,605.312536,0.0,2.2699999809265137,2.2699999809265137
MXCT,2026-08-12 11:25:00-04:00,2026-08-12 11:38:05.312536-04:00,725.312536,758.0,1.250499963760376,1.250499963760376
MXCT,2026-08-12 11:30:00-04:00,2026-08-12 11:38:05.312536-04:00,425.312536,6947.0,1.2549999952316284,1.2598999738693237
MXCT,2026-08-12 11:32:00-04:00,2026-08-12 11:38:05.312536-04:00,305.312536,451.0,1.2595000267028809,1.2549999952316284
MXCT,2026-08-12 11:34:00-04:00,2026-08-12 11:38:05.312536-04:00,185.312536,1017.0,1.2549999952316284,1.2549999952316284
MXCT,2026-08-12 11:35:00-04:00,2026-08-12 11:38:05.312536-04:00,125.312536,2122.0,1.2549999952316284,1.2549999952316284
MXCT,2026-08-12 11:37:00-04:00,2026-08-12 11:38:05.312536-04:00,5.312536,0.0,1.2549999952316284,1.2549999952316284
GRWG,2026-08-12 11:32:00-04:00,2026-08-12 11:38:05.312536-04:00,305.312536,4166.0,1.8801000118255615,1.8799999952316284
GRWG,2026-08-12 11:33:00-04:00,2026-08-12 11:38:05.312536-04:00,245.312536,13193.0,1.8799999952316284,1.8801000118255615
GRWG,2026-08-12 11:34:00-04:00,2026-08-12 11:38:05.312536-04:00,185.312536,2113.0,1.8799999952316284,1.8849999904632568
GRWG,2026-08-12 11:35:00-04:00,2026-08-12 11:38:05.312536-04:00,125.312536,8844.0,1.8899999856948853,1.8907999992370605
GRWG,2026-08-12 11:37:00-04:00,2026-08-12 11:38:05.312536-04:00,5.312536,3396.0,1.8899999856948853,1.8899999856948853
GRWG,2026-08-12 11:38:00-04:00,2026-08-12 11:38:05.312536-04:00,-54.687464,0.0,1.8849999904632568,1.8849999904632568
DRMA,2026-08-12 11:33:00-04:00,2026-08-12 11:38:05.312536-04:00,245.312536,20094.0,1.339900016784668,1.3580000400543213
DRMA,2026-08-12 11:34:00-04:00,2026-08-12 11:38:05.312536-04:00,185.312536,29277.0,1.350000023841858,1.3550000190734863
DRMA,2026-08-12 11:35:00-04:00,2026-08-12 11:38:05.312536-04:00,125.312536,61592.0,1.3550000190734863,1.3700000047683716
DRMA,2026-08-12 11:36:00-04:00,2026-08-12 11:38:05.312536-04:00,65.312536,266640.0,1.3799999952316284,1.3871999979019165
DRMA,2026-08-12 11:37:00-04:00,2026-08-12 11:38:05.312536-04:00,5.312536,102132.0,1.3849999904632568,1.3450000286102295
DRMA,2026-08-12 11:38:00-04:00,2026-08-12 11:38:05.312536-04:00,-54.687464,0.0,1.3450000286102295,1.3450000286102295
BIVI,2026-08-12 11:33:00-04:00,2026-08-12 11:38:05.312536-04:00,245.312536,516552.0,1.9299999475479126,1.9801000356674194
BIVI,2026-08-12 11:34:00-04:00,2026-08-12 11:38:05.312536-04:00,185.312536,433881.0,1.9900000095367432,1.9900000095367432
BIVI,2026-08-12 11:35:00-04:00,2026-08-12 11:38:05.312536-04:00,125.312536,322658.0,1.975000023841858,1.8849999904632568
BIVI,2026-08-12 11:36:00-04:00,2026-08-12 11:38:05.312536-04:00,65.312536,307502.0,1.8876999616622925,1.8898999691009521
BIVI,2026-08-12 11:37:00-04:00,2026-08-12 11:38:05.312536-04:00,5.312536,285169.0,1.88100004196167,1.8700000047683716
BIVI,2026-08-12 11:38:00-04:00,2026-08-12 11:38:05.312536-04:00,-54.687464,0.0,1.8401000499725342,1.8401000499725342
REBN,2026-08-12 11:00:00-04:00,2026-08-12 11:38:05.312536-04:00,2225.312536,294.0,1.5099999904632568,1.5099999904632568
REBN,2026-08-12 11:01:00-04:00,2026-08-12 11:38:05.312536-04:00,2165.312536,11.0,1.5038000345230103,1.5038000345230103
REBN,2026-08-12 11:04:00-04:00,2026-08-12 11:38:05.312536-04:00,1985.312536,1111.0,1.5099999904632568,1.4900000095367432
REBN,2026-08-12 11:12:00-04:00,2026-08-12 11:38:05.312536-04:00,1505.312536,1109.0,1.5149999856948853,1.5149999856948853
REBN,2026-08-12 11:14:00-04:00,2026-08-12 11:38:05.312536-04:00,1385.312536,221.0,1.5,1.5
REBN,2026-08-12 11:34:00-04:00,2026-08-12 11:38:05.312536-04:00,185.312536,0.0,1.4800000190734863,1.4800000190734863
VLN,2026-08-12 11:32:00-04:00,2026-08-12 11:38:05.312536-04:00,305.312536,2866.0,1.8350000381469727,1.8350000381469727
VLN,2026-08-12 11:33:00-04:00,2026-08-12 11:38:05.312536-04:00,245.312536,34561.0,1.8350000381469727,1.815000057220459
VLN,2026-08-12 11:34:00-04:00,2026-08-12 11:38:05.312536-04:00,185.312536,1069.0,1.8102999925613403,1.8102999925613403
VLN,2026-08-12 11:35:00-04:00,2026-08-12 11:38:05.312536-04:00,125.312536,3726.0,1.811400055885315,1.815000057220459
VLN,2026-08-12 11:36:00-04:00,2026-08-12 11:38:05.312536-04:00,65.312536,1243.0,1.815000057220459,1.809999942779541
VLN,2026-08-12 11:37:00-04:00,2026-08-12 11:38:05.312536-04:00,5.312536,0.0,1.815000057220459,1.815000057220459
REBN,2026-08-12 11:01:00-04:00,2026-08-12 11:38:25.355587-04:00,2185.355587,11.0,1.5038000345230103,1.5038000345230103
REBN,2026-08-12 11:04:00-04:00,2026-08-12 11:38:25.355587-04:00,2005.355587,1111.0,1.5099999904632568,1.4900000095367432
REBN,2026-08-12 11:12:00-04:00,2026-08-12 11:38:25.355587-04:00,1525.355587,1109.0,1.5149999856948853,1.5149999856948853
REBN,2026-08-12 11:14:00-04:00,2026-08-12 11:38:25.355587-04:00,1405.355587,221.0,1.5,1.5
REBN,2026-08-12 11:34:00-04:00,2026-08-12 11:38:25.355587-04:00,205.355587,119.0,1.4800000190734863,1.4800000190734863
REBN,2026-08-12 11:38:00-04:00,2026-08-12 11:38:25.355587-04:00,-34.644413,0.0,1.4600000381469727,1.4600000381469727
ENHA,2026-08-12 11:22:00-04:00,2026-08-12 11:38:25.355587-04:00,925.355587,0.0,2.1649999618530273,2.1700000762939453
ENHA,2026-08-12 11:24:00-04:00,2026-08-12 11:38:25.355587-04:00,805.355587,2089.0,2.186199903488159,2.186199903488159
ENHA,2026-08-12 11:31:00-04:00,2026-08-12 11:38:25.355587-04:00,385.355587,7757.0,2.200000047683716,2.200000047683716
ENHA,2026-08-12 11:34:00-04:00,2026-08-12 11:38:25.355587-04:00,205.355587,3606.0,2.194999933242798,2.174999952316284
ENHA,2026-08-12 11:35:00-04:00,2026-08-12 11:38:25.355587-04:00,145.355587,2052.0,2.180000066757202,2.180000066757202
ENHA,2026-08-12 11:36:00-04:00,2026-08-12 11:38:25.355587-04:00,85.355587,0.0,2.174999952316284,2.174999952316284
FEMY,2026-08-12 11:20:00-04:00,2026-08-12 11:38:25.355587-04:00,1045.355587,4365.0,2.3299999237060547,2.3299999237060547
FEMY,2026-08-12 11:21:00-04:00,2026-08-12 11:38:25.355587-04:00,985.355587,182.0,2.325000047683716,2.325000047683716
FEMY,2026-08-12 11:24:00-04:00,2026-08-12 11:38:25.355587-04:00,805.355587,7013.0,2.325000047683716,2.3299999237060547
FEMY,2026-08-12 11:25:00-04:00,2026-08-12 11:38:25.355587-04:00,745.355587,45332.0,2.3299999237060547,2.240000009536743
FEMY,2026-08-12 11:26:00-04:00,2026-08-12 11:38:25.355587-04:00,685.355587,10702.0,2.240000009536743,2.240000009536743
FEMY,2026-08-12 11:27:00-04:00,2026-08-12 11:38:25.355587-04:00,625.355587,0.0,2.2699999809265137,2.2699999809265137
BIVI,2026-08-12 11:33:00-04:00,2026-08-12 11:38:25.355587-04:00,265.355587,516552.0,1.9299999475479126,1.9801000356674194
BIVI,2026-08-12 11:34:00-04:00,2026-08-12 11:38:25.355587-04:00,205.355587,433881.0,1.9900000095367432,1.9900000095367432
BIVI,2026-08-12 11:35:00-04:00,2026-08-12 11:38:25.355587-04:00,145.355587,322658.0,1.975000023841858,1.8849999904632568
BIVI,2026-08-12 11:36:00-04:00,2026-08-12 11:38:25.355587-04:00,85.355587,307502.0,1.8876999616622925,1.8898999691009521
BIVI,2026-08-12 11:37:00-04:00,2026-08-12 11:38:25.355587-04:00,25.355587,285733.0,1.88100004196167,1.8700000047683716
BIVI,2026-08-12 11:38:00-04:00,2026-08-12 11:38:25.355587-04:00,-34.644413,0.0,1.8650000095367432,1.8650000095367432
MXCT,2026-08-12 11:25:00-04:00,2026-08-12 11:38:25.355587-04:00,745.355587,758.0,1.250499963760376,1.250499963760376
MXCT,2026-08-12 11:30:00-04:00,2026-08-12 11:38:25.355587-04:00,445.355587,6947.0,1.2549999952316284,1.2598999738693237
MXCT,2026-08-12 11:32:00-04:00,2026-08-12 11:38:25.355587-04:00,325.355587,451.0,1.2595000267028809,1.2549999952316284
MXCT,2026-08-12 11:34:00-04:00,2026-08-12 11:38:25.355587-04:00,205.355587,1017.0,1.2549999952316284,1.2549999952316284
MXCT,2026-08-12 11:35:00-04:00,2026-08-12 11:38:25.355587-04:00,145.355587,2122.0,1.2549999952316284,1.2549999952316284
MXCT,2026-08-12 11:37:00-04:00,2026-08-12 11:38:25.355587-04:00,25.355587,0.0,1.2549999952316284,1.2549999952316284
VLN,2026-08-12 11:33:00-04:00,2026-08-12 11:38:25.355587-04:00,265.355587,34561.0,1.8350000381469727,1.815000057220459
VLN,2026-08-12 11:34:00-04:00,2026-08-12 11:38:25.355587-04:00,205.355587,1069.0,1.8102999925613403,1.8102999925613403
VLN,2026-08-12 11:35:00-04:00,2026-08-12 11:38:25.355587-04:00,145.355587,3726.0,1.811400055885315,1.815000057220459
VLN,2026-08-12 11:36:00-04:00,2026-08-12 11:38:25.355587-04:00,85.355587,1243.0,1.815000057220459,1.809999942779541
VLN,2026-08-12 11:37:00-04:00,2026-08-12 11:38:25.355587-04:00,25.355587,289.0,1.815000057220459,1.815000057220459
VLN,2026-08-12 11:38:00-04:00,2026-08-12 11:38:25.355587-04:00,-34.644413,0.0,1.812000036239624,1.812000036239624
DRMA,2026-08-12 11:33:00-04:00,2026-08-12 11:38:25.355587-04:00,265.355587,20094.0,1.339900016784668,1.3580000400543213
DRMA,2026-08-12 11:34:00-04:00,2026-08-12 11:38:25.355587-04:00,205.355587,29277.0,1.350000023841858,1.3550000190734863
DRMA,2026-08-12 11:35:00-04:00,2026-08-12 11:38:25.355587-04:00,145.355587,61592.0,1.3550000190734863,1.3700000047683716
DRMA,2026-08-12 11:36:00-04:00,2026-08-12 11:38:25.355587-04:00,85.355587,266640.0,1.3799999952316284,1.3871999979019165
DRMA,2026-08-12 11:37:00-04:00,2026-08-12 11:38:25.355587-04:00,25.355587,102132.0,1.3849999904632568,1.3450000286102295
DRMA,2026-08-12 11:38:00-04:00,2026-08-12 11:38:25.355587-04:00,-34.644413,0.0,1.3401000499725342,1.3401000499725342
GRWG,2026-08-12 11:32:00-04:00,2026-08-12 11:38:25.355587-04:00,325.355587,4166.0,1.8801000118255615,1.8799999952316284
GRWG,2026-08-12 11:33:00-04:00,2026-08-12 11:38:25.355587-04:00,265.355587,13193.0,1.8799999952316284,1.8801000118255615
GRWG,2026-08-12 11:34:00-04:00,2026-08-12 11:38:25.355587-04:00,205.355587,2113.0,1.8799999952316284,1.8849999904632568
GRWG,2026-08-12 11:35:00-04:00,2026-08-12 11:38:25.355587-04:00,145.355587,8844.0,1.8899999856948853,1.8907999992370605
GRWG,2026-08-12 11:37:00-04:00,2026-08-12 11:38:25.355587-04:00,25.355587,3396.0,1.8899999856948853,1.8899999856948853
GRWG,2026-08-12 11:38:00-04:00,2026-08-12 11:38:25.355587-04:00,-34.644413,0.0,1.889799952507019,1.889799952507019
REBN,2026-08-12 11:01:00-04:00,2026-08-12 11:38:45.397329-04:00,2205.397329,11.0,1.5038000345230103,1.5038000345230103
REBN,2026-08-12 11:04:00-04:00,2026-08-12 11:38:45.397329-04:00,2025.397329,1111.0,1.5099999904632568,1.4900000095367432
REBN,2026-08-12 11:12:00-04:00,2026-08-12 11:38:45.397329-04:00,1545.397329,1109.0,1.5149999856948853,1.5149999856948853
REBN,2026-08-12 11:14:00-04:00,2026-08-12 11:38:45.397329-04:00,1425.397329,221.0,1.5,1.5
REBN,2026-08-12 11:34:00-04:00,2026-08-12 11:38:45.397329-04:00,225.397329,119.0,1.4800000190734863,1.4800000190734863
REBN,2026-08-12 11:38:00-04:00,2026-08-12 11:38:45.397329-04:00,-14.602671,0.0,1.4600000381469727,1.4600000381469727
MXCT,2026-08-12 11:30:00-04:00,2026-08-12 11:38:45.397329-04:00,465.397329,6947.0,1.2549999952316284,1.2598999738693237
MXCT,2026-08-12 11:32:00-04:00,2026-08-12 11:38:45.397329-04:00,345.397329,451.0,1.2595000267028809,1.2549999952316284
MXCT,2026-08-12 11:34:00-04:00,2026-08-12 11:38:45.397329-04:00,225.397329,1017.0,1.2549999952316284,1.2549999952316284
MXCT,2026-08-12 11:35:00-04:00,2026-08-12 11:38:45.397329-04:00,165.397329,2122.0,1.2549999952316284,1.2549999952316284
MXCT,2026-08-12 11:37:00-04:00,2026-08-12 11:38:45.397329-04:00,45.397329,276.0,1.2549999952316284,1.2549999952316284
MXCT,2026-08-12 11:38:00-04:00,2026-08-12 11:38:45.397329-04:00,-14.602671,0.0,1.2549999952316284,1.2549999952316284
FEMY,2026-08-12 11:20:00-04:00,2026-08-12 11:38:45.397329-04:00,1065.397329,4365.0,2.3299999237060547,2.3299999237060547
FEMY,2026-08-12 11:21:00-04:00,2026-08-12 11:38:45.397329-04:00,1005.397329,182.0,2.325000047683716,2.325000047683716
FEMY,2026-08-12 11:24:00-04:00,2026-08-12 11:38:45.397329-04:00,825.397329,7013.0,2.325000047683716,2.3299999237060547
FEMY,2026-08-12 11:25:00-04:00,2026-08-12 11:38:45.397329-04:00,765.397329,45332.0,2.3299999237060547,2.240000009536743
FEMY,2026-08-12 11:26:00-04:00,2026-08-12 11:38:45.397329-04:00,705.397329,10702.0,2.240000009536743,2.240000009536743
FEMY,2026-08-12 11:27:00-04:00,2026-08-12 11:38:45.397329-04:00,645.397329,0.0,2.2699999809265137,2.2699999809265137
BIVI,2026-08-12 11:33:00-04:00,2026-08-12 11:38:45.397329-04:00,285.397329,516552.0,1.9299999475479126,1.9801000356674194
BIVI,2026-08-12 11:34:00-04:00,2026-08-12 11:38:45.397329-04:00,225.397329,433881.0,1.9900000095367432,1.9900000095367432
BIVI,2026-08-12 11:35:00-04:00,2026-08-12 11:38:45.397329-04:00,165.397329,322658.0,1.975000023841858,1.8849999904632568
BIVI,2026-08-12 11:36:00-04:00,2026-08-12 11:38:45.397329-04:00,105.397329,307502.0,1.8876999616622925,1.8898999691009521
BIVI,2026-08-12 11:37:00-04:00,2026-08-12 11:38:45.397329-04:00,45.397329,285169.0,1.88100004196167,1.8700000047683716
BIVI,2026-08-12 11:38:00-04:00,2026-08-12 11:38:45.397329-04:00,-14.602671,0.0,1.8849999904632568,1.8849999904632568
VLN,2026-08-12 11:33:00-04:00,2026-08-12 11:38:45.397329-04:00,285.397329,34561.0,1.8350000381469727,1.815000057220459
VLN,2026-08-12 11:34:00-04:00,2026-08-12 11:38:45.397329-04:00,225.397329,1069.0,1.8102999925613403,1.8102999925613403
VLN,2026-08-12 11:35:00-04:00,2026-08-12 11:38:45.397329-04:00,165.397329,3726.0,1.811400055885315,1.815000057220459
VLN,2026-08-12 11:36:00-04:00,2026-08-12 11:38:45.397329-04:00,105.397329,1243.0,1.815000057220459,1.809999942779541
VLN,2026-08-12 11:37:00-04:00,2026-08-12 11:38:45.397329-04:00,45.397329,289.0,1.815000057220459,1.815000057220459
VLN,2026-08-12 11:38:00-04:00,2026-08-12 11:38:45.397329-04:00,-14.602671,0.0,1.815000057220459,1.815000057220459
GRWG,2026-08-12 11:32:00-04:00,2026-08-12 11:38:45.397329-04:00,345.397329,4166.0,1.8801000118255615,1.8799999952316284
GRWG,2026-08-12 11:33:00-04:00,2026-08-12 11:38:45.397329-04:00,285.397329,13193.0,1.8799999952316284,1.8801000118255615
GRWG,2026-08-12 11:34:00-04:00,2026-08-12 11:38:45.397329-04:00,225.397329,2113.0,1.8799999952316284,1.8849999904632568
GRWG,2026-08-12 11:35:00-04:00,2026-08-12 11:38:45.397329-04:00,165.397329,8844.0,1.8899999856948853,1.8907999992370605
GRWG,2026-08-12 11:37:00-04:00,2026-08-12 11:38:45.397329-04:00,45.397329,3396.0,1.8899999856948853,1.8899999856948853
GRWG,2026-08-12 11:38:00-04:00,2026-08-12 11:38:45.397329-04:00,-14.602671,0.0,1.8899999856948853,1.8899999856948853
ENHA,2026-08-12 11:22:00-04:00,2026-08-12 11:38:45.397329-04:00,945.397329,4096.0,2.1600000858306885,2.190000057220459
ENHA,2026-08-12 11:24:00-04:00,2026-08-12 11:38:45.397329-04:00,825.397329,0.0,2.186199903488159,2.186199903488159
ENHA,2026-08-12 11:31:00-04:00,2026-08-12 11:38:45.397329-04:00,405.397329,7757.0,2.200000047683716,2.200000047683716
ENHA,2026-08-12 11:34:00-04:00,2026-08-12 11:38:45.397329-04:00,225.397329,3606.0,2.194999933242798,2.174999952316284
ENHA,2026-08-12 11:35:00-04:00,2026-08-12 11:38:45.397329-04:00,165.397329,2052.0,2.180000066757202,2.180000066757202
ENHA,2026-08-12 11:36:00-04:00,2026-08-12 11:38:45.397329-04:00,105.397329,0.0,2.174999952316284,2.174999952316284
DRMA,2026-08-12 11:33:00-04:00,2026-08-12 11:38:45.397329-04:00,285.397329,20094.0,1.339900016784668,1.3580000400543213
DRMA,2026-08-12 11:34:00-04:00,2026-08-12 11:38:45.397329-04:00,225.397329,29277.0,1.350000023841858,1.3550000190734863
DRMA,2026-08-12 11:35:00-04:00,2026-08-12 11:38:45.397329-04:00,165.397329,61592.0,1.3550000190734863,1.3700000047683716
DRMA,2026-08-12 11:36:00-04:00,2026-08-12 11:38:45.397329-04:00,105.397329,266640.0,1.3799999952316284,1.3871999979019165
DRMA,2026-08-12 11:37:00-04:00,2026-08-12 11:38:45.397329-04:00,45.397329,102132.0,1.3849999904632568,1.3450000286102295
DRMA,2026-08-12 11:38:00-04:00,2026-08-12 11:38:45.397329-04:00,-14.602671,0.0,1.3437000513076782,1.3437000513076782
REBN,2026-08-12 11:01:00-04:00,2026-08-12 11:39:05.450176-04:00,2225.450176,11.0,1.5038000345230103,1.5038000345230103
REBN,2026-08-12 11:04:00-04:00,2026-08-12 11:39:05.450176-04:00,2045.450176,1111.0,1.5099999904632568,1.4900000095367432
REBN,2026-08-12 11:12:00-04:00,2026-08-12 11:39:05.450176-04:00,1565.450176,1109.0,1.5149999856948853,1.5149999856948853
REBN,2026-08-12 11:14:00-04:00,2026-08-12 11:39:05.450176-04:00,1445.450176,221.0,1.5,1.5
REBN,2026-08-12 11:34:00-04:00,2026-08-12 11:39:05.450176-04:00,245.450176,119.0,1.4800000190734863,1.4800000190734863
REBN,2026-08-12 11:38:00-04:00,2026-08-12 11:39:05.450176-04:00,5.450176,0.0,1.4600000381469727,1.4600000381469727
VLN,2026-08-12 11:33:00-04:00,2026-08-12 11:39:05.450176-04:00,305.450176,34561.0,1.8350000381469727,1.815000057220459
VLN,2026-08-12 11:34:00-04:00,2026-08-12 11:39:05.450176-04:00,245.450176,1069.0,1.8102999925613403,1.8102999925613403
VLN,2026-08-12 11:35:00-04:00,2026-08-12 11:39:05.450176-04:00,185.450176,3726.0,1.811400055885315,1.815000057220459
VLN,2026-08-12 11:36:00-04:00,2026-08-12 11:39:05.450176-04:00,125.450176,1243.0,1.815000057220459,1.809999942779541
VLN,2026-08-12 11:37:00-04:00,2026-08-12 11:39:05.450176-04:00,65.450176,289.0,1.815000057220459,1.815000057220459
VLN,2026-08-12 11:38:00-04:00,2026-08-12 11:39:05.450176-04:00,5.450176,0.0,1.809999942779541,1.809999942779541
FEMY,2026-08-12 11:21:00-04:00,2026-08-12 11:39:05.450176-04:00,1025.450176,182.0,2.325000047683716,2.325000047683716
FEMY,2026-08-12 11:24:00-04:00,2026-08-12 11:39:05.450176-04:00,845.450176,7013.0,2.325000047683716,2.3299999237060547
FEMY,2026-08-12 11:25:00-04:00,2026-08-12 11:39:05.450176-04:00,785.450176,45332.0,2.3299999237060547,2.240000009536743
FEMY,2026-08-12 11:26:00-04:00,2026-08-12 11:39:05.450176-04:00,725.450176,10702.0,2.240000009536743,2.240000009536743
FEMY,2026-08-12 11:27:00-04:00,2026-08-12 11:39:05.450176-04:00,665.450176,690.0,2.2699999809265137,2.2699999809265137
FEMY,2026-08-12 11:38:00-04:00,2026-08-12 11:39:05.450176-04:00,5.450176,0.0,2.309999942779541,2.309999942779541
MXCT,2026-08-12 11:30:00-04:00,2026-08-12 11:39:05.450176-04:00,485.450176,6947.0,1.2549999952316284,1.2598999738693237
MXCT,2026-08-12 11:32:00-04:00,2026-08-12 11:39:05.450176-04:00,365.450176,451.0,1.2595000267028809,1.2549999952316284
MXCT,2026-08-12 11:34:00-04:00,2026-08-12 11:39:05.450176-04:00,245.450176,1017.0,1.2549999952316284,1.2549999952316284
MXCT,2026-08-12 11:35:00-04:00,2026-08-12 11:39:05.450176-04:00,185.450176,2122.0,1.2549999952316284,1.2549999952316284
MXCT,2026-08-12 11:37:00-04:00,2026-08-12 11:39:05.450176-04:00,65.450176,276.0,1.2549999952316284,1.2549999952316284
MXCT,2026-08-12 11:38:00-04:00,2026-08-12 11:39:05.450176-04:00,5.450176,0.0,1.2549999952316284,1.2549999952316284
BIVI,2026-08-12 11:34:00-04:00,2026-08-12 11:39:05.450176-04:00,245.450176,433881.0,1.9900000095367432,1.9900000095367432
BIVI,2026-08-12 11:35:00-04:00,2026-08-12 11:39:05.450176-04:00,185.450176,322658.0,1.975000023841858,1.8849999904632568
BIVI,2026-08-12 11:36:00-04:00,2026-08-12 11:39:05.450176-04:00,125.450176,307502.0,1.8876999616622925,1.8898999691009521
BIVI,2026-08-12 11:37:00-04:00,2026-08-12 11:39:05.450176-04:00,65.450176,285169.0,1.88100004196167,1.8700000047683716
BIVI,2026-08-12 11:38:00-04:00,2026-08-12 11:39:05.450176-04:00,5.450176,150003.0,1.8601000308990479,1.8949999809265137
BIVI,2026-08-12 11:39:00-04:00,2026-08-12 11:39:05.450176-04:00,-54.549824,0.0,1.8601000308990479,1.8601000308990479
GRWG,2026-08-12 11:32:00-04:00,2026-08-12 11:39:05.450176-04:00,365.450176,4166.0,1.8801000118255615,1.8799999952316284
GRWG,2026-08-12 11:33:00-04:00,2026-08-12 11:39:05.450176-04:00,305.450176,13193.0,1.8799999952316284,1.8801000118255615
GRWG,2026-08-12 11:34:00-04:00,2026-08-12 11:39:05.450176-04:00,245.450176,2113.0,1.8799999952316284,1.8849999904632568
GRWG,2026-08-12 11:35:00-04:00,2026-08-12 11:39:05.450176-04:00,185.450176,8844.0,1.8899999856948853,1.8907999992370605
GRWG,2026-08-12 11:37:00-04:00,2026-08-12 11:39:05.450176-04:00,65.450176,3396.0,1.8899999856948853,1.8899999856948853
GRWG,2026-08-12 11:38:00-04:00,2026-08-12 11:39:05.450176-04:00,5.450176,0.0,1.8899999856948853,1.8899999856948853
DRMA,2026-08-12 11:34:00-04:00,2026-08-12 11:39:05.450176-04:00,245.450176,29277.0,1.350000023841858,1.3550000190734863
DRMA,2026-08-12 11:35:00-04:00,2026-08-12 11:39:05.450176-04:00,185.450176,61592.0,1.3550000190734863,1.3700000047683716
DRMA,2026-08-12 11:36:00-04:00,2026-08-12 11:39:05.450176-04:00,125.450176,266640.0,1.3799999952316284,1.3871999979019165
DRMA,2026-08-12 11:37:00-04:00,2026-08-12 11:39:05.450176-04:00,65.450176,102132.0,1.3849999904632568,1.3450000286102295
DRMA,2026-08-12 11:38:00-04:00,2026-08-12 11:39:05.450176-04:00,5.450176,31174.0,1.347499966621399,1.3300000429153442
DRMA,2026-08-12 11:39:00-04:00,2026-08-12 11:39:05.450176-04:00,-54.549824,0.0,1.330199956893921,1.330199956893921
ENHA,2026-08-12 11:22:00-04:00,2026-08-12 11:39:05.450176-04:00,965.450176,4096.0,2.1600000858306885,2.190000057220459
ENHA,2026-08-12 11:24:00-04:00,2026-08-12 11:39:05.450176-04:00,845.450176,0.0,2.186199903488159,2.186199903488159
ENHA,2026-08-12 11:31:00-04:00,2026-08-12 11:39:05.450176-04:00,425.450176,7757.0,2.200000047683716,2.200000047683716
ENHA,2026-08-12 11:34:00-04:00,2026-08-12 11:39:05.450176-04:00,245.450176,3606.0,2.194999933242798,2.174999952316284
ENHA,2026-08-12 11:35:00-04:00,2026-08-12 11:39:05.450176-04:00,185.450176,2052.0,2.180000066757202,2.180000066757202
ENHA,2026-08-12 11:36:00-04:00,2026-08-12 11:39:05.450176-04:00,125.450176,0.0,2.174999952316284,2.174999952316284
REBN,2026-08-12 11:01:00-04:00,2026-08-12 11:39:25.498185-04:00,2245.498185,11.0,1.5038000345230103,1.5038000345230103
REBN,2026-08-12 11:04:00-04:00,2026-08-12 11:39:25.498185-04:00,2065.498185,1111.0,1.5099999904632568,1.4900000095367432
REBN,2026-08-12 11:12:00-04:00,2026-08-12 11:39:25.498185-04:00,1585.498185,1109.0,1.5149999856948853,1.5149999856948853
REBN,2026-08-12 11:14:00-04:00,2026-08-12 11:39:25.498185-04:00,1465.498185,221.0,1.5,1.5
REBN,2026-08-12 11:34:00-04:00,2026-08-12 11:39:25.498185-04:00,265.498185,119.0,1.4800000190734863,1.4800000190734863
REBN,2026-08-12 11:38:00-04:00,2026-08-12 11:39:25.498185-04:00,25.498185,0.0,1.4600000381469727,1.4600000381469727
ENHA,2026-08-12 11:23:00-04:00,2026-08-12 11:39:25.498185-04:00,925.498185,158.0,2.190000057220459,2.190000057220459
ENHA,2026-08-12 11:24:00-04:00,2026-08-12 11:39:25.498185-04:00,865.498185,0.0,2.186199903488159,2.186199903488159
ENHA,2026-08-12 11:31:00-04:00,2026-08-12 11:39:25.498185-04:00,445.498185,7757.0,2.200000047683716,2.200000047683716
ENHA,2026-08-12 11:34:00-04:00,2026-08-12 11:39:25.498185-04:00,265.498185,3606.0,2.194999933242798,2.174999952316284
ENHA,2026-08-12 11:35:00-04:00,2026-08-12 11:39:25.498185-04:00,205.498185,2052.0,2.180000066757202,2.180000066757202
ENHA,2026-08-12 11:36:00-04:00,2026-08-12 11:39:25.498185-04:00,145.498185,0.0,2.174999952316284,2.174999952316284
GRWG,2026-08-12 11:33:00-04:00,2026-08-12 11:39:25.498185-04:00,325.498185,13193.0,1.8799999952316284,1.8801000118255615
GRWG,2026-08-12 11:34:00-04:00,2026-08-12 11:39:25.498185-04:00,265.498185,2113.0,1.8799999952316284,1.8849999904632568
GRWG,2026-08-12 11:35:00-04:00,2026-08-12 11:39:25.498185-04:00,205.498185,8844.0,1.8899999856948853,1.8907999992370605
GRWG,2026-08-12 11:37:00-04:00,2026-08-12 11:39:25.498185-04:00,85.498185,3396.0,1.8899999856948853,1.8899999856948853
GRWG,2026-08-12 11:38:00-04:00,2026-08-12 11:39:25.498185-04:00,25.498185,3122.0,1.8849999904632568,1.8899999856948853
GRWG,2026-08-12 11:39:00-04:00,2026-08-12 11:39:25.498185-04:00,-34.501815,0.0,1.899999976158142,1.899999976158142
BIVI,2026-08-12 11:34:00-04:00,2026-08-12 11:39:25.498185-04:00,265.498185,433881.0,1.9900000095367432,1.9900000095367432
BIVI,2026-08-12 11:35:00-04:00,2026-08-12 11:39:25.498185-04:00,205.498185,322658.0,1.975000023841858,1.8849999904632568
BIVI,2026-08-12 11:36:00-04:00,2026-08-12 11:39:25.498185-04:00,145.498185,307502.0,1.8876999616622925,1.8898999691009521
BIVI,2026-08-12 11:37:00-04:00,2026-08-12 11:39:25.498185-04:00,85.498185,285733.0,1.88100004196167,1.8700000047683716
BIVI,2026-08-12 11:38:00-04:00,2026-08-12 11:39:25.498185-04:00,25.498185,149439.0,1.8601000308990479,1.8949999809265137
BIVI,2026-08-12 11:39:00-04:00,2026-08-12 11:39:25.498185-04:00,-34.501815,0.0,1.8350000381469727,1.8350000381469727
MXCT,2026-08-12 11:32:00-04:00,2026-08-12 11:39:25.498185-04:00,385.498185,451.0,1.2595000267028809,1.2549999952316284
MXCT,2026-08-12 11:34:00-04:00,2026-08-12 11:39:25.498185-04:00,265.498185,1017.0,1.2549999952316284,1.2549999952316284
MXCT,2026-08-12 11:35:00-04:00,2026-08-12 11:39:25.498185-04:00,205.498185,2122.0,1.2549999952316284,1.2549999952316284
MXCT,2026-08-12 11:37:00-04:00,2026-08-12 11:39:25.498185-04:00,85.498185,276.0,1.2549999952316284,1.2549999952316284
MXCT,2026-08-12 11:38:00-04:00,2026-08-12 11:39:25.498185-04:00,25.498185,424.0,1.2549999952316284,1.2549999952316284
MXCT,2026-08-12 11:39:00-04:00,2026-08-12 11:39:25.498185-04:00,-34.501815,0.0,1.2596999406814575,1.2596999406814575
FEMY,2026-08-12 11:21:00-04:00,2026-08-12 11:39:25.498185-04:00,1045.498185,182.0,2.325000047683716,2.325000047683716
FEMY,2026-08-12 11:24:00-04:00,2026-08-12 11:39:25.498185-04:00,865.498185,7013.0,2.325000047683716,2.3299999237060547
FEMY,2026-08-12 11:25:00-04:00,2026-08-12 11:39:25.498185-04:00,805.498185,45332.0,2.3299999237060547,2.240000009536743
FEMY,2026-08-12 11:26:00-04:00,2026-08-12 11:39:25.498185-04:00,745.498185,10702.0,2.240000009536743,2.240000009536743
FEMY,2026-08-12 11:27:00-04:00,2026-08-12 11:39:25.498185-04:00,685.498185,690.0,2.2699999809265137,2.2699999809265137
FEMY,2026-08-12 11:38:00-04:00,2026-08-12 11:39:25.498185-04:00,25.498185,0.0,2.309999942779541,2.309999942779541
VLN,2026-08-12 11:33:00-04:00,2026-08-12 11:39:25.498185-04:00,325.498185,34561.0,1.8350000381469727,1.815000057220459
VLN,2026-08-12 11:34:00-04:00,2026-08-12 11:39:25.498185-04:00,265.498185,1069.0,1.8102999925613403,1.8102999925613403
VLN,2026-08-12 11:35:00-04:00,2026-08-12 11:39:25.498185-04:00,205.498185,3726.0,1.811400055885315,1.815000057220459
VLN,2026-08-12 11:36:00-04:00,2026-08-12 11:39:25.498185-04:00,145.498185,1243.0,1.815000057220459,1.809999942779541
VLN,2026-08-12 11:37:00-04:00,2026-08-12 11:39:25.498185-04:00,85.498185,289.0,1.815000057220459,1.815000057220459
VLN,2026-08-12 11:38:00-04:00,2026-08-12 11:39:25.498185-04:00,25.498185,0.0,1.809999942779541,1.809999942779541
DRMA,2026-08-12 11:34:00-04:00,2026-08-12 11:39:25.498185-04:00,265.498185,29277.0,1.350000023841858,1.3550000190734863
DRMA,2026-08-12 11:35:00-04:00,2026-08-12 11:39:25.498185-04:00,205.498185,61592.0,1.3550000190734863,1.3700000047683716
DRMA,2026-08-12 11:36:00-04:00,2026-08-12 11:39:25.498185-04:00,145.498185,266640.0,1.3799999952316284,1.3871999979019165
DRMA,2026-08-12 11:37:00-04:00,2026-08-12 11:39:25.498185-04:00,85.498185,102132.0,1.3849999904632568,1.3450000286102295
DRMA,2026-08-12 11:38:00-04:00,2026-08-12 11:39:25.498185-04:00,25.498185,31174.0,1.347499966621399,1.3300000429153442
DRMA,2026-08-12 11:39:00-04:00,2026-08-12 11:39:25.498185-04:00,-34.501815,0.0,1.339900016784668,1.339900016784668
REBN,2026-08-12 11:01:00-04:00,2026-08-12 11:39:45.550643-04:00,2265.550643,11.0,1.5038000345230103,1.5038000345230103
REBN,2026-08-12 11:04:00-04:00,2026-08-12 11:39:45.550643-04:00,2085.550643,1111.0,1.5099999904632568,1.4900000095367432
REBN,2026-08-12 11:12:00-04:00,2026-08-12 11:39:45.550643-04:00,1605.550643,1109.0,1.5149999856948853,1.5149999856948853
REBN,2026-08-12 11:14:00-04:00,2026-08-12 11:39:45.550643-04:00,1485.550643,221.0,1.5,1.5
REBN,2026-08-12 11:34:00-04:00,2026-08-12 11:39:45.550643-04:00,285.550643,119.0,1.4800000190734863,1.4800000190734863
REBN,2026-08-12 11:38:00-04:00,2026-08-12 11:39:45.550643-04:00,45.550643,0.0,1.4600000381469727,1.4600000381469727
GRWG,2026-08-12 11:33:00-04:00,2026-08-12 11:39:45.550643-04:00,345.550643,13193.0,1.8799999952316284,1.8801000118255615
GRWG,2026-08-12 11:34:00-04:00,2026-08-12 11:39:45.550643-04:00,285.550643,2113.0,1.8799999952316284,1.8849999904632568
GRWG,2026-08-12 11:35:00-04:00,2026-08-12 11:39:45.550643-04:00,225.550643,8844.0,1.8899999856948853,1.8907999992370605
GRWG,2026-08-12 11:37:00-04:00,2026-08-12 11:39:45.550643-04:00,105.550643,3396.0,1.8899999856948853,1.8899999856948853
GRWG,2026-08-12 11:38:00-04:00,2026-08-12 11:39:45.550643-04:00,45.550643,3122.0,1.8849999904632568,1.8899999856948853
GRWG,2026-08-12 11:39:00-04:00,2026-08-12 11:39:45.550643-04:00,-14.449357,0.0,1.8907999992370605,1.8907999992370605
FEMY,2026-08-12 11:21:00-04:00,2026-08-12 11:39:45.550643-04:00,1065.550643,182.0,2.325000047683716,2.325000047683716
FEMY,2026-08-12 11:24:00-04:00,2026-08-12 11:39:45.550643-04:00,885.550643,7013.0,2.325000047683716,2.3299999237060547
FEMY,2026-08-12 11:25:00-04:00,2026-08-12 11:39:45.550643-04:00,825.550643,45332.0,2.3299999237060547,2.240000009536743
FEMY,2026-08-12 11:26:00-04:00,2026-08-12 11:39:45.550643-04:00,765.550643,10702.0,2.240000009536743,2.240000009536743
FEMY,2026-08-12 11:27:00-04:00,2026-08-12 11:39:45.550643-04:00,705.550643,690.0,2.2699999809265137,2.2699999809265137
FEMY,2026-08-12 11:38:00-04:00,2026-08-12 11:39:45.550643-04:00,45.550643,0.0,2.309999942779541,2.309999942779541
BIVI,2026-08-12 11:34:00-04:00,2026-08-12 11:39:45.550643-04:00,285.550643,433881.0,1.9900000095367432,1.9900000095367432
BIVI,2026-08-12 11:35:00-04:00,2026-08-12 11:39:45.550643-04:00,225.550643,322658.0,1.975000023841858,1.8849999904632568
BIVI,2026-08-12 11:36:00-04:00,2026-08-12 11:39:45.550643-04:00,165.550643,307502.0,1.8876999616622925,1.8898999691009521
BIVI,2026-08-12 11:37:00-04:00,2026-08-12 11:39:45.550643-04:00,105.550643,285169.0,1.88100004196167,1.8700000047683716
BIVI,2026-08-12 11:38:00-04:00,2026-08-12 11:39:45.550643-04:00,45.550643,150003.0,1.8601000308990479,1.8949999809265137
BIVI,2026-08-12 11:39:00-04:00,2026-08-12 11:39:45.550643-04:00,-14.449357,0.0,1.8350000381469727,1.8350000381469727
MXCT,2026-08-12 11:32:00-04:00,2026-08-12 11:39:45.550643-04:00,405.550643,451.0,1.2595000267028809,1.2549999952316284
MXCT,2026-08-12 11:34:00-04:00,2026-08-12 11:39:45.550643-04:00,285.550643,1017.0,1.2549999952316284,1.2549999952316284
MXCT,2026-08-12 11:35:00-04:00,2026-08-12 11:39:45.550643-04:00,225.550643,2122.0,1.2549999952316284,1.2549999952316284
MXCT,2026-08-12 11:37:00-04:00,2026-08-12 11:39:45.550643-04:00,105.550643,276.0,1.2549999952316284,1.2549999952316284
MXCT,2026-08-12 11:38:00-04:00,2026-08-12 11:39:45.550643-04:00,45.550643,424.0,1.2549999952316284,1.2549999952316284
MXCT,2026-08-12 11:39:00-04:00,2026-08-12 11:39:45.550643-04:00,-14.449357,0.0,1.2596999406814575,1.2596999406814575
VLN,2026-08-12 11:34:00-04:00,2026-08-12 11:39:45.550643-04:00,285.550643,1069.0,1.8102999925613403,1.8102999925613403
VLN,2026-08-12 11:35:00-04:00,2026-08-12 11:39:45.550643-04:00,225.550643,3726.0,1.811400055885315,1.815000057220459
VLN,2026-08-12 11:36:00-04:00,2026-08-12 11:39:45.550643-04:00,165.550643,1243.0,1.815000057220459,1.809999942779541
VLN,2026-08-12 11:37:00-04:00,2026-08-12 11:39:45.550643-04:00,105.550643,289.0,1.815000057220459,1.815000057220459
VLN,2026-08-12 11:38:00-04:00,2026-08-12 11:39:45.550643-04:00,45.550643,4659.0,1.815000057220459,1.809999942779541
VLN,2026-08-12 11:39:00-04:00,2026-08-12 11:39:45.550643-04:00,-14.449357,0.0,1.815000057220459,1.815000057220459
ENHA,2026-08-12 11:23:00-04:00,2026-08-12 11:39:45.550643-04:00,945.550643,158.0,2.190000057220459,2.190000057220459
ENHA,2026-08-12 11:24:00-04:00,2026-08-12 11:39:45.550643-04:00,885.550643,0.0,2.186199903488159,2.186199903488159
ENHA,2026-08-12 11:31:00-04:00,2026-08-12 11:39:45.550643-04:00,465.550643,7757.0,2.200000047683716,2.200000047683716
ENHA,2026-08-12 11:34:00-04:00,2026-08-12 11:39:45.550643-04:00,285.550643,3606.0,2.194999933242798,2.174999952316284
ENHA,2026-08-12 11:35:00-04:00,2026-08-12 11:39:45.550643-04:00,225.550643,2052.0,2.180000066757202,2.180000066757202
ENHA,2026-08-12 11:36:00-04:00,2026-08-12 11:39:45.550643-04:00,165.550643,0.0,2.174999952316284,2.174999952316284
DRMA,2026-08-12 11:34:00-04:00,2026-08-12 11:39:45.550643-04:00,285.550643,29277.0,1.350000023841858,1.3550000190734863
DRMA,2026-08-12 11:35:00-04:00,2026-08-12 11:39:45.550643-04:00,225.550643,61592.0,1.3550000190734863,1.3700000047683716
DRMA,2026-08-12 11:36:00-04:00,2026-08-12 11:39:45.550643-04:00,165.550643,266640.0,1.3799999952316284,1.3871999979019165
DRMA,2026-08-12 11:37:00-04:00,2026-08-12 11:39:45.550643-04:00,105.550643,102132.0,1.3849999904632568,1.3450000286102295
DRMA,2026-08-12 11:38:00-04:00,2026-08-12 11:39:45.550643-04:00,45.550643,31174.0,1.347499966621399,1.3300000429153442
DRMA,2026-08-12 11:39:00-04:00,2026-08-12 11:39:45.550643-04:00,-14.449357,0.0,1.3309999704360962,1.3309999704360962
GRWG,2026-08-12 11:33:00-04:00,2026-08-12 11:40:05.593598-04:00,365.593598,13193.0,1.8799999952316284,1.8801000118255615
GRWG,2026-08-12 11:34:00-04:00,2026-08-12 11:40:05.593598-04:00,305.593598,2113.0,1.8799999952316284,1.8849999904632568
GRWG,2026-08-12 11:35:00-04:00,2026-08-12 11:40:05.593598-04:00,245.593598,8844.0,1.8899999856948853,1.8907999992370605
GRWG,2026-08-12 11:37:00-04:00,2026-08-12 11:40:05.593598-04:00,125.593598,3396.0,1.8899999856948853,1.8899999856948853
GRWG,2026-08-12 11:38:00-04:00,2026-08-12 11:40:05.593598-04:00,65.593598,3122.0,1.8849999904632568,1.8899999856948853
GRWG,2026-08-12 11:39:00-04:00,2026-08-12 11:40:05.593598-04:00,5.593598,0.0,1.8949999809265137,1.8949999809265137
REBN,2026-08-12 11:01:00-04:00,2026-08-12 11:40:05.593598-04:00,2285.593598,11.0,1.5038000345230103,1.5038000345230103
REBN,2026-08-12 11:04:00-04:00,2026-08-12 11:40:05.593598-04:00,2105.593598,1111.0,1.5099999904632568,1.4900000095367432
REBN,2026-08-12 11:12:00-04:00,2026-08-12 11:40:05.593598-04:00,1625.593598,1109.0,1.5149999856948853,1.5149999856948853
REBN,2026-08-12 11:14:00-04:00,2026-08-12 11:40:05.593598-04:00,1505.593598,221.0,1.5,1.5
REBN,2026-08-12 11:34:00-04:00,2026-08-12 11:40:05.593598-04:00,305.593598,119.0,1.4800000190734863,1.4800000190734863
REBN,2026-08-12 11:38:00-04:00,2026-08-12 11:40:05.593598-04:00,65.593598,0.0,1.4600000381469727,1.4600000381469727
MXCT,2026-08-12 11:32:00-04:00,2026-08-12 11:40:05.593598-04:00,425.593598,451.0,1.2595000267028809,1.2549999952316284
MXCT,2026-08-12 11:34:00-04:00,2026-08-12 11:40:05.593598-04:00,305.593598,1017.0,1.2549999952316284,1.2549999952316284
MXCT,2026-08-12 11:35:00-04:00,2026-08-12 11:40:05.593598-04:00,245.593598,2122.0,1.2549999952316284,1.2549999952316284
MXCT,2026-08-12 11:37:00-04:00,2026-08-12 11:40:05.593598-04:00,125.593598,276.0,1.2549999952316284,1.2549999952316284
MXCT,2026-08-12 11:38:00-04:00,2026-08-12 11:40:05.593598-04:00,65.593598,424.0,1.2549999952316284,1.2549999952316284
MXCT,2026-08-12 11:39:00-04:00,2026-08-12 11:40:05.593598-04:00,5.593598,0.0,1.2599999904632568,1.2599999904632568
FEMY,2026-08-12 11:21:00-04:00,2026-08-12 11:40:05.593598-04:00,1085.593598,182.0,2.325000047683716,2.325000047683716
FEMY,2026-08-12 11:24:00-04:00,2026-08-12 11:40:05.593598-04:00,905.593598,7013.0,2.325000047683716,2.3299999237060547
FEMY,2026-08-12 11:25:00-04:00,2026-08-12 11:40:05.593598-04:00,845.593598,45332.0,2.3299999237060547,2.240000009536743
FEMY,2026-08-12 11:26:00-04:00,2026-08-12 11:40:05.593598-04:00,785.593598,10702.0,2.240000009536743,2.240000009536743
FEMY,2026-08-12 11:27:00-04:00,2026-08-12 11:40:05.593598-04:00,725.593598,690.0,2.2699999809265137,2.2699999809265137
FEMY,2026-08-12 11:38:00-04:00,2026-08-12 11:40:05.593598-04:00,65.593598,0.0,2.309999942779541,2.309999942779541
ENHA,2026-08-12 11:23:00-04:00,2026-08-12 11:40:05.593598-04:00,965.593598,158.0,2.190000057220459,2.190000057220459
ENHA,2026-08-12 11:24:00-04:00,2026-08-12 11:40:05.593598-04:00,905.593598,0.0,2.186199903488159,2.186199903488159
ENHA,2026-08-12 11:31:00-04:00,2026-08-12 11:40:05.593598-04:00,485.593598,7757.0,2.200000047683716,2.200000047683716
ENHA,2026-08-12 11:34:00-04:00,2026-08-12 11:40:05.593598-04:00,305.593598,3606.0,2.194999933242798,2.174999952316284
ENHA,2026-08-12 11:35:00-04:00,2026-08-12 11:40:05.593598-04:00,245.593598,2052.0,2.180000066757202,2.180000066757202
ENHA,2026-08-12 11:36:00-04:00,2026-08-12 11:40:05.593598-04:00,185.593598,0.0,2.174999952316284,2.174999952316284
VLN,2026-08-12 11:34:00-04:00,2026-08-12 11:40:05.593598-04:00,305.593598,1069.0,1.8102999925613403,1.8102999925613403
VLN,2026-08-12 11:35:00-04:00,2026-08-12 11:40:05.593598-04:00,245.593598,3726.0,1.811400055885315,1.815000057220459
VLN,2026-08-12 11:36:00-04:00,2026-08-12 11:40:05.593598-04:00,185.593598,1243.0,1.815000057220459,1.809999942779541
VLN,2026-08-12 11:37:00-04:00,2026-08-12 11:40:05.593598-04:00,125.593598,289.0,1.815000057220459,1.815000057220459
VLN,2026-08-12 11:38:00-04:00,2026-08-12 11:40:05.593598-04:00,65.593598,4659.0,1.815000057220459,1.809999942779541
VLN,2026-08-12 11:39:00-04:00,2026-08-12 11:40:05.593598-04:00,5.593598,0.0,1.815000057220459,1.815000057220459
BIVI,2026-08-12 11:35:00-04:00,2026-08-12 11:40:05.593598-04:00,245.593598,322658.0,1.975000023841858,1.8849999904632568
BIVI,2026-08-12 11:36:00-04:00,2026-08-12 11:40:05.593598-04:00,185.593598,307502.0,1.8876999616622925,1.8898999691009521
BIVI,2026-08-12 11:37:00-04:00,2026-08-12 11:40:05.593598-04:00,125.593598,285169.0,1.88100004196167,1.8700000047683716
BIVI,2026-08-12 11:38:00-04:00,2026-08-12 11:40:05.593598-04:00,65.593598,150003.0,1.8601000308990479,1.8949999809265137
BIVI,2026-08-12 11:39:00-04:00,2026-08-12 11:40:05.593598-04:00,5.593598,173450.0,1.8910000324249268,1.8499000072479248
BIVI,2026-08-12 11:40:00-04:00,2026-08-12 11:40:05.593598-04:00,-54.406402,0.0,1.840000033378601,1.840000033378601
DRMA,2026-08-12 11:34:00-04:00,2026-08-12 11:40:05.593598-04:00,305.593598,29277.0,1.350000023841858,1.3550000190734863
DRMA,2026-08-12 11:35:00-04:00,2026-08-12 11:40:05.593598-04:00,245.593598,61592.0,1.3550000190734863,1.3700000047683716
DRMA,2026-08-12 11:36:00-04:00,2026-08-12 11:40:05.593598-04:00,185.593598,266640.0,1.3799999952316284,1.3871999979019165
DRMA,2026-08-12 11:37:00-04:00,2026-08-12 11:40:05.593598-04:00,125.593598,102132.0,1.3849999904632568,1.3450000286102295
DRMA,2026-08-12 11:38:00-04:00,2026-08-12 11:40:05.593598-04:00,65.593598,31174.0,1.347499966621399,1.3300000429153442
DRMA,2026-08-12 11:39:00-04:00,2026-08-12 11:40:05.593598-04:00,5.593598,18560.0,1.330199956893921,1.336400032043457
VLN,2026-08-12 11:35:00-04:00,2026-08-12 11:40:25.658433-04:00,265.658433,3726.0,1.811400055885315,1.815000057220459
VLN,2026-08-12 11:36:00-04:00,2026-08-12 11:40:25.658433-04:00,205.658433,1243.0,1.815000057220459,1.809999942779541
VLN,2026-08-12 11:37:00-04:00,2026-08-12 11:40:25.658433-04:00,145.658433,289.0,1.815000057220459,1.815000057220459
VLN,2026-08-12 11:38:00-04:00,2026-08-12 11:40:25.658433-04:00,85.658433,4659.0,1.815000057220459,1.809999942779541
VLN,2026-08-12 11:39:00-04:00,2026-08-12 11:40:25.658433-04:00,25.658433,192.0,1.815000057220459,1.815000057220459
VLN,2026-08-12 11:40:00-04:00,2026-08-12 11:40:25.658433-04:00,-34.341567,0.0,1.809999942779541,1.809999942779541
DRMA,2026-08-12 11:35:00-04:00,2026-08-12 11:40:25.658433-04:00,265.658433,61592.0,1.3550000190734863,1.3700000047683716
DRMA,2026-08-12 11:36:00-04:00,2026-08-12 11:40:25.658433-04:00,205.658433,266640.0,1.3799999952316284,1.3871999979019165
DRMA,2026-08-12 11:37:00-04:00,2026-08-12 11:40:25.658433-04:00,145.658433,102132.0,1.3849999904632568,1.3450000286102295
DRMA,2026-08-12 11:38:00-04:00,2026-08-12 11:40:25.658433-04:00,85.658433,31174.0,1.347499966621399,1.3300000429153442
DRMA,2026-08-12 11:39:00-04:00,2026-08-12 11:40:25.658433-04:00,25.658433,18560.0,1.330199956893921,1.336400032043457
DRMA,2026-08-12 11:40:00-04:00,2026-08-12 11:40:25.658433-04:00,-34.341567,0.0,1.3300000429153442,1.3300000429153442
FEMY,2026-08-12 11:21:00-04:00,2026-08-12 11:40:25.658433-04:00,1105.658433,182.0,2.325000047683716,2.325000047683716
FEMY,2026-08-12 11:24:00-04:00,2026-08-12 11:40:25.658433-04:00,925.658433,7013.0,2.325000047683716,2.3299999237060547
FEMY,2026-08-12 11:25:00-04:00,2026-08-12 11:40:25.658433-04:00,865.658433,45332.0,2.3299999237060547,2.240000009536743
FEMY,2026-08-12 11:26:00-04:00,2026-08-12 11:40:25.658433-04:00,805.658433,10702.0,2.240000009536743,2.240000009536743
FEMY,2026-08-12 11:27:00-04:00,2026-08-12 11:40:25.658433-04:00,745.658433,690.0,2.2699999809265137,2.2699999809265137
FEMY,2026-08-12 11:38:00-04:00,2026-08-12 11:40:25.658433-04:00,85.658433,0.0,2.309999942779541,2.309999942779541
ENHA,2026-08-12 11:23:00-04:00,2026-08-12 11:40:25.658433-04:00,985.658433,158.0,2.190000057220459,2.190000057220459
ENHA,2026-08-12 11:24:00-04:00,2026-08-12 11:40:25.658433-04:00,925.658433,0.0,2.186199903488159,2.186199903488159
ENHA,2026-08-12 11:31:00-04:00,2026-08-12 11:40:25.658433-04:00,505.658433,7757.0,2.200000047683716,2.200000047683716
ENHA,2026-08-12 11:34:00-04:00,2026-08-12 11:40:25.658433-04:00,325.658433,3606.0,2.194999933242798,2.174999952316284
ENHA,2026-08-12 11:35:00-04:00,2026-08-12 11:40:25.658433-04:00,265.658433,2052.0,2.180000066757202,2.180000066757202
ENHA,2026-08-12 11:36:00-04:00,2026-08-12 11:40:25.658433-04:00,205.658433,0.0,2.174999952316284,2.174999952316284
BIVI,2026-08-12 11:35:00-04:00,2026-08-12 11:40:25.658433-04:00,265.658433,322658.0,1.975000023841858,1.8849999904632568
BIVI,2026-08-12 11:36:00-04:00,2026-08-12 11:40:25.658433-04:00,205.658433,307502.0,1.8876999616622925,1.8898999691009521
BIVI,2026-08-12 11:37:00-04:00,2026-08-12 11:40:25.658433-04:00,145.658433,285169.0,1.88100004196167,1.8700000047683716
BIVI,2026-08-12 11:38:00-04:00,2026-08-12 11:40:25.658433-04:00,85.658433,150003.0,1.8601000308990479,1.8949999809265137
BIVI,2026-08-12 11:39:00-04:00,2026-08-12 11:40:25.658433-04:00,25.658433,173450.0,1.8910000324249268,1.8499000072479248
BIVI,2026-08-12 11:40:00-04:00,2026-08-12 11:40:25.658433-04:00,-34.341567,0.0,1.815000057220459,1.815000057220459
GRWG,2026-08-12 11:34:00-04:00,2026-08-12 11:40:25.658433-04:00,325.658433,2113.0,1.8799999952316284,1.8849999904632568
GRWG,2026-08-12 11:35:00-04:00,2026-08-12 11:40:25.658433-04:00,265.658433,8844.0,1.8899999856948853,1.8907999992370605
GRWG,2026-08-12 11:37:00-04:00,2026-08-12 11:40:25.658433-04:00,145.658433,3396.0,1.8899999856948853,1.8899999856948853
GRWG,2026-08-12 11:38:00-04:00,2026-08-12 11:40:25.658433-04:00,85.658433,3122.0,1.8849999904632568,1.8899999856948853
GRWG,2026-08-12 11:39:00-04:00,2026-08-12 11:40:25.658433-04:00,25.658433,13172.0,1.8899999856948853,1.8949999809265137
GRWG,2026-08-12 11:40:00-04:00,2026-08-12 11:40:25.658433-04:00,-34.341567,0.0,1.8997999429702759,1.8997999429702759
REBN,2026-08-12 11:01:00-04:00,2026-08-12 11:40:25.658433-04:00,2305.658433,11.0,1.5038000345230103,1.5038000345230103
REBN,2026-08-12 11:04:00-04:00,2026-08-12 11:40:25.658433-04:00,2125.658433,1111.0,1.5099999904632568,1.4900000095367432
REBN,2026-08-12 11:12:00-04:00,2026-08-12 11:40:25.658433-04:00,1645.658433,1109.0,1.5149999856948853,1.5149999856948853
REBN,2026-08-12 11:14:00-04:00,2026-08-12 11:40:25.658433-04:00,1525.658433,221.0,1.5,1.5
REBN,2026-08-12 11:34:00-04:00,2026-08-12 11:40:25.658433-04:00,325.658433,119.0,1.4800000190734863,1.4800000190734863
REBN,2026-08-12 11:38:00-04:00,2026-08-12 11:40:25.658433-04:00,85.658433,0.0,1.4600000381469727,1.4600000381469727
MXCT,2026-08-12 11:32:00-04:00,2026-08-12 11:40:25.658433-04:00,445.658433,451.0,1.2595000267028809,1.2549999952316284
MXCT,2026-08-12 11:34:00-04:00,2026-08-12 11:40:25.658433-04:00,325.658433,1017.0,1.2549999952316284,1.2549999952316284
MXCT,2026-08-12 11:35:00-04:00,2026-08-12 11:40:25.658433-04:00,265.658433,2122.0,1.2549999952316284,1.2549999952316284
MXCT,2026-08-12 11:37:00-04:00,2026-08-12 11:40:25.658433-04:00,145.658433,276.0,1.2549999952316284,1.2549999952316284
MXCT,2026-08-12 11:38:00-04:00,2026-08-12 11:40:25.658433-04:00,85.658433,424.0,1.2549999952316284,1.2549999952316284
MXCT,2026-08-12 11:39:00-04:00,2026-08-12 11:40:25.658433-04:00,25.658433,0.0,1.2599999904632568,1.2599999904632568
REBN,2026-08-12 11:01:00-04:00,2026-08-12 11:40:45.701382-04:00,2325.701382,11.0,1.5038000345230103,1.5038000345230103
REBN,2026-08-12 11:04:00-04:00,2026-08-12 11:40:45.701382-04:00,2145.701382,1111.0,1.5099999904632568,1.4900000095367432
REBN,2026-08-12 11:12:00-04:00,2026-08-12 11:40:45.701382-04:00,1665.701382,1109.0,1.5149999856948853,1.5149999856948853
REBN,2026-08-12 11:14:00-04:00,2026-08-12 11:40:45.701382-04:00,1545.701382,221.0,1.5,1.5
REBN,2026-08-12 11:34:00-04:00,2026-08-12 11:40:45.701382-04:00,345.701382,119.0,1.4800000190734863,1.4800000190734863
REBN,2026-08-12 11:38:00-04:00,2026-08-12 11:40:45.701382-04:00,105.701382,0.0,1.4600000381469727,1.4600000381469727
GRWG,2026-08-12 11:34:00-04:00,2026-08-12 11:40:45.701382-04:00,345.701382,2113.0,1.8799999952316284,1.8849999904632568
GRWG,2026-08-12 11:35:00-04:00,2026-08-12 11:40:45.701382-04:00,285.701382,8844.0,1.8899999856948853,1.8907999992370605
GRWG,2026-08-12 11:37:00-04:00,2026-08-12 11:40:45.701382-04:00,165.701382,3396.0,1.8899999856948853,1.8899999856948853
GRWG,2026-08-12 11:38:00-04:00,2026-08-12 11:40:45.701382-04:00,105.701382,3122.0,1.8849999904632568,1.8899999856948853
GRWG,2026-08-12 11:39:00-04:00,2026-08-12 11:40:45.701382-04:00,45.701382,13172.0,1.8899999856948853,1.8949999809265137
GRWG,2026-08-12 11:40:00-04:00,2026-08-12 11:40:45.701382-04:00,-14.298618,0.0,1.8899999856948853,1.8899999856948853
MXCT,2026-08-12 11:32:00-04:00,2026-08-12 11:40:45.701382-04:00,465.701382,451.0,1.2595000267028809,1.2549999952316284
MXCT,2026-08-12 11:34:00-04:00,2026-08-12 11:40:45.701382-04:00,345.701382,1017.0,1.2549999952316284,1.2549999952316284
MXCT,2026-08-12 11:35:00-04:00,2026-08-12 11:40:45.701382-04:00,285.701382,2122.0,1.2549999952316284,1.2549999952316284
MXCT,2026-08-12 11:37:00-04:00,2026-08-12 11:40:45.701382-04:00,165.701382,276.0,1.2549999952316284,1.2549999952316284
MXCT,2026-08-12 11:38:00-04:00,2026-08-12 11:40:45.701382-04:00,105.701382,424.0,1.2549999952316284,1.2549999952316284
MXCT,2026-08-12 11:39:00-04:00,2026-08-12 11:40:45.701382-04:00,45.701382,0.0,1.2599999904632568,1.2599999904632568
ENHA,2026-08-12 11:23:00-04:00,2026-08-12 11:40:45.701382-04:00,1005.701382,158.0,2.190000057220459,2.190000057220459
ENHA,2026-08-12 11:24:00-04:00,2026-08-12 11:40:45.701382-04:00,945.701382,0.0,2.186199903488159,2.186199903488159
ENHA,2026-08-12 11:31:00-04:00,2026-08-12 11:40:45.701382-04:00,525.701382,7757.0,2.200000047683716,2.200000047683716
ENHA,2026-08-12 11:34:00-04:00,2026-08-12 11:40:45.701382-04:00,345.701382,3606.0,2.194999933242798,2.174999952316284
ENHA,2026-08-12 11:35:00-04:00,2026-08-12 11:40:45.701382-04:00,285.701382,2052.0,2.180000066757202,2.180000066757202
ENHA,2026-08-12 11:36:00-04:00,2026-08-12 11:40:45.701382-04:00,225.701382,0.0,2.174999952316284,2.174999952316284
DRMA,2026-08-12 11:35:00-04:00,2026-08-12 11:40:45.701382-04:00,285.701382,61592.0,1.3550000190734863,1.3700000047683716
DRMA,2026-08-12 11:36:00-04:00,2026-08-12 11:40:45.701382-04:00,225.701382,266640.0,1.3799999952316284,1.3871999979019165
DRMA,2026-08-12 11:37:00-04:00,2026-08-12 11:40:45.701382-04:00,165.701382,102132.0,1.3849999904632568,1.3450000286102295
DRMA,2026-08-12 11:38:00-04:00,2026-08-12 11:40:45.701382-04:00,105.701382,31174.0,1.347499966621399,1.3300000429153442
DRMA,2026-08-12 11:39:00-04:00,2026-08-12 11:40:45.701382-04:00,45.701382,18560.0,1.330199956893921,1.336400032043457
DRMA,2026-08-12 11:40:00-04:00,2026-08-12 11:40:45.701382-04:00,-14.298618,0.0,1.3300000429153442,1.3300000429153442
FEMY,2026-08-12 11:24:00-04:00,2026-08-12 11:40:45.701382-04:00,945.701382,7013.0,2.325000047683716,2.3299999237060547
FEMY,2026-08-12 11:25:00-04:00,2026-08-12 11:40:45.701382-04:00,885.701382,45332.0,2.3299999237060547,2.240000009536743
FEMY,2026-08-12 11:26:00-04:00,2026-08-12 11:40:45.701382-04:00,825.701382,10702.0,2.240000009536743,2.240000009536743
FEMY,2026-08-12 11:27:00-04:00,2026-08-12 11:40:45.701382-04:00,765.701382,690.0,2.2699999809265137,2.2699999809265137
FEMY,2026-08-12 11:38:00-04:00,2026-08-12 11:40:45.701382-04:00,105.701382,103.0,2.309999942779541,2.309999942779541
FEMY,2026-08-12 11:40:00-04:00,2026-08-12 11:40:45.701382-04:00,-14.298618,0.0,2.319999933242798,2.319999933242798
VLN,2026-08-12 11:35:00-04:00,2026-08-12 11:40:45.701382-04:00,285.701382,3726.0,1.811400055885315,1.815000057220459
VLN,2026-08-12 11:36:00-04:00,2026-08-12 11:40:45.701382-04:00,225.701382,1243.0,1.815000057220459,1.809999942779541
VLN,2026-08-12 11:37:00-04:00,2026-08-12 11:40:45.701382-04:00,165.701382,289.0,1.815000057220459,1.815000057220459
VLN,2026-08-12 11:38:00-04:00,2026-08-12 11:40:45.701382-04:00,105.701382,4659.0,1.815000057220459,1.809999942779541
VLN,2026-08-12 11:39:00-04:00,2026-08-12 11:40:45.701382-04:00,45.701382,192.0,1.815000057220459,1.815000057220459
VLN,2026-08-12 11:40:00-04:00,2026-08-12 11:40:45.701382-04:00,-14.298618,0.0,1.8049999475479126,1.8049999475479126
BIVI,2026-08-12 11:35:00-04:00,2026-08-12 11:40:45.701382-04:00,285.701382,322658.0,1.975000023841858,1.8849999904632568
BIVI,2026-08-12 11:36:00-04:00,2026-08-12 11:40:45.701382-04:00,225.701382,307502.0,1.8876999616622925,1.8898999691009521
BIVI,2026-08-12 11:37:00-04:00,2026-08-12 11:40:45.701382-04:00,165.701382,285169.0,1.88100004196167,1.8700000047683716
BIVI,2026-08-12 11:38:00-04:00,2026-08-12 11:40:45.701382-04:00,105.701382,150003.0,1.8601000308990479,1.8949999809265137
BIVI,2026-08-12 11:39:00-04:00,2026-08-12 11:40:45.701382-04:00,45.701382,173450.0,1.8910000324249268,1.8499000072479248
BIVI,2026-08-12 11:40:00-04:00,2026-08-12 11:40:45.701382-04:00,-14.298618,0.0,1.8250000476837158,1.8250000476837158
ENHA,2026-08-12 11:23:00-04:00,2026-08-12 11:41:05.748332-04:00,1025.748332,158.0,2.190000057220459,2.190000057220459
ENHA,2026-08-12 11:24:00-04:00,2026-08-12 11:41:05.748332-04:00,965.748332,0.0,2.186199903488159,2.186199903488159
ENHA,2026-08-12 11:31:00-04:00,2026-08-12 11:41:05.748332-04:00,545.748332,7757.0,2.200000047683716,2.200000047683716
ENHA,2026-08-12 11:34:00-04:00,2026-08-12 11:41:05.748332-04:00,365.748332,3606.0,2.194999933242798,2.174999952316284
ENHA,2026-08-12 11:35:00-04:00,2026-08-12 11:41:05.748332-04:00,305.748332,2052.0,2.180000066757202,2.180000066757202
ENHA,2026-08-12 11:36:00-04:00,2026-08-12 11:41:05.748332-04:00,245.748332,0.0,2.174999952316284,2.174999952316284
REBN,2026-08-12 11:01:00-04:00,2026-08-12 11:41:05.748332-04:00,2345.748332,11.0,1.5038000345230103,1.5038000345230103
REBN,2026-08-12 11:04:00-04:00,2026-08-12 11:41:05.748332-04:00,2165.748332,1111.0,1.5099999904632568,1.4900000095367432
REBN,2026-08-12 11:12:00-04:00,2026-08-12 11:41:05.748332-04:00,1685.748332,1109.0,1.5149999856948853,1.5149999856948853
REBN,2026-08-12 11:14:00-04:00,2026-08-12 11:41:05.748332-04:00,1565.748332,221.0,1.5,1.5
REBN,2026-08-12 11:34:00-04:00,2026-08-12 11:41:05.748332-04:00,365.748332,119.0,1.4800000190734863,1.4800000190734863
REBN,2026-08-12 11:38:00-04:00,2026-08-12 11:41:05.748332-04:00,125.748332,0.0,1.4600000381469727,1.4600000381469727
MXCT,2026-08-12 11:32:00-04:00,2026-08-12 11:41:05.748332-04:00,485.748332,451.0,1.2595000267028809,1.2549999952316284
MXCT,2026-08-12 11:34:00-04:00,2026-08-12 11:41:05.748332-04:00,365.748332,1017.0,1.2549999952316284,1.2549999952316284
MXCT,2026-08-12 11:35:00-04:00,2026-08-12 11:41:05.748332-04:00,305.748332,2122.0,1.2549999952316284,1.2549999952316284
MXCT,2026-08-12 11:37:00-04:00,2026-08-12 11:41:05.748332-04:00,185.748332,276.0,1.2549999952316284,1.2549999952316284
MXCT,2026-08-12 11:38:00-04:00,2026-08-12 11:41:05.748332-04:00,125.748332,424.0,1.2549999952316284,1.2549999952316284
MXCT,2026-08-12 11:39:00-04:00,2026-08-12 11:41:05.748332-04:00,65.748332,0.0,1.2599999904632568,1.2599999904632568
BIVI,2026-08-12 11:36:00-04:00,2026-08-12 11:41:05.748332-04:00,245.748332,307502.0,1.8876999616622925,1.8898999691009521
BIVI,2026-08-12 11:37:00-04:00,2026-08-12 11:41:05.748332-04:00,185.748332,285733.0,1.88100004196167,1.8700000047683716
BIVI,2026-08-12 11:38:00-04:00,2026-08-12 11:41:05.748332-04:00,125.748332,149439.0,1.8601000308990479,1.8949999809265137
BIVI,2026-08-12 11:39:00-04:00,2026-08-12 11:41:05.748332-04:00,65.748332,173450.0,1.8910000324249268,1.8499000072479248
BIVI,2026-08-12 11:40:00-04:00,2026-08-12 11:41:05.748332-04:00,5.7483319999999996,175477.0,1.8450000286102295,1.8802000284194946
BIVI,2026-08-12 11:41:00-04:00,2026-08-12 11:41:05.748332-04:00,-54.251668,0.0,1.8799999952316284,1.8799999952316284
DRMA,2026-08-12 11:35:00-04:00,2026-08-12 11:41:05.748332-04:00,305.748332,61592.0,1.3550000190734863,1.3700000047683716
DRMA,2026-08-12 11:36:00-04:00,2026-08-12 11:41:05.748332-04:00,245.748332,266640.0,1.3799999952316284,1.3871999979019165
DRMA,2026-08-12 11:37:00-04:00,2026-08-12 11:41:05.748332-04:00,185.748332,102132.0,1.3849999904632568,1.3450000286102295
DRMA,2026-08-12 11:38:00-04:00,2026-08-12 11:41:05.748332-04:00,125.748332,31174.0,1.347499966621399,1.3300000429153442
DRMA,2026-08-12 11:39:00-04:00,2026-08-12 11:41:05.748332-04:00,65.748332,18560.0,1.330199956893921,1.336400032043457
DRMA,2026-08-12 11:40:00-04:00,2026-08-12 11:41:05.748332-04:00,5.7483319999999996,19092.0,1.3387999534606934,1.3300000429153442
GRWG,2026-08-12 11:34:00-04:00,2026-08-12 11:41:05.748332-04:00,365.748332,2113.0,1.8799999952316284,1.8849999904632568
GRWG,2026-08-12 11:35:00-04:00,2026-08-12 11:41:05.748332-04:00,305.748332,8844.0,1.8899999856948853,1.8907999992370605
GRWG,2026-08-12 11:37:00-04:00,2026-08-12 11:41:05.748332-04:00,185.748332,3396.0,1.8899999856948853,1.8899999856948853
GRWG,2026-08-12 11:38:00-04:00,2026-08-12 11:41:05.748332-04:00,125.748332,3122.0,1.8849999904632568,1.8899999856948853
GRWG,2026-08-12 11:39:00-04:00,2026-08-12 11:41:05.748332-04:00,65.748332,13172.0,1.8899999856948853,1.8949999809265137
GRWG,2026-08-12 11:40:00-04:00,2026-08-12 11:41:05.748332-04:00,5.7483319999999996,0.0,1.8899999856948853,1.8899999856948853
VLN,2026-08-12 11:35:00-04:00,2026-08-12 11:41:05.748332-04:00,305.748332,3726.0,1.811400055885315,1.815000057220459
VLN,2026-08-12 11:36:00-04:00,2026-08-12 11:41:05.748332-04:00,245.748332,1243.0,1.815000057220459,1.809999942779541
VLN,2026-08-12 11:37:00-04:00,2026-08-12 11:41:05.748332-04:00,185.748332,289.0,1.815000057220459,1.815000057220459
VLN,2026-08-12 11:38:00-04:00,2026-08-12 11:41:05.748332-04:00,125.748332,4659.0,1.815000057220459,1.809999942779541
VLN,2026-08-12 11:39:00-04:00,2026-08-12 11:41:05.748332-04:00,65.748332,192.0,1.815000057220459,1.815000057220459
VLN,2026-08-12 11:40:00-04:00,2026-08-12 11:41:05.748332-04:00,5.7483319999999996,0.0,1.8086999654769897,1.8086999654769897
FEMY,2026-08-12 11:24:00-04:00,2026-08-12 11:41:05.748332-04:00,965.748332,7013.0,2.325000047683716,2.3299999237060547
FEMY,2026-08-12 11:25:00-04:00,2026-08-12 11:41:05.748332-04:00,905.748332,45332.0,2.3299999237060547,2.240000009536743
FEMY,2026-08-12 11:26:00-04:00,2026-08-12 11:41:05.748332-04:00,845.748332,10702.0,2.240000009536743,2.240000009536743
FEMY,2026-08-12 11:27:00-04:00,2026-08-12 11:41:05.748332-04:00,785.748332,690.0,2.2699999809265137,2.2699999809265137
FEMY,2026-08-12 11:38:00-04:00,2026-08-12 11:41:05.748332-04:00,125.748332,103.0,2.309999942779541,2.309999942779541
FEMY,2026-08-12 11:40:00-04:00,2026-08-12 11:41:05.748332-04:00,5.7483319999999996,0.0,2.319999933242798,2.319999933242798
FEMY,2026-08-12 11:24:00-04:00,2026-08-12 11:41:25.789937-04:00,985.789937,7013.0,2.325000047683716,2.3299999237060547
FEMY,2026-08-12 11:25:00-04:00,2026-08-12 11:41:25.789937-04:00,925.789937,45332.0,2.3299999237060547,2.240000009536743
FEMY,2026-08-12 11:26:00-04:00,2026-08-12 11:41:25.789937-04:00,865.789937,10702.0,2.240000009536743,2.240000009536743
FEMY,2026-08-12 11:27:00-04:00,2026-08-12 11:41:25.789937-04:00,805.789937,690.0,2.2699999809265137,2.2699999809265137
FEMY,2026-08-12 11:38:00-04:00,2026-08-12 11:41:25.789937-04:00,145.789937,103.0,2.309999942779541,2.309999942779541
FEMY,2026-08-12 11:40:00-04:00,2026-08-12 11:41:25.789937-04:00,25.789937,0.0,2.319999933242798,2.319999933242798
REBN,2026-08-12 11:01:00-04:00,2026-08-12 11:41:25.789937-04:00,2365.789937,11.0,1.5038000345230103,1.5038000345230103
REBN,2026-08-12 11:04:00-04:00,2026-08-12 11:41:25.789937-04:00,2185.789937,1111.0,1.5099999904632568,1.4900000095367432
REBN,2026-08-12 11:12:00-04:00,2026-08-12 11:41:25.789937-04:00,1705.789937,1109.0,1.5149999856948853,1.5149999856948853
REBN,2026-08-12 11:14:00-04:00,2026-08-12 11:41:25.789937-04:00,1585.789937,221.0,1.5,1.5
REBN,2026-08-12 11:34:00-04:00,2026-08-12 11:41:25.789937-04:00,385.789937,119.0,1.4800000190734863,1.4800000190734863
REBN,2026-08-12 11:38:00-04:00,2026-08-12 11:41:25.789937-04:00,145.789937,0.0,1.4600000381469727,1.4600000381469727
MXCT,2026-08-12 11:32:00-04:00,2026-08-12 11:41:25.789937-04:00,505.789937,451.0,1.2595000267028809,1.2549999952316284
MXCT,2026-08-12 11:34:00-04:00,2026-08-12 11:41:25.789937-04:00,385.789937,1017.0,1.2549999952316284,1.2549999952316284
MXCT,2026-08-12 11:35:00-04:00,2026-08-12 11:41:25.789937-04:00,325.789937,2122.0,1.2549999952316284,1.2549999952316284
MXCT,2026-08-12 11:37:00-04:00,2026-08-12 11:41:25.789937-04:00,205.789937,276.0,1.2549999952316284,1.2549999952316284
MXCT,2026-08-12 11:38:00-04:00,2026-08-12 11:41:25.789937-04:00,145.789937,424.0,1.2549999952316284,1.2549999952316284
MXCT,2026-08-12 11:39:00-04:00,2026-08-12 11:41:25.789937-04:00,85.789937,0.0,1.2599999904632568,1.2599999904632568
VLN,2026-08-12 11:35:00-04:00,2026-08-12 11:41:25.789937-04:00,325.789937,3726.0,1.811400055885315,1.815000057220459
VLN,2026-08-12 11:36:00-04:00,2026-08-12 11:41:25.789937-04:00,265.789937,1243.0,1.815000057220459,1.809999942779541
VLN,2026-08-12 11:37:00-04:00,2026-08-12 11:41:25.789937-04:00,205.789937,289.0,1.815000057220459,1.815000057220459
VLN,2026-08-12 11:38:00-04:00,2026-08-12 11:41:25.789937-04:00,145.789937,4659.0,1.815000057220459,1.809999942779541
VLN,2026-08-12 11:39:00-04:00,2026-08-12 11:41:25.789937-04:00,85.789937,192.0,1.815000057220459,1.815000057220459
VLN,2026-08-12 11:40:00-04:00,2026-08-12 11:41:25.789937-04:00,25.789937,0.0,1.8086999654769897,1.8086999654769897
DRMA,2026-08-12 11:36:00-04:00,2026-08-12 11:41:25.789937-04:00,265.789937,266640.0,1.3799999952316284,1.3871999979019165
DRMA,2026-08-12 11:37:00-04:00,2026-08-12 11:41:25.789937-04:00,205.789937,102132.0,1.3849999904632568,1.3450000286102295
DRMA,2026-08-12 11:38:00-04:00,2026-08-12 11:41:25.789937-04:00,145.789937,31174.0,1.347499966621399,1.3300000429153442
DRMA,2026-08-12 11:39:00-04:00,2026-08-12 11:41:25.789937-04:00,85.789937,18560.0,1.330199956893921,1.336400032043457
DRMA,2026-08-12 11:40:00-04:00,2026-08-12 11:41:25.789937-04:00,25.789937,19092.0,1.3387999534606934,1.3300000429153442
DRMA,2026-08-12 11:41:00-04:00,2026-08-12 11:41:25.789937-04:00,-34.210063,0.0,1.3200000524520874,1.3200000524520874
GRWG,2026-08-12 11:34:00-04:00,2026-08-12 11:41:25.789937-04:00,385.789937,2113.0,1.8799999952316284,1.8849999904632568
GRWG,2026-08-12 11:35:00-04:00,2026-08-12 11:41:25.789937-04:00,325.789937,8844.0,1.8899999856948853,1.8907999992370605
GRWG,2026-08-12 11:37:00-04:00,2026-08-12 11:41:25.789937-04:00,205.789937,3396.0,1.8899999856948853,1.8899999856948853
GRWG,2026-08-12 11:38:00-04:00,2026-08-12 11:41:25.789937-04:00,145.789937,3122.0,1.8849999904632568,1.8899999856948853
GRWG,2026-08-12 11:39:00-04:00,2026-08-12 11:41:25.789937-04:00,85.789937,13172.0,1.8899999856948853,1.8949999809265137
GRWG,2026-08-12 11:40:00-04:00,2026-08-12 11:41:25.789937-04:00,25.789937,0.0,1.8899999856948853,1.8899999856948853
ENHA,2026-08-12 11:23:00-04:00,2026-08-12 11:41:25.789937-04:00,1045.789937,158.0,2.190000057220459,2.190000057220459
ENHA,2026-08-12 11:24:00-04:00,2026-08-12 11:41:25.789937-04:00,985.789937,0.0,2.186199903488159,2.186199903488159
ENHA,2026-08-12 11:31:00-04:00,2026-08-12 11:41:25.789937-04:00,565.789937,7757.0,2.200000047683716,2.200000047683716
ENHA,2026-08-12 11:34:00-04:00,2026-08-12 11:41:25.789937-04:00,385.789937,3606.0,2.194999933242798,2.174999952316284
ENHA,2026-08-12 11:35:00-04:00,2026-08-12 11:41:25.789937-04:00,325.789937,2052.0,2.180000066757202,2.180000066757202
ENHA,2026-08-12 11:36:00-04:00,2026-08-12 11:41:25.789937-04:00,265.789937,0.0,2.174999952316284,2.174999952316284
BIVI,2026-08-12 11:36:00-04:00,2026-08-12 11:41:25.789937-04:00,265.789937,307502.0,1.8876999616622925,1.8898999691009521
BIVI,2026-08-12 11:37:00-04:00,2026-08-12 11:41:25.789937-04:00,205.789937,285169.0,1.88100004196167,1.8700000047683716
BIVI,2026-08-12 11:38:00-04:00,2026-08-12 11:41:25.789937-04:00,145.789937,150003.0,1.8601000308990479,1.8949999809265137
BIVI,2026-08-12 11:39:00-04:00,2026-08-12 11:41:25.789937-04:00,85.789937,173450.0,1.8910000324249268,1.8499000072479248
BIVI,2026-08-12 11:40:00-04:00,2026-08-12 11:41:25.789937-04:00,25.789937,175477.0,1.8450000286102295,1.8802000284194946
BIVI,2026-08-12 11:41:00-04:00,2026-08-12 11:41:25.789937-04:00,-34.210063,0.0,1.8898999691009521,1.8898999691009521
ENHA,2026-08-12 11:23:00-04:00,2026-08-12 11:41:45.831579-04:00,1065.831579,158.0,2.190000057220459,2.190000057220459
ENHA,2026-08-12 11:24:00-04:00,2026-08-12 11:41:45.831579-04:00,1005.831579,0.0,2.186199903488159,2.186199903488159
ENHA,2026-08-12 11:31:00-04:00,2026-08-12 11:41:45.831579-04:00,585.831579,7757.0,2.200000047683716,2.200000047683716
ENHA,2026-08-12 11:34:00-04:00,2026-08-12 11:41:45.831579-04:00,405.831579,3606.0,2.194999933242798,2.174999952316284
ENHA,2026-08-12 11:35:00-04:00,2026-08-12 11:41:45.831579-04:00,345.831579,2052.0,2.180000066757202,2.180000066757202
ENHA,2026-08-12 11:36:00-04:00,2026-08-12 11:41:45.831579-04:00,285.831579,0.0,2.174999952316284,2.174999952316284
REBN,2026-08-12 11:01:00-04:00,2026-08-12 11:41:45.831579-04:00,2385.831579,11.0,1.5038000345230103,1.5038000345230103
REBN,2026-08-12 11:04:00-04:00,2026-08-12 11:41:45.831579-04:00,2205.831579,1111.0,1.5099999904632568,1.4900000095367432
REBN,2026-08-12 11:12:00-04:00,2026-08-12 11:41:45.831579-04:00,1725.831579,1109.0,1.5149999856948853,1.5149999856948853
REBN,2026-08-12 11:14:00-04:00,2026-08-12 11:41:45.831579-04:00,1605.831579,221.0,1.5,1.5
REBN,2026-08-12 11:34:00-04:00,2026-08-12 11:41:45.831579-04:00,405.831579,119.0,1.4800000190734863,1.4800000190734863
REBN,2026-08-12 11:38:00-04:00,2026-08-12 11:41:45.831579-04:00,165.831579,0.0,1.4600000381469727,1.4600000381469727
BIVI,2026-08-12 11:36:00-04:00,2026-08-12 11:41:45.831579-04:00,285.831579,307502.0,1.8876999616622925,1.8898999691009521
BIVI,2026-08-12 11:37:00-04:00,2026-08-12 11:41:45.831579-04:00,225.831579,285733.0,1.88100004196167,1.8700000047683716
BIVI,2026-08-12 11:38:00-04:00,2026-08-12 11:41:45.831579-04:00,165.831579,149439.0,1.8601000308990479,1.8949999809265137
BIVI,2026-08-12 11:39:00-04:00,2026-08-12 11:41:45.831579-04:00,105.831579,173450.0,1.8910000324249268,1.8499000072479248
BIVI,2026-08-12 11:40:00-04:00,2026-08-12 11:41:45.831579-04:00,45.831579,175477.0,1.8450000286102295,1.8802000284194946
BIVI,2026-08-12 11:41:00-04:00,2026-08-12 11:41:45.831579-04:00,-14.168421,0.0,1.830299973487854,1.830299973487854
DRMA,2026-08-12 11:36:00-04:00,2026-08-12 11:41:45.831579-04:00,285.831579,266640.0,1.3799999952316284,1.3871999979019165
DRMA,2026-08-12 11:37:00-04:00,2026-08-12 11:41:45.831579-04:00,225.831579,102132.0,1.3849999904632568,1.3450000286102295
DRMA,2026-08-12 11:38:00-04:00,2026-08-12 11:41:45.831579-04:00,165.831579,31174.0,1.347499966621399,1.3300000429153442
DRMA,2026-08-12 11:39:00-04:00,2026-08-12 11:41:45.831579-04:00,105.831579,18560.0,1.330199956893921,1.336400032043457
DRMA,2026-08-12 11:40:00-04:00,2026-08-12 11:41:45.831579-04:00,45.831579,19092.0,1.3387999534606934,1.3300000429153442
DRMA,2026-08-12 11:41:00-04:00,2026-08-12 11:41:45.831579-04:00,-14.168421,0.0,1.3243000507354736,1.3243000507354736
VLN,2026-08-12 11:35:00-04:00,2026-08-12 11:41:45.831579-04:00,345.831579,3726.0,1.811400055885315,1.815000057220459
VLN,2026-08-12 11:36:00-04:00,2026-08-12 11:41:45.831579-04:00,285.831579,1243.0,1.815000057220459,1.809999942779541
VLN,2026-08-12 11:37:00-04:00,2026-08-12 11:41:45.831579-04:00,225.831579,289.0,1.815000057220459,1.815000057220459
VLN,2026-08-12 11:38:00-04:00,2026-08-12 11:41:45.831579-04:00,165.831579,4659.0,1.815000057220459,1.809999942779541
VLN,2026-08-12 11:39:00-04:00,2026-08-12 11:41:45.831579-04:00,105.831579,192.0,1.815000057220459,1.815000057220459
VLN,2026-08-12 11:40:00-04:00,2026-08-12 11:41:45.831579-04:00,45.831579,0.0,1.8086999654769897,1.8086999654769897
GRWG,2026-08-12 11:34:00-04:00,2026-08-12 11:41:45.831579-04:00,405.831579,2113.0,1.8799999952316284,1.8849999904632568
GRWG,2026-08-12 11:35:00-04:00,2026-08-12 11:41:45.831579-04:00,345.831579,8844.0,1.8899999856948853,1.8907999992370605
GRWG,2026-08-12 11:37:00-04:00,2026-08-12 11:41:45.831579-04:00,225.831579,3396.0,1.8899999856948853,1.8899999856948853
GRWG,2026-08-12 11:38:00-04:00,2026-08-12 11:41:45.831579-04:00,165.831579,3122.0,1.8849999904632568,1.8899999856948853
GRWG,2026-08-12 11:39:00-04:00,2026-08-12 11:41:45.831579-04:00,105.831579,13172.0,1.8899999856948853,1.8949999809265137
GRWG,2026-08-12 11:40:00-04:00,2026-08-12 11:41:45.831579-04:00,45.831579,0.0,1.8899999856948853,1.8899999856948853
FEMY,2026-08-12 11:24:00-04:00,2026-08-12 11:41:45.831579-04:00,1005.831579,7013.0,2.325000047683716,2.3299999237060547
FEMY,2026-08-12 11:25:00-04:00,2026-08-12 11:41:45.831579-04:00,945.831579,45332.0,2.3299999237060547,2.240000009536743
FEMY,2026-08-12 11:26:00-04:00,2026-08-12 11:41:45.831579-04:00,885.831579,10702.0,2.240000009536743,2.240000009536743
FEMY,2026-08-12 11:27:00-04:00,2026-08-12 11:41:45.831579-04:00,825.831579,690.0,2.2699999809265137,2.2699999809265137
FEMY,2026-08-12 11:38:00-04:00,2026-08-12 11:41:45.831579-04:00,165.831579,103.0,2.309999942779541,2.309999942779541
FEMY,2026-08-12 11:40:00-04:00,2026-08-12 11:41:45.831579-04:00,45.831579,0.0,2.319999933242798,2.319999933242798
MXCT,2026-08-12 11:34:00-04:00,2026-08-12 11:41:45.831579-04:00,405.831579,1017.0,1.2549999952316284,1.2549999952316284
MXCT,2026-08-12 11:35:00-04:00,2026-08-12 11:41:45.831579-04:00,345.831579,2122.0,1.2549999952316284,1.2549999952316284
MXCT,2026-08-12 11:37:00-04:00,2026-08-12 11:41:45.831579-04:00,225.831579,276.0,1.2549999952316284,1.2549999952316284
MXCT,2026-08-12 11:38:00-04:00,2026-08-12 11:41:45.831579-04:00,165.831579,424.0,1.2549999952316284,1.2549999952316284
MXCT,2026-08-12 11:39:00-04:00,2026-08-12 11:41:45.831579-04:00,105.831579,4210.0,1.2596999406814575,1.2599999904632568
MXCT,2026-08-12 11:41:00-04:00,2026-08-12 11:41:45.831579-04:00,-14.168421,0.0,1.2599999904632568,1.2599999904632568
VLN,2026-08-12 11:37:00-04:00,2026-08-12 11:42:05.873080-04:00,245.87308,289.0,1.815000057220459,1.815000057220459
VLN,2026-08-12 11:38:00-04:00,2026-08-12 11:42:05.873080-04:00,185.87308,4659.0,1.815000057220459,1.809999942779541
VLN,2026-08-12 11:39:00-04:00,2026-08-12 11:42:05.873080-04:00,125.87308,192.0,1.815000057220459,1.815000057220459
VLN,2026-08-12 11:40:00-04:00,2026-08-12 11:42:05.873080-04:00,65.87308,4835.0,1.809999942779541,1.8086999654769897
VLN,2026-08-12 11:41:00-04:00,2026-08-12 11:42:05.873080-04:00,5.87308,4765.0,1.801200032234192,1.801200032234192
VLN,2026-08-12 11:42:00-04:00,2026-08-12 11:42:05.873080-04:00,-54.12692,0.0,1.815000057220459,1.815000057220459
REBN,2026-08-12 11:01:00-04:00,2026-08-12 11:42:05.873080-04:00,2405.87308,11.0,1.5038000345230103,1.5038000345230103
REBN,2026-08-12 11:04:00-04:00,2026-08-12 11:42:05.873080-04:00,2225.87308,1111.0,1.5099999904632568,1.4900000095367432
REBN,2026-08-12 11:12:00-04:00,2026-08-12 11:42:05.873080-04:00,1745.87308,1109.0,1.5149999856948853,1.5149999856948853
REBN,2026-08-12 11:14:00-04:00,2026-08-12 11:42:05.873080-04:00,1625.87308,221.0,1.5,1.5
REBN,2026-08-12 11:34:00-04:00,2026-08-12 11:42:05.873080-04:00,425.87308,119.0,1.4800000190734863,1.4800000190734863
REBN,2026-08-12 11:38:00-04:00,2026-08-12 11:42:05.873080-04:00,185.87308,0.0,1.4600000381469727,1.4600000381469727
GRWG,2026-08-12 11:37:00-04:00,2026-08-12 11:42:05.873080-04:00,245.87308,3396.0,1.8899999856948853,1.8899999856948853
GRWG,2026-08-12 11:38:00-04:00,2026-08-12 11:42:05.873080-04:00,185.87308,3122.0,1.8849999904632568,1.8899999856948853
GRWG,2026-08-12 11:39:00-04:00,2026-08-12 11:42:05.873080-04:00,125.87308,13172.0,1.8899999856948853,1.8949999809265137
GRWG,2026-08-12 11:40:00-04:00,2026-08-12 11:42:05.873080-04:00,65.87308,5750.0,1.8901000022888184,1.8899999856948853
GRWG,2026-08-12 11:41:00-04:00,2026-08-12 11:42:05.873080-04:00,5.87308,4358.0,1.8949999809265137,1.899999976158142
GRWG,2026-08-12 11:42:00-04:00,2026-08-12 11:42:05.873080-04:00,-54.12692,0.0,1.9049999713897705,1.9049999713897705
ENHA,2026-08-12 11:23:00-04:00,2026-08-12 11:42:05.873080-04:00,1085.87308,158.0,2.190000057220459,2.190000057220459
ENHA,2026-08-12 11:24:00-04:00,2026-08-12 11:42:05.873080-04:00,1025.87308,0.0,2.186199903488159,2.186199903488159
ENHA,2026-08-12 11:31:00-04:00,2026-08-12 11:42:05.873080-04:00,605.87308,7757.0,2.200000047683716,2.200000047683716
ENHA,2026-08-12 11:34:00-04:00,2026-08-12 11:42:05.873080-04:00,425.87308,3606.0,2.194999933242798,2.174999952316284
ENHA,2026-08-12 11:35:00-04:00,2026-08-12 11:42:05.873080-04:00,365.87308,2052.0,2.180000066757202,2.180000066757202
ENHA,2026-08-12 11:36:00-04:00,2026-08-12 11:42:05.873080-04:00,305.87308,0.0,2.174999952316284,2.174999952316284
MXCT,2026-08-12 11:34:00-04:00,2026-08-12 11:42:05.873080-04:00,425.87308,1017.0,1.2549999952316284,1.2549999952316284
MXCT,2026-08-12 11:35:00-04:00,2026-08-12 11:42:05.873080-04:00,365.87308,2122.0,1.2549999952316284,1.2549999952316284
MXCT,2026-08-12 11:37:00-04:00,2026-08-12 11:42:05.873080-04:00,245.87308,276.0,1.2549999952316284,1.2549999952316284
MXCT,2026-08-12 11:38:00-04:00,2026-08-12 11:42:05.873080-04:00,185.87308,424.0,1.2549999952316284,1.2549999952316284
MXCT,2026-08-12 11:39:00-04:00,2026-08-12 11:42:05.873080-04:00,125.87308,4210.0,1.2596999406814575,1.2599999904632568
MXCT,2026-08-12 11:41:00-04:00,2026-08-12 11:42:05.873080-04:00,5.87308,0.0,1.2597999572753906,1.2597999572753906
BIVI,2026-08-12 11:37:00-04:00,2026-08-12 11:42:05.873080-04:00,245.87308,285733.0,1.88100004196167,1.8700000047683716
BIVI,2026-08-12 11:38:00-04:00,2026-08-12 11:42:05.873080-04:00,185.87308,149439.0,1.8601000308990479,1.8949999809265137
BIVI,2026-08-12 11:39:00-04:00,2026-08-12 11:42:05.873080-04:00,125.87308,173450.0,1.8910000324249268,1.8499000072479248
BIVI,2026-08-12 11:40:00-04:00,2026-08-12 11:42:05.873080-04:00,65.87308,175477.0,1.8450000286102295,1.8802000284194946
BIVI,2026-08-12 11:41:00-04:00,2026-08-12 11:42:05.873080-04:00,5.87308,135559.0,1.8899999856948853,1.8300000429153442
BIVI,2026-08-12 11:42:00-04:00,2026-08-12 11:42:05.873080-04:00,-54.12692,0.0,1.8595999479293823,1.8595999479293823
DRMA,2026-08-12 11:36:00-04:00,2026-08-12 11:42:05.873080-04:00,305.87308,266640.0,1.3799999952316284,1.3871999979019165
DRMA,2026-08-12 11:37:00-04:00,2026-08-12 11:42:05.873080-04:00,245.87308,102132.0,1.3849999904632568,1.3450000286102295
DRMA,2026-08-12 11:38:00-04:00,2026-08-12 11:42:05.873080-04:00,185.87308,31174.0,1.347499966621399,1.3300000429153442
DRMA,2026-08-12 11:39:00-04:00,2026-08-12 11:42:05.873080-04:00,125.87308,18560.0,1.330199956893921,1.336400032043457
DRMA,2026-08-12 11:40:00-04:00,2026-08-12 11:42:05.873080-04:00,65.87308,19092.0,1.3387999534606934,1.3300000429153442
DRMA,2026-08-12 11:41:00-04:00,2026-08-12 11:42:05.873080-04:00,5.87308,21236.0,1.3350000381469727,1.320099949836731
FEMY,2026-08-12 11:24:00-04:00,2026-08-12 11:42:05.873080-04:00,1025.87308,7013.0,2.325000047683716,2.3299999237060547
FEMY,2026-08-12 11:25:00-04:00,2026-08-12 11:42:05.873080-04:00,965.87308,45332.0,2.3299999237060547,2.240000009536743
FEMY,2026-08-12 11:26:00-04:00,2026-08-12 11:42:05.873080-04:00,905.87308,10702.0,2.240000009536743,2.240000009536743
FEMY,2026-08-12 11:27:00-04:00,2026-08-12 11:42:05.873080-04:00,845.87308,690.0,2.2699999809265137,2.2699999809265137
FEMY,2026-08-12 11:38:00-04:00,2026-08-12 11:42:05.873080-04:00,185.87308,103.0,2.309999942779541,2.309999942779541
FEMY,2026-08-12 11:40:00-04:00,2026-08-12 11:42:05.873080-04:00,65.87308,0.0,2.319999933242798,2.319999933242798
MXCT,2026-08-12 11:34:00-04:00,2026-08-12 11:42:25.921290-04:00,445.92129,1017.0,1.2549999952316284,1.2549999952316284
MXCT,2026-08-12 11:35:00-04:00,2026-08-12 11:42:25.921290-04:00,385.92129,2122.0,1.2549999952316284,1.2549999952316284
MXCT,2026-08-12 11:37:00-04:00,2026-08-12 11:42:25.921290-04:00,265.92129,276.0,1.2549999952316284,1.2549999952316284
MXCT,2026-08-12 11:38:00-04:00,2026-08-12 11:42:25.921290-04:00,205.92129,424.0,1.2549999952316284,1.2549999952316284
MXCT,2026-08-12 11:39:00-04:00,2026-08-12 11:42:25.921290-04:00,145.92129,4210.0,1.2596999406814575,1.2599999904632568
MXCT,2026-08-12 11:41:00-04:00,2026-08-12 11:42:25.921290-04:00,25.92129,0.0,1.2597999572753906,1.2597999572753906
ENHA,2026-08-12 11:24:00-04:00,2026-08-12 11:42:25.921290-04:00,1045.92129,0.0,2.186199903488159,2.186199903488159
ENHA,2026-08-12 11:31:00-04:00,2026-08-12 11:42:25.921290-04:00,625.92129,7757.0,2.200000047683716,2.200000047683716
ENHA,2026-08-12 11:34:00-04:00,2026-08-12 11:42:25.921290-04:00,445.92129,3606.0,2.194999933242798,2.174999952316284
ENHA,2026-08-12 11:35:00-04:00,2026-08-12 11:42:25.921290-04:00,385.92129,2052.0,2.180000066757202,2.180000066757202
ENHA,2026-08-12 11:36:00-04:00,2026-08-12 11:42:25.921290-04:00,325.92129,759.0,2.174999952316284,2.174999952316284
ENHA,2026-08-12 11:42:00-04:00,2026-08-12 11:42:25.921290-04:00,-34.07871,0.0,2.174999952316284,2.174999952316284
DRMA,2026-08-12 11:37:00-04:00,2026-08-12 11:42:25.921290-04:00,265.92129,102132.0,1.3849999904632568,1.3450000286102295
DRMA,2026-08-12 11:38:00-04:00,2026-08-12 11:42:25.921290-04:00,205.92129,31174.0,1.347499966621399,1.3300000429153442
DRMA,2026-08-12 11:39:00-04:00,2026-08-12 11:42:25.921290-04:00,145.92129,18560.0,1.330199956893921,1.336400032043457
DRMA,2026-08-12 11:40:00-04:00,2026-08-12 11:42:25.921290-04:00,85.92129,19092.0,1.3387999534606934,1.3300000429153442
DRMA,2026-08-12 11:41:00-04:00,2026-08-12 11:42:25.921290-04:00,25.92129,21236.0,1.3350000381469727,1.320099949836731
DRMA,2026-08-12 11:42:00-04:00,2026-08-12 11:42:25.921290-04:00,-34.07871,0.0,1.3300000429153442,1.3300000429153442
BIVI,2026-08-12 11:37:00-04:00,2026-08-12 11:42:25.921290-04:00,265.92129,285733.0,1.88100004196167,1.8700000047683716
BIVI,2026-08-12 11:38:00-04:00,2026-08-12 11:42:25.921290-04:00,205.92129,149439.0,1.8601000308990479,1.8949999809265137
BIVI,2026-08-12 11:39:00-04:00,2026-08-12 11:42:25.921290-04:00,145.92129,173450.0,1.8910000324249268,1.8499000072479248
BIVI,2026-08-12 11:40:00-04:00,2026-08-12 11:42:25.921290-04:00,85.92129,175477.0,1.8450000286102295,1.8802000284194946
BIVI,2026-08-12 11:41:00-04:00,2026-08-12 11:42:25.921290-04:00,25.92129,135559.0,1.8899999856948853,1.8300000429153442
BIVI,2026-08-12 11:42:00-04:00,2026-08-12 11:42:25.921290-04:00,-34.07871,0.0,1.8450000286102295,1.8450000286102295
GRWG,2026-08-12 11:37:00-04:00,2026-08-12 11:42:25.921290-04:00,265.92129,3396.0,1.8899999856948853,1.8899999856948853
GRWG,2026-08-12 11:38:00-04:00,2026-08-12 11:42:25.921290-04:00,205.92129,3122.0,1.8849999904632568,1.8899999856948853
GRWG,2026-08-12 11:39:00-04:00,2026-08-12 11:42:25.921290-04:00,145.92129,13172.0,1.8899999856948853,1.8949999809265137
GRWG,2026-08-12 11:40:00-04:00,2026-08-12 11:42:25.921290-04:00,85.92129,5750.0,1.8901000022888184,1.8899999856948853
GRWG,2026-08-12 11:41:00-04:00,2026-08-12 11:42:25.921290-04:00,25.92129,4358.0,1.8949999809265137,1.899999976158142
GRWG,2026-08-12 11:42:00-04:00,2026-08-12 11:42:25.921290-04:00,-34.07871,0.0,1.9049999713897705,1.9049999713897705
FEMY,2026-08-12 11:24:00-04:00,2026-08-12 11:42:25.921290-04:00,1045.92129,7013.0,2.325000047683716,2.3299999237060547
FEMY,2026-08-12 11:25:00-04:00,2026-08-12 11:42:25.921290-04:00,985.92129,45332.0,2.3299999237060547,2.240000009536743
FEMY,2026-08-12 11:26:00-04:00,2026-08-12 11:42:25.921290-04:00,925.92129,10702.0,2.240000009536743,2.240000009536743
FEMY,2026-08-12 11:27:00-04:00,2026-08-12 11:42:25.921290-04:00,865.92129,690.0,2.2699999809265137,2.2699999809265137
FEMY,2026-08-12 11:38:00-04:00,2026-08-12 11:42:25.921290-04:00,205.92129,103.0,2.309999942779541,2.309999942779541
FEMY,2026-08-12 11:40:00-04:00,2026-08-12 11:42:25.921290-04:00,85.92129,0.0,2.319999933242798,2.319999933242798
VLN,2026-08-12 11:37:00-04:00,2026-08-12 11:42:25.921290-04:00,265.92129,289.0,1.815000057220459,1.815000057220459
VLN,2026-08-12 11:38:00-04:00,2026-08-12 11:42:25.921290-04:00,205.92129,4659.0,1.815000057220459,1.809999942779541
VLN,2026-08-12 11:39:00-04:00,2026-08-12 11:42:25.921290-04:00,145.92129,192.0,1.815000057220459,1.815000057220459
VLN,2026-08-12 11:40:00-04:00,2026-08-12 11:42:25.921290-04:00,85.92129,4835.0,1.809999942779541,1.8086999654769897
VLN,2026-08-12 11:41:00-04:00,2026-08-12 11:42:25.921290-04:00,25.92129,4765.0,1.801200032234192,1.801200032234192
VLN,2026-08-12 11:42:00-04:00,2026-08-12 11:42:25.921290-04:00,-34.07871,0.0,1.815000057220459,1.815000057220459
REBN,2026-08-12 11:01:00-04:00,2026-08-12 11:42:25.921290-04:00,2425.92129,11.0,1.5038000345230103,1.5038000345230103
REBN,2026-08-12 11:04:00-04:00,2026-08-12 11:42:25.921290-04:00,2245.92129,1111.0,1.5099999904632568,1.4900000095367432
REBN,2026-08-12 11:12:00-04:00,2026-08-12 11:42:25.921290-04:00,1765.92129,1109.0,1.5149999856948853,1.5149999856948853
REBN,2026-08-12 11:14:00-04:00,2026-08-12 11:42:25.921290-04:00,1645.92129,221.0,1.5,1.5
REBN,2026-08-12 11:34:00-04:00,2026-08-12 11:42:25.921290-04:00,445.92129,119.0,1.4800000190734863,1.4800000190734863
REBN,2026-08-12 11:38:00-04:00,2026-08-12 11:42:25.921290-04:00,205.92129,0.0,1.4600000381469727,1.4600000381469727
GRWG,2026-08-12 11:37:00-04:00,2026-08-12 11:42:46.032505-04:00,286.032505,3396.0,1.8899999856948853,1.8899999856948853
GRWG,2026-08-12 11:38:00-04:00,2026-08-12 11:42:46.032505-04:00,226.032505,3122.0,1.8849999904632568,1.8899999856948853
GRWG,2026-08-12 11:39:00-04:00,2026-08-12 11:42:46.032505-04:00,166.032505,13172.0,1.8899999856948853,1.8949999809265137
GRWG,2026-08-12 11:40:00-04:00,2026-08-12 11:42:46.032505-04:00,106.032505,5750.0,1.8901000022888184,1.8899999856948853
GRWG,2026-08-12 11:41:00-04:00,2026-08-12 11:42:46.032505-04:00,46.032505,4358.0,1.8949999809265137,1.899999976158142
GRWG,2026-08-12 11:42:00-04:00,2026-08-12 11:42:46.032505-04:00,-13.967495,0.0,1.9049999713897705,1.9049999713897705
MXCT,2026-08-12 11:35:00-04:00,2026-08-12 11:42:46.032505-04:00,406.032505,2122.0,1.2549999952316284,1.2549999952316284
MXCT,2026-08-12 11:37:00-04:00,2026-08-12 11:42:46.032505-04:00,286.032505,276.0,1.2549999952316284,1.2549999952316284
MXCT,2026-08-12 11:38:00-04:00,2026-08-12 11:42:46.032505-04:00,226.032505,424.0,1.2549999952316284,1.2549999952316284
MXCT,2026-08-12 11:39:00-04:00,2026-08-12 11:42:46.032505-04:00,166.032505,4210.0,1.2596999406814575,1.2599999904632568
MXCT,2026-08-12 11:41:00-04:00,2026-08-12 11:42:46.032505-04:00,46.032505,7927.0,1.2599999904632568,1.2597999572753906
MXCT,2026-08-12 11:42:00-04:00,2026-08-12 11:42:46.032505-04:00,-13.967495,0.0,1.2549999952316284,1.2549999952316284
VLN,2026-08-12 11:37:00-04:00,2026-08-12 11:42:46.032505-04:00,286.032505,289.0,1.815000057220459,1.815000057220459
VLN,2026-08-12 11:38:00-04:00,2026-08-12 11:42:46.032505-04:00,226.032505,4659.0,1.815000057220459,1.809999942779541
VLN,2026-08-12 11:39:00-04:00,2026-08-12 11:42:46.032505-04:00,166.032505,192.0,1.815000057220459,1.815000057220459
VLN,2026-08-12 11:40:00-04:00,2026-08-12 11:42:46.032505-04:00,106.032505,4835.0,1.809999942779541,1.8086999654769897
VLN,2026-08-12 11:41:00-04:00,2026-08-12 11:42:46.032505-04:00,46.032505,4765.0,1.801200032234192,1.801200032234192
VLN,2026-08-12 11:42:00-04:00,2026-08-12 11:42:46.032505-04:00,-13.967495,0.0,1.815000057220459,1.815000057220459
BIVI,2026-08-12 11:37:00-04:00,2026-08-12 11:42:46.032505-04:00,286.032505,285733.0,1.88100004196167,1.8700000047683716
BIVI,2026-08-12 11:38:00-04:00,2026-08-12 11:42:46.032505-04:00,226.032505,149439.0,1.8601000308990479,1.8949999809265137
BIVI,2026-08-12 11:39:00-04:00,2026-08-12 11:42:46.032505-04:00,166.032505,173450.0,1.8910000324249268,1.8499000072479248
BIVI,2026-08-12 11:40:00-04:00,2026-08-12 11:42:46.032505-04:00,106.032505,175477.0,1.8450000286102295,1.8802000284194946
BIVI,2026-08-12 11:41:00-04:00,2026-08-12 11:42:46.032505-04:00,46.032505,135559.0,1.8899999856948853,1.8300000429153442
BIVI,2026-08-12 11:42:00-04:00,2026-08-12 11:42:46.032505-04:00,-13.967495,0.0,1.820099949836731,1.820099949836731
REBN,2026-08-12 11:01:00-04:00,2026-08-12 11:42:46.032505-04:00,2446.032505,11.0,1.5038000345230103,1.5038000345230103
REBN,2026-08-12 11:04:00-04:00,2026-08-12 11:42:46.032505-04:00,2266.032505,1111.0,1.5099999904632568,1.4900000095367432
REBN,2026-08-12 11:12:00-04:00,2026-08-12 11:42:46.032505-04:00,1786.032505,1109.0,1.5149999856948853,1.5149999856948853
REBN,2026-08-12 11:14:00-04:00,2026-08-12 11:42:46.032505-04:00,1666.032505,221.0,1.5,1.5
REBN,2026-08-12 11:34:00-04:00,2026-08-12 11:42:46.032505-04:00,466.032505,119.0,1.4800000190734863,1.4800000190734863
REBN,2026-08-12 11:38:00-04:00,2026-08-12 11:42:46.032505-04:00,226.032505,0.0,1.4600000381469727,1.4600000381469727
DRMA,2026-08-12 11:37:00-04:00,2026-08-12 11:42:46.032505-04:00,286.032505,102132.0,1.3849999904632568,1.3450000286102295
DRMA,2026-08-12 11:38:00-04:00,2026-08-12 11:42:46.032505-04:00,226.032505,31174.0,1.347499966621399,1.3300000429153442
DRMA,2026-08-12 11:39:00-04:00,2026-08-12 11:42:46.032505-04:00,166.032505,18560.0,1.330199956893921,1.336400032043457
DRMA,2026-08-12 11:40:00-04:00,2026-08-12 11:42:46.032505-04:00,106.032505,19092.0,1.3387999534606934,1.3300000429153442
DRMA,2026-08-12 11:41:00-04:00,2026-08-12 11:42:46.032505-04:00,46.032505,21236.0,1.3350000381469727,1.320099949836731
DRMA,2026-08-12 11:42:00-04:00,2026-08-12 11:42:46.032505-04:00,-13.967495,0.0,1.3300000429153442,1.3300000429153442
FEMY,2026-08-12 11:24:00-04:00,2026-08-12 11:42:46.032505-04:00,1066.032505,7013.0,2.325000047683716,2.3299999237060547
FEMY,2026-08-12 11:25:00-04:00,2026-08-12 11:42:46.032505-04:00,1006.032505,45332.0,2.3299999237060547,2.240000009536743
FEMY,2026-08-12 11:26:00-04:00,2026-08-12 11:42:46.032505-04:00,946.032505,10702.0,2.240000009536743,2.240000009536743
FEMY,2026-08-12 11:27:00-04:00,2026-08-12 11:42:46.032505-04:00,886.032505,690.0,2.2699999809265137,2.2699999809265137
FEMY,2026-08-12 11:38:00-04:00,2026-08-12 11:42:46.032505-04:00,226.032505,103.0,2.309999942779541,2.309999942779541
FEMY,2026-08-12 11:40:00-04:00,2026-08-12 11:42:46.032505-04:00,106.032505,0.0,2.319999933242798,2.319999933242798
ENHA,2026-08-12 11:24:00-04:00,2026-08-12 11:42:46.032505-04:00,1066.032505,0.0,2.186199903488159,2.186199903488159
ENHA,2026-08-12 11:31:00-04:00,2026-08-12 11:42:46.032505-04:00,646.032505,7757.0,2.200000047683716,2.200000047683716
ENHA,2026-08-12 11:34:00-04:00,2026-08-12 11:42:46.032505-04:00,466.032505,3606.0,2.194999933242798,2.174999952316284
ENHA,2026-08-12 11:35:00-04:00,2026-08-12 11:42:46.032505-04:00,406.032505,2052.0,2.180000066757202,2.180000066757202
ENHA,2026-08-12 11:36:00-04:00,2026-08-12 11:42:46.032505-04:00,346.032505,759.0,2.174999952316284,2.174999952316284
ENHA,2026-08-12 11:42:00-04:00,2026-08-12 11:42:46.032505-04:00,-13.967495,0.0,2.174999952316284,2.174999952316284
DRMA,2026-08-12 11:38:00-04:00,2026-08-12 11:43:06.073387-04:00,246.073387,31174.0,1.347499966621399,1.3300000429153442
DRMA,2026-08-12 11:39:00-04:00,2026-08-12 11:43:06.073387-04:00,186.073387,18560.0,1.330199956893921,1.336400032043457
DRMA,2026-08-12 11:40:00-04:00,2026-08-12 11:43:06.073387-04:00,126.073387,19092.0,1.3387999534606934,1.3300000429153442
DRMA,2026-08-12 11:41:00-04:00,2026-08-12 11:43:06.073387-04:00,66.073387,21236.0,1.3350000381469727,1.320099949836731
DRMA,2026-08-12 11:42:00-04:00,2026-08-12 11:43:06.073387-04:00,6.073387,24311.0,1.3299000263214111,1.3392000198364258
DRMA,2026-08-12 11:43:00-04:00,2026-08-12 11:43:06.073387-04:00,-53.926613,0.0,1.3389999866485596,1.3389999866485596
GRWG,2026-08-12 11:37:00-04:00,2026-08-12 11:43:06.073387-04:00,306.073387,3396.0,1.8899999856948853,1.8899999856948853
GRWG,2026-08-12 11:38:00-04:00,2026-08-12 11:43:06.073387-04:00,246.073387,3122.0,1.8849999904632568,1.8899999856948853
GRWG,2026-08-12 11:39:00-04:00,2026-08-12 11:43:06.073387-04:00,186.073387,13172.0,1.8899999856948853,1.8949999809265137
GRWG,2026-08-12 11:40:00-04:00,2026-08-12 11:43:06.073387-04:00,126.073387,5750.0,1.8901000022888184,1.8899999856948853
GRWG,2026-08-12 11:41:00-04:00,2026-08-12 11:43:06.073387-04:00,66.073387,4358.0,1.8949999809265137,1.899999976158142
GRWG,2026-08-12 11:42:00-04:00,2026-08-12 11:43:06.073387-04:00,6.073387,0.0,1.9049999713897705,1.9049999713897705
VLN,2026-08-12 11:37:00-04:00,2026-08-12 11:43:06.073387-04:00,306.073387,289.0,1.815000057220459,1.815000057220459
VLN,2026-08-12 11:38:00-04:00,2026-08-12 11:43:06.073387-04:00,246.073387,4659.0,1.815000057220459,1.809999942779541
VLN,2026-08-12 11:39:00-04:00,2026-08-12 11:43:06.073387-04:00,186.073387,192.0,1.815000057220459,1.815000057220459
VLN,2026-08-12 11:40:00-04:00,2026-08-12 11:43:06.073387-04:00,126.073387,4835.0,1.809999942779541,1.8086999654769897
VLN,2026-08-12 11:41:00-04:00,2026-08-12 11:43:06.073387-04:00,66.073387,4765.0,1.801200032234192,1.801200032234192
VLN,2026-08-12 11:42:00-04:00,2026-08-12 11:43:06.073387-04:00,6.073387,0.0,1.815000057220459,1.815000057220459
ENHA,2026-08-12 11:24:00-04:00,2026-08-12 11:43:06.073387-04:00,1086.073387,0.0,2.186199903488159,2.186199903488159
ENHA,2026-08-12 11:31:00-04:00,2026-08-12 11:43:06.073387-04:00,666.073387,7757.0,2.200000047683716,2.200000047683716
ENHA,2026-08-12 11:34:00-04:00,2026-08-12 11:43:06.073387-04:00,486.073387,3606.0,2.194999933242798,2.174999952316284
ENHA,2026-08-12 11:35:00-04:00,2026-08-12 11:43:06.073387-04:00,426.073387,2052.0,2.180000066757202,2.180000066757202
ENHA,2026-08-12 11:36:00-04:00,2026-08-12 11:43:06.073387-04:00,366.073387,759.0,2.174999952316284,2.174999952316284
ENHA,2026-08-12 11:42:00-04:00,2026-08-12 11:43:06.073387-04:00,6.073387,0.0,2.180000066757202,2.180000066757202
BIVI,2026-08-12 11:38:00-04:00,2026-08-12 11:43:06.073387-04:00,246.073387,149439.0,1.8601000308990479,1.8949999809265137
BIVI,2026-08-12 11:39:00-04:00,2026-08-12 11:43:06.073387-04:00,186.073387,173450.0,1.8910000324249268,1.8499000072479248
BIVI,2026-08-12 11:40:00-04:00,2026-08-12 11:43:06.073387-04:00,126.073387,175477.0,1.8450000286102295,1.8802000284194946
BIVI,2026-08-12 11:41:00-04:00,2026-08-12 11:43:06.073387-04:00,66.073387,135559.0,1.8899999856948853,1.8300000429153442
BIVI,2026-08-12 11:42:00-04:00,2026-08-12 11:43:06.073387-04:00,6.073387,147303.0,1.840000033378601,1.840000033378601
BIVI,2026-08-12 11:43:00-04:00,2026-08-12 11:43:06.073387-04:00,-53.926613,0.0,1.8461999893188477,1.8461999893188477
REBN,2026-08-12 11:01:00-04:00,2026-08-12 11:43:06.073387-04:00,2466.073387,11.0,1.5038000345230103,1.5038000345230103
REBN,2026-08-12 11:04:00-04:00,2026-08-12 11:43:06.073387-04:00,2286.073387,1111.0,1.5099999904632568,1.4900000095367432
REBN,2026-08-12 11:12:00-04:00,2026-08-12 11:43:06.073387-04:00,1806.073387,1109.0,1.5149999856948853,1.5149999856948853
REBN,2026-08-12 11:14:00-04:00,2026-08-12 11:43:06.073387-04:00,1686.073387,221.0,1.5,1.5
REBN,2026-08-12 11:34:00-04:00,2026-08-12 11:43:06.073387-04:00,486.073387,119.0,1.4800000190734863,1.4800000190734863
REBN,2026-08-12 11:38:00-04:00,2026-08-12 11:43:06.073387-04:00,246.073387,0.0,1.4600000381469727,1.4600000381469727
FEMY,2026-08-12 11:24:00-04:00,2026-08-12 11:43:06.073387-04:00,1086.073387,7013.0,2.325000047683716,2.3299999237060547
FEMY,2026-08-12 11:25:00-04:00,2026-08-12 11:43:06.073387-04:00,1026.073387,45332.0,2.3299999237060547,2.240000009536743
FEMY,2026-08-12 11:26:00-04:00,2026-08-12 11:43:06.073387-04:00,966.073387,10702.0,2.240000009536743,2.240000009536743
FEMY,2026-08-12 11:27:00-04:00,2026-08-12 11:43:06.073387-04:00,906.073387,690.0,2.2699999809265137,2.2699999809265137
FEMY,2026-08-12 11:38:00-04:00,2026-08-12 11:43:06.073387-04:00,246.073387,103.0,2.309999942779541,2.309999942779541
FEMY,2026-08-12 11:40:00-04:00,2026-08-12 11:43:06.073387-04:00,126.073387,0.0,2.319999933242798,2.319999933242798
MXCT,2026-08-12 11:35:00-04:00,2026-08-12 11:43:06.073387-04:00,426.073387,2122.0,1.2549999952316284,1.2549999952316284
MXCT,2026-08-12 11:37:00-04:00,2026-08-12 11:43:06.073387-04:00,306.073387,276.0,1.2549999952316284,1.2549999952316284
MXCT,2026-08-12 11:38:00-04:00,2026-08-12 11:43:06.073387-04:00,246.073387,424.0,1.2549999952316284,1.2549999952316284
MXCT,2026-08-12 11:39:00-04:00,2026-08-12 11:43:06.073387-04:00,186.073387,4210.0,1.2596999406814575,1.2599999904632568
MXCT,2026-08-12 11:41:00-04:00,2026-08-12 11:43:06.073387-04:00,66.073387,7927.0,1.2599999904632568,1.2597999572753906
MXCT,2026-08-12 11:42:00-04:00,2026-08-12 11:43:06.073387-04:00,6.073387,0.0,1.2549999952316284,1.2549999952316284
REBN,2026-08-12 11:01:00-04:00,2026-08-12 11:43:26.118839-04:00,2486.118839,11.0,1.5038000345230103,1.5038000345230103
REBN,2026-08-12 11:04:00-04:00,2026-08-12 11:43:26.118839-04:00,2306.118839,1111.0,1.5099999904632568,1.4900000095367432
REBN,2026-08-12 11:12:00-04:00,2026-08-12 11:43:26.118839-04:00,1826.118839,1109.0,1.5149999856948853,1.5149999856948853
REBN,2026-08-12 11:14:00-04:00,2026-08-12 11:43:26.118839-04:00,1706.118839,221.0,1.5,1.5
REBN,2026-08-12 11:34:00-04:00,2026-08-12 11:43:26.118839-04:00,506.118839,119.0,1.4800000190734863,1.4800000190734863
REBN,2026-08-12 11:38:00-04:00,2026-08-12 11:43:26.118839-04:00,266.118839,0.0,1.4600000381469727,1.4600000381469727
BIVI,2026-08-12 11:38:00-04:00,2026-08-12 11:43:26.118839-04:00,266.118839,150003.0,1.8601000308990479,1.8949999809265137
BIVI,2026-08-12 11:39:00-04:00,2026-08-12 11:43:26.118839-04:00,206.118839,173450.0,1.8910000324249268,1.8499000072479248
BIVI,2026-08-12 11:40:00-04:00,2026-08-12 11:43:26.118839-04:00,146.118839,175477.0,1.8450000286102295,1.8802000284194946
BIVI,2026-08-12 11:41:00-04:00,2026-08-12 11:43:26.118839-04:00,86.118839,135559.0,1.8899999856948853,1.8300000429153442
BIVI,2026-08-12 11:42:00-04:00,2026-08-12 11:43:26.118839-04:00,26.118839,147303.0,1.840000033378601,1.840000033378601
BIVI,2026-08-12 11:43:00-04:00,2026-08-12 11:43:26.118839-04:00,-33.881161,0.0,1.9049999713897705,1.9049999713897705
MXCT,2026-08-12 11:35:00-04:00,2026-08-12 11:43:26.118839-04:00,446.118839,2122.0,1.2549999952316284,1.2549999952316284
MXCT,2026-08-12 11:37:00-04:00,2026-08-12 11:43:26.118839-04:00,326.118839,276.0,1.2549999952316284,1.2549999952316284
MXCT,2026-08-12 11:38:00-04:00,2026-08-12 11:43:26.118839-04:00,266.118839,424.0,1.2549999952316284,1.2549999952316284
MXCT,2026-08-12 11:39:00-04:00,2026-08-12 11:43:26.118839-04:00,206.118839,4210.0,1.2596999406814575,1.2599999904632568
MXCT,2026-08-12 11:41:00-04:00,2026-08-12 11:43:26.118839-04:00,86.118839,7927.0,1.2599999904632568,1.2597999572753906
MXCT,2026-08-12 11:42:00-04:00,2026-08-12 11:43:26.118839-04:00,26.118839,0.0,1.2549999952316284,1.2549999952316284
FEMY,2026-08-12 11:24:00-04:00,2026-08-12 11:43:26.118839-04:00,1106.118839,7013.0,2.325000047683716,2.3299999237060547
FEMY,2026-08-12 11:25:00-04:00,2026-08-12 11:43:26.118839-04:00,1046.118839,45332.0,2.3299999237060547,2.240000009536743
FEMY,2026-08-12 11:26:00-04:00,2026-08-12 11:43:26.118839-04:00,986.118839,10702.0,2.240000009536743,2.240000009536743
FEMY,2026-08-12 11:27:00-04:00,2026-08-12 11:43:26.118839-04:00,926.118839,690.0,2.2699999809265137,2.2699999809265137
FEMY,2026-08-12 11:38:00-04:00,2026-08-12 11:43:26.118839-04:00,266.118839,103.0,2.309999942779541,2.309999942779541
FEMY,2026-08-12 11:40:00-04:00,2026-08-12 11:43:26.118839-04:00,146.118839,0.0,2.319999933242798,2.319999933242798
DRMA,2026-08-12 11:38:00-04:00,2026-08-12 11:43:26.118839-04:00,266.118839,31174.0,1.347499966621399,1.3300000429153442
DRMA,2026-08-12 11:39:00-04:00,2026-08-12 11:43:26.118839-04:00,206.118839,18560.0,1.330199956893921,1.336400032043457
DRMA,2026-08-12 11:40:00-04:00,2026-08-12 11:43:26.118839-04:00,146.118839,19092.0,1.3387999534606934,1.3300000429153442
DRMA,2026-08-12 11:41:00-04:00,2026-08-12 11:43:26.118839-04:00,86.118839,21236.0,1.3350000381469727,1.320099949836731
DRMA,2026-08-12 11:42:00-04:00,2026-08-12 11:43:26.118839-04:00,26.118839,24311.0,1.3299000263214111,1.3392000198364258
DRMA,2026-08-12 11:43:00-04:00,2026-08-12 11:43:26.118839-04:00,-33.881161,0.0,1.3350000381469727,1.3350000381469727
ENHA,2026-08-12 11:24:00-04:00,2026-08-12 11:43:26.118839-04:00,1106.118839,0.0,2.186199903488159,2.186199903488159
ENHA,2026-08-12 11:31:00-04:00,2026-08-12 11:43:26.118839-04:00,686.118839,7757.0,2.200000047683716,2.200000047683716
ENHA,2026-08-12 11:34:00-04:00,2026-08-12 11:43:26.118839-04:00,506.118839,3606.0,2.194999933242798,2.174999952316284
ENHA,2026-08-12 11:35:00-04:00,2026-08-12 11:43:26.118839-04:00,446.118839,2052.0,2.180000066757202,2.180000066757202
ENHA,2026-08-12 11:36:00-04:00,2026-08-12 11:43:26.118839-04:00,386.118839,759.0,2.174999952316284,2.174999952316284
ENHA,2026-08-12 11:42:00-04:00,2026-08-12 11:43:26.118839-04:00,26.118839,0.0,2.180000066757202,2.180000066757202
VLN,2026-08-12 11:38:00-04:00,2026-08-12 11:43:26.118839-04:00,266.118839,4659.0,1.815000057220459,1.809999942779541
VLN,2026-08-12 11:39:00-04:00,2026-08-12 11:43:26.118839-04:00,206.118839,192.0,1.815000057220459,1.815000057220459
VLN,2026-08-12 11:40:00-04:00,2026-08-12 11:43:26.118839-04:00,146.118839,4835.0,1.809999942779541,1.8086999654769897
VLN,2026-08-12 11:41:00-04:00,2026-08-12 11:43:26.118839-04:00,86.118839,4765.0,1.801200032234192,1.801200032234192
VLN,2026-08-12 11:42:00-04:00,2026-08-12 11:43:26.118839-04:00,26.118839,10727.0,1.809999942779541,1.815000057220459
VLN,2026-08-12 11:43:00-04:00,2026-08-12 11:43:26.118839-04:00,-33.881161,0.0,1.8200000524520874,1.8200000524520874
GRWG,2026-08-12 11:37:00-04:00,2026-08-12 11:43:26.118839-04:00,326.118839,3396.0,1.8899999856948853,1.8899999856948853
GRWG,2026-08-12 11:38:00-04:00,2026-08-12 11:43:26.118839-04:00,266.118839,3122.0,1.8849999904632568,1.8899999856948853
GRWG,2026-08-12 11:39:00-04:00,2026-08-12 11:43:26.118839-04:00,206.118839,13172.0,1.8899999856948853,1.8949999809265137
GRWG,2026-08-12 11:40:00-04:00,2026-08-12 11:43:26.118839-04:00,146.118839,5750.0,1.8901000022888184,1.8899999856948853
GRWG,2026-08-12 11:41:00-04:00,2026-08-12 11:43:26.118839-04:00,86.118839,4358.0,1.8949999809265137,1.899999976158142
GRWG,2026-08-12 11:42:00-04:00,2026-08-12 11:43:26.118839-04:00,26.118839,0.0,1.9049999713897705,1.9049999713897705
DRMA,2026-08-12 11:38:00-04:00,2026-08-12 11:43:46.165743-04:00,286.165743,31174.0,1.347499966621399,1.3300000429153442
DRMA,2026-08-12 11:39:00-04:00,2026-08-12 11:43:46.165743-04:00,226.165743,18560.0,1.330199956893921,1.336400032043457
DRMA,2026-08-12 11:40:00-04:00,2026-08-12 11:43:46.165743-04:00,166.165743,19092.0,1.3387999534606934,1.3300000429153442
DRMA,2026-08-12 11:41:00-04:00,2026-08-12 11:43:46.165743-04:00,106.165743,21236.0,1.3350000381469727,1.320099949836731
DRMA,2026-08-12 11:42:00-04:00,2026-08-12 11:43:46.165743-04:00,46.165743,24311.0,1.3299000263214111,1.3392000198364258
DRMA,2026-08-12 11:43:00-04:00,2026-08-12 11:43:46.165743-04:00,-13.834257,0.0,1.3398000001907349,1.3398000001907349
FEMY,2026-08-12 11:24:00-04:00,2026-08-12 11:43:46.165743-04:00,1126.165743,7013.0,2.325000047683716,2.3299999237060547
FEMY,2026-08-12 11:25:00-04:00,2026-08-12 11:43:46.165743-04:00,1066.165743,45332.0,2.3299999237060547,2.240000009536743
FEMY,2026-08-12 11:26:00-04:00,2026-08-12 11:43:46.165743-04:00,1006.165743,10702.0,2.240000009536743,2.240000009536743
FEMY,2026-08-12 11:27:00-04:00,2026-08-12 11:43:46.165743-04:00,946.165743,690.0,2.2699999809265137,2.2699999809265137
FEMY,2026-08-12 11:38:00-04:00,2026-08-12 11:43:46.165743-04:00,286.165743,103.0,2.309999942779541,2.309999942779541
FEMY,2026-08-12 11:40:00-04:00,2026-08-12 11:43:46.165743-04:00,166.165743,0.0,2.319999933242798,2.319999933242798
BIVI,2026-08-12 11:38:00-04:00,2026-08-12 11:43:46.165743-04:00,286.165743,149439.0,1.8601000308990479,1.8949999809265137
BIVI,2026-08-12 11:39:00-04:00,2026-08-12 11:43:46.165743-04:00,226.165743,173450.0,1.8910000324249268,1.8499000072479248
BIVI,2026-08-12 11:40:00-04:00,2026-08-12 11:43:46.165743-04:00,166.165743,175477.0,1.8450000286102295,1.8802000284194946
BIVI,2026-08-12 11:41:00-04:00,2026-08-12 11:43:46.165743-04:00,106.165743,135559.0,1.8899999856948853,1.8300000429153442
BIVI,2026-08-12 11:42:00-04:00,2026-08-12 11:43:46.165743-04:00,46.165743,147303.0,1.840000033378601,1.840000033378601
BIVI,2026-08-12 11:43:00-04:00,2026-08-12 11:43:46.165743-04:00,-13.834257,0.0,1.899899959564209,1.899899959564209
GRWG,2026-08-12 11:38:00-04:00,2026-08-12 11:43:46.165743-04:00,286.165743,3122.0,1.8849999904632568,1.8899999856948853
GRWG,2026-08-12 11:39:00-04:00,2026-08-12 11:43:46.165743-04:00,226.165743,13172.0,1.8899999856948853,1.8949999809265137
GRWG,2026-08-12 11:40:00-04:00,2026-08-12 11:43:46.165743-04:00,166.165743,5750.0,1.8901000022888184,1.8899999856948853
GRWG,2026-08-12 11:41:00-04:00,2026-08-12 11:43:46.165743-04:00,106.165743,4358.0,1.8949999809265137,1.899999976158142
GRWG,2026-08-12 11:42:00-04:00,2026-08-12 11:43:46.165743-04:00,46.165743,3119.0,1.9089000225067139,1.9049999713897705
GRWG,2026-08-12 11:43:00-04:00,2026-08-12 11:43:46.165743-04:00,-13.834257,0.0,1.9049999713897705,1.9049999713897705
ENHA,2026-08-12 11:24:00-04:00,2026-08-12 11:43:46.165743-04:00,1126.165743,0.0,2.186199903488159,2.186199903488159
ENHA,2026-08-12 11:31:00-04:00,2026-08-12 11:43:46.165743-04:00,706.165743,7757.0,2.200000047683716,2.200000047683716
ENHA,2026-08-12 11:34:00-04:00,2026-08-12 11:43:46.165743-04:00,526.165743,3606.0,2.194999933242798,2.174999952316284
ENHA,2026-08-12 11:35:00-04:00,2026-08-12 11:43:46.165743-04:00,466.165743,2052.0,2.180000066757202,2.180000066757202
ENHA,2026-08-12 11:36:00-04:00,2026-08-12 11:43:46.165743-04:00,406.165743,759.0,2.174999952316284,2.174999952316284
ENHA,2026-08-12 11:42:00-04:00,2026-08-12 11:43:46.165743-04:00,46.165743,0.0,2.180000066757202,2.180000066757202
VLN,2026-08-12 11:38:00-04:00,2026-08-12 11:43:46.165743-04:00,286.165743,4659.0,1.815000057220459,1.809999942779541
VLN,2026-08-12 11:39:00-04:00,2026-08-12 11:43:46.165743-04:00,226.165743,192.0,1.815000057220459,1.815000057220459
VLN,2026-08-12 11:40:00-04:00,2026-08-12 11:43:46.165743-04:00,166.165743,4835.0,1.809999942779541,1.8086999654769897
VLN,2026-08-12 11:41:00-04:00,2026-08-12 11:43:46.165743-04:00,106.165743,4765.0,1.801200032234192,1.801200032234192
VLN,2026-08-12 11:42:00-04:00,2026-08-12 11:43:46.165743-04:00,46.165743,10727.0,1.809999942779541,1.815000057220459
VLN,2026-08-12 11:43:00-04:00,2026-08-12 11:43:46.165743-04:00,-13.834257,0.0,1.8200000524520874,1.8200000524520874
REBN,2026-08-12 11:01:00-04:00,2026-08-12 11:43:46.165743-04:00,2506.165743,11.0,1.5038000345230103,1.5038000345230103
REBN,2026-08-12 11:04:00-04:00,2026-08-12 11:43:46.165743-04:00,2326.165743,1111.0,1.5099999904632568,1.4900000095367432
REBN,2026-08-12 11:12:00-04:00,2026-08-12 11:43:46.165743-04:00,1846.165743,1109.0,1.5149999856948853,1.5149999856948853
REBN,2026-08-12 11:14:00-04:00,2026-08-12 11:43:46.165743-04:00,1726.165743,221.0,1.5,1.5
REBN,2026-08-12 11:34:00-04:00,2026-08-12 11:43:46.165743-04:00,526.165743,119.0,1.4800000190734863,1.4800000190734863
REBN,2026-08-12 11:38:00-04:00,2026-08-12 11:43:46.165743-04:00,286.165743,0.0,1.4600000381469727,1.4600000381469727
MXCT,2026-08-12 11:35:00-04:00,2026-08-12 11:43:46.165743-04:00,466.165743,2122.0,1.2549999952316284,1.2549999952316284
MXCT,2026-08-12 11:37:00-04:00,2026-08-12 11:43:46.165743-04:00,346.165743,276.0,1.2549999952316284,1.2549999952316284
MXCT,2026-08-12 11:38:00-04:00,2026-08-12 11:43:46.165743-04:00,286.165743,424.0,1.2549999952316284,1.2549999952316284
MXCT,2026-08-12 11:39:00-04:00,2026-08-12 11:43:46.165743-04:00,226.165743,4210.0,1.2596999406814575,1.2599999904632568
MXCT,2026-08-12 11:41:00-04:00,2026-08-12 11:43:46.165743-04:00,106.165743,7927.0,1.2599999904632568,1.2597999572753906
MXCT,2026-08-12 11:42:00-04:00,2026-08-12 11:43:46.165743-04:00,46.165743,0.0,1.2549999952316284,1.2549999952316284
FEMY,2026-08-12 11:24:00-04:00,2026-08-12 11:44:06.207103-04:00,1146.207103,7013.0,2.325000047683716,2.3299999237060547
FEMY,2026-08-12 11:25:00-04:00,2026-08-12 11:44:06.207103-04:00,1086.207103,45332.0,2.3299999237060547,2.240000009536743
FEMY,2026-08-12 11:26:00-04:00,2026-08-12 11:44:06.207103-04:00,1026.207103,10702.0,2.240000009536743,2.240000009536743
FEMY,2026-08-12 11:27:00-04:00,2026-08-12 11:44:06.207103-04:00,966.207103,690.0,2.2699999809265137,2.2699999809265137
FEMY,2026-08-12 11:38:00-04:00,2026-08-12 11:44:06.207103-04:00,306.207103,103.0,2.309999942779541,2.309999942779541
FEMY,2026-08-12 11:40:00-04:00,2026-08-12 11:44:06.207103-04:00,186.207103,0.0,2.319999933242798,2.319999933242798
REBN,2026-08-12 11:01:00-04:00,2026-08-12 11:44:06.207103-04:00,2526.207103,11.0,1.5038000345230103,1.5038000345230103
REBN,2026-08-12 11:04:00-04:00,2026-08-12 11:44:06.207103-04:00,2346.207103,1111.0,1.5099999904632568,1.4900000095367432
REBN,2026-08-12 11:12:00-04:00,2026-08-12 11:44:06.207103-04:00,1866.207103,1109.0,1.5149999856948853,1.5149999856948853
REBN,2026-08-12 11:14:00-04:00,2026-08-12 11:44:06.207103-04:00,1746.207103,221.0,1.5,1.5
REBN,2026-08-12 11:34:00-04:00,2026-08-12 11:44:06.207103-04:00,546.207103,119.0,1.4800000190734863,1.4800000190734863
REBN,2026-08-12 11:38:00-04:00,2026-08-12 11:44:06.207103-04:00,306.207103,0.0,1.4600000381469727,1.4600000381469727
MXCT,2026-08-12 11:35:00-04:00,2026-08-12 11:44:06.207103-04:00,486.207103,2122.0,1.2549999952316284,1.2549999952316284
MXCT,2026-08-12 11:37:00-04:00,2026-08-12 11:44:06.207103-04:00,366.207103,276.0,1.2549999952316284,1.2549999952316284
MXCT,2026-08-12 11:38:00-04:00,2026-08-12 11:44:06.207103-04:00,306.207103,424.0,1.2549999952316284,1.2549999952316284
MXCT,2026-08-12 11:39:00-04:00,2026-08-12 11:44:06.207103-04:00,246.207103,4210.0,1.2596999406814575,1.2599999904632568
MXCT,2026-08-12 11:41:00-04:00,2026-08-12 11:44:06.207103-04:00,126.207103,7927.0,1.2599999904632568,1.2597999572753906
MXCT,2026-08-12 11:42:00-04:00,2026-08-12 11:44:06.207103-04:00,66.207103,0.0,1.2549999952316284,1.2549999952316284
VLN,2026-08-12 11:38:00-04:00,2026-08-12 11:44:06.207103-04:00,306.207103,4659.0,1.815000057220459,1.809999942779541
VLN,2026-08-12 11:39:00-04:00,2026-08-12 11:44:06.207103-04:00,246.207103,192.0,1.815000057220459,1.815000057220459
VLN,2026-08-12 11:40:00-04:00,2026-08-12 11:44:06.207103-04:00,186.207103,4835.0,1.809999942779541,1.8086999654769897
VLN,2026-08-12 11:41:00-04:00,2026-08-12 11:44:06.207103-04:00,126.207103,4765.0,1.801200032234192,1.801200032234192
VLN,2026-08-12 11:42:00-04:00,2026-08-12 11:44:06.207103-04:00,66.207103,10727.0,1.809999942779541,1.815000057220459
VLN,2026-08-12 11:43:00-04:00,2026-08-12 11:44:06.207103-04:00,6.207103,0.0,1.8200000524520874,1.8200000524520874
ENHA,2026-08-12 11:24:00-04:00,2026-08-12 11:44:06.207103-04:00,1146.207103,0.0,2.186199903488159,2.186199903488159
ENHA,2026-08-12 11:31:00-04:00,2026-08-12 11:44:06.207103-04:00,726.207103,7757.0,2.200000047683716,2.200000047683716
ENHA,2026-08-12 11:34:00-04:00,2026-08-12 11:44:06.207103-04:00,546.207103,3606.0,2.194999933242798,2.174999952316284
ENHA,2026-08-12 11:35:00-04:00,2026-08-12 11:44:06.207103-04:00,486.207103,2052.0,2.180000066757202,2.180000066757202
ENHA,2026-08-12 11:36:00-04:00,2026-08-12 11:44:06.207103-04:00,426.207103,759.0,2.174999952316284,2.174999952316284
ENHA,2026-08-12 11:42:00-04:00,2026-08-12 11:44:06.207103-04:00,66.207103,0.0,2.180000066757202,2.180000066757202
GRWG,2026-08-12 11:39:00-04:00,2026-08-12 11:44:06.207103-04:00,246.207103,13172.0,1.8899999856948853,1.8949999809265137
GRWG,2026-08-12 11:40:00-04:00,2026-08-12 11:44:06.207103-04:00,186.207103,5750.0,1.8901000022888184,1.8899999856948853
GRWG,2026-08-12 11:41:00-04:00,2026-08-12 11:44:06.207103-04:00,126.207103,4358.0,1.8949999809265137,1.899999976158142
GRWG,2026-08-12 11:42:00-04:00,2026-08-12 11:44:06.207103-04:00,66.207103,3119.0,1.9089000225067139,1.9049999713897705
GRWG,2026-08-12 11:43:00-04:00,2026-08-12 11:44:06.207103-04:00,6.207103,2438.0,1.9049999713897705,1.9089000225067139
GRWG,2026-08-12 11:44:00-04:00,2026-08-12 11:44:06.207103-04:00,-53.792897,0.0,1.9049999713897705,1.9049999713897705
DRMA,2026-08-12 11:38:00-04:00,2026-08-12 11:44:06.207103-04:00,306.207103,31174.0,1.347499966621399,1.3300000429153442
DRMA,2026-08-12 11:39:00-04:00,2026-08-12 11:44:06.207103-04:00,246.207103,18560.0,1.330199956893921,1.336400032043457
DRMA,2026-08-12 11:40:00-04:00,2026-08-12 11:44:06.207103-04:00,186.207103,19092.0,1.3387999534606934,1.3300000429153442
DRMA,2026-08-12 11:41:00-04:00,2026-08-12 11:44:06.207103-04:00,126.207103,21236.0,1.3350000381469727,1.320099949836731
DRMA,2026-08-12 11:42:00-04:00,2026-08-12 11:44:06.207103-04:00,66.207103,24311.0,1.3299000263214111,1.3392000198364258
DRMA,2026-08-12 11:43:00-04:00,2026-08-12 11:44:06.207103-04:00,6.207103,4630.0,1.3389999866485596,1.3398000001907349
BIVI,2026-08-12 11:39:00-04:00,2026-08-12 11:44:06.207103-04:00,246.207103,173450.0,1.8910000324249268,1.8499000072479248
BIVI,2026-08-12 11:40:00-04:00,2026-08-12 11:44:06.207103-04:00,186.207103,175477.0,1.8450000286102295,1.8802000284194946
BIVI,2026-08-12 11:41:00-04:00,2026-08-12 11:44:06.207103-04:00,126.207103,135559.0,1.8899999856948853,1.8300000429153442
BIVI,2026-08-12 11:42:00-04:00,2026-08-12 11:44:06.207103-04:00,66.207103,147303.0,1.840000033378601,1.840000033378601
BIVI,2026-08-12 11:43:00-04:00,2026-08-12 11:44:06.207103-04:00,6.207103,238193.0,1.8480000495910645,1.909000039100647
BIVI,2026-08-12 11:44:00-04:00,2026-08-12 11:44:06.207103-04:00,-53.792897,0.0,1.9049999713897705,1.9049999713897705
GRWG,2026-08-12 11:39:00-04:00,2026-08-12 11:44:26.251930-04:00,266.25193,13172.0,1.8899999856948853,1.8949999809265137
GRWG,2026-08-12 11:40:00-04:00,2026-08-12 11:44:26.251930-04:00,206.25193,5750.0,1.8901000022888184,1.8899999856948853
GRWG,2026-08-12 11:41:00-04:00,2026-08-12 11:44:26.251930-04:00,146.25193,4358.0,1.8949999809265137,1.899999976158142
GRWG,2026-08-12 11:42:00-04:00,2026-08-12 11:44:26.251930-04:00,86.25193,3119.0,1.9089000225067139,1.9049999713897705
GRWG,2026-08-12 11:43:00-04:00,2026-08-12 11:44:26.251930-04:00,26.25193,2438.0,1.9049999713897705,1.9089000225067139
GRWG,2026-08-12 11:44:00-04:00,2026-08-12 11:44:26.251930-04:00,-33.74807,0.0,1.9091999530792236,1.9091999530792236
REBN,2026-08-12 11:01:00-04:00,2026-08-12 11:44:26.251930-04:00,2546.25193,11.0,1.5038000345230103,1.5038000345230103
REBN,2026-08-12 11:04:00-04:00,2026-08-12 11:44:26.251930-04:00,2366.25193,1111.0,1.5099999904632568,1.4900000095367432
REBN,2026-08-12 11:12:00-04:00,2026-08-12 11:44:26.251930-04:00,1886.25193,1109.0,1.5149999856948853,1.5149999856948853
REBN,2026-08-12 11:14:00-04:00,2026-08-12 11:44:26.251930-04:00,1766.25193,221.0,1.5,1.5
REBN,2026-08-12 11:34:00-04:00,2026-08-12 11:44:26.251930-04:00,566.25193,119.0,1.4800000190734863,1.4800000190734863
REBN,2026-08-12 11:38:00-04:00,2026-08-12 11:44:26.251930-04:00,326.25193,0.0,1.4600000381469727,1.4600000381469727
ENHA,2026-08-12 11:31:00-04:00,2026-08-12 11:44:26.251930-04:00,746.25193,0.0,2.200000047683716,2.200000047683716
ENHA,2026-08-12 11:34:00-04:00,2026-08-12 11:44:26.251930-04:00,566.25193,3606.0,2.194999933242798,2.174999952316284
ENHA,2026-08-12 11:35:00-04:00,2026-08-12 11:44:26.251930-04:00,506.25193,2052.0,2.180000066757202,2.180000066757202
ENHA,2026-08-12 11:36:00-04:00,2026-08-12 11:44:26.251930-04:00,446.25193,759.0,2.174999952316284,2.174999952316284
ENHA,2026-08-12 11:42:00-04:00,2026-08-12 11:44:26.251930-04:00,86.25193,2046.0,2.170099973678589,2.180000066757202
ENHA,2026-08-12 11:44:00-04:00,2026-08-12 11:44:26.251930-04:00,-33.74807,0.0,2.174999952316284,2.174999952316284
MXCT,2026-08-12 11:35:00-04:00,2026-08-12 11:44:26.251930-04:00,506.25193,2122.0,1.2549999952316284,1.2549999952316284
MXCT,2026-08-12 11:37:00-04:00,2026-08-12 11:44:26.251930-04:00,386.25193,276.0,1.2549999952316284,1.2549999952316284
MXCT,2026-08-12 11:38:00-04:00,2026-08-12 11:44:26.251930-04:00,326.25193,424.0,1.2549999952316284,1.2549999952316284
MXCT,2026-08-12 11:39:00-04:00,2026-08-12 11:44:26.251930-04:00,266.25193,4210.0,1.2596999406814575,1.2599999904632568
MXCT,2026-08-12 11:41:00-04:00,2026-08-12 11:44:26.251930-04:00,146.25193,7927.0,1.2599999904632568,1.2597999572753906
MXCT,2026-08-12 11:42:00-04:00,2026-08-12 11:44:26.251930-04:00,86.25193,0.0,1.2549999952316284,1.2549999952316284
DRMA,2026-08-12 11:39:00-04:00,2026-08-12 11:44:26.251930-04:00,266.25193,18560.0,1.330199956893921,1.336400032043457
DRMA,2026-08-12 11:40:00-04:00,2026-08-12 11:44:26.251930-04:00,206.25193,19092.0,1.3387999534606934,1.3300000429153442
DRMA,2026-08-12 11:41:00-04:00,2026-08-12 11:44:26.251930-04:00,146.25193,21236.0,1.3350000381469727,1.320099949836731
DRMA,2026-08-12 11:42:00-04:00,2026-08-12 11:44:26.251930-04:00,86.25193,24311.0,1.3299000263214111,1.3392000198364258
DRMA,2026-08-12 11:43:00-04:00,2026-08-12 11:44:26.251930-04:00,26.25193,4630.0,1.3389999866485596,1.3398000001907349
DRMA,2026-08-12 11:44:00-04:00,2026-08-12 11:44:26.251930-04:00,-33.74807,0.0,1.3300000429153442,1.3300000429153442
BIVI,2026-08-12 11:39:00-04:00,2026-08-12 11:44:26.251930-04:00,266.25193,173450.0,1.8910000324249268,1.8499000072479248
BIVI,2026-08-12 11:40:00-04:00,2026-08-12 11:44:26.251930-04:00,206.25193,175477.0,1.8450000286102295,1.8802000284194946
BIVI,2026-08-12 11:41:00-04:00,2026-08-12 11:44:26.251930-04:00,146.25193,135559.0,1.8899999856948853,1.8300000429153442
BIVI,2026-08-12 11:42:00-04:00,2026-08-12 11:44:26.251930-04:00,86.25193,147303.0,1.840000033378601,1.840000033378601
BIVI,2026-08-12 11:43:00-04:00,2026-08-12 11:44:26.251930-04:00,26.25193,238193.0,1.8480000495910645,1.909000039100647
BIVI,2026-08-12 11:44:00-04:00,2026-08-12 11:44:26.251930-04:00,-33.74807,0.0,1.909999966621399,1.909999966621399
VLN,2026-08-12 11:38:00-04:00,2026-08-12 11:44:26.251930-04:00,326.25193,4659.0,1.815000057220459,1.809999942779541
VLN,2026-08-12 11:39:00-04:00,2026-08-12 11:44:26.251930-04:00,266.25193,192.0,1.815000057220459,1.815000057220459
VLN,2026-08-12 11:40:00-04:00,2026-08-12 11:44:26.251930-04:00,206.25193,4835.0,1.809999942779541,1.8086999654769897
VLN,2026-08-12 11:41:00-04:00,2026-08-12 11:44:26.251930-04:00,146.25193,4765.0,1.801200032234192,1.801200032234192
VLN,2026-08-12 11:42:00-04:00,2026-08-12 11:44:26.251930-04:00,86.25193,10727.0,1.809999942779541,1.815000057220459
VLN,2026-08-12 11:43:00-04:00,2026-08-12 11:44:26.251930-04:00,26.25193,0.0,1.8200000524520874,1.8200000524520874
FEMY,2026-08-12 11:24:00-04:00,2026-08-12 11:44:26.251930-04:00,1166.25193,7013.0,2.325000047683716,2.3299999237060547
FEMY,2026-08-12 11:25:00-04:00,2026-08-12 11:44:26.251930-04:00,1106.25193,45332.0,2.3299999237060547,2.240000009536743
FEMY,2026-08-12 11:26:00-04:00,2026-08-12 11:44:26.251930-04:00,1046.25193,10702.0,2.240000009536743,2.240000009536743
FEMY,2026-08-12 11:27:00-04:00,2026-08-12 11:44:26.251930-04:00,986.25193,690.0,2.2699999809265137,2.2699999809265137
FEMY,2026-08-12 11:38:00-04:00,2026-08-12 11:44:26.251930-04:00,326.25193,103.0,2.309999942779541,2.309999942779541
FEMY,2026-08-12 11:40:00-04:00,2026-08-12 11:44:26.251930-04:00,206.25193,0.0,2.319999933242798,2.319999933242798
FEMY,2026-08-12 11:24:00-04:00,2026-08-12 11:44:46.294106-04:00,1186.294106,7013.0,2.325000047683716,2.3299999237060547
FEMY,2026-08-12 11:25:00-04:00,2026-08-12 11:44:46.294106-04:00,1126.294106,45332.0,2.3299999237060547,2.240000009536743
FEMY,2026-08-12 11:26:00-04:00,2026-08-12 11:44:46.294106-04:00,1066.294106,10702.0,2.240000009536743,2.240000009536743
FEMY,2026-08-12 11:27:00-04:00,2026-08-12 11:44:46.294106-04:00,1006.294106,690.0,2.2699999809265137,2.2699999809265137
FEMY,2026-08-12 11:38:00-04:00,2026-08-12 11:44:46.294106-04:00,346.294106,103.0,2.309999942779541,2.309999942779541
FEMY,2026-08-12 11:40:00-04:00,2026-08-12 11:44:46.294106-04:00,226.294106,0.0,2.319999933242798,2.319999933242798
MXCT,2026-08-12 11:37:00-04:00,2026-08-12 11:44:46.294106-04:00,406.294106,276.0,1.2549999952316284,1.2549999952316284
MXCT,2026-08-12 11:38:00-04:00,2026-08-12 11:44:46.294106-04:00,346.294106,424.0,1.2549999952316284,1.2549999952316284
MXCT,2026-08-12 11:39:00-04:00,2026-08-12 11:44:46.294106-04:00,286.294106,4210.0,1.2596999406814575,1.2599999904632568
MXCT,2026-08-12 11:41:00-04:00,2026-08-12 11:44:46.294106-04:00,166.294106,7927.0,1.2599999904632568,1.2597999572753906
MXCT,2026-08-12 11:42:00-04:00,2026-08-12 11:44:46.294106-04:00,106.294106,661.0,1.2549999952316284,1.2549999952316284
MXCT,2026-08-12 11:44:00-04:00,2026-08-12 11:44:46.294106-04:00,-13.705894,0.0,1.2599999904632568,1.2599999904632568
REBN,2026-08-12 11:01:00-04:00,2026-08-12 11:44:46.294106-04:00,2566.294106,11.0,1.5038000345230103,1.5038000345230103
REBN,2026-08-12 11:04:00-04:00,2026-08-12 11:44:46.294106-04:00,2386.294106,1111.0,1.5099999904632568,1.4900000095367432
REBN,2026-08-12 11:12:00-04:00,2026-08-12 11:44:46.294106-04:00,1906.294106,1109.0,1.5149999856948853,1.5149999856948853
REBN,2026-08-12 11:14:00-04:00,2026-08-12 11:44:46.294106-04:00,1786.294106,221.0,1.5,1.5
REBN,2026-08-12 11:34:00-04:00,2026-08-12 11:44:46.294106-04:00,586.294106,119.0,1.4800000190734863,1.4800000190734863
REBN,2026-08-12 11:38:00-04:00,2026-08-12 11:44:46.294106-04:00,346.294106,0.0,1.4600000381469727,1.4600000381469727
BIVI,2026-08-12 11:39:00-04:00,2026-08-12 11:44:46.294106-04:00,286.294106,173450.0,1.8910000324249268,1.8499000072479248
BIVI,2026-08-12 11:40:00-04:00,2026-08-12 11:44:46.294106-04:00,226.294106,175477.0,1.8450000286102295,1.8802000284194946
BIVI,2026-08-12 11:41:00-04:00,2026-08-12 11:44:46.294106-04:00,166.294106,135559.0,1.8899999856948853,1.8300000429153442
BIVI,2026-08-12 11:42:00-04:00,2026-08-12 11:44:46.294106-04:00,106.294106,147303.0,1.840000033378601,1.840000033378601
BIVI,2026-08-12 11:43:00-04:00,2026-08-12 11:44:46.294106-04:00,46.294106,238193.0,1.8480000495910645,1.909000039100647
BIVI,2026-08-12 11:44:00-04:00,2026-08-12 11:44:46.294106-04:00,-13.705894,0.0,1.8299000263214111,1.8299000263214111
DRMA,2026-08-12 11:39:00-04:00,2026-08-12 11:44:46.294106-04:00,286.294106,18560.0,1.330199956893921,1.336400032043457
DRMA,2026-08-12 11:40:00-04:00,2026-08-12 11:44:46.294106-04:00,226.294106,19092.0,1.3387999534606934,1.3300000429153442
DRMA,2026-08-12 11:41:00-04:00,2026-08-12 11:44:46.294106-04:00,166.294106,21236.0,1.3350000381469727,1.320099949836731
DRMA,2026-08-12 11:42:00-04:00,2026-08-12 11:44:46.294106-04:00,106.294106,24311.0,1.3299000263214111,1.3392000198364258
DRMA,2026-08-12 11:43:00-04:00,2026-08-12 11:44:46.294106-04:00,46.294106,4630.0,1.3389999866485596,1.3398000001907349
DRMA,2026-08-12 11:44:00-04:00,2026-08-12 11:44:46.294106-04:00,-13.705894,0.0,1.3350000381469727,1.3350000381469727
GRWG,2026-08-12 11:39:00-04:00,2026-08-12 11:44:46.294106-04:00,286.294106,13172.0,1.8899999856948853,1.8949999809265137
GRWG,2026-08-12 11:40:00-04:00,2026-08-12 11:44:46.294106-04:00,226.294106,5750.0,1.8901000022888184,1.8899999856948853
GRWG,2026-08-12 11:41:00-04:00,2026-08-12 11:44:46.294106-04:00,166.294106,4358.0,1.8949999809265137,1.899999976158142
GRWG,2026-08-12 11:42:00-04:00,2026-08-12 11:44:46.294106-04:00,106.294106,3119.0,1.9089000225067139,1.9049999713897705
GRWG,2026-08-12 11:43:00-04:00,2026-08-12 11:44:46.294106-04:00,46.294106,2438.0,1.9049999713897705,1.9089000225067139
GRWG,2026-08-12 11:44:00-04:00,2026-08-12 11:44:46.294106-04:00,-13.705894,0.0,1.9049999713897705,1.9049999713897705
ENHA,2026-08-12 11:31:00-04:00,2026-08-12 11:44:46.294106-04:00,766.294106,0.0,2.200000047683716,2.200000047683716
ENHA,2026-08-12 11:34:00-04:00,2026-08-12 11:44:46.294106-04:00,586.294106,3606.0,2.194999933242798,2.174999952316284
ENHA,2026-08-12 11:35:00-04:00,2026-08-12 11:44:46.294106-04:00,526.294106,2052.0,2.180000066757202,2.180000066757202
ENHA,2026-08-12 11:36:00-04:00,2026-08-12 11:44:46.294106-04:00,466.294106,759.0,2.174999952316284,2.174999952316284
ENHA,2026-08-12 11:42:00-04:00,2026-08-12 11:44:46.294106-04:00,106.294106,2046.0,2.170099973678589,2.180000066757202
ENHA,2026-08-12 11:44:00-04:00,2026-08-12 11:44:46.294106-04:00,-13.705894,0.0,2.174999952316284,2.174999952316284
VLN,2026-08-12 11:39:00-04:00,2026-08-12 11:44:46.294106-04:00,286.294106,192.0,1.815000057220459,1.815000057220459
VLN,2026-08-12 11:40:00-04:00,2026-08-12 11:44:46.294106-04:00,226.294106,4835.0,1.809999942779541,1.8086999654769897
VLN,2026-08-12 11:41:00-04:00,2026-08-12 11:44:46.294106-04:00,166.294106,4765.0,1.801200032234192,1.801200032234192
VLN,2026-08-12 11:42:00-04:00,2026-08-12 11:44:46.294106-04:00,106.294106,10727.0,1.809999942779541,1.815000057220459
VLN,2026-08-12 11:43:00-04:00,2026-08-12 11:44:46.294106-04:00,46.294106,974.0,1.8200000524520874,1.8200000524520874
VLN,2026-08-12 11:44:00-04:00,2026-08-12 11:44:46.294106-04:00,-13.705894,0.0,1.815000057220459,1.815000057220459
ENHA,2026-08-12 11:31:00-04:00,2026-08-12 11:45:06.333667-04:00,786.333667,0.0,2.200000047683716,2.200000047683716
ENHA,2026-08-12 11:34:00-04:00,2026-08-12 11:45:06.333667-04:00,606.333667,3606.0,2.194999933242798,2.174999952316284
ENHA,2026-08-12 11:35:00-04:00,2026-08-12 11:45:06.333667-04:00,546.333667,2052.0,2.180000066757202,2.180000066757202
ENHA,2026-08-12 11:36:00-04:00,2026-08-12 11:45:06.333667-04:00,486.333667,759.0,2.174999952316284,2.174999952316284
ENHA,2026-08-12 11:42:00-04:00,2026-08-12 11:45:06.333667-04:00,126.333667,2046.0,2.170099973678589,2.180000066757202
ENHA,2026-08-12 11:44:00-04:00,2026-08-12 11:45:06.333667-04:00,6.333667,0.0,2.174999952316284,2.174999952316284
REBN,2026-08-12 11:01:00-04:00,2026-08-12 11:45:06.333667-04:00,2586.333667,11.0,1.5038000345230103,1.5038000345230103
REBN,2026-08-12 11:04:00-04:00,2026-08-12 11:45:06.333667-04:00,2406.333667,1111.0,1.5099999904632568,1.4900000095367432
REBN,2026-08-12 11:12:00-04:00,2026-08-12 11:45:06.333667-04:00,1926.333667,1109.0,1.5149999856948853,1.5149999856948853
REBN,2026-08-12 11:14:00-04:00,2026-08-12 11:45:06.333667-04:00,1806.333667,221.0,1.5,1.5
REBN,2026-08-12 11:34:00-04:00,2026-08-12 11:45:06.333667-04:00,606.333667,119.0,1.4800000190734863,1.4800000190734863
REBN,2026-08-12 11:38:00-04:00,2026-08-12 11:45:06.333667-04:00,366.333667,0.0,1.4600000381469727,1.4600000381469727
VLN,2026-08-12 11:39:00-04:00,2026-08-12 11:45:06.333667-04:00,306.333667,192.0,1.815000057220459,1.815000057220459
VLN,2026-08-12 11:40:00-04:00,2026-08-12 11:45:06.333667-04:00,246.333667,4835.0,1.809999942779541,1.8086999654769897
VLN,2026-08-12 11:41:00-04:00,2026-08-12 11:45:06.333667-04:00,186.333667,4765.0,1.801200032234192,1.801200032234192
VLN,2026-08-12 11:42:00-04:00,2026-08-12 11:45:06.333667-04:00,126.333667,10727.0,1.809999942779541,1.815000057220459
VLN,2026-08-12 11:43:00-04:00,2026-08-12 11:45:06.333667-04:00,66.333667,974.0,1.8200000524520874,1.8200000524520874
VLN,2026-08-12 11:44:00-04:00,2026-08-12 11:45:06.333667-04:00,6.333667,0.0,1.815000057220459,1.815000057220459
GRWG,2026-08-12 11:39:00-04:00,2026-08-12 11:45:06.333667-04:00,306.333667,13172.0,1.8899999856948853,1.8949999809265137
GRWG,2026-08-12 11:40:00-04:00,2026-08-12 11:45:06.333667-04:00,246.333667,5750.0,1.8901000022888184,1.8899999856948853
GRWG,2026-08-12 11:41:00-04:00,2026-08-12 11:45:06.333667-04:00,186.333667,4358.0,1.8949999809265137,1.899999976158142
GRWG,2026-08-12 11:42:00-04:00,2026-08-12 11:45:06.333667-04:00,126.333667,3119.0,1.9089000225067139,1.9049999713897705
GRWG,2026-08-12 11:43:00-04:00,2026-08-12 11:45:06.333667-04:00,66.333667,2438.0,1.9049999713897705,1.9089000225067139
GRWG,2026-08-12 11:44:00-04:00,2026-08-12 11:45:06.333667-04:00,6.333667,0.0,1.899999976158142,1.899999976158142
DRMA,2026-08-12 11:40:00-04:00,2026-08-12 11:45:06.333667-04:00,246.333667,19092.0,1.3387999534606934,1.3300000429153442
DRMA,2026-08-12 11:41:00-04:00,2026-08-12 11:45:06.333667-04:00,186.333667,21236.0,1.3350000381469727,1.320099949836731
DRMA,2026-08-12 11:42:00-04:00,2026-08-12 11:45:06.333667-04:00,126.333667,24311.0,1.3299000263214111,1.3392000198364258
DRMA,2026-08-12 11:43:00-04:00,2026-08-12 11:45:06.333667-04:00,66.333667,4630.0,1.3389999866485596,1.3398000001907349
DRMA,2026-08-12 11:44:00-04:00,2026-08-12 11:45:06.333667-04:00,6.333667,6269.0,1.3350000381469727,1.329800009727478
DRMA,2026-08-12 11:45:00-04:00,2026-08-12 11:45:06.333667-04:00,-53.666333,0.0,1.320199966430664,1.320199966430664
BIVI,2026-08-12 11:40:00-04:00,2026-08-12 11:45:06.333667-04:00,246.333667,175477.0,1.8450000286102295,1.8802000284194946
BIVI,2026-08-12 11:41:00-04:00,2026-08-12 11:45:06.333667-04:00,186.333667,135559.0,1.8899999856948853,1.8300000429153442
BIVI,2026-08-12 11:42:00-04:00,2026-08-12 11:45:06.333667-04:00,126.333667,147303.0,1.840000033378601,1.840000033378601
BIVI,2026-08-12 11:43:00-04:00,2026-08-12 11:45:06.333667-04:00,66.333667,238193.0,1.8480000495910645,1.909000039100647
BIVI,2026-08-12 11:44:00-04:00,2026-08-12 11:45:06.333667-04:00,6.333667,207327.0,1.9098999500274658,1.8450000286102295
BIVI,2026-08-12 11:45:00-04:00,2026-08-12 11:45:06.333667-04:00,-53.666333,0.0,1.850000023841858,1.850000023841858
FEMY,2026-08-12 11:24:00-04:00,2026-08-12 11:45:06.333667-04:00,1206.333667,7013.0,2.325000047683716,2.3299999237060547
FEMY,2026-08-12 11:25:00-04:00,2026-08-12 11:45:06.333667-04:00,1146.333667,45332.0,2.3299999237060547,2.240000009536743
FEMY,2026-08-12 11:26:00-04:00,2026-08-12 11:45:06.333667-04:00,1086.333667,10702.0,2.240000009536743,2.240000009536743
FEMY,2026-08-12 11:27:00-04:00,2026-08-12 11:45:06.333667-04:00,1026.333667,690.0,2.2699999809265137,2.2699999809265137
FEMY,2026-08-12 11:38:00-04:00,2026-08-12 11:45:06.333667-04:00,366.333667,103.0,2.309999942779541,2.309999942779541
FEMY,2026-08-12 11:40:00-04:00,2026-08-12 11:45:06.333667-04:00,246.333667,0.0,2.319999933242798,2.319999933242798
MXCT,2026-08-12 11:37:00-04:00,2026-08-12 11:45:06.333667-04:00,426.333667,276.0,1.2549999952316284,1.2549999952316284
MXCT,2026-08-12 11:38:00-04:00,2026-08-12 11:45:06.333667-04:00,366.333667,424.0,1.2549999952316284,1.2549999952316284
MXCT,2026-08-12 11:39:00-04:00,2026-08-12 11:45:06.333667-04:00,306.333667,4210.0,1.2596999406814575,1.2599999904632568
MXCT,2026-08-12 11:41:00-04:00,2026-08-12 11:45:06.333667-04:00,186.333667,7927.0,1.2599999904632568,1.2597999572753906
MXCT,2026-08-12 11:42:00-04:00,2026-08-12 11:45:06.333667-04:00,126.333667,661.0,1.2549999952316284,1.2549999952316284
MXCT,2026-08-12 11:44:00-04:00,2026-08-12 11:45:06.333667-04:00,6.333667,0.0,1.2450000047683716,1.2450000047683716
DRMA,2026-08-12 11:40:00-04:00,2026-08-12 11:45:26.380265-04:00,266.380265,19092.0,1.3387999534606934,1.3300000429153442
DRMA,2026-08-12 11:41:00-04:00,2026-08-12 11:45:26.380265-04:00,206.380265,21236.0,1.3350000381469727,1.320099949836731
DRMA,2026-08-12 11:42:00-04:00,2026-08-12 11:45:26.380265-04:00,146.380265,24311.0,1.3299000263214111,1.3392000198364258
DRMA,2026-08-12 11:43:00-04:00,2026-08-12 11:45:26.380265-04:00,86.380265,4630.0,1.3389999866485596,1.3398000001907349
DRMA,2026-08-12 11:44:00-04:00,2026-08-12 11:45:26.380265-04:00,26.380265,6269.0,1.3350000381469727,1.329800009727478
DRMA,2026-08-12 11:45:00-04:00,2026-08-12 11:45:26.380265-04:00,-33.619735,0.0,1.3300000429153442,1.3300000429153442
VLN,2026-08-12 11:39:00-04:00,2026-08-12 11:45:26.380265-04:00,326.380265,192.0,1.815000057220459,1.815000057220459
VLN,2026-08-12 11:40:00-04:00,2026-08-12 11:45:26.380265-04:00,266.380265,4835.0,1.809999942779541,1.8086999654769897
VLN,2026-08-12 11:41:00-04:00,2026-08-12 11:45:26.380265-04:00,206.380265,4765.0,1.801200032234192,1.801200032234192
VLN,2026-08-12 11:42:00-04:00,2026-08-12 11:45:26.380265-04:00,146.380265,10727.0,1.809999942779541,1.815000057220459
VLN,2026-08-12 11:43:00-04:00,2026-08-12 11:45:26.380265-04:00,86.380265,974.0,1.8200000524520874,1.8200000524520874
VLN,2026-08-12 11:44:00-04:00,2026-08-12 11:45:26.380265-04:00,26.380265,0.0,1.815000057220459,1.815000057220459
GRWG,2026-08-12 11:40:00-04:00,2026-08-12 11:45:26.380265-04:00,266.380265,5750.0,1.8901000022888184,1.8899999856948853
GRWG,2026-08-12 11:41:00-04:00,2026-08-12 11:45:26.380265-04:00,206.380265,4358.0,1.8949999809265137,1.899999976158142
GRWG,2026-08-12 11:42:00-04:00,2026-08-12 11:45:26.380265-04:00,146.380265,3119.0,1.9089000225067139,1.9049999713897705
GRWG,2026-08-12 11:43:00-04:00,2026-08-12 11:45:26.380265-04:00,86.380265,2438.0,1.9049999713897705,1.9089000225067139
GRWG,2026-08-12 11:44:00-04:00,2026-08-12 11:45:26.380265-04:00,26.380265,13512.0,1.9049999713897705,1.899999976158142
GRWG,2026-08-12 11:45:00-04:00,2026-08-12 11:45:26.380265-04:00,-33.619735,0.0,1.9089000225067139,1.9089000225067139
REBN,2026-08-12 11:01:00-04:00,2026-08-12 11:45:26.380265-04:00,2606.380265,11.0,1.5038000345230103,1.5038000345230103
REBN,2026-08-12 11:04:00-04:00,2026-08-12 11:45:26.380265-04:00,2426.380265,1111.0,1.5099999904632568,1.4900000095367432
REBN,2026-08-12 11:12:00-04:00,2026-08-12 11:45:26.380265-04:00,1946.380265,1109.0,1.5149999856948853,1.5149999856948853
REBN,2026-08-12 11:14:00-04:00,2026-08-12 11:45:26.380265-04:00,1826.380265,221.0,1.5,1.5
REBN,2026-08-12 11:34:00-04:00,2026-08-12 11:45:26.380265-04:00,626.380265,119.0,1.4800000190734863,1.4800000190734863
REBN,2026-08-12 11:38:00-04:00,2026-08-12 11:45:26.380265-04:00,386.380265,0.0,1.4600000381469727,1.4600000381469727
MXCT,2026-08-12 11:37:00-04:00,2026-08-12 11:45:26.380265-04:00,446.380265,276.0,1.2549999952316284,1.2549999952316284
MXCT,2026-08-12 11:38:00-04:00,2026-08-12 11:45:26.380265-04:00,386.380265,424.0,1.2549999952316284,1.2549999952316284
MXCT,2026-08-12 11:39:00-04:00,2026-08-12 11:45:26.380265-04:00,326.380265,4210.0,1.2596999406814575,1.2599999904632568
MXCT,2026-08-12 11:41:00-04:00,2026-08-12 11:45:26.380265-04:00,206.380265,7927.0,1.2599999904632568,1.2597999572753906
MXCT,2026-08-12 11:42:00-04:00,2026-08-12 11:45:26.380265-04:00,146.380265,661.0,1.2549999952316284,1.2549999952316284
MXCT,2026-08-12 11:44:00-04:00,2026-08-12 11:45:26.380265-04:00,26.380265,0.0,1.2450000047683716,1.2450000047683716
ENHA,2026-08-12 11:31:00-04:00,2026-08-12 11:45:26.380265-04:00,806.380265,0.0,2.200000047683716,2.200000047683716
ENHA,2026-08-12 11:34:00-04:00,2026-08-12 11:45:26.380265-04:00,626.380265,3606.0,2.194999933242798,2.174999952316284
ENHA,2026-08-12 11:35:00-04:00,2026-08-12 11:45:26.380265-04:00,566.380265,2052.0,2.180000066757202,2.180000066757202
ENHA,2026-08-12 11:36:00-04:00,2026-08-12 11:45:26.380265-04:00,506.380265,759.0,2.174999952316284,2.174999952316284
ENHA,2026-08-12 11:42:00-04:00,2026-08-12 11:45:26.380265-04:00,146.380265,2046.0,2.170099973678589,2.180000066757202
ENHA,2026-08-12 11:44:00-04:00,2026-08-12 11:45:26.380265-04:00,26.380265,0.0,2.174999952316284,2.174999952316284
FEMY,2026-08-12 11:24:00-04:00,2026-08-12 11:45:26.380265-04:00,1226.380265,7013.0,2.325000047683716,2.3299999237060547
FEMY,2026-08-12 11:25:00-04:00,2026-08-12 11:45:26.380265-04:00,1166.380265,45332.0,2.3299999237060547,2.240000009536743
FEMY,2026-08-12 11:26:00-04:00,2026-08-12 11:45:26.380265-04:00,1106.380265,10702.0,2.240000009536743,2.240000009536743
FEMY,2026-08-12 11:27:00-04:00,2026-08-12 11:45:26.380265-04:00,1046.380265,690.0,2.2699999809265137,2.2699999809265137
FEMY,2026-08-12 11:38:00-04:00,2026-08-12 11:45:26.380265-04:00,386.380265,103.0,2.309999942779541,2.309999942779541
FEMY,2026-08-12 11:40:00-04:00,2026-08-12 11:45:26.380265-04:00,266.380265,0.0,2.319999933242798,2.319999933242798
BIVI,2026-08-12 11:40:00-04:00,2026-08-12 11:45:26.380265-04:00,266.380265,175477.0,1.8450000286102295,1.8802000284194946
BIVI,2026-08-12 11:41:00-04:00,2026-08-12 11:45:26.380265-04:00,206.380265,135559.0,1.8899999856948853,1.8300000429153442
BIVI,2026-08-12 11:42:00-04:00,2026-08-12 11:45:26.380265-04:00,146.380265,147303.0,1.840000033378601,1.840000033378601
BIVI,2026-08-12 11:43:00-04:00,2026-08-12 11:45:26.380265-04:00,86.380265,238193.0,1.8480000495910645,1.909000039100647
BIVI,2026-08-12 11:44:00-04:00,2026-08-12 11:45:26.380265-04:00,26.380265,207327.0,1.9098999500274658,1.8450000286102295
BIVI,2026-08-12 11:45:00-04:00,2026-08-12 11:45:26.380265-04:00,-33.619735,0.0,1.8590999841690063,1.8590999841690063
ENHA,2026-08-12 11:31:00-04:00,2026-08-12 11:45:46.423401-04:00,826.423401,0.0,2.200000047683716,2.200000047683716
ENHA,2026-08-12 11:34:00-04:00,2026-08-12 11:45:46.423401-04:00,646.423401,3606.0,2.194999933242798,2.174999952316284
ENHA,2026-08-12 11:35:00-04:00,2026-08-12 11:45:46.423401-04:00,586.423401,2052.0,2.180000066757202,2.180000066757202
ENHA,2026-08-12 11:36:00-04:00,2026-08-12 11:45:46.423401-04:00,526.423401,759.0,2.174999952316284,2.174999952316284
ENHA,2026-08-12 11:42:00-04:00,2026-08-12 11:45:46.423401-04:00,166.423401,2046.0,2.170099973678589,2.180000066757202
ENHA,2026-08-12 11:44:00-04:00,2026-08-12 11:45:46.423401-04:00,46.423401,0.0,2.174999952316284,2.174999952316284
BIVI,2026-08-12 11:40:00-04:00,2026-08-12 11:45:46.423401-04:00,286.423401,175477.0,1.8450000286102295,1.8802000284194946
BIVI,2026-08-12 11:41:00-04:00,2026-08-12 11:45:46.423401-04:00,226.423401,135559.0,1.8899999856948853,1.8300000429153442
BIVI,2026-08-12 11:42:00-04:00,2026-08-12 11:45:46.423401-04:00,166.423401,147303.0,1.840000033378601,1.840000033378601
BIVI,2026-08-12 11:43:00-04:00,2026-08-12 11:45:46.423401-04:00,106.423401,238193.0,1.8480000495910645,1.909000039100647
BIVI,2026-08-12 11:44:00-04:00,2026-08-12 11:45:46.423401-04:00,46.423401,207327.0,1.9098999500274658,1.8450000286102295
BIVI,2026-08-12 11:45:00-04:00,2026-08-12 11:45:46.423401-04:00,-13.576599,0.0,1.8600000143051147,1.8600000143051147
GRWG,2026-08-12 11:40:00-04:00,2026-08-12 11:45:46.423401-04:00,286.423401,5750.0,1.8901000022888184,1.8899999856948853
GRWG,2026-08-12 11:41:00-04:00,2026-08-12 11:45:46.423401-04:00,226.423401,4358.0,1.8949999809265137,1.899999976158142
GRWG,2026-08-12 11:42:00-04:00,2026-08-12 11:45:46.423401-04:00,166.423401,3119.0,1.9089000225067139,1.9049999713897705
GRWG,2026-08-12 11:43:00-04:00,2026-08-12 11:45:46.423401-04:00,106.423401,2438.0,1.9049999713897705,1.9089000225067139
GRWG,2026-08-12 11:44:00-04:00,2026-08-12 11:45:46.423401-04:00,46.423401,13512.0,1.9049999713897705,1.899999976158142
GRWG,2026-08-12 11:45:00-04:00,2026-08-12 11:45:46.423401-04:00,-13.576599,0.0,1.899999976158142,1.899999976158142
FEMY,2026-08-12 11:24:00-04:00,2026-08-12 11:45:46.423401-04:00,1246.423401,7013.0,2.325000047683716,2.3299999237060547
FEMY,2026-08-12 11:25:00-04:00,2026-08-12 11:45:46.423401-04:00,1186.423401,45332.0,2.3299999237060547,2.240000009536743
FEMY,2026-08-12 11:26:00-04:00,2026-08-12 11:45:46.423401-04:00,1126.423401,10702.0,2.240000009536743,2.240000009536743
FEMY,2026-08-12 11:27:00-04:00,2026-08-12 11:45:46.423401-04:00,1066.423401,690.0,2.2699999809265137,2.2699999809265137
FEMY,2026-08-12 11:38:00-04:00,2026-08-12 11:45:46.423401-04:00,406.423401,103.0,2.309999942779541,2.309999942779541
FEMY,2026-08-12 11:40:00-04:00,2026-08-12 11:45:46.423401-04:00,286.423401,0.0,2.319999933242798,2.319999933242798
REBN,2026-08-12 11:01:00-04:00,2026-08-12 11:45:46.423401-04:00,2626.423401,11.0,1.5038000345230103,1.5038000345230103
REBN,2026-08-12 11:04:00-04:00,2026-08-12 11:45:46.423401-04:00,2446.423401,1111.0,1.5099999904632568,1.4900000095367432
REBN,2026-08-12 11:12:00-04:00,2026-08-12 11:45:46.423401-04:00,1966.423401,1109.0,1.5149999856948853,1.5149999856948853
REBN,2026-08-12 11:14:00-04:00,2026-08-12 11:45:46.423401-04:00,1846.423401,221.0,1.5,1.5
REBN,2026-08-12 11:34:00-04:00,2026-08-12 11:45:46.423401-04:00,646.423401,119.0,1.4800000190734863,1.4800000190734863
REBN,2026-08-12 11:38:00-04:00,2026-08-12 11:45:46.423401-04:00,406.423401,0.0,1.4600000381469727,1.4600000381469727
DRMA,2026-08-12 11:40:00-04:00,2026-08-12 11:45:46.423401-04:00,286.423401,19092.0,1.3387999534606934,1.3300000429153442
DRMA,2026-08-12 11:41:00-04:00,2026-08-12 11:45:46.423401-04:00,226.423401,21236.0,1.3350000381469727,1.320099949836731
DRMA,2026-08-12 11:42:00-04:00,2026-08-12 11:45:46.423401-04:00,166.423401,24311.0,1.3299000263214111,1.3392000198364258
DRMA,2026-08-12 11:43:00-04:00,2026-08-12 11:45:46.423401-04:00,106.423401,4630.0,1.3389999866485596,1.3398000001907349
DRMA,2026-08-12 11:44:00-04:00,2026-08-12 11:45:46.423401-04:00,46.423401,6269.0,1.3350000381469727,1.329800009727478
DRMA,2026-08-12 11:45:00-04:00,2026-08-12 11:45:46.423401-04:00,-13.576599,0.0,1.3300000429153442,1.3300000429153442
VLN,2026-08-12 11:40:00-04:00,2026-08-12 11:45:46.423401-04:00,286.423401,4835.0,1.809999942779541,1.8086999654769897
VLN,2026-08-12 11:41:00-04:00,2026-08-12 11:45:46.423401-04:00,226.423401,4765.0,1.801200032234192,1.801200032234192
VLN,2026-08-12 11:42:00-04:00,2026-08-12 11:45:46.423401-04:00,166.423401,10727.0,1.809999942779541,1.815000057220459
VLN,2026-08-12 11:43:00-04:00,2026-08-12 11:45:46.423401-04:00,106.423401,974.0,1.8200000524520874,1.8200000524520874
VLN,2026-08-12 11:44:00-04:00,2026-08-12 11:45:46.423401-04:00,46.423401,370.0,1.815000057220459,1.815000057220459
VLN,2026-08-12 11:45:00-04:00,2026-08-12 11:45:46.423401-04:00,-13.576599,0.0,1.8200000524520874,1.8200000524520874
MXCT,2026-08-12 11:38:00-04:00,2026-08-12 11:45:46.423401-04:00,406.423401,424.0,1.2549999952316284,1.2549999952316284
MXCT,2026-08-12 11:39:00-04:00,2026-08-12 11:45:46.423401-04:00,346.423401,4210.0,1.2596999406814575,1.2599999904632568
MXCT,2026-08-12 11:41:00-04:00,2026-08-12 11:45:46.423401-04:00,226.423401,7927.0,1.2599999904632568,1.2597999572753906
MXCT,2026-08-12 11:42:00-04:00,2026-08-12 11:45:46.423401-04:00,166.423401,661.0,1.2549999952316284,1.2549999952316284
MXCT,2026-08-12 11:44:00-04:00,2026-08-12 11:45:46.423401-04:00,46.423401,36715.0,1.2599999904632568,1.2450000047683716
MXCT,2026-08-12 11:45:00-04:00,2026-08-12 11:45:46.423401-04:00,-13.576599,0.0,1.25,1.25
VLN,2026-08-12 11:41:00-04:00,2026-08-12 11:46:06.464131-04:00,246.464131,4765.0,1.801200032234192,1.801200032234192
VLN,2026-08-12 11:42:00-04:00,2026-08-12 11:46:06.464131-04:00,186.464131,10727.0,1.809999942779541,1.815000057220459
VLN,2026-08-12 11:43:00-04:00,2026-08-12 11:46:06.464131-04:00,126.464131,974.0,1.8200000524520874,1.8200000524520874
VLN,2026-08-12 11:44:00-04:00,2026-08-12 11:46:06.464131-04:00,66.464131,370.0,1.815000057220459,1.815000057220459
VLN,2026-08-12 11:45:00-04:00,2026-08-12 11:46:06.464131-04:00,6.464131,698.0,1.815000057220459,1.8200000524520874
VLN,2026-08-12 11:46:00-04:00,2026-08-12 11:46:06.464131-04:00,-53.535869,0.0,1.815000057220459,1.815000057220459
FEMY,2026-08-12 11:24:00-04:00,2026-08-12 11:46:06.464131-04:00,1266.464131,7013.0,2.325000047683716,2.3299999237060547
FEMY,2026-08-12 11:25:00-04:00,2026-08-12 11:46:06.464131-04:00,1206.464131,45332.0,2.3299999237060547,2.240000009536743
FEMY,2026-08-12 11:26:00-04:00,2026-08-12 11:46:06.464131-04:00,1146.464131,10702.0,2.240000009536743,2.240000009536743
FEMY,2026-08-12 11:27:00-04:00,2026-08-12 11:46:06.464131-04:00,1086.464131,690.0,2.2699999809265137,2.2699999809265137
FEMY,2026-08-12 11:38:00-04:00,2026-08-12 11:46:06.464131-04:00,426.464131,103.0,2.309999942779541,2.309999942779541
FEMY,2026-08-12 11:40:00-04:00,2026-08-12 11:46:06.464131-04:00,306.464131,0.0,2.319999933242798,2.319999933242798
GRWG,2026-08-12 11:40:00-04:00,2026-08-12 11:46:06.464131-04:00,306.464131,5750.0,1.8901000022888184,1.8899999856948853
GRWG,2026-08-12 11:41:00-04:00,2026-08-12 11:46:06.464131-04:00,246.464131,4358.0,1.8949999809265137,1.899999976158142
GRWG,2026-08-12 11:42:00-04:00,2026-08-12 11:46:06.464131-04:00,186.464131,3119.0,1.9089000225067139,1.9049999713897705
GRWG,2026-08-12 11:43:00-04:00,2026-08-12 11:46:06.464131-04:00,126.464131,2438.0,1.9049999713897705,1.9089000225067139
GRWG,2026-08-12 11:44:00-04:00,2026-08-12 11:46:06.464131-04:00,66.464131,13512.0,1.9049999713897705,1.899999976158142
GRWG,2026-08-12 11:45:00-04:00,2026-08-12 11:46:06.464131-04:00,6.464131,0.0,1.9049999713897705,1.9049999713897705
REBN,2026-08-12 11:01:00-04:00,2026-08-12 11:46:06.464131-04:00,2646.464131,11.0,1.5038000345230103,1.5038000345230103
REBN,2026-08-12 11:04:00-04:00,2026-08-12 11:46:06.464131-04:00,2466.464131,1111.0,1.5099999904632568,1.4900000095367432
REBN,2026-08-12 11:12:00-04:00,2026-08-12 11:46:06.464131-04:00,1986.464131,1109.0,1.5149999856948853,1.5149999856948853
REBN,2026-08-12 11:14:00-04:00,2026-08-12 11:46:06.464131-04:00,1866.464131,221.0,1.5,1.5
REBN,2026-08-12 11:34:00-04:00,2026-08-12 11:46:06.464131-04:00,666.464131,119.0,1.4800000190734863,1.4800000190734863
REBN,2026-08-12 11:38:00-04:00,2026-08-12 11:46:06.464131-04:00,426.464131,0.0,1.4600000381469727,1.4600000381469727
ENHA,2026-08-12 11:31:00-04:00,2026-08-12 11:46:06.464131-04:00,846.464131,0.0,2.200000047683716,2.200000047683716
ENHA,2026-08-12 11:34:00-04:00,2026-08-12 11:46:06.464131-04:00,666.464131,3606.0,2.194999933242798,2.174999952316284
ENHA,2026-08-12 11:35:00-04:00,2026-08-12 11:46:06.464131-04:00,606.464131,2052.0,2.180000066757202,2.180000066757202
ENHA,2026-08-12 11:36:00-04:00,2026-08-12 11:46:06.464131-04:00,546.464131,759.0,2.174999952316284,2.174999952316284
ENHA,2026-08-12 11:42:00-04:00,2026-08-12 11:46:06.464131-04:00,186.464131,2046.0,2.170099973678589,2.180000066757202
ENHA,2026-08-12 11:44:00-04:00,2026-08-12 11:46:06.464131-04:00,66.464131,0.0,2.174999952316284,2.174999952316284
BIVI,2026-08-12 11:41:00-04:00,2026-08-12 11:46:06.464131-04:00,246.464131,135559.0,1.8899999856948853,1.8300000429153442
BIVI,2026-08-12 11:42:00-04:00,2026-08-12 11:46:06.464131-04:00,186.464131,147303.0,1.840000033378601,1.840000033378601
BIVI,2026-08-12 11:43:00-04:00,2026-08-12 11:46:06.464131-04:00,126.464131,238193.0,1.8480000495910645,1.909000039100647
BIVI,2026-08-12 11:44:00-04:00,2026-08-12 11:46:06.464131-04:00,66.464131,207327.0,1.9098999500274658,1.8450000286102295
BIVI,2026-08-12 11:45:00-04:00,2026-08-12 11:46:06.464131-04:00,6.464131,141370.0,1.8488999605178833,1.86899995803833
BIVI,2026-08-12 11:46:00-04:00,2026-08-12 11:46:06.464131-04:00,-53.535869,0.0,1.8650000095367432,1.8650000095367432
MXCT,2026-08-12 11:38:00-04:00,2026-08-12 11:46:06.464131-04:00,426.464131,424.0,1.2549999952316284,1.2549999952316284
MXCT,2026-08-12 11:39:00-04:00,2026-08-12 11:46:06.464131-04:00,366.464131,4210.0,1.2596999406814575,1.2599999904632568
MXCT,2026-08-12 11:41:00-04:00,2026-08-12 11:46:06.464131-04:00,246.464131,7927.0,1.2599999904632568,1.2597999572753906
MXCT,2026-08-12 11:42:00-04:00,2026-08-12 11:46:06.464131-04:00,186.464131,661.0,1.2549999952316284,1.2549999952316284
MXCT,2026-08-12 11:44:00-04:00,2026-08-12 11:46:06.464131-04:00,66.464131,36715.0,1.2599999904632568,1.2450000047683716
MXCT,2026-08-12 11:45:00-04:00,2026-08-12 11:46:06.464131-04:00,6.464131,0.0,1.25,1.25
DRMA,2026-08-12 11:41:00-04:00,2026-08-12 11:46:06.464131-04:00,246.464131,21236.0,1.3350000381469727,1.320099949836731
DRMA,2026-08-12 11:42:00-04:00,2026-08-12 11:46:06.464131-04:00,186.464131,24311.0,1.3299000263214111,1.3392000198364258
DRMA,2026-08-12 11:43:00-04:00,2026-08-12 11:46:06.464131-04:00,126.464131,4630.0,1.3389999866485596,1.3398000001907349
DRMA,2026-08-12 11:44:00-04:00,2026-08-12 11:46:06.464131-04:00,66.464131,6269.0,1.3350000381469727,1.329800009727478
DRMA,2026-08-12 11:45:00-04:00,2026-08-12 11:46:06.464131-04:00,6.464131,16045.0,1.320199966430664,1.3312000036239624
DRMA,2026-08-12 11:46:00-04:00,2026-08-12 11:46:06.464131-04:00,-53.535869,0.0,1.3220000267028809,1.3220000267028809
FEMY,2026-08-12 11:24:00-04:00,2026-08-12 11:46:26.506616-04:00,1286.506616,7013.0,2.325000047683716,2.3299999237060547
FEMY,2026-08-12 11:25:00-04:00,2026-08-12 11:46:26.506616-04:00,1226.506616,45332.0,2.3299999237060547,2.240000009536743
FEMY,2026-08-12 11:26:00-04:00,2026-08-12 11:46:26.506616-04:00,1166.506616,10702.0,2.240000009536743,2.240000009536743
FEMY,2026-08-12 11:27:00-04:00,2026-08-12 11:46:26.506616-04:00,1106.506616,690.0,2.2699999809265137,2.2699999809265137
FEMY,2026-08-12 11:38:00-04:00,2026-08-12 11:46:26.506616-04:00,446.506616,103.0,2.309999942779541,2.309999942779541
FEMY,2026-08-12 11:40:00-04:00,2026-08-12 11:46:26.506616-04:00,326.506616,0.0,2.319999933242798,2.319999933242798
ENHA,2026-08-12 11:31:00-04:00,2026-08-12 11:46:26.506616-04:00,866.506616,0.0,2.200000047683716,2.200000047683716
ENHA,2026-08-12 11:34:00-04:00,2026-08-12 11:46:26.506616-04:00,686.506616,3606.0,2.194999933242798,2.174999952316284
ENHA,2026-08-12 11:35:00-04:00,2026-08-12 11:46:26.506616-04:00,626.506616,2052.0,2.180000066757202,2.180000066757202
ENHA,2026-08-12 11:36:00-04:00,2026-08-12 11:46:26.506616-04:00,566.506616,759.0,2.174999952316284,2.174999952316284
ENHA,2026-08-12 11:42:00-04:00,2026-08-12 11:46:26.506616-04:00,206.506616,2046.0,2.170099973678589,2.180000066757202
ENHA,2026-08-12 11:44:00-04:00,2026-08-12 11:46:26.506616-04:00,86.506616,0.0,2.174999952316284,2.174999952316284
MXCT,2026-08-12 11:38:00-04:00,2026-08-12 11:46:26.506616-04:00,446.506616,424.0,1.2549999952316284,1.2549999952316284
MXCT,2026-08-12 11:39:00-04:00,2026-08-12 11:46:26.506616-04:00,386.506616,4210.0,1.2596999406814575,1.2599999904632568
MXCT,2026-08-12 11:41:00-04:00,2026-08-12 11:46:26.506616-04:00,266.506616,7927.0,1.2599999904632568,1.2597999572753906
MXCT,2026-08-12 11:42:00-04:00,2026-08-12 11:46:26.506616-04:00,206.506616,661.0,1.2549999952316284,1.2549999952316284
MXCT,2026-08-12 11:44:00-04:00,2026-08-12 11:46:26.506616-04:00,86.506616,36715.0,1.2599999904632568,1.2450000047683716
MXCT,2026-08-12 11:45:00-04:00,2026-08-12 11:46:26.506616-04:00,26.506616,0.0,1.25,1.25
REBN,2026-08-12 11:01:00-04:00,2026-08-12 11:46:26.506616-04:00,2666.506616,11.0,1.5038000345230103,1.5038000345230103
REBN,2026-08-12 11:04:00-04:00,2026-08-12 11:46:26.506616-04:00,2486.506616,1111.0,1.5099999904632568,1.4900000095367432
REBN,2026-08-12 11:12:00-04:00,2026-08-12 11:46:26.506616-04:00,2006.506616,1109.0,1.5149999856948853,1.5149999856948853
REBN,2026-08-12 11:14:00-04:00,2026-08-12 11:46:26.506616-04:00,1886.506616,221.0,1.5,1.5
REBN,2026-08-12 11:34:00-04:00,2026-08-12 11:46:26.506616-04:00,686.506616,119.0,1.4800000190734863,1.4800000190734863
REBN,2026-08-12 11:38:00-04:00,2026-08-12 11:46:26.506616-04:00,446.506616,0.0,1.4600000381469727,1.4600000381469727
BIVI,2026-08-12 11:41:00-04:00,2026-08-12 11:46:26.506616-04:00,266.506616,135559.0,1.8899999856948853,1.8300000429153442
BIVI,2026-08-12 11:42:00-04:00,2026-08-12 11:46:26.506616-04:00,206.506616,147303.0,1.840000033378601,1.840000033378601
BIVI,2026-08-12 11:43:00-04:00,2026-08-12 11:46:26.506616-04:00,146.506616,238193.0,1.8480000495910645,1.909000039100647
BIVI,2026-08-12 11:44:00-04:00,2026-08-12 11:46:26.506616-04:00,86.506616,207327.0,1.9098999500274658,1.8450000286102295
BIVI,2026-08-12 11:45:00-04:00,2026-08-12 11:46:26.506616-04:00,26.506616,141370.0,1.8488999605178833,1.86899995803833
BIVI,2026-08-12 11:46:00-04:00,2026-08-12 11:46:26.506616-04:00,-33.493384,0.0,1.8410999774932861,1.8410999774932861
GRWG,2026-08-12 11:41:00-04:00,2026-08-12 11:46:26.506616-04:00,266.506616,4358.0,1.8949999809265137,1.899999976158142
GRWG,2026-08-12 11:42:00-04:00,2026-08-12 11:46:26.506616-04:00,206.506616,3119.0,1.9089000225067139,1.9049999713897705
GRWG,2026-08-12 11:43:00-04:00,2026-08-12 11:46:26.506616-04:00,146.506616,2438.0,1.9049999713897705,1.9089000225067139
GRWG,2026-08-12 11:44:00-04:00,2026-08-12 11:46:26.506616-04:00,86.506616,13512.0,1.9049999713897705,1.899999976158142
GRWG,2026-08-12 11:45:00-04:00,2026-08-12 11:46:26.506616-04:00,26.506616,17624.0,1.9049999713897705,1.9049999713897705
GRWG,2026-08-12 11:46:00-04:00,2026-08-12 11:46:26.506616-04:00,-33.493384,0.0,1.9149999618530273,1.9149999618530273
DRMA,2026-08-12 11:41:00-04:00,2026-08-12 11:46:26.506616-04:00,266.506616,21236.0,1.3350000381469727,1.320099949836731
DRMA,2026-08-12 11:42:00-04:00,2026-08-12 11:46:26.506616-04:00,206.506616,24311.0,1.3299000263214111,1.3392000198364258
DRMA,2026-08-12 11:43:00-04:00,2026-08-12 11:46:26.506616-04:00,146.506616,4630.0,1.3389999866485596,1.3398000001907349
DRMA,2026-08-12 11:44:00-04:00,2026-08-12 11:46:26.506616-04:00,86.506616,6269.0,1.3350000381469727,1.329800009727478
DRMA,2026-08-12 11:45:00-04:00,2026-08-12 11:46:26.506616-04:00,26.506616,16045.0,1.320199966430664,1.3312000036239624
DRMA,2026-08-12 11:46:00-04:00,2026-08-12 11:46:26.506616-04:00,-33.493384,0.0,1.3200000524520874,1.3200000524520874
VLN,2026-08-12 11:41:00-04:00,2026-08-12 11:46:26.506616-04:00,266.506616,4765.0,1.801200032234192,1.801200032234192
VLN,2026-08-12 11:42:00-04:00,2026-08-12 11:46:26.506616-04:00,206.506616,10727.0,1.809999942779541,1.815000057220459
VLN,2026-08-12 11:43:00-04:00,2026-08-12 11:46:26.506616-04:00,146.506616,974.0,1.8200000524520874,1.8200000524520874
VLN,2026-08-12 11:44:00-04:00,2026-08-12 11:46:26.506616-04:00,86.506616,370.0,1.815000057220459,1.815000057220459
VLN,2026-08-12 11:45:00-04:00,2026-08-12 11:46:26.506616-04:00,26.506616,698.0,1.815000057220459,1.8200000524520874
VLN,2026-08-12 11:46:00-04:00,2026-08-12 11:46:26.506616-04:00,-33.493384,0.0,1.811400055885315,1.811400055885315
BIVI,2026-08-12 11:41:00-04:00,2026-08-12 11:46:46.550072-04:00,286.550072,135559.0,1.8899999856948853,1.8300000429153442
BIVI,2026-08-12 11:42:00-04:00,2026-08-12 11:46:46.550072-04:00,226.550072,147303.0,1.840000033378601,1.840000033378601
BIVI,2026-08-12 11:43:00-04:00,2026-08-12 11:46:46.550072-04:00,166.550072,238193.0,1.8480000495910645,1.909000039100647
BIVI,2026-08-12 11:44:00-04:00,2026-08-12 11:46:46.550072-04:00,106.550072,207327.0,1.9098999500274658,1.8450000286102295
BIVI,2026-08-12 11:45:00-04:00,2026-08-12 11:46:46.550072-04:00,46.550072,141370.0,1.8488999605178833,1.86899995803833
BIVI,2026-08-12 11:46:00-04:00,2026-08-12 11:46:46.550072-04:00,-13.449928,0.0,1.840000033378601,1.840000033378601
MXCT,2026-08-12 11:39:00-04:00,2026-08-12 11:46:46.550072-04:00,406.550072,4210.0,1.2596999406814575,1.2599999904632568
MXCT,2026-08-12 11:41:00-04:00,2026-08-12 11:46:46.550072-04:00,286.550072,7927.0,1.2599999904632568,1.2597999572753906
MXCT,2026-08-12 11:42:00-04:00,2026-08-12 11:46:46.550072-04:00,226.550072,661.0,1.2549999952316284,1.2549999952316284
MXCT,2026-08-12 11:44:00-04:00,2026-08-12 11:46:46.550072-04:00,106.550072,36715.0,1.2599999904632568,1.2450000047683716
MXCT,2026-08-12 11:45:00-04:00,2026-08-12 11:46:46.550072-04:00,46.550072,1487.0,1.2450000047683716,1.25
MXCT,2026-08-12 11:46:00-04:00,2026-08-12 11:46:46.550072-04:00,-13.449928,0.0,1.2450000047683716,1.2450000047683716
ENHA,2026-08-12 11:31:00-04:00,2026-08-12 11:46:46.550072-04:00,886.550072,0.0,2.200000047683716,2.200000047683716
ENHA,2026-08-12 11:34:00-04:00,2026-08-12 11:46:46.550072-04:00,706.550072,3606.0,2.194999933242798,2.174999952316284
ENHA,2026-08-12 11:35:00-04:00,2026-08-12 11:46:46.550072-04:00,646.550072,2052.0,2.180000066757202,2.180000066757202
ENHA,2026-08-12 11:36:00-04:00,2026-08-12 11:46:46.550072-04:00,586.550072,759.0,2.174999952316284,2.174999952316284
ENHA,2026-08-12 11:42:00-04:00,2026-08-12 11:46:46.550072-04:00,226.550072,2046.0,2.170099973678589,2.180000066757202
ENHA,2026-08-12 11:44:00-04:00,2026-08-12 11:46:46.550072-04:00,106.550072,0.0,2.174999952316284,2.174999952316284
VLN,2026-08-12 11:41:00-04:00,2026-08-12 11:46:46.550072-04:00,286.550072,4765.0,1.801200032234192,1.801200032234192
VLN,2026-08-12 11:42:00-04:00,2026-08-12 11:46:46.550072-04:00,226.550072,10727.0,1.809999942779541,1.815000057220459
VLN,2026-08-12 11:43:00-04:00,2026-08-12 11:46:46.550072-04:00,166.550072,974.0,1.8200000524520874,1.8200000524520874
VLN,2026-08-12 11:44:00-04:00,2026-08-12 11:46:46.550072-04:00,106.550072,370.0,1.815000057220459,1.815000057220459
VLN,2026-08-12 11:45:00-04:00,2026-08-12 11:46:46.550072-04:00,46.550072,698.0,1.815000057220459,1.8200000524520874
VLN,2026-08-12 11:46:00-04:00,2026-08-12 11:46:46.550072-04:00,-13.449928,0.0,1.811400055885315,1.811400055885315
DRMA,2026-08-12 11:41:00-04:00,2026-08-12 11:46:46.550072-04:00,286.550072,21236.0,1.3350000381469727,1.320099949836731
DRMA,2026-08-12 11:42:00-04:00,2026-08-12 11:46:46.550072-04:00,226.550072,24311.0,1.3299000263214111,1.3392000198364258
DRMA,2026-08-12 11:43:00-04:00,2026-08-12 11:46:46.550072-04:00,166.550072,4630.0,1.3389999866485596,1.3398000001907349
DRMA,2026-08-12 11:44:00-04:00,2026-08-12 11:46:46.550072-04:00,106.550072,6269.0,1.3350000381469727,1.329800009727478
DRMA,2026-08-12 11:45:00-04:00,2026-08-12 11:46:46.550072-04:00,46.550072,16045.0,1.320199966430664,1.3312000036239624
DRMA,2026-08-12 11:46:00-04:00,2026-08-12 11:46:46.550072-04:00,-13.449928,0.0,1.320099949836731,1.320099949836731
FEMY,2026-08-12 11:24:00-04:00,2026-08-12 11:46:46.550072-04:00,1306.550072,7013.0,2.325000047683716,2.3299999237060547
FEMY,2026-08-12 11:25:00-04:00,2026-08-12 11:46:46.550072-04:00,1246.550072,45332.0,2.3299999237060547,2.240000009536743
FEMY,2026-08-12 11:26:00-04:00,2026-08-12 11:46:46.550072-04:00,1186.550072,10702.0,2.240000009536743,2.240000009536743
FEMY,2026-08-12 11:27:00-04:00,2026-08-12 11:46:46.550072-04:00,1126.550072,690.0,2.2699999809265137,2.2699999809265137
FEMY,2026-08-12 11:38:00-04:00,2026-08-12 11:46:46.550072-04:00,466.550072,103.0,2.309999942779541,2.309999942779541
FEMY,2026-08-12 11:40:00-04:00,2026-08-12 11:46:46.550072-04:00,346.550072,0.0,2.319999933242798,2.319999933242798
REBN,2026-08-12 11:01:00-04:00,2026-08-12 11:46:46.550072-04:00,2686.550072,11.0,1.5038000345230103,1.5038000345230103
REBN,2026-08-12 11:04:00-04:00,2026-08-12 11:46:46.550072-04:00,2506.550072,1111.0,1.5099999904632568,1.4900000095367432
REBN,2026-08-12 11:12:00-04:00,2026-08-12 11:46:46.550072-04:00,2026.550072,1109.0,1.5149999856948853,1.5149999856948853
REBN,2026-08-12 11:14:00-04:00,2026-08-12 11:46:46.550072-04:00,1906.550072,221.0,1.5,1.5
REBN,2026-08-12 11:34:00-04:00,2026-08-12 11:46:46.550072-04:00,706.550072,119.0,1.4800000190734863,1.4800000190734863
REBN,2026-08-12 11:38:00-04:00,2026-08-12 11:46:46.550072-04:00,466.550072,0.0,1.4600000381469727,1.4600000381469727
GRWG,2026-08-12 11:41:00-04:00,2026-08-12 11:46:46.550072-04:00,286.550072,4358.0,1.8949999809265137,1.899999976158142
GRWG,2026-08-12 11:42:00-04:00,2026-08-12 11:46:46.550072-04:00,226.550072,3119.0,1.9089000225067139,1.9049999713897705
GRWG,2026-08-12 11:43:00-04:00,2026-08-12 11:46:46.550072-04:00,166.550072,2438.0,1.9049999713897705,1.9089000225067139
GRWG,2026-08-12 11:44:00-04:00,2026-08-12 11:46:46.550072-04:00,106.550072,13512.0,1.9049999713897705,1.899999976158142
GRWG,2026-08-12 11:45:00-04:00,2026-08-12 11:46:46.550072-04:00,46.550072,17624.0,1.9049999713897705,1.9049999713897705
GRWG,2026-08-12 11:46:00-04:00,2026-08-12 11:46:46.550072-04:00,-13.449928,0.0,1.909999966621399,1.909999966621399
FEMY,2026-08-12 11:24:00-04:00,2026-08-12 11:47:06.590053-04:00,1326.590053,7013.0,2.325000047683716,2.3299999237060547
FEMY,2026-08-12 11:25:00-04:00,2026-08-12 11:47:06.590053-04:00,1266.590053,45332.0,2.3299999237060547,2.240000009536743
FEMY,2026-08-12 11:26:00-04:00,2026-08-12 11:47:06.590053-04:00,1206.590053,10702.0,2.240000009536743,2.240000009536743
FEMY,2026-08-12 11:27:00-04:00,2026-08-12 11:47:06.590053-04:00,1146.590053,690.0,2.2699999809265137,2.2699999809265137
FEMY,2026-08-12 11:38:00-04:00,2026-08-12 11:47:06.590053-04:00,486.590053,103.0,2.309999942779541,2.309999942779541
FEMY,2026-08-12 11:40:00-04:00,2026-08-12 11:47:06.590053-04:00,366.590053,0.0,2.319999933242798,2.319999933242798
GRWG,2026-08-12 11:42:00-04:00,2026-08-12 11:47:06.590053-04:00,246.590053,3119.0,1.9089000225067139,1.9049999713897705
GRWG,2026-08-12 11:43:00-04:00,2026-08-12 11:47:06.590053-04:00,186.590053,2438.0,1.9049999713897705,1.9089000225067139
GRWG,2026-08-12 11:44:00-04:00,2026-08-12 11:47:06.590053-04:00,126.590053,13512.0,1.9049999713897705,1.899999976158142
GRWG,2026-08-12 11:45:00-04:00,2026-08-12 11:47:06.590053-04:00,66.590053,17624.0,1.9049999713897705,1.9049999713897705
GRWG,2026-08-12 11:46:00-04:00,2026-08-12 11:47:06.590053-04:00,6.590053,30039.0,1.9091999530792236,1.909999966621399
GRWG,2026-08-12 11:47:00-04:00,2026-08-12 11:47:06.590053-04:00,-53.409947,0.0,1.9049999713897705,1.9049999713897705
BIVI,2026-08-12 11:42:00-04:00,2026-08-12 11:47:06.590053-04:00,246.590053,147303.0,1.840000033378601,1.840000033378601
BIVI,2026-08-12 11:43:00-04:00,2026-08-12 11:47:06.590053-04:00,186.590053,238193.0,1.8480000495910645,1.909000039100647
BIVI,2026-08-12 11:44:00-04:00,2026-08-12 11:47:06.590053-04:00,126.590053,207327.0,1.9098999500274658,1.8450000286102295
BIVI,2026-08-12 11:45:00-04:00,2026-08-12 11:47:06.590053-04:00,66.590053,141370.0,1.8488999605178833,1.86899995803833
BIVI,2026-08-12 11:46:00-04:00,2026-08-12 11:47:06.590053-04:00,6.590053,82924.0,1.8650000095367432,1.8250000476837158
BIVI,2026-08-12 11:47:00-04:00,2026-08-12 11:47:06.590053-04:00,-53.409947,0.0,1.8299000263214111,1.8299000263214111
ENHA,2026-08-12 11:31:00-04:00,2026-08-12 11:47:06.590053-04:00,906.590053,0.0,2.200000047683716,2.200000047683716
ENHA,2026-08-12 11:34:00-04:00,2026-08-12 11:47:06.590053-04:00,726.590053,3606.0,2.194999933242798,2.174999952316284
ENHA,2026-08-12 11:35:00-04:00,2026-08-12 11:47:06.590053-04:00,666.590053,2052.0,2.180000066757202,2.180000066757202
ENHA,2026-08-12 11:36:00-04:00,2026-08-12 11:47:06.590053-04:00,606.590053,759.0,2.174999952316284,2.174999952316284
ENHA,2026-08-12 11:42:00-04:00,2026-08-12 11:47:06.590053-04:00,246.590053,2046.0,2.170099973678589,2.180000066757202
ENHA,2026-08-12 11:44:00-04:00,2026-08-12 11:47:06.590053-04:00,126.590053,0.0,2.174999952316284,2.174999952316284
REBN,2026-08-12 11:01:00-04:00,2026-08-12 11:47:06.590053-04:00,2706.590053,11.0,1.5038000345230103,1.5038000345230103
REBN,2026-08-12 11:04:00-04:00,2026-08-12 11:47:06.590053-04:00,2526.590053,1111.0,1.5099999904632568,1.4900000095367432
REBN,2026-08-12 11:12:00-04:00,2026-08-12 11:47:06.590053-04:00,2046.590053,1109.0,1.5149999856948853,1.5149999856948853
REBN,2026-08-12 11:14:00-04:00,2026-08-12 11:47:06.590053-04:00,1926.590053,221.0,1.5,1.5
REBN,2026-08-12 11:34:00-04:00,2026-08-12 11:47:06.590053-04:00,726.590053,119.0,1.4800000190734863,1.4800000190734863
REBN,2026-08-12 11:38:00-04:00,2026-08-12 11:47:06.590053-04:00,486.590053,0.0,1.4600000381469727,1.4600000381469727
MXCT,2026-08-12 11:39:00-04:00,2026-08-12 11:47:06.590053-04:00,426.590053,4210.0,1.2596999406814575,1.2599999904632568
MXCT,2026-08-12 11:41:00-04:00,2026-08-12 11:47:06.590053-04:00,306.590053,7927.0,1.2599999904632568,1.2597999572753906
MXCT,2026-08-12 11:42:00-04:00,2026-08-12 11:47:06.590053-04:00,246.590053,661.0,1.2549999952316284,1.2549999952316284
MXCT,2026-08-12 11:44:00-04:00,2026-08-12 11:47:06.590053-04:00,126.590053,36715.0,1.2599999904632568,1.2450000047683716
MXCT,2026-08-12 11:45:00-04:00,2026-08-12 11:47:06.590053-04:00,66.590053,1487.0,1.2450000047683716,1.25
MXCT,2026-08-12 11:46:00-04:00,2026-08-12 11:47:06.590053-04:00,6.590053,0.0,1.2450000047683716,1.2450000047683716
VLN,2026-08-12 11:41:00-04:00,2026-08-12 11:47:06.590053-04:00,306.590053,4765.0,1.801200032234192,1.801200032234192
VLN,2026-08-12 11:42:00-04:00,2026-08-12 11:47:06.590053-04:00,246.590053,10727.0,1.809999942779541,1.815000057220459
VLN,2026-08-12 11:43:00-04:00,2026-08-12 11:47:06.590053-04:00,186.590053,974.0,1.8200000524520874,1.8200000524520874
VLN,2026-08-12 11:44:00-04:00,2026-08-12 11:47:06.590053-04:00,126.590053,370.0,1.815000057220459,1.815000057220459
VLN,2026-08-12 11:45:00-04:00,2026-08-12 11:47:06.590053-04:00,66.590053,698.0,1.815000057220459,1.8200000524520874
VLN,2026-08-12 11:46:00-04:00,2026-08-12 11:47:06.590053-04:00,6.590053,0.0,1.811400055885315,1.811400055885315
DRMA,2026-08-12 11:41:00-04:00,2026-08-12 11:47:06.590053-04:00,306.590053,21236.0,1.3350000381469727,1.320099949836731
DRMA,2026-08-12 11:42:00-04:00,2026-08-12 11:47:06.590053-04:00,246.590053,24311.0,1.3299000263214111,1.3392000198364258
DRMA,2026-08-12 11:43:00-04:00,2026-08-12 11:47:06.590053-04:00,186.590053,4630.0,1.3389999866485596,1.3398000001907349
DRMA,2026-08-12 11:44:00-04:00,2026-08-12 11:47:06.590053-04:00,126.590053,6269.0,1.3350000381469727,1.329800009727478
DRMA,2026-08-12 11:45:00-04:00,2026-08-12 11:47:06.590053-04:00,66.590053,16045.0,1.320199966430664,1.3312000036239624
DRMA,2026-08-12 11:46:00-04:00,2026-08-12 11:47:06.590053-04:00,6.590053,0.0,1.3300000429153442,1.3300000429153442
MXCT,2026-08-12 11:41:00-04:00,2026-08-12 11:47:26.633570-04:00,326.63357,7927.0,1.2599999904632568,1.2597999572753906
MXCT,2026-08-12 11:42:00-04:00,2026-08-12 11:47:26.633570-04:00,266.63357,661.0,1.2549999952316284,1.2549999952316284
MXCT,2026-08-12 11:44:00-04:00,2026-08-12 11:47:26.633570-04:00,146.63357,36715.0,1.2599999904632568,1.2450000047683716
MXCT,2026-08-12 11:45:00-04:00,2026-08-12 11:47:26.633570-04:00,86.63357,1487.0,1.2450000047683716,1.25
MXCT,2026-08-12 11:46:00-04:00,2026-08-12 11:47:26.633570-04:00,26.63357,1460.0,1.2450000047683716,1.25
MXCT,2026-08-12 11:47:00-04:00,2026-08-12 11:47:26.633570-04:00,-33.36643,0.0,1.2450000047683716,1.2450000047683716
ENHA,2026-08-12 11:31:00-04:00,2026-08-12 11:47:26.633570-04:00,926.63357,0.0,2.200000047683716,2.200000047683716
ENHA,2026-08-12 11:34:00-04:00,2026-08-12 11:47:26.633570-04:00,746.63357,3606.0,2.194999933242798,2.174999952316284
ENHA,2026-08-12 11:35:00-04:00,2026-08-12 11:47:26.633570-04:00,686.63357,2052.0,2.180000066757202,2.180000066757202
ENHA,2026-08-12 11:36:00-04:00,2026-08-12 11:47:26.633570-04:00,626.63357,759.0,2.174999952316284,2.174999952316284
ENHA,2026-08-12 11:42:00-04:00,2026-08-12 11:47:26.633570-04:00,266.63357,2046.0,2.170099973678589,2.180000066757202
ENHA,2026-08-12 11:44:00-04:00,2026-08-12 11:47:26.633570-04:00,146.63357,0.0,2.174999952316284,2.174999952316284
DRMA,2026-08-12 11:42:00-04:00,2026-08-12 11:47:26.633570-04:00,266.63357,24311.0,1.3299000263214111,1.3392000198364258
DRMA,2026-08-12 11:43:00-04:00,2026-08-12 11:47:26.633570-04:00,206.63357,4630.0,1.3389999866485596,1.3398000001907349
DRMA,2026-08-12 11:44:00-04:00,2026-08-12 11:47:26.633570-04:00,146.63357,6269.0,1.3350000381469727,1.329800009727478
DRMA,2026-08-12 11:45:00-04:00,2026-08-12 11:47:26.633570-04:00,86.63357,16045.0,1.320199966430664,1.3312000036239624
DRMA,2026-08-12 11:46:00-04:00,2026-08-12 11:47:26.633570-04:00,26.63357,0.0,1.3220000267028809,1.3300000429153442
DRMA,2026-08-12 11:47:00-04:00,2026-08-12 11:47:26.633570-04:00,-33.36643,0.0,1.3200000524520874,1.3200000524520874
REBN,2026-08-12 11:01:00-04:00,2026-08-12 11:47:26.633570-04:00,2726.63357,11.0,1.5038000345230103,1.5038000345230103
REBN,2026-08-12 11:04:00-04:00,2026-08-12 11:47:26.633570-04:00,2546.63357,1111.0,1.5099999904632568,1.4900000095367432
REBN,2026-08-12 11:12:00-04:00,2026-08-12 11:47:26.633570-04:00,2066.63357,1109.0,1.5149999856948853,1.5149999856948853
REBN,2026-08-12 11:14:00-04:00,2026-08-12 11:47:26.633570-04:00,1946.63357,221.0,1.5,1.5
REBN,2026-08-12 11:34:00-04:00,2026-08-12 11:47:26.633570-04:00,746.63357,119.0,1.4800000190734863,1.4800000190734863
REBN,2026-08-12 11:38:00-04:00,2026-08-12 11:47:26.633570-04:00,506.63357,0.0,1.4600000381469727,1.4600000381469727
GRWG,2026-08-12 11:42:00-04:00,2026-08-12 11:47:26.633570-04:00,266.63357,3119.0,1.9089000225067139,1.9049999713897705
GRWG,2026-08-12 11:43:00-04:00,2026-08-12 11:47:26.633570-04:00,206.63357,2438.0,1.9049999713897705,1.9089000225067139
GRWG,2026-08-12 11:44:00-04:00,2026-08-12 11:47:26.633570-04:00,146.63357,13512.0,1.9049999713897705,1.899999976158142
GRWG,2026-08-12 11:45:00-04:00,2026-08-12 11:47:26.633570-04:00,86.63357,17624.0,1.9049999713897705,1.9049999713897705
GRWG,2026-08-12 11:46:00-04:00,2026-08-12 11:47:26.633570-04:00,26.63357,30039.0,1.9091999530792236,1.909999966621399
GRWG,2026-08-12 11:47:00-04:00,2026-08-12 11:47:26.633570-04:00,-33.36643,0.0,1.8907999992370605,1.8907999992370605
FEMY,2026-08-12 11:24:00-04:00,2026-08-12 11:47:26.633570-04:00,1346.63357,7013.0,2.325000047683716,2.3299999237060547
FEMY,2026-08-12 11:25:00-04:00,2026-08-12 11:47:26.633570-04:00,1286.63357,45332.0,2.3299999237060547,2.240000009536743
FEMY,2026-08-12 11:26:00-04:00,2026-08-12 11:47:26.633570-04:00,1226.63357,10702.0,2.240000009536743,2.240000009536743
FEMY,2026-08-12 11:27:00-04:00,2026-08-12 11:47:26.633570-04:00,1166.63357,690.0,2.2699999809265137,2.2699999809265137
FEMY,2026-08-12 11:38:00-04:00,2026-08-12 11:47:26.633570-04:00,506.63357,103.0,2.309999942779541,2.309999942779541
FEMY,2026-08-12 11:40:00-04:00,2026-08-12 11:47:26.633570-04:00,386.63357,0.0,2.319999933242798,2.319999933242798
VLN,2026-08-12 11:42:00-04:00,2026-08-12 11:47:26.633570-04:00,266.63357,10727.0,1.809999942779541,1.815000057220459
VLN,2026-08-12 11:43:00-04:00,2026-08-12 11:47:26.633570-04:00,206.63357,974.0,1.8200000524520874,1.8200000524520874
VLN,2026-08-12 11:44:00-04:00,2026-08-12 11:47:26.633570-04:00,146.63357,370.0,1.815000057220459,1.815000057220459
VLN,2026-08-12 11:45:00-04:00,2026-08-12 11:47:26.633570-04:00,86.63357,698.0,1.815000057220459,1.8200000524520874
VLN,2026-08-12 11:46:00-04:00,2026-08-12 11:47:26.633570-04:00,26.63357,366.0,1.815000057220459,1.811400055885315
VLN,2026-08-12 11:47:00-04:00,2026-08-12 11:47:26.633570-04:00,-33.36643,0.0,1.815000057220459,1.815000057220459
BIVI,2026-08-12 11:42:00-04:00,2026-08-12 11:47:26.633570-04:00,266.63357,147303.0,1.840000033378601,1.840000033378601
BIVI,2026-08-12 11:43:00-04:00,2026-08-12 11:47:26.633570-04:00,206.63357,238193.0,1.8480000495910645,1.909000039100647
BIVI,2026-08-12 11:44:00-04:00,2026-08-12 11:47:26.633570-04:00,146.63357,207327.0,1.9098999500274658,1.8450000286102295
BIVI,2026-08-12 11:45:00-04:00,2026-08-12 11:47:26.633570-04:00,86.63357,141370.0,1.8488999605178833,1.86899995803833
BIVI,2026-08-12 11:46:00-04:00,2026-08-12 11:47:26.633570-04:00,26.63357,82924.0,1.8650000095367432,1.8250000476837158
BIVI,2026-08-12 11:47:00-04:00,2026-08-12 11:47:26.633570-04:00,-33.36643,0.0,1.8250000476837158,1.8250000476837158
VLN,2026-08-12 11:42:00-04:00,2026-08-12 11:47:46.762893-04:00,286.762893,10727.0,1.809999942779541,1.815000057220459
VLN,2026-08-12 11:43:00-04:00,2026-08-12 11:47:46.762893-04:00,226.762893,974.0,1.8200000524520874,1.8200000524520874
VLN,2026-08-12 11:44:00-04:00,2026-08-12 11:47:46.762893-04:00,166.762893,370.0,1.815000057220459,1.815000057220459
VLN,2026-08-12 11:45:00-04:00,2026-08-12 11:47:46.762893-04:00,106.762893,698.0,1.815000057220459,1.8200000524520874
VLN,2026-08-12 11:46:00-04:00,2026-08-12 11:47:46.762893-04:00,46.762893,366.0,1.815000057220459,1.811400055885315
VLN,2026-08-12 11:47:00-04:00,2026-08-12 11:47:46.762893-04:00,-13.237107,0.0,1.8134000301361084,1.8134000301361084
REBN,2026-08-12 11:01:00-04:00,2026-08-12 11:47:46.762893-04:00,2746.762893,11.0,1.5038000345230103,1.5038000345230103
REBN,2026-08-12 11:04:00-04:00,2026-08-12 11:47:46.762893-04:00,2566.762893,1111.0,1.5099999904632568,1.4900000095367432
REBN,2026-08-12 11:12:00-04:00,2026-08-12 11:47:46.762893-04:00,2086.762893,1109.0,1.5149999856948853,1.5149999856948853
REBN,2026-08-12 11:14:00-04:00,2026-08-12 11:47:46.762893-04:00,1966.762893,221.0,1.5,1.5
REBN,2026-08-12 11:34:00-04:00,2026-08-12 11:47:46.762893-04:00,766.762893,119.0,1.4800000190734863,1.4800000190734863
REBN,2026-08-12 11:38:00-04:00,2026-08-12 11:47:46.762893-04:00,526.762893,0.0,1.4600000381469727,1.4600000381469727
GRWG,2026-08-12 11:42:00-04:00,2026-08-12 11:47:46.762893-04:00,286.762893,3119.0,1.9089000225067139,1.9049999713897705
GRWG,2026-08-12 11:43:00-04:00,2026-08-12 11:47:46.762893-04:00,226.762893,2438.0,1.9049999713897705,1.9089000225067139
GRWG,2026-08-12 11:44:00-04:00,2026-08-12 11:47:46.762893-04:00,166.762893,13512.0,1.9049999713897705,1.899999976158142
GRWG,2026-08-12 11:45:00-04:00,2026-08-12 11:47:46.762893-04:00,106.762893,17624.0,1.9049999713897705,1.9049999713897705
GRWG,2026-08-12 11:46:00-04:00,2026-08-12 11:47:46.762893-04:00,46.762893,30039.0,1.9091999530792236,1.909999966621399
GRWG,2026-08-12 11:47:00-04:00,2026-08-12 11:47:46.762893-04:00,-13.237107,0.0,1.8899999856948853,1.8899999856948853
DRMA,2026-08-12 11:42:00-04:00,2026-08-12 11:47:46.762893-04:00,286.762893,24311.0,1.3299000263214111,1.3392000198364258
DRMA,2026-08-12 11:43:00-04:00,2026-08-12 11:47:46.762893-04:00,226.762893,4630.0,1.3389999866485596,1.3398000001907349
DRMA,2026-08-12 11:44:00-04:00,2026-08-12 11:47:46.762893-04:00,166.762893,6269.0,1.3350000381469727,1.329800009727478
DRMA,2026-08-12 11:45:00-04:00,2026-08-12 11:47:46.762893-04:00,106.762893,16045.0,1.320199966430664,1.3312000036239624
DRMA,2026-08-12 11:46:00-04:00,2026-08-12 11:47:46.762893-04:00,46.762893,0.0,1.3220000267028809,1.3300000429153442
DRMA,2026-08-12 11:47:00-04:00,2026-08-12 11:47:46.762893-04:00,-13.237107,0.0,1.3200000524520874,1.3200000524520874
FEMY,2026-08-12 11:24:00-04:00,2026-08-12 11:47:46.762893-04:00,1366.762893,7013.0,2.325000047683716,2.3299999237060547
FEMY,2026-08-12 11:25:00-04:00,2026-08-12 11:47:46.762893-04:00,1306.762893,45332.0,2.3299999237060547,2.240000009536743
FEMY,2026-08-12 11:26:00-04:00,2026-08-12 11:47:46.762893-04:00,1246.762893,10702.0,2.240000009536743,2.240000009536743
FEMY,2026-08-12 11:27:00-04:00,2026-08-12 11:47:46.762893-04:00,1186.762893,690.0,2.2699999809265137,2.2699999809265137
FEMY,2026-08-12 11:38:00-04:00,2026-08-12 11:47:46.762893-04:00,526.762893,103.0,2.309999942779541,2.309999942779541
FEMY,2026-08-12 11:40:00-04:00,2026-08-12 11:47:46.762893-04:00,406.762893,0.0,2.319999933242798,2.319999933242798
BIVI,2026-08-12 11:42:00-04:00,2026-08-12 11:47:46.762893-04:00,286.762893,147303.0,1.840000033378601,1.840000033378601
BIVI,2026-08-12 11:43:00-04:00,2026-08-12 11:47:46.762893-04:00,226.762893,238193.0,1.8480000495910645,1.909000039100647
BIVI,2026-08-12 11:44:00-04:00,2026-08-12 11:47:46.762893-04:00,166.762893,207327.0,1.9098999500274658,1.8450000286102295
BIVI,2026-08-12 11:45:00-04:00,2026-08-12 11:47:46.762893-04:00,106.762893,141370.0,1.8488999605178833,1.86899995803833
BIVI,2026-08-12 11:46:00-04:00,2026-08-12 11:47:46.762893-04:00,46.762893,82924.0,1.8650000095367432,1.8250000476837158
BIVI,2026-08-12 11:47:00-04:00,2026-08-12 11:47:46.762893-04:00,-13.237107,0.0,1.815000057220459,1.815000057220459
ENHA,2026-08-12 11:34:00-04:00,2026-08-12 11:47:46.762893-04:00,766.762893,3606.0,2.194999933242798,2.174999952316284
ENHA,2026-08-12 11:35:00-04:00,2026-08-12 11:47:46.762893-04:00,706.762893,2052.0,2.180000066757202,2.180000066757202
ENHA,2026-08-12 11:36:00-04:00,2026-08-12 11:47:46.762893-04:00,646.762893,759.0,2.174999952316284,2.174999952316284
ENHA,2026-08-12 11:42:00-04:00,2026-08-12 11:47:46.762893-04:00,286.762893,2046.0,2.170099973678589,2.180000066757202
ENHA,2026-08-12 11:44:00-04:00,2026-08-12 11:47:46.762893-04:00,166.762893,619.0,2.174999952316284,2.174999952316284
ENHA,2026-08-12 11:47:00-04:00,2026-08-12 11:47:46.762893-04:00,-13.237107,0.0,2.1791999340057373,2.1791999340057373
MXCT,2026-08-12 11:41:00-04:00,2026-08-12 11:47:46.762893-04:00,346.762893,7927.0,1.2599999904632568,1.2597999572753906
MXCT,2026-08-12 11:42:00-04:00,2026-08-12 11:47:46.762893-04:00,286.762893,661.0,1.2549999952316284,1.2549999952316284
MXCT,2026-08-12 11:44:00-04:00,2026-08-12 11:47:46.762893-04:00,166.762893,36715.0,1.2599999904632568,1.2450000047683716
MXCT,2026-08-12 11:45:00-04:00,2026-08-12 11:47:46.762893-04:00,106.762893,1487.0,1.2450000047683716,1.25
MXCT,2026-08-12 11:46:00-04:00,2026-08-12 11:47:46.762893-04:00,46.762893,1460.0,1.2450000047683716,1.25
MXCT,2026-08-12 11:47:00-04:00,2026-08-12 11:47:46.762893-04:00,-13.237107,0.0,1.2450000047683716,1.2450000047683716
FEMY,2026-08-12 11:24:00-04:00,2026-08-12 11:48:06.803360-04:00,1386.80336,7013.0,2.325000047683716,2.3299999237060547
FEMY,2026-08-12 11:25:00-04:00,2026-08-12 11:48:06.803360-04:00,1326.80336,45332.0,2.3299999237060547,2.240000009536743
FEMY,2026-08-12 11:26:00-04:00,2026-08-12 11:48:06.803360-04:00,1266.80336,10702.0,2.240000009536743,2.240000009536743
FEMY,2026-08-12 11:27:00-04:00,2026-08-12 11:48:06.803360-04:00,1206.80336,690.0,2.2699999809265137,2.2699999809265137
FEMY,2026-08-12 11:38:00-04:00,2026-08-12 11:48:06.803360-04:00,546.80336,103.0,2.309999942779541,2.309999942779541
FEMY,2026-08-12 11:40:00-04:00,2026-08-12 11:48:06.803360-04:00,426.80336,0.0,2.319999933242798,2.319999933242798
VLN,2026-08-12 11:42:00-04:00,2026-08-12 11:48:06.803360-04:00,306.80336,10727.0,1.809999942779541,1.815000057220459
VLN,2026-08-12 11:43:00-04:00,2026-08-12 11:48:06.803360-04:00,246.80336,974.0,1.8200000524520874,1.8200000524520874
VLN,2026-08-12 11:44:00-04:00,2026-08-12 11:48:06.803360-04:00,186.80336,370.0,1.815000057220459,1.815000057220459
VLN,2026-08-12 11:45:00-04:00,2026-08-12 11:48:06.803360-04:00,126.80336,698.0,1.815000057220459,1.8200000524520874
VLN,2026-08-12 11:46:00-04:00,2026-08-12 11:48:06.803360-04:00,66.80336,366.0,1.815000057220459,1.811400055885315
VLN,2026-08-12 11:47:00-04:00,2026-08-12 11:48:06.803360-04:00,6.80336,0.0,1.8134000301361084,1.8134000301361084
DRMA,2026-08-12 11:43:00-04:00,2026-08-12 11:48:06.803360-04:00,246.80336,4630.0,1.3389999866485596,1.3398000001907349
DRMA,2026-08-12 11:44:00-04:00,2026-08-12 11:48:06.803360-04:00,186.80336,6269.0,1.3350000381469727,1.329800009727478
DRMA,2026-08-12 11:45:00-04:00,2026-08-12 11:48:06.803360-04:00,126.80336,16045.0,1.320199966430664,1.3312000036239624
DRMA,2026-08-12 11:46:00-04:00,2026-08-12 11:48:06.803360-04:00,66.80336,0.0,1.3220000267028809,1.3300000429153442
DRMA,2026-08-12 11:47:00-04:00,2026-08-12 11:48:06.803360-04:00,6.80336,8420.0,1.3200000524520874,1.320099949836731
DRMA,2026-08-12 11:48:00-04:00,2026-08-12 11:48:06.803360-04:00,-53.19664,0.0,1.3250000476837158,1.3250000476837158
MXCT,2026-08-12 11:42:00-04:00,2026-08-12 11:48:06.803360-04:00,306.80336,661.0,1.2549999952316284,1.2549999952316284
MXCT,2026-08-12 11:44:00-04:00,2026-08-12 11:48:06.803360-04:00,186.80336,36715.0,1.2599999904632568,1.2450000047683716
MXCT,2026-08-12 11:45:00-04:00,2026-08-12 11:48:06.803360-04:00,126.80336,1487.0,1.2450000047683716,1.25
MXCT,2026-08-12 11:46:00-04:00,2026-08-12 11:48:06.803360-04:00,66.80336,1460.0,1.2450000047683716,1.25
MXCT,2026-08-12 11:47:00-04:00,2026-08-12 11:48:06.803360-04:00,6.80336,2654.0,1.2450000047683716,1.2450000047683716
MXCT,2026-08-12 11:48:00-04:00,2026-08-12 11:48:06.803360-04:00,-53.19664,0.0,1.2404999732971191,1.2404999732971191
ENHA,2026-08-12 11:34:00-04:00,2026-08-12 11:48:06.803360-04:00,786.80336,3606.0,2.194999933242798,2.174999952316284
ENHA,2026-08-12 11:35:00-04:00,2026-08-12 11:48:06.803360-04:00,726.80336,2052.0,2.180000066757202,2.180000066757202
ENHA,2026-08-12 11:36:00-04:00,2026-08-12 11:48:06.803360-04:00,666.80336,759.0,2.174999952316284,2.174999952316284
ENHA,2026-08-12 11:42:00-04:00,2026-08-12 11:48:06.803360-04:00,306.80336,2046.0,2.170099973678589,2.180000066757202
ENHA,2026-08-12 11:44:00-04:00,2026-08-12 11:48:06.803360-04:00,186.80336,619.0,2.174999952316284,2.174999952316284
ENHA,2026-08-12 11:47:00-04:00,2026-08-12 11:48:06.803360-04:00,6.80336,0.0,2.174999952316284,2.174999952316284
REBN,2026-08-12 11:01:00-04:00,2026-08-12 11:48:06.803360-04:00,2766.80336,11.0,1.5038000345230103,1.5038000345230103
REBN,2026-08-12 11:04:00-04:00,2026-08-12 11:48:06.803360-04:00,2586.80336,1111.0,1.5099999904632568,1.4900000095367432
REBN,2026-08-12 11:12:00-04:00,2026-08-12 11:48:06.803360-04:00,2106.80336,1109.0,1.5149999856948853,1.5149999856948853
REBN,2026-08-12 11:14:00-04:00,2026-08-12 11:48:06.803360-04:00,1986.80336,221.0,1.5,1.5
REBN,2026-08-12 11:34:00-04:00,2026-08-12 11:48:06.803360-04:00,786.80336,119.0,1.4800000190734863,1.4800000190734863
REBN,2026-08-12 11:38:00-04:00,2026-08-12 11:48:06.803360-04:00,546.80336,0.0,1.4600000381469727,1.4600000381469727
GRWG,2026-08-12 11:43:00-04:00,2026-08-12 11:48:06.803360-04:00,246.80336,2438.0,1.9049999713897705,1.9089000225067139
GRWG,2026-08-12 11:44:00-04:00,2026-08-12 11:48:06.803360-04:00,186.80336,13512.0,1.9049999713897705,1.899999976158142
GRWG,2026-08-12 11:45:00-04:00,2026-08-12 11:48:06.803360-04:00,126.80336,17624.0,1.9049999713897705,1.9049999713897705
GRWG,2026-08-12 11:46:00-04:00,2026-08-12 11:48:06.803360-04:00,66.80336,30039.0,1.9091999530792236,1.909999966621399
GRWG,2026-08-12 11:47:00-04:00,2026-08-12 11:48:06.803360-04:00,6.80336,19527.0,1.9049999713897705,1.8849999904632568
GRWG,2026-08-12 11:48:00-04:00,2026-08-12 11:48:06.803360-04:00,-53.19664,0.0,1.8849999904632568,1.8849999904632568
BIVI,2026-08-12 11:43:00-04:00,2026-08-12 11:48:06.803360-04:00,246.80336,238193.0,1.8480000495910645,1.909000039100647
BIVI,2026-08-12 11:44:00-04:00,2026-08-12 11:48:06.803360-04:00,186.80336,207327.0,1.9098999500274658,1.8450000286102295
BIVI,2026-08-12 11:45:00-04:00,2026-08-12 11:48:06.803360-04:00,126.80336,141370.0,1.8488999605178833,1.86899995803833
BIVI,2026-08-12 11:46:00-04:00,2026-08-12 11:48:06.803360-04:00,66.80336,82924.0,1.8650000095367432,1.8250000476837158
BIVI,2026-08-12 11:47:00-04:00,2026-08-12 11:48:06.803360-04:00,6.80336,76758.0,1.820099949836731,1.8309999704360962
BIVI,2026-08-12 11:48:00-04:00,2026-08-12 11:48:06.803360-04:00,-53.19664,0.0,1.8250000476837158,1.8250000476837158
GRWG,2026-08-12 11:43:00-04:00,2026-08-12 11:48:26.858166-04:00,266.858166,2438.0,1.9049999713897705,1.9089000225067139
GRWG,2026-08-12 11:44:00-04:00,2026-08-12 11:48:26.858166-04:00,206.858166,13512.0,1.9049999713897705,1.899999976158142
GRWG,2026-08-12 11:45:00-04:00,2026-08-12 11:48:26.858166-04:00,146.858166,17624.0,1.9049999713897705,1.9049999713897705
GRWG,2026-08-12 11:46:00-04:00,2026-08-12 11:48:26.858166-04:00,86.858166,30039.0,1.9091999530792236,1.909999966621399
GRWG,2026-08-12 11:47:00-04:00,2026-08-12 11:48:26.858166-04:00,26.858166,19527.0,1.9049999713897705,1.8849999904632568
GRWG,2026-08-12 11:48:00-04:00,2026-08-12 11:48:26.858166-04:00,-33.141834,0.0,1.8899999856948853,1.8899999856948853
REBN,2026-08-12 11:01:00-04:00,2026-08-12 11:48:26.858166-04:00,2786.858166,11.0,1.5038000345230103,1.5038000345230103
REBN,2026-08-12 11:04:00-04:00,2026-08-12 11:48:26.858166-04:00,2606.858166,1111.0,1.5099999904632568,1.4900000095367432
REBN,2026-08-12 11:12:00-04:00,2026-08-12 11:48:26.858166-04:00,2126.858166,1109.0,1.5149999856948853,1.5149999856948853
REBN,2026-08-12 11:14:00-04:00,2026-08-12 11:48:26.858166-04:00,2006.858166,221.0,1.5,1.5
REBN,2026-08-12 11:34:00-04:00,2026-08-12 11:48:26.858166-04:00,806.858166,119.0,1.4800000190734863,1.4800000190734863
REBN,2026-08-12 11:38:00-04:00,2026-08-12 11:48:26.858166-04:00,566.858166,0.0,1.4600000381469727,1.4600000381469727
FEMY,2026-08-12 11:24:00-04:00,2026-08-12 11:48:26.858166-04:00,1406.858166,7013.0,2.325000047683716,2.3299999237060547
FEMY,2026-08-12 11:25:00-04:00,2026-08-12 11:48:26.858166-04:00,1346.858166,45332.0,2.3299999237060547,2.240000009536743
FEMY,2026-08-12 11:26:00-04:00,2026-08-12 11:48:26.858166-04:00,1286.858166,10702.0,2.240000009536743,2.240000009536743
FEMY,2026-08-12 11:27:00-04:00,2026-08-12 11:48:26.858166-04:00,1226.858166,690.0,2.2699999809265137,2.2699999809265137
FEMY,2026-08-12 11:38:00-04:00,2026-08-12 11:48:26.858166-04:00,566.858166,103.0,2.309999942779541,2.309999942779541
FEMY,2026-08-12 11:40:00-04:00,2026-08-12 11:48:26.858166-04:00,446.858166,0.0,2.319999933242798,2.319999933242798
ENHA,2026-08-12 11:35:00-04:00,2026-08-12 11:48:26.858166-04:00,746.858166,2052.0,2.180000066757202,2.180000066757202
ENHA,2026-08-12 11:36:00-04:00,2026-08-12 11:48:26.858166-04:00,686.858166,759.0,2.174999952316284,2.174999952316284
ENHA,2026-08-12 11:42:00-04:00,2026-08-12 11:48:26.858166-04:00,326.858166,2046.0,2.170099973678589,2.180000066757202
ENHA,2026-08-12 11:44:00-04:00,2026-08-12 11:48:26.858166-04:00,206.858166,619.0,2.174999952316284,2.174999952316284
ENHA,2026-08-12 11:47:00-04:00,2026-08-12 11:48:26.858166-04:00,26.858166,13273.0,2.174999952316284,2.174999952316284
ENHA,2026-08-12 11:48:00-04:00,2026-08-12 11:48:26.858166-04:00,-33.141834,0.0,2.174999952316284,2.174999952316284
VLN,2026-08-12 11:43:00-04:00,2026-08-12 11:48:26.858166-04:00,266.858166,974.0,1.8200000524520874,1.8200000524520874
VLN,2026-08-12 11:44:00-04:00,2026-08-12 11:48:26.858166-04:00,206.858166,370.0,1.815000057220459,1.815000057220459
VLN,2026-08-12 11:45:00-04:00,2026-08-12 11:48:26.858166-04:00,146.858166,698.0,1.815000057220459,1.8200000524520874
VLN,2026-08-12 11:46:00-04:00,2026-08-12 11:48:26.858166-04:00,86.858166,366.0,1.815000057220459,1.811400055885315
VLN,2026-08-12 11:47:00-04:00,2026-08-12 11:48:26.858166-04:00,26.858166,413.0,1.815000057220459,1.8134000301361084
VLN,2026-08-12 11:48:00-04:00,2026-08-12 11:48:26.858166-04:00,-33.141834,0.0,1.815000057220459,1.815000057220459
BIVI,2026-08-12 11:43:00-04:00,2026-08-12 11:48:26.858166-04:00,266.858166,238193.0,1.8480000495910645,1.909000039100647
BIVI,2026-08-12 11:44:00-04:00,2026-08-12 11:48:26.858166-04:00,206.858166,207327.0,1.9098999500274658,1.8450000286102295
BIVI,2026-08-12 11:45:00-04:00,2026-08-12 11:48:26.858166-04:00,146.858166,141370.0,1.8488999605178833,1.86899995803833
BIVI,2026-08-12 11:46:00-04:00,2026-08-12 11:48:26.858166-04:00,86.858166,82924.0,1.8650000095367432,1.8250000476837158
BIVI,2026-08-12 11:47:00-04:00,2026-08-12 11:48:26.858166-04:00,26.858166,76758.0,1.820099949836731,1.8309999704360962
BIVI,2026-08-12 11:48:00-04:00,2026-08-12 11:48:26.858166-04:00,-33.141834,0.0,1.8389999866485596,1.8389999866485596
DRMA,2026-08-12 11:43:00-04:00,2026-08-12 11:48:26.858166-04:00,266.858166,4630.0,1.3389999866485596,1.3398000001907349
DRMA,2026-08-12 11:44:00-04:00,2026-08-12 11:48:26.858166-04:00,206.858166,6269.0,1.3350000381469727,1.329800009727478
DRMA,2026-08-12 11:45:00-04:00,2026-08-12 11:48:26.858166-04:00,146.858166,16045.0,1.320199966430664,1.3312000036239624
DRMA,2026-08-12 11:46:00-04:00,2026-08-12 11:48:26.858166-04:00,86.858166,0.0,1.3220000267028809,1.3300000429153442
DRMA,2026-08-12 11:47:00-04:00,2026-08-12 11:48:26.858166-04:00,26.858166,8420.0,1.3200000524520874,1.320099949836731
DRMA,2026-08-12 11:48:00-04:00,2026-08-12 11:48:26.858166-04:00,-33.141834,0.0,1.320099949836731,1.320099949836731
MXCT,2026-08-12 11:42:00-04:00,2026-08-12 11:48:26.858166-04:00,326.858166,661.0,1.2549999952316284,1.2549999952316284
MXCT,2026-08-12 11:44:00-04:00,2026-08-12 11:48:26.858166-04:00,206.858166,36715.0,1.2599999904632568,1.2450000047683716
MXCT,2026-08-12 11:45:00-04:00,2026-08-12 11:48:26.858166-04:00,146.858166,1487.0,1.2450000047683716,1.25
MXCT,2026-08-12 11:46:00-04:00,2026-08-12 11:48:26.858166-04:00,86.858166,1460.0,1.2450000047683716,1.25
MXCT,2026-08-12 11:47:00-04:00,2026-08-12 11:48:26.858166-04:00,26.858166,2654.0,1.2450000047683716,1.2450000047683716
MXCT,2026-08-12 11:48:00-04:00,2026-08-12 11:48:26.858166-04:00,-33.141834,0.0,1.2404999732971191,1.2404999732971191
BIVI,2026-08-12 11:43:00-04:00,2026-08-12 11:48:46.904440-04:00,286.90444,238193.0,1.8480000495910645,1.909000039100647
BIVI,2026-08-12 11:44:00-04:00,2026-08-12 11:48:46.904440-04:00,226.90444,207327.0,1.9098999500274658,1.8450000286102295
BIVI,2026-08-12 11:45:00-04:00,2026-08-12 11:48:46.904440-04:00,166.90444,141370.0,1.8488999605178833,1.86899995803833
BIVI,2026-08-12 11:46:00-04:00,2026-08-12 11:48:46.904440-04:00,106.90444,82924.0,1.8650000095367432,1.8250000476837158
BIVI,2026-08-12 11:47:00-04:00,2026-08-12 11:48:46.904440-04:00,46.90444,76758.0,1.820099949836731,1.8309999704360962
BIVI,2026-08-12 11:48:00-04:00,2026-08-12 11:48:46.904440-04:00,-13.09556,0.0,1.7699999809265137,1.7699999809265137
DRMA,2026-08-12 11:43:00-04:00,2026-08-12 11:48:46.904440-04:00,286.90444,4630.0,1.3389999866485596,1.3398000001907349
DRMA,2026-08-12 11:44:00-04:00,2026-08-12 11:48:46.904440-04:00,226.90444,6269.0,1.3350000381469727,1.329800009727478
DRMA,2026-08-12 11:45:00-04:00,2026-08-12 11:48:46.904440-04:00,166.90444,16045.0,1.320199966430664,1.3312000036239624
DRMA,2026-08-12 11:46:00-04:00,2026-08-12 11:48:46.904440-04:00,106.90444,0.0,1.3220000267028809,1.3300000429153442
DRMA,2026-08-12 11:47:00-04:00,2026-08-12 11:48:46.904440-04:00,46.90444,8420.0,1.3200000524520874,1.320099949836731
DRMA,2026-08-12 11:48:00-04:00,2026-08-12 11:48:46.904440-04:00,-13.09556,0.0,1.3250000476837158,1.3250000476837158
ENHA,2026-08-12 11:35:00-04:00,2026-08-12 11:48:46.904440-04:00,766.90444,2052.0,2.180000066757202,2.180000066757202
ENHA,2026-08-12 11:36:00-04:00,2026-08-12 11:48:46.904440-04:00,706.90444,759.0,2.174999952316284,2.174999952316284
ENHA,2026-08-12 11:42:00-04:00,2026-08-12 11:48:46.904440-04:00,346.90444,2046.0,2.170099973678589,2.180000066757202
ENHA,2026-08-12 11:44:00-04:00,2026-08-12 11:48:46.904440-04:00,226.90444,619.0,2.174999952316284,2.174999952316284
ENHA,2026-08-12 11:47:00-04:00,2026-08-12 11:48:46.904440-04:00,46.90444,13273.0,2.174999952316284,2.174999952316284
ENHA,2026-08-12 11:48:00-04:00,2026-08-12 11:48:46.904440-04:00,-13.09556,0.0,2.174999952316284,2.174999952316284
GRWG,2026-08-12 11:43:00-04:00,2026-08-12 11:48:46.904440-04:00,286.90444,2438.0,1.9049999713897705,1.9089000225067139
GRWG,2026-08-12 11:44:00-04:00,2026-08-12 11:48:46.904440-04:00,226.90444,13512.0,1.9049999713897705,1.899999976158142
GRWG,2026-08-12 11:45:00-04:00,2026-08-12 11:48:46.904440-04:00,166.90444,17624.0,1.9049999713897705,1.9049999713897705
GRWG,2026-08-12 11:46:00-04:00,2026-08-12 11:48:46.904440-04:00,106.90444,30039.0,1.9091999530792236,1.909999966621399
GRWG,2026-08-12 11:47:00-04:00,2026-08-12 11:48:46.904440-04:00,46.90444,19527.0,1.9049999713897705,1.8849999904632568
GRWG,2026-08-12 11:48:00-04:00,2026-08-12 11:48:46.904440-04:00,-13.09556,0.0,1.8899999856948853,1.8899999856948853
REBN,2026-08-12 11:01:00-04:00,2026-08-12 11:48:46.904440-04:00,2806.90444,11.0,1.5038000345230103,1.5038000345230103
REBN,2026-08-12 11:04:00-04:00,2026-08-12 11:48:46.904440-04:00,2626.90444,1111.0,1.5099999904632568,1.4900000095367432
REBN,2026-08-12 11:12:00-04:00,2026-08-12 11:48:46.904440-04:00,2146.90444,1109.0,1.5149999856948853,1.5149999856948853
REBN,2026-08-12 11:14:00-04:00,2026-08-12 11:48:46.904440-04:00,2026.90444,221.0,1.5,1.5
REBN,2026-08-12 11:34:00-04:00,2026-08-12 11:48:46.904440-04:00,826.90444,119.0,1.4800000190734863,1.4800000190734863
REBN,2026-08-12 11:38:00-04:00,2026-08-12 11:48:46.904440-04:00,586.90444,0.0,1.4600000381469727,1.4600000381469727
VLN,2026-08-12 11:43:00-04:00,2026-08-12 11:48:46.904440-04:00,286.90444,974.0,1.8200000524520874,1.8200000524520874
VLN,2026-08-12 11:44:00-04:00,2026-08-12 11:48:46.904440-04:00,226.90444,370.0,1.815000057220459,1.815000057220459
VLN,2026-08-12 11:45:00-04:00,2026-08-12 11:48:46.904440-04:00,166.90444,698.0,1.815000057220459,1.8200000524520874
VLN,2026-08-12 11:46:00-04:00,2026-08-12 11:48:46.904440-04:00,106.90444,366.0,1.815000057220459,1.811400055885315
VLN,2026-08-12 11:47:00-04:00,2026-08-12 11:48:46.904440-04:00,46.90444,413.0,1.815000057220459,1.8134000301361084
VLN,2026-08-12 11:48:00-04:00,2026-08-12 11:48:46.904440-04:00,-13.09556,0.0,1.815000057220459,1.815000057220459
MXCT,2026-08-12 11:42:00-04:00,2026-08-12 11:48:46.904440-04:00,346.90444,661.0,1.2549999952316284,1.2549999952316284
MXCT,2026-08-12 11:44:00-04:00,2026-08-12 11:48:46.904440-04:00,226.90444,36715.0,1.2599999904632568,1.2450000047683716
MXCT,2026-08-12 11:45:00-04:00,2026-08-12 11:48:46.904440-04:00,166.90444,1487.0,1.2450000047683716,1.25
MXCT,2026-08-12 11:46:00-04:00,2026-08-12 11:48:46.904440-04:00,106.90444,1460.0,1.2450000047683716,1.25
MXCT,2026-08-12 11:47:00-04:00,2026-08-12 11:48:46.904440-04:00,46.90444,2654.0,1.2450000047683716,1.2450000047683716
MXCT,2026-08-12 11:48:00-04:00,2026-08-12 11:48:46.904440-04:00,-13.09556,0.0,1.2404999732971191,1.2404999732971191
FEMY,2026-08-12 11:24:00-04:00,2026-08-12 11:48:46.904440-04:00,1426.90444,7013.0,2.325000047683716,2.3299999237060547
FEMY,2026-08-12 11:25:00-04:00,2026-08-12 11:48:46.904440-04:00,1366.90444,45332.0,2.3299999237060547,2.240000009536743
FEMY,2026-08-12 11:26:00-04:00,2026-08-12 11:48:46.904440-04:00,1306.90444,10702.0,2.240000009536743,2.240000009536743
FEMY,2026-08-12 11:27:00-04:00,2026-08-12 11:48:46.904440-04:00,1246.90444,690.0,2.2699999809265137,2.2699999809265137
FEMY,2026-08-12 11:38:00-04:00,2026-08-12 11:48:46.904440-04:00,586.90444,103.0,2.309999942779541,2.309999942779541
FEMY,2026-08-12 11:40:00-04:00,2026-08-12 11:48:46.904440-04:00,466.90444,0.0,2.319999933242798,2.319999933242798
VLN,2026-08-12 11:43:00-04:00,2026-08-12 11:49:06.945955-04:00,306.945955,974.0,1.8200000524520874,1.8200000524520874
VLN,2026-08-12 11:44:00-04:00,2026-08-12 11:49:06.945955-04:00,246.945955,370.0,1.815000057220459,1.815000057220459
VLN,2026-08-12 11:45:00-04:00,2026-08-12 11:49:06.945955-04:00,186.945955,698.0,1.815000057220459,1.8200000524520874
VLN,2026-08-12 11:46:00-04:00,2026-08-12 11:49:06.945955-04:00,126.945955,366.0,1.815000057220459,1.811400055885315
VLN,2026-08-12 11:47:00-04:00,2026-08-12 11:49:06.945955-04:00,66.945955,413.0,1.815000057220459,1.8134000301361084
VLN,2026-08-12 11:48:00-04:00,2026-08-12 11:49:06.945955-04:00,6.945955,0.0,1.815000057220459,1.815000057220459
BIVI,2026-08-12 11:44:00-04:00,2026-08-12 11:49:06.945955-04:00,246.945955,207327.0,1.9098999500274658,1.8450000286102295
BIVI,2026-08-12 11:45:00-04:00,2026-08-12 11:49:06.945955-04:00,186.945955,141370.0,1.8488999605178833,1.86899995803833
BIVI,2026-08-12 11:46:00-04:00,2026-08-12 11:49:06.945955-04:00,126.945955,82924.0,1.8650000095367432,1.8250000476837158
BIVI,2026-08-12 11:47:00-04:00,2026-08-12 11:49:06.945955-04:00,66.945955,76758.0,1.820099949836731,1.8309999704360962
BIVI,2026-08-12 11:48:00-04:00,2026-08-12 11:49:06.945955-04:00,6.945955,261744.0,1.8349000215530396,1.7533999681472778
BIVI,2026-08-12 11:49:00-04:00,2026-08-12 11:49:06.945955-04:00,-53.054045,0.0,1.7699999809265137,1.7699999809265137
GRWG,2026-08-12 11:43:00-04:00,2026-08-12 11:49:06.945955-04:00,306.945955,2438.0,1.9049999713897705,1.9089000225067139
GRWG,2026-08-12 11:44:00-04:00,2026-08-12 11:49:06.945955-04:00,246.945955,13512.0,1.9049999713897705,1.899999976158142
GRWG,2026-08-12 11:45:00-04:00,2026-08-12 11:49:06.945955-04:00,186.945955,17624.0,1.9049999713897705,1.9049999713897705
GRWG,2026-08-12 11:46:00-04:00,2026-08-12 11:49:06.945955-04:00,126.945955,30039.0,1.9091999530792236,1.909999966621399
GRWG,2026-08-12 11:47:00-04:00,2026-08-12 11:49:06.945955-04:00,66.945955,19527.0,1.9049999713897705,1.8849999904632568
GRWG,2026-08-12 11:48:00-04:00,2026-08-12 11:49:06.945955-04:00,6.945955,0.0,1.8899999856948853,1.8899999856948853
ENHA,2026-08-12 11:35:00-04:00,2026-08-12 11:49:06.945955-04:00,786.945955,2052.0,2.180000066757202,2.180000066757202
ENHA,2026-08-12 11:36:00-04:00,2026-08-12 11:49:06.945955-04:00,726.945955,759.0,2.174999952316284,2.174999952316284
ENHA,2026-08-12 11:42:00-04:00,2026-08-12 11:49:06.945955-04:00,366.945955,2046.0,2.170099973678589,2.180000066757202
ENHA,2026-08-12 11:44:00-04:00,2026-08-12 11:49:06.945955-04:00,246.945955,619.0,2.174999952316284,2.174999952316284
ENHA,2026-08-12 11:47:00-04:00,2026-08-12 11:49:06.945955-04:00,66.945955,13273.0,2.174999952316284,2.174999952316284
ENHA,2026-08-12 11:48:00-04:00,2026-08-12 11:49:06.945955-04:00,6.945955,0.0,2.174999952316284,2.174999952316284
MXCT,2026-08-12 11:44:00-04:00,2026-08-12 11:49:06.945955-04:00,246.945955,36715.0,1.2599999904632568,1.2450000047683716
MXCT,2026-08-12 11:45:00-04:00,2026-08-12 11:49:06.945955-04:00,186.945955,1487.0,1.2450000047683716,1.25
MXCT,2026-08-12 11:46:00-04:00,2026-08-12 11:49:06.945955-04:00,126.945955,1460.0,1.2450000047683716,1.25
MXCT,2026-08-12 11:47:00-04:00,2026-08-12 11:49:06.945955-04:00,66.945955,2654.0,1.2450000047683716,1.2450000047683716
MXCT,2026-08-12 11:48:00-04:00,2026-08-12 11:49:06.945955-04:00,6.945955,224.0,1.2404999732971191,1.2404999732971191
MXCT,2026-08-12 11:49:00-04:00,2026-08-12 11:49:06.945955-04:00,-53.054045,0.0,1.2450000047683716,1.2450000047683716
FEMY,2026-08-12 11:24:00-04:00,2026-08-12 11:49:06.945955-04:00,1446.945955,7013.0,2.325000047683716,2.3299999237060547
FEMY,2026-08-12 11:25:00-04:00,2026-08-12 11:49:06.945955-04:00,1386.945955,45332.0,2.3299999237060547,2.240000009536743
FEMY,2026-08-12 11:26:00-04:00,2026-08-12 11:49:06.945955-04:00,1326.945955,10702.0,2.240000009536743,2.240000009536743
FEMY,2026-08-12 11:27:00-04:00,2026-08-12 11:49:06.945955-04:00,1266.945955,690.0,2.2699999809265137,2.2699999809265137
FEMY,2026-08-12 11:38:00-04:00,2026-08-12 11:49:06.945955-04:00,606.945955,103.0,2.309999942779541,2.309999942779541
FEMY,2026-08-12 11:40:00-04:00,2026-08-12 11:49:06.945955-04:00,486.945955,0.0,2.319999933242798,2.319999933242798
DRMA,2026-08-12 11:44:00-04:00,2026-08-12 11:49:06.945955-04:00,246.945955,6269.0,1.3350000381469727,1.329800009727478
DRMA,2026-08-12 11:45:00-04:00,2026-08-12 11:49:06.945955-04:00,186.945955,16045.0,1.320199966430664,1.3312000036239624
DRMA,2026-08-12 11:46:00-04:00,2026-08-12 11:49:06.945955-04:00,126.945955,0.0,1.3220000267028809,1.3300000429153442
DRMA,2026-08-12 11:47:00-04:00,2026-08-12 11:49:06.945955-04:00,66.945955,8420.0,1.3200000524520874,1.320099949836731
DRMA,2026-08-12 11:48:00-04:00,2026-08-12 11:49:06.945955-04:00,6.945955,5472.0,1.3250000476837158,1.3200000524520874
DRMA,2026-08-12 11:49:00-04:00,2026-08-12 11:49:06.945955-04:00,-53.054045,0.0,1.3202999830245972,1.3202999830245972
REBN,2026-08-12 11:01:00-04:00,2026-08-12 11:49:06.945955-04:00,2826.945955,11.0,1.5038000345230103,1.5038000345230103
REBN,2026-08-12 11:04:00-04:00,2026-08-12 11:49:06.945955-04:00,2646.945955,1111.0,1.5099999904632568,1.4900000095367432
REBN,2026-08-12 11:12:00-04:00,2026-08-12 11:49:06.945955-04:00,2166.945955,1109.0,1.5149999856948853,1.5149999856948853
REBN,2026-08-12 11:14:00-04:00,2026-08-12 11:49:06.945955-04:00,2046.945955,221.0,1.5,1.5
REBN,2026-08-12 11:34:00-04:00,2026-08-12 11:49:06.945955-04:00,846.945955,119.0,1.4800000190734863,1.4800000190734863
REBN,2026-08-12 11:38:00-04:00,2026-08-12 11:49:06.945955-04:00,606.945955,0.0,1.4600000381469727,1.4600000381469727
ENHA,2026-08-12 11:35:00-04:00,2026-08-12 11:49:27.001507-04:00,807.001507,2052.0,2.180000066757202,2.180000066757202
ENHA,2026-08-12 11:36:00-04:00,2026-08-12 11:49:27.001507-04:00,747.001507,759.0,2.174999952316284,2.174999952316284
ENHA,2026-08-12 11:42:00-04:00,2026-08-12 11:49:27.001507-04:00,387.001507,2046.0,2.170099973678589,2.180000066757202
ENHA,2026-08-12 11:44:00-04:00,2026-08-12 11:49:27.001507-04:00,267.001507,619.0,2.174999952316284,2.174999952316284
ENHA,2026-08-12 11:47:00-04:00,2026-08-12 11:49:27.001507-04:00,87.001507,13273.0,2.174999952316284,2.174999952316284
ENHA,2026-08-12 11:48:00-04:00,2026-08-12 11:49:27.001507-04:00,27.001507,0.0,2.174999952316284,2.174999952316284
VLN,2026-08-12 11:44:00-04:00,2026-08-12 11:49:27.001507-04:00,267.001507,370.0,1.815000057220459,1.815000057220459
VLN,2026-08-12 11:45:00-04:00,2026-08-12 11:49:27.001507-04:00,207.001507,698.0,1.815000057220459,1.8200000524520874
VLN,2026-08-12 11:46:00-04:00,2026-08-12 11:49:27.001507-04:00,147.001507,366.0,1.815000057220459,1.811400055885315
VLN,2026-08-12 11:47:00-04:00,2026-08-12 11:49:27.001507-04:00,87.001507,413.0,1.815000057220459,1.8134000301361084
VLN,2026-08-12 11:48:00-04:00,2026-08-12 11:49:27.001507-04:00,27.001507,2844.0,1.815000057220459,1.815000057220459
VLN,2026-08-12 11:49:00-04:00,2026-08-12 11:49:27.001507-04:00,-32.998493,0.0,1.815000057220459,1.815000057220459
BIVI,2026-08-12 11:44:00-04:00,2026-08-12 11:49:27.001507-04:00,267.001507,207327.0,1.9098999500274658,1.8450000286102295
BIVI,2026-08-12 11:45:00-04:00,2026-08-12 11:49:27.001507-04:00,207.001507,141370.0,1.8488999605178833,1.86899995803833
BIVI,2026-08-12 11:46:00-04:00,2026-08-12 11:49:27.001507-04:00,147.001507,82924.0,1.8650000095367432,1.8250000476837158
BIVI,2026-08-12 11:47:00-04:00,2026-08-12 11:49:27.001507-04:00,87.001507,76758.0,1.820099949836731,1.8309999704360962
BIVI,2026-08-12 11:48:00-04:00,2026-08-12 11:49:27.001507-04:00,27.001507,261744.0,1.8349000215530396,1.7533999681472778
BIVI,2026-08-12 11:49:00-04:00,2026-08-12 11:49:27.001507-04:00,-32.998493,0.0,1.7991000413894653,1.7991000413894653
MXCT,2026-08-12 11:44:00-04:00,2026-08-12 11:49:27.001507-04:00,267.001507,36715.0,1.2599999904632568,1.2450000047683716
MXCT,2026-08-12 11:45:00-04:00,2026-08-12 11:49:27.001507-04:00,207.001507,1487.0,1.2450000047683716,1.25
MXCT,2026-08-12 11:46:00-04:00,2026-08-12 11:49:27.001507-04:00,147.001507,1460.0,1.2450000047683716,1.25
MXCT,2026-08-12 11:47:00-04:00,2026-08-12 11:49:27.001507-04:00,87.001507,2654.0,1.2450000047683716,1.2450000047683716
MXCT,2026-08-12 11:48:00-04:00,2026-08-12 11:49:27.001507-04:00,27.001507,224.0,1.2404999732971191,1.2404999732971191
MXCT,2026-08-12 11:49:00-04:00,2026-08-12 11:49:27.001507-04:00,-32.998493,0.0,1.2450000047683716,1.2450000047683716
GRWG,2026-08-12 11:43:00-04:00,2026-08-12 11:49:27.001507-04:00,327.001507,2438.0,1.9049999713897705,1.9089000225067139
GRWG,2026-08-12 11:44:00-04:00,2026-08-12 11:49:27.001507-04:00,267.001507,13512.0,1.9049999713897705,1.899999976158142
GRWG,2026-08-12 11:45:00-04:00,2026-08-12 11:49:27.001507-04:00,207.001507,17624.0,1.9049999713897705,1.9049999713897705
GRWG,2026-08-12 11:46:00-04:00,2026-08-12 11:49:27.001507-04:00,147.001507,30039.0,1.9091999530792236,1.909999966621399
GRWG,2026-08-12 11:47:00-04:00,2026-08-12 11:49:27.001507-04:00,87.001507,19527.0,1.9049999713897705,1.8849999904632568
GRWG,2026-08-12 11:48:00-04:00,2026-08-12 11:49:27.001507-04:00,27.001507,0.0,1.8899999856948853,1.8899999856948853
FEMY,2026-08-12 11:24:00-04:00,2026-08-12 11:49:27.001507-04:00,1467.001507,7013.0,2.325000047683716,2.3299999237060547
FEMY,2026-08-12 11:25:00-04:00,2026-08-12 11:49:27.001507-04:00,1407.001507,45332.0,2.3299999237060547,2.240000009536743
FEMY,2026-08-12 11:26:00-04:00,2026-08-12 11:49:27.001507-04:00,1347.001507,10702.0,2.240000009536743,2.240000009536743
FEMY,2026-08-12 11:27:00-04:00,2026-08-12 11:49:27.001507-04:00,1287.001507,690.0,2.2699999809265137,2.2699999809265137
FEMY,2026-08-12 11:38:00-04:00,2026-08-12 11:49:27.001507-04:00,627.001507,103.0,2.309999942779541,2.309999942779541
FEMY,2026-08-12 11:40:00-04:00,2026-08-12 11:49:27.001507-04:00,507.001507,0.0,2.319999933242798,2.319999933242798
DRMA,2026-08-12 11:44:00-04:00,2026-08-12 11:49:27.001507-04:00,267.001507,6269.0,1.3350000381469727,1.329800009727478
DRMA,2026-08-12 11:45:00-04:00,2026-08-12 11:49:27.001507-04:00,207.001507,16045.0,1.320199966430664,1.3312000036239624
DRMA,2026-08-12 11:46:00-04:00,2026-08-12 11:49:27.001507-04:00,147.001507,0.0,1.3220000267028809,1.3300000429153442
DRMA,2026-08-12 11:47:00-04:00,2026-08-12 11:49:27.001507-04:00,87.001507,8420.0,1.3200000524520874,1.320099949836731
DRMA,2026-08-12 11:48:00-04:00,2026-08-12 11:49:27.001507-04:00,27.001507,5472.0,1.3250000476837158,1.3200000524520874
DRMA,2026-08-12 11:49:00-04:00,2026-08-12 11:49:27.001507-04:00,-32.998493,0.0,1.3202999830245972,1.3202999830245972
REBN,2026-08-12 11:01:00-04:00,2026-08-12 11:49:27.001507-04:00,2847.001507,11.0,1.5038000345230103,1.5038000345230103
REBN,2026-08-12 11:04:00-04:00,2026-08-12 11:49:27.001507-04:00,2667.001507,1111.0,1.5099999904632568,1.4900000095367432
REBN,2026-08-12 11:12:00-04:00,2026-08-12 11:49:27.001507-04:00,2187.001507,1109.0,1.5149999856948853,1.5149999856948853
REBN,2026-08-12 11:14:00-04:00,2026-08-12 11:49:27.001507-04:00,2067.001507,221.0,1.5,1.5
REBN,2026-08-12 11:34:00-04:00,2026-08-12 11:49:27.001507-04:00,867.001507,119.0,1.4800000190734863,1.4800000190734863
REBN,2026-08-12 11:38:00-04:00,2026-08-12 11:49:27.001507-04:00,627.001507,0.0,1.4600000381469727,1.4600000381469727
REBN,2026-08-12 11:01:00-04:00,2026-08-12 11:49:47.054036-04:00,2867.054036,11.0,1.5038000345230103,1.5038000345230103
REBN,2026-08-12 11:04:00-04:00,2026-08-12 11:49:47.054036-04:00,2687.054036,1111.0,1.5099999904632568,1.4900000095367432
REBN,2026-08-12 11:12:00-04:00,2026-08-12 11:49:47.054036-04:00,2207.054036,1109.0,1.5149999856948853,1.5149999856948853
REBN,2026-08-12 11:14:00-04:00,2026-08-12 11:49:47.054036-04:00,2087.054036,221.0,1.5,1.5
REBN,2026-08-12 11:34:00-04:00,2026-08-12 11:49:47.054036-04:00,887.054036,119.0,1.4800000190734863,1.4800000190734863
REBN,2026-08-12 11:38:00-04:00,2026-08-12 11:49:47.054036-04:00,647.054036,0.0,1.4600000381469727,1.4600000381469727
BIVI,2026-08-12 11:44:00-04:00,2026-08-12 11:49:47.054036-04:00,287.054036,207327.0,1.9098999500274658,1.8450000286102295
BIVI,2026-08-12 11:45:00-04:00,2026-08-12 11:49:47.054036-04:00,227.054036,141370.0,1.8488999605178833,1.86899995803833
BIVI,2026-08-12 11:46:00-04:00,2026-08-12 11:49:47.054036-04:00,167.054036,82924.0,1.8650000095367432,1.8250000476837158
BIVI,2026-08-12 11:47:00-04:00,2026-08-12 11:49:47.054036-04:00,107.054036,76758.0,1.820099949836731,1.8309999704360962
BIVI,2026-08-12 11:48:00-04:00,2026-08-12 11:49:47.054036-04:00,47.054036,261744.0,1.8349000215530396,1.7533999681472778
BIVI,2026-08-12 11:49:00-04:00,2026-08-12 11:49:47.054036-04:00,-12.945964,0.0,1.76010000705719,1.76010000705719
GRWG,2026-08-12 11:43:00-04:00,2026-08-12 11:49:47.054036-04:00,347.054036,2438.0,1.9049999713897705,1.9089000225067139
GRWG,2026-08-12 11:44:00-04:00,2026-08-12 11:49:47.054036-04:00,287.054036,13512.0,1.9049999713897705,1.899999976158142
GRWG,2026-08-12 11:45:00-04:00,2026-08-12 11:49:47.054036-04:00,227.054036,17624.0,1.9049999713897705,1.9049999713897705
GRWG,2026-08-12 11:46:00-04:00,2026-08-12 11:49:47.054036-04:00,167.054036,30039.0,1.9091999530792236,1.909999966621399
GRWG,2026-08-12 11:47:00-04:00,2026-08-12 11:49:47.054036-04:00,107.054036,19527.0,1.9049999713897705,1.8849999904632568
GRWG,2026-08-12 11:48:00-04:00,2026-08-12 11:49:47.054036-04:00,47.054036,0.0,1.8899999856948853,1.8899999856948853
VLN,2026-08-12 11:44:00-04:00,2026-08-12 11:49:47.054036-04:00,287.054036,370.0,1.815000057220459,1.815000057220459
VLN,2026-08-12 11:45:00-04:00,2026-08-12 11:49:47.054036-04:00,227.054036,698.0,1.815000057220459,1.8200000524520874
VLN,2026-08-12 11:46:00-04:00,2026-08-12 11:49:47.054036-04:00,167.054036,366.0,1.815000057220459,1.811400055885315
VLN,2026-08-12 11:47:00-04:00,2026-08-12 11:49:47.054036-04:00,107.054036,413.0,1.815000057220459,1.8134000301361084
VLN,2026-08-12 11:48:00-04:00,2026-08-12 11:49:47.054036-04:00,47.054036,2844.0,1.815000057220459,1.815000057220459
VLN,2026-08-12 11:49:00-04:00,2026-08-12 11:49:47.054036-04:00,-12.945964,0.0,1.815000057220459,1.815000057220459
FEMY,2026-08-12 11:24:00-04:00,2026-08-12 11:49:47.054036-04:00,1487.054036,7013.0,2.325000047683716,2.3299999237060547
FEMY,2026-08-12 11:25:00-04:00,2026-08-12 11:49:47.054036-04:00,1427.054036,45332.0,2.3299999237060547,2.240000009536743
FEMY,2026-08-12 11:26:00-04:00,2026-08-12 11:49:47.054036-04:00,1367.054036,10702.0,2.240000009536743,2.240000009536743
FEMY,2026-08-12 11:27:00-04:00,2026-08-12 11:49:47.054036-04:00,1307.054036,690.0,2.2699999809265137,2.2699999809265137
FEMY,2026-08-12 11:38:00-04:00,2026-08-12 11:49:47.054036-04:00,647.054036,103.0,2.309999942779541,2.309999942779541
FEMY,2026-08-12 11:40:00-04:00,2026-08-12 11:49:47.054036-04:00,527.054036,0.0,2.319999933242798,2.319999933242798
ENHA,2026-08-12 11:35:00-04:00,2026-08-12 11:49:47.054036-04:00,827.054036,2052.0,2.180000066757202,2.180000066757202
ENHA,2026-08-12 11:36:00-04:00,2026-08-12 11:49:47.054036-04:00,767.054036,759.0,2.174999952316284,2.174999952316284
ENHA,2026-08-12 11:42:00-04:00,2026-08-12 11:49:47.054036-04:00,407.054036,2046.0,2.170099973678589,2.180000066757202
ENHA,2026-08-12 11:44:00-04:00,2026-08-12 11:49:47.054036-04:00,287.054036,619.0,2.174999952316284,2.174999952316284
ENHA,2026-08-12 11:47:00-04:00,2026-08-12 11:49:47.054036-04:00,107.054036,13273.0,2.174999952316284,2.174999952316284
ENHA,2026-08-12 11:48:00-04:00,2026-08-12 11:49:47.054036-04:00,47.054036,0.0,2.174999952316284,2.174999952316284
DRMA,2026-08-12 11:44:00-04:00,2026-08-12 11:49:47.054036-04:00,287.054036,6269.0,1.3350000381469727,1.329800009727478
DRMA,2026-08-12 11:45:00-04:00,2026-08-12 11:49:47.054036-04:00,227.054036,16045.0,1.320199966430664,1.3312000036239624
DRMA,2026-08-12 11:46:00-04:00,2026-08-12 11:49:47.054036-04:00,167.054036,0.0,1.3220000267028809,1.3300000429153442
DRMA,2026-08-12 11:47:00-04:00,2026-08-12 11:49:47.054036-04:00,107.054036,8420.0,1.3200000524520874,1.320099949836731
DRMA,2026-08-12 11:48:00-04:00,2026-08-12 11:49:47.054036-04:00,47.054036,5472.0,1.3250000476837158,1.3200000524520874
DRMA,2026-08-12 11:49:00-04:00,2026-08-12 11:49:47.054036-04:00,-12.945964,0.0,1.3202999830245972,1.3202999830245972
MXCT,2026-08-12 11:44:00-04:00,2026-08-12 11:49:47.054036-04:00,287.054036,36715.0,1.2599999904632568,1.2450000047683716
MXCT,2026-08-12 11:45:00-04:00,2026-08-12 11:49:47.054036-04:00,227.054036,1487.0,1.2450000047683716,1.25
MXCT,2026-08-12 11:46:00-04:00,2026-08-12 11:49:47.054036-04:00,167.054036,1460.0,1.2450000047683716,1.25
MXCT,2026-08-12 11:47:00-04:00,2026-08-12 11:49:47.054036-04:00,107.054036,2654.0,1.2450000047683716,1.2450000047683716
MXCT,2026-08-12 11:48:00-04:00,2026-08-12 11:49:47.054036-04:00,47.054036,224.0,1.2404999732971191,1.2404999732971191
MXCT,2026-08-12 11:49:00-04:00,2026-08-12 11:49:47.054036-04:00,-12.945964,0.0,1.2450000047683716,1.2450000047683716
ENHA,2026-08-12 11:35:00-04:00,2026-08-12 11:50:07.095247-04:00,847.095247,0.0,2.180000066757202,2.180000066757202
ENHA,2026-08-12 11:36:00-04:00,2026-08-12 11:50:07.095247-04:00,787.095247,759.0,2.174999952316284,2.174999952316284
ENHA,2026-08-12 11:42:00-04:00,2026-08-12 11:50:07.095247-04:00,427.095247,2046.0,2.170099973678589,2.180000066757202
ENHA,2026-08-12 11:44:00-04:00,2026-08-12 11:50:07.095247-04:00,307.095247,619.0,2.174999952316284,2.174999952316284
ENHA,2026-08-12 11:47:00-04:00,2026-08-12 11:50:07.095247-04:00,127.095247,13273.0,2.174999952316284,2.174999952316284
ENHA,2026-08-12 11:48:00-04:00,2026-08-12 11:50:07.095247-04:00,67.095247,0.0,2.174999952316284,2.174999952316284
GRWG,2026-08-12 11:43:00-04:00,2026-08-12 11:50:07.095247-04:00,367.095247,2438.0,1.9049999713897705,1.9089000225067139
GRWG,2026-08-12 11:44:00-04:00,2026-08-12 11:50:07.095247-04:00,307.095247,13512.0,1.9049999713897705,1.899999976158142
GRWG,2026-08-12 11:45:00-04:00,2026-08-12 11:50:07.095247-04:00,247.095247,17624.0,1.9049999713897705,1.9049999713897705
GRWG,2026-08-12 11:46:00-04:00,2026-08-12 11:50:07.095247-04:00,187.095247,30039.0,1.9091999530792236,1.909999966621399
GRWG,2026-08-12 11:47:00-04:00,2026-08-12 11:50:07.095247-04:00,127.095247,19527.0,1.9049999713897705,1.8849999904632568
GRWG,2026-08-12 11:48:00-04:00,2026-08-12 11:50:07.095247-04:00,67.095247,0.0,1.8899999856948853,1.8899999856948853
FEMY,2026-08-12 11:24:00-04:00,2026-08-12 11:50:07.095247-04:00,1507.095247,7013.0,2.325000047683716,2.3299999237060547
FEMY,2026-08-12 11:25:00-04:00,2026-08-12 11:50:07.095247-04:00,1447.095247,45332.0,2.3299999237060547,2.240000009536743
FEMY,2026-08-12 11:26:00-04:00,2026-08-12 11:50:07.095247-04:00,1387.095247,10702.0,2.240000009536743,2.240000009536743
FEMY,2026-08-12 11:27:00-04:00,2026-08-12 11:50:07.095247-04:00,1327.095247,690.0,2.2699999809265137,2.2699999809265137
FEMY,2026-08-12 11:38:00-04:00,2026-08-12 11:50:07.095247-04:00,667.095247,103.0,2.309999942779541,2.309999942779541
FEMY,2026-08-12 11:40:00-04:00,2026-08-12 11:50:07.095247-04:00,547.095247,0.0,2.319999933242798,2.319999933242798
REBN,2026-08-12 11:01:00-04:00,2026-08-12 11:50:07.095247-04:00,2887.095247,11.0,1.5038000345230103,1.5038000345230103
REBN,2026-08-12 11:04:00-04:00,2026-08-12 11:50:07.095247-04:00,2707.095247,1111.0,1.5099999904632568,1.4900000095367432
REBN,2026-08-12 11:12:00-04:00,2026-08-12 11:50:07.095247-04:00,2227.095247,1109.0,1.5149999856948853,1.5149999856948853
REBN,2026-08-12 11:14:00-04:00,2026-08-12 11:50:07.095247-04:00,2107.095247,221.0,1.5,1.5
REBN,2026-08-12 11:34:00-04:00,2026-08-12 11:50:07.095247-04:00,907.095247,119.0,1.4800000190734863,1.4800000190734863
REBN,2026-08-12 11:38:00-04:00,2026-08-12 11:50:07.095247-04:00,667.095247,0.0,1.4600000381469727,1.4600000381469727
VLN,2026-08-12 11:44:00-04:00,2026-08-12 11:50:07.095247-04:00,307.095247,370.0,1.815000057220459,1.815000057220459
VLN,2026-08-12 11:45:00-04:00,2026-08-12 11:50:07.095247-04:00,247.095247,698.0,1.815000057220459,1.8200000524520874
VLN,2026-08-12 11:46:00-04:00,2026-08-12 11:50:07.095247-04:00,187.095247,366.0,1.815000057220459,1.811400055885315
VLN,2026-08-12 11:47:00-04:00,2026-08-12 11:50:07.095247-04:00,127.095247,413.0,1.815000057220459,1.8134000301361084
VLN,2026-08-12 11:48:00-04:00,2026-08-12 11:50:07.095247-04:00,67.095247,2844.0,1.815000057220459,1.815000057220459
VLN,2026-08-12 11:49:00-04:00,2026-08-12 11:50:07.095247-04:00,7.095247,0.0,1.815000057220459,1.815000057220459
DRMA,2026-08-12 11:44:00-04:00,2026-08-12 11:50:07.095247-04:00,307.095247,6269.0,1.3350000381469727,1.329800009727478
DRMA,2026-08-12 11:45:00-04:00,2026-08-12 11:50:07.095247-04:00,247.095247,16045.0,1.320199966430664,1.3312000036239624
DRMA,2026-08-12 11:46:00-04:00,2026-08-12 11:50:07.095247-04:00,187.095247,0.0,1.3220000267028809,1.3300000429153442
DRMA,2026-08-12 11:47:00-04:00,2026-08-12 11:50:07.095247-04:00,127.095247,8420.0,1.3200000524520874,1.320099949836731
DRMA,2026-08-12 11:48:00-04:00,2026-08-12 11:50:07.095247-04:00,67.095247,5472.0,1.3250000476837158,1.3200000524520874
DRMA,2026-08-12 11:49:00-04:00,2026-08-12 11:50:07.095247-04:00,7.095247,0.0,1.3202999830245972,1.3202999830245972
MXCT,2026-08-12 11:44:00-04:00,2026-08-12 11:50:07.095247-04:00,307.095247,36715.0,1.2599999904632568,1.2450000047683716
MXCT,2026-08-12 11:45:00-04:00,2026-08-12 11:50:07.095247-04:00,247.095247,1487.0,1.2450000047683716,1.25
MXCT,2026-08-12 11:46:00-04:00,2026-08-12 11:50:07.095247-04:00,187.095247,1460.0,1.2450000047683716,1.25
MXCT,2026-08-12 11:47:00-04:00,2026-08-12 11:50:07.095247-04:00,127.095247,2654.0,1.2450000047683716,1.2450000047683716
MXCT,2026-08-12 11:48:00-04:00,2026-08-12 11:50:07.095247-04:00,67.095247,224.0,1.2404999732971191,1.2404999732971191
MXCT,2026-08-12 11:49:00-04:00,2026-08-12 11:50:07.095247-04:00,7.095247,0.0,1.2450000047683716,1.2450000047683716
BIVI,2026-08-12 11:45:00-04:00,2026-08-12 11:50:07.095247-04:00,247.095247,141370.0,1.8488999605178833,1.86899995803833
BIVI,2026-08-12 11:46:00-04:00,2026-08-12 11:50:07.095247-04:00,187.095247,82924.0,1.8650000095367432,1.8250000476837158
BIVI,2026-08-12 11:47:00-04:00,2026-08-12 11:50:07.095247-04:00,127.095247,76758.0,1.820099949836731,1.8309999704360962
BIVI,2026-08-12 11:48:00-04:00,2026-08-12 11:50:07.095247-04:00,67.095247,261744.0,1.8349000215530396,1.7533999681472778
BIVI,2026-08-12 11:49:00-04:00,2026-08-12 11:50:07.095247-04:00,7.095247,147708.0,1.7549999952316284,1.784999966621399
BIVI,2026-08-12 11:50:00-04:00,2026-08-12 11:50:07.095247-04:00,-52.904753,0.0,1.8077000379562378,1.8077000379562378
REBN,2026-08-12 11:01:00-04:00,2026-08-12 11:50:27.137665-04:00,2907.137665,11.0,1.5038000345230103,1.5038000345230103
REBN,2026-08-12 11:04:00-04:00,2026-08-12 11:50:27.137665-04:00,2727.137665,1111.0,1.5099999904632568,1.4900000095367432
REBN,2026-08-12 11:12:00-04:00,2026-08-12 11:50:27.137665-04:00,2247.137665,1109.0,1.5149999856948853,1.5149999856948853
REBN,2026-08-12 11:14:00-04:00,2026-08-12 11:50:27.137665-04:00,2127.137665,221.0,1.5,1.5
REBN,2026-08-12 11:34:00-04:00,2026-08-12 11:50:27.137665-04:00,927.137665,119.0,1.4800000190734863,1.4800000190734863
REBN,2026-08-12 11:38:00-04:00,2026-08-12 11:50:27.137665-04:00,687.137665,0.0,1.4600000381469727,1.4600000381469727
DRMA,2026-08-12 11:45:00-04:00,2026-08-12 11:50:27.137665-04:00,267.137665,16045.0,1.320199966430664,1.3312000036239624
DRMA,2026-08-12 11:46:00-04:00,2026-08-12 11:50:27.137665-04:00,207.137665,0.0,1.3220000267028809,1.3300000429153442
DRMA,2026-08-12 11:47:00-04:00,2026-08-12 11:50:27.137665-04:00,147.137665,8420.0,1.3200000524520874,1.320099949836731
DRMA,2026-08-12 11:48:00-04:00,2026-08-12 11:50:27.137665-04:00,87.137665,5472.0,1.3250000476837158,1.3200000524520874
DRMA,2026-08-12 11:49:00-04:00,2026-08-12 11:50:27.137665-04:00,27.137665,1957.0,1.320099949836731,1.3202999830245972
DRMA,2026-08-12 11:50:00-04:00,2026-08-12 11:50:27.137665-04:00,-32.862335,0.0,1.375,1.375
MXCT,2026-08-12 11:44:00-04:00,2026-08-12 11:50:27.137665-04:00,327.137665,36715.0,1.2599999904632568,1.2450000047683716
MXCT,2026-08-12 11:45:00-04:00,2026-08-12 11:50:27.137665-04:00,267.137665,1487.0,1.2450000047683716,1.25
MXCT,2026-08-12 11:46:00-04:00,2026-08-12 11:50:27.137665-04:00,207.137665,1460.0,1.2450000047683716,1.25
MXCT,2026-08-12 11:47:00-04:00,2026-08-12 11:50:27.137665-04:00,147.137665,2654.0,1.2450000047683716,1.2450000047683716
MXCT,2026-08-12 11:48:00-04:00,2026-08-12 11:50:27.137665-04:00,87.137665,224.0,1.2404999732971191,1.2404999732971191
MXCT,2026-08-12 11:49:00-04:00,2026-08-12 11:50:27.137665-04:00,27.137665,0.0,1.2450000047683716,1.2450000047683716
VLN,2026-08-12 11:44:00-04:00,2026-08-12 11:50:27.137665-04:00,327.137665,370.0,1.815000057220459,1.815000057220459
VLN,2026-08-12 11:45:00-04:00,2026-08-12 11:50:27.137665-04:00,267.137665,698.0,1.815000057220459,1.8200000524520874
VLN,2026-08-12 11:46:00-04:00,2026-08-12 11:50:27.137665-04:00,207.137665,366.0,1.815000057220459,1.811400055885315
VLN,2026-08-12 11:47:00-04:00,2026-08-12 11:50:27.137665-04:00,147.137665,413.0,1.815000057220459,1.8134000301361084
VLN,2026-08-12 11:48:00-04:00,2026-08-12 11:50:27.137665-04:00,87.137665,2844.0,1.815000057220459,1.815000057220459
VLN,2026-08-12 11:49:00-04:00,2026-08-12 11:50:27.137665-04:00,27.137665,0.0,1.815000057220459,1.815000057220459
BIVI,2026-08-12 11:45:00-04:00,2026-08-12 11:50:27.137665-04:00,267.137665,141370.0,1.8488999605178833,1.86899995803833
BIVI,2026-08-12 11:46:00-04:00,2026-08-12 11:50:27.137665-04:00,207.137665,82924.0,1.8650000095367432,1.8250000476837158
BIVI,2026-08-12 11:47:00-04:00,2026-08-12 11:50:27.137665-04:00,147.137665,76758.0,1.820099949836731,1.8309999704360962
BIVI,2026-08-12 11:48:00-04:00,2026-08-12 11:50:27.137665-04:00,87.137665,261744.0,1.8349000215530396,1.7533999681472778
BIVI,2026-08-12 11:49:00-04:00,2026-08-12 11:50:27.137665-04:00,27.137665,147708.0,1.7549999952316284,1.784999966621399
BIVI,2026-08-12 11:50:00-04:00,2026-08-12 11:50:27.137665-04:00,-32.862335,0.0,1.809999942779541,1.809999942779541
FEMY,2026-08-12 11:24:00-04:00,2026-08-12 11:50:27.137665-04:00,1527.137665,7013.0,2.325000047683716,2.3299999237060547
FEMY,2026-08-12 11:25:00-04:00,2026-08-12 11:50:27.137665-04:00,1467.137665,45332.0,2.3299999237060547,2.240000009536743
FEMY,2026-08-12 11:26:00-04:00,2026-08-12 11:50:27.137665-04:00,1407.137665,10702.0,2.240000009536743,2.240000009536743
FEMY,2026-08-12 11:27:00-04:00,2026-08-12 11:50:27.137665-04:00,1347.137665,690.0,2.2699999809265137,2.2699999809265137
FEMY,2026-08-12 11:38:00-04:00,2026-08-12 11:50:27.137665-04:00,687.137665,103.0,2.309999942779541,2.309999942779541
FEMY,2026-08-12 11:40:00-04:00,2026-08-12 11:50:27.137665-04:00,567.137665,0.0,2.319999933242798,2.319999933242798
GRWG,2026-08-12 11:44:00-04:00,2026-08-12 11:50:27.137665-04:00,327.137665,13512.0,1.9049999713897705,1.899999976158142
GRWG,2026-08-12 11:45:00-04:00,2026-08-12 11:50:27.137665-04:00,267.137665,17624.0,1.9049999713897705,1.9049999713897705
GRWG,2026-08-12 11:46:00-04:00,2026-08-12 11:50:27.137665-04:00,207.137665,30039.0,1.9091999530792236,1.909999966621399
GRWG,2026-08-12 11:47:00-04:00,2026-08-12 11:50:27.137665-04:00,147.137665,19527.0,1.9049999713897705,1.8849999904632568
GRWG,2026-08-12 11:48:00-04:00,2026-08-12 11:50:27.137665-04:00,87.137665,9210.0,1.8849999904632568,1.8899999856948853
GRWG,2026-08-12 11:50:00-04:00,2026-08-12 11:50:27.137665-04:00,-32.862335,0.0,1.8799999952316284,1.8799999952316284
ENHA,2026-08-12 11:36:00-04:00,2026-08-12 11:50:27.137665-04:00,807.137665,759.0,2.174999952316284,2.174999952316284
ENHA,2026-08-12 11:42:00-04:00,2026-08-12 11:50:27.137665-04:00,447.137665,2046.0,2.170099973678589,2.180000066757202
ENHA,2026-08-12 11:44:00-04:00,2026-08-12 11:50:27.137665-04:00,327.137665,619.0,2.174999952316284,2.174999952316284
ENHA,2026-08-12 11:47:00-04:00,2026-08-12 11:50:27.137665-04:00,147.137665,13273.0,2.174999952316284,2.174999952316284
ENHA,2026-08-12 11:48:00-04:00,2026-08-12 11:50:27.137665-04:00,87.137665,363.0,2.174999952316284,2.174999952316284
ENHA,2026-08-12 11:50:00-04:00,2026-08-12 11:50:27.137665-04:00,-32.862335,0.0,2.1791000366210938,2.1791000366210938
ENHA,2026-08-12 11:36:00-04:00,2026-08-12 11:50:47.181798-04:00,827.181798,759.0,2.174999952316284,2.174999952316284
ENHA,2026-08-12 11:42:00-04:00,2026-08-12 11:50:47.181798-04:00,467.181798,2046.0,2.170099973678589,2.180000066757202
ENHA,2026-08-12 11:44:00-04:00,2026-08-12 11:50:47.181798-04:00,347.181798,619.0,2.174999952316284,2.174999952316284
ENHA,2026-08-12 11:47:00-04:00,2026-08-12 11:50:47.181798-04:00,167.181798,13273.0,2.174999952316284,2.174999952316284
ENHA,2026-08-12 11:48:00-04:00,2026-08-12 11:50:47.181798-04:00,107.181798,363.0,2.174999952316284,2.174999952316284
ENHA,2026-08-12 11:50:00-04:00,2026-08-12 11:50:47.181798-04:00,-12.818202,0.0,2.1791000366210938,2.1791000366210938
REBN,2026-08-12 11:01:00-04:00,2026-08-12 11:50:47.181798-04:00,2927.181798,11.0,1.5038000345230103,1.5038000345230103
REBN,2026-08-12 11:04:00-04:00,2026-08-12 11:50:47.181798-04:00,2747.181798,1111.0,1.5099999904632568,1.4900000095367432
REBN,2026-08-12 11:12:00-04:00,2026-08-12 11:50:47.181798-04:00,2267.181798,1109.0,1.5149999856948853,1.5149999856948853
REBN,2026-08-12 11:14:00-04:00,2026-08-12 11:50:47.181798-04:00,2147.181798,221.0,1.5,1.5
REBN,2026-08-12 11:34:00-04:00,2026-08-12 11:50:47.181798-04:00,947.181798,119.0,1.4800000190734863,1.4800000190734863
REBN,2026-08-12 11:38:00-04:00,2026-08-12 11:50:47.181798-04:00,707.181798,0.0,1.4600000381469727,1.4600000381469727
BIVI,2026-08-12 11:45:00-04:00,2026-08-12 11:50:47.181798-04:00,287.181798,141370.0,1.8488999605178833,1.86899995803833
BIVI,2026-08-12 11:46:00-04:00,2026-08-12 11:50:47.181798-04:00,227.181798,82924.0,1.8650000095367432,1.8250000476837158
BIVI,2026-08-12 11:47:00-04:00,2026-08-12 11:50:47.181798-04:00,167.181798,76758.0,1.820099949836731,1.8309999704360962
BIVI,2026-08-12 11:48:00-04:00,2026-08-12 11:50:47.181798-04:00,107.181798,261744.0,1.8349000215530396,1.7533999681472778
BIVI,2026-08-12 11:49:00-04:00,2026-08-12 11:50:47.181798-04:00,47.181798,147708.0,1.7549999952316284,1.784999966621399
BIVI,2026-08-12 11:50:00-04:00,2026-08-12 11:50:47.181798-04:00,-12.818202,0.0,1.7589999437332153,1.7589999437332153
FEMY,2026-08-12 11:24:00-04:00,2026-08-12 11:50:47.181798-04:00,1547.181798,7013.0,2.325000047683716,2.3299999237060547
FEMY,2026-08-12 11:25:00-04:00,2026-08-12 11:50:47.181798-04:00,1487.181798,45332.0,2.3299999237060547,2.240000009536743
FEMY,2026-08-12 11:26:00-04:00,2026-08-12 11:50:47.181798-04:00,1427.181798,10702.0,2.240000009536743,2.240000009536743
FEMY,2026-08-12 11:27:00-04:00,2026-08-12 11:50:47.181798-04:00,1367.181798,690.0,2.2699999809265137,2.2699999809265137
FEMY,2026-08-12 11:38:00-04:00,2026-08-12 11:50:47.181798-04:00,707.181798,103.0,2.309999942779541,2.309999942779541
FEMY,2026-08-12 11:40:00-04:00,2026-08-12 11:50:47.181798-04:00,587.181798,0.0,2.319999933242798,2.319999933242798
DRMA,2026-08-12 11:45:00-04:00,2026-08-12 11:50:47.181798-04:00,287.181798,16045.0,1.320199966430664,1.3312000036239624
DRMA,2026-08-12 11:46:00-04:00,2026-08-12 11:50:47.181798-04:00,227.181798,0.0,1.3220000267028809,1.3300000429153442
DRMA,2026-08-12 11:47:00-04:00,2026-08-12 11:50:47.181798-04:00,167.181798,8420.0,1.3200000524520874,1.320099949836731
DRMA,2026-08-12 11:48:00-04:00,2026-08-12 11:50:47.181798-04:00,107.181798,5472.0,1.3250000476837158,1.3200000524520874
DRMA,2026-08-12 11:49:00-04:00,2026-08-12 11:50:47.181798-04:00,47.181798,1957.0,1.320099949836731,1.3202999830245972
DRMA,2026-08-12 11:50:00-04:00,2026-08-12 11:50:47.181798-04:00,-12.818202,0.0,1.3700000047683716,1.3700000047683716
MXCT,2026-08-12 11:44:00-04:00,2026-08-12 11:50:47.181798-04:00,347.181798,36715.0,1.2599999904632568,1.2450000047683716
MXCT,2026-08-12 11:45:00-04:00,2026-08-12 11:50:47.181798-04:00,287.181798,1487.0,1.2450000047683716,1.25
MXCT,2026-08-12 11:46:00-04:00,2026-08-12 11:50:47.181798-04:00,227.181798,1460.0,1.2450000047683716,1.25
MXCT,2026-08-12 11:47:00-04:00,2026-08-12 11:50:47.181798-04:00,167.181798,2654.0,1.2450000047683716,1.2450000047683716
MXCT,2026-08-12 11:48:00-04:00,2026-08-12 11:50:47.181798-04:00,107.181798,224.0,1.2404999732971191,1.2404999732971191
MXCT,2026-08-12 11:49:00-04:00,2026-08-12 11:50:47.181798-04:00,47.181798,0.0,1.2450000047683716,1.2450000047683716
VLN,2026-08-12 11:45:00-04:00,2026-08-12 11:50:47.181798-04:00,287.181798,698.0,1.815000057220459,1.8200000524520874
VLN,2026-08-12 11:46:00-04:00,2026-08-12 11:50:47.181798-04:00,227.181798,366.0,1.815000057220459,1.811400055885315
VLN,2026-08-12 11:47:00-04:00,2026-08-12 11:50:47.181798-04:00,167.181798,413.0,1.815000057220459,1.8134000301361084
VLN,2026-08-12 11:48:00-04:00,2026-08-12 11:50:47.181798-04:00,107.181798,2844.0,1.815000057220459,1.815000057220459
VLN,2026-08-12 11:49:00-04:00,2026-08-12 11:50:47.181798-04:00,47.181798,3742.0,1.815000057220459,1.815000057220459
VLN,2026-08-12 11:50:00-04:00,2026-08-12 11:50:47.181798-04:00,-12.818202,0.0,1.8250000476837158,1.8250000476837158
GRWG,2026-08-12 11:44:00-04:00,2026-08-12 11:50:47.181798-04:00,347.181798,13512.0,1.9049999713897705,1.899999976158142
GRWG,2026-08-12 11:45:00-04:00,2026-08-12 11:50:47.181798-04:00,287.181798,17624.0,1.9049999713897705,1.9049999713897705
GRWG,2026-08-12 11:46:00-04:00,2026-08-12 11:50:47.181798-04:00,227.181798,30039.0,1.9091999530792236,1.909999966621399
GRWG,2026-08-12 11:47:00-04:00,2026-08-12 11:50:47.181798-04:00,167.181798,19527.0,1.9049999713897705,1.8849999904632568
GRWG,2026-08-12 11:48:00-04:00,2026-08-12 11:50:47.181798-04:00,107.181798,9210.0,1.8849999904632568,1.8899999856948853
GRWG,2026-08-12 11:50:00-04:00,2026-08-12 11:50:47.181798-04:00,-12.818202,0.0,1.8789000511169434,1.8789000511169434
ENHA,2026-08-12 11:36:00-04:00,2026-08-12 11:51:07.230620-04:00,847.23062,759.0,2.174999952316284,2.174999952316284
ENHA,2026-08-12 11:42:00-04:00,2026-08-12 11:51:07.230620-04:00,487.23062,2046.0,2.170099973678589,2.180000066757202
ENHA,2026-08-12 11:44:00-04:00,2026-08-12 11:51:07.230620-04:00,367.23062,619.0,2.174999952316284,2.174999952316284
ENHA,2026-08-12 11:47:00-04:00,2026-08-12 11:51:07.230620-04:00,187.23062,13273.0,2.174999952316284,2.174999952316284
ENHA,2026-08-12 11:48:00-04:00,2026-08-12 11:51:07.230620-04:00,127.23062,363.0,2.174999952316284,2.174999952316284
ENHA,2026-08-12 11:50:00-04:00,2026-08-12 11:51:07.230620-04:00,7.23062,0.0,2.174999952316284,2.174999952316284
GRWG,2026-08-12 11:44:00-04:00,2026-08-12 11:51:07.230620-04:00,367.23062,13512.0,1.9049999713897705,1.899999976158142
GRWG,2026-08-12 11:45:00-04:00,2026-08-12 11:51:07.230620-04:00,307.23062,17624.0,1.9049999713897705,1.9049999713897705
GRWG,2026-08-12 11:46:00-04:00,2026-08-12 11:51:07.230620-04:00,247.23062,30039.0,1.9091999530792236,1.909999966621399
GRWG,2026-08-12 11:47:00-04:00,2026-08-12 11:51:07.230620-04:00,187.23062,19527.0,1.9049999713897705,1.8849999904632568
GRWG,2026-08-12 11:48:00-04:00,2026-08-12 11:51:07.230620-04:00,127.23062,9210.0,1.8849999904632568,1.8899999856948853
GRWG,2026-08-12 11:50:00-04:00,2026-08-12 11:51:07.230620-04:00,7.23062,13924.0,1.8799999952316284,1.8799999952316284
BIVI,2026-08-12 11:46:00-04:00,2026-08-12 11:51:07.230620-04:00,247.23062,82924.0,1.8650000095367432,1.8250000476837158
BIVI,2026-08-12 11:47:00-04:00,2026-08-12 11:51:07.230620-04:00,187.23062,76758.0,1.820099949836731,1.8309999704360962
BIVI,2026-08-12 11:48:00-04:00,2026-08-12 11:51:07.230620-04:00,127.23062,261744.0,1.8349000215530396,1.7533999681472778
BIVI,2026-08-12 11:49:00-04:00,2026-08-12 11:51:07.230620-04:00,67.23062,147708.0,1.7549999952316284,1.784999966621399
BIVI,2026-08-12 11:50:00-04:00,2026-08-12 11:51:07.230620-04:00,7.23062,91899.0,1.781000018119812,1.7599999904632568
BIVI,2026-08-12 11:51:00-04:00,2026-08-12 11:51:07.230620-04:00,-52.76938,0.0,1.784999966621399,1.784999966621399
MXCT,2026-08-12 11:44:00-04:00,2026-08-12 11:51:07.230620-04:00,367.23062,36715.0,1.2599999904632568,1.2450000047683716
MXCT,2026-08-12 11:45:00-04:00,2026-08-12 11:51:07.230620-04:00,307.23062,1487.0,1.2450000047683716,1.25
MXCT,2026-08-12 11:46:00-04:00,2026-08-12 11:51:07.230620-04:00,247.23062,1460.0,1.2450000047683716,1.25
MXCT,2026-08-12 11:47:00-04:00,2026-08-12 11:51:07.230620-04:00,187.23062,2654.0,1.2450000047683716,1.2450000047683716
MXCT,2026-08-12 11:48:00-04:00,2026-08-12 11:51:07.230620-04:00,127.23062,224.0,1.2404999732971191,1.2404999732971191
MXCT,2026-08-12 11:49:00-04:00,2026-08-12 11:51:07.230620-04:00,67.23062,0.0,1.2450000047683716,1.2450000047683716
VLN,2026-08-12 11:45:00-04:00,2026-08-12 11:51:07.230620-04:00,307.23062,698.0,1.815000057220459,1.8200000524520874
VLN,2026-08-12 11:46:00-04:00,2026-08-12 11:51:07.230620-04:00,247.23062,366.0,1.815000057220459,1.811400055885315
VLN,2026-08-12 11:47:00-04:00,2026-08-12 11:51:07.230620-04:00,187.23062,413.0,1.815000057220459,1.8134000301361084
VLN,2026-08-12 11:48:00-04:00,2026-08-12 11:51:07.230620-04:00,127.23062,2844.0,1.815000057220459,1.815000057220459
VLN,2026-08-12 11:49:00-04:00,2026-08-12 11:51:07.230620-04:00,67.23062,3742.0,1.815000057220459,1.815000057220459
VLN,2026-08-12 11:50:00-04:00,2026-08-12 11:51:07.230620-04:00,7.23062,0.0,1.8200000524520874,1.8200000524520874
REBN,2026-08-12 11:01:00-04:00,2026-08-12 11:51:07.230620-04:00,2947.23062,11.0,1.5038000345230103,1.5038000345230103
REBN,2026-08-12 11:04:00-04:00,2026-08-12 11:51:07.230620-04:00,2767.23062,1111.0,1.5099999904632568,1.4900000095367432
REBN,2026-08-12 11:12:00-04:00,2026-08-12 11:51:07.230620-04:00,2287.23062,1109.0,1.5149999856948853,1.5149999856948853
REBN,2026-08-12 11:14:00-04:00,2026-08-12 11:51:07.230620-04:00,2167.23062,221.0,1.5,1.5
REBN,2026-08-12 11:34:00-04:00,2026-08-12 11:51:07.230620-04:00,967.23062,119.0,1.4800000190734863,1.4800000190734863
REBN,2026-08-12 11:38:00-04:00,2026-08-12 11:51:07.230620-04:00,727.23062,0.0,1.4600000381469727,1.4600000381469727
FEMY,2026-08-12 11:24:00-04:00,2026-08-12 11:51:07.230620-04:00,1567.23062,7013.0,2.325000047683716,2.3299999237060547
FEMY,2026-08-12 11:25:00-04:00,2026-08-12 11:51:07.230620-04:00,1507.23062,45332.0,2.3299999237060547,2.240000009536743
FEMY,2026-08-12 11:26:00-04:00,2026-08-12 11:51:07.230620-04:00,1447.23062,10702.0,2.240000009536743,2.240000009536743
FEMY,2026-08-12 11:27:00-04:00,2026-08-12 11:51:07.230620-04:00,1387.23062,690.0,2.2699999809265137,2.2699999809265137
FEMY,2026-08-12 11:38:00-04:00,2026-08-12 11:51:07.230620-04:00,727.23062,103.0,2.309999942779541,2.309999942779541
FEMY,2026-08-12 11:40:00-04:00,2026-08-12 11:51:07.230620-04:00,607.23062,0.0,2.319999933242798,2.319999933242798
DRMA,2026-08-12 11:46:00-04:00,2026-08-12 11:51:07.230620-04:00,247.23062,0.0,1.3220000267028809,1.3300000429153442
DRMA,2026-08-12 11:47:00-04:00,2026-08-12 11:51:07.230620-04:00,187.23062,8420.0,1.3200000524520874,1.320099949836731
DRMA,2026-08-12 11:48:00-04:00,2026-08-12 11:51:07.230620-04:00,127.23062,5472.0,1.3250000476837158,1.3200000524520874
DRMA,2026-08-12 11:49:00-04:00,2026-08-12 11:51:07.230620-04:00,67.23062,1957.0,1.320099949836731,1.3202999830245972
DRMA,2026-08-12 11:50:00-04:00,2026-08-12 11:51:07.230620-04:00,7.23062,36824.0,1.3300000429153442,1.3588999509811401
DRMA,2026-08-12 11:51:00-04:00,2026-08-12 11:51:07.230620-04:00,-52.76938,0.0,1.3550000190734863,1.3550000190734863
FEMY,2026-08-12 11:24:00-04:00,2026-08-12 11:51:27.275029-04:00,1587.275029,7013.0,2.325000047683716,2.3299999237060547
FEMY,2026-08-12 11:25:00-04:00,2026-08-12 11:51:27.275029-04:00,1527.275029,45332.0,2.3299999237060547,2.240000009536743
FEMY,2026-08-12 11:26:00-04:00,2026-08-12 11:51:27.275029-04:00,1467.275029,10702.0,2.240000009536743,2.240000009536743
FEMY,2026-08-12 11:27:00-04:00,2026-08-12 11:51:27.275029-04:00,1407.275029,690.0,2.2699999809265137,2.2699999809265137
FEMY,2026-08-12 11:38:00-04:00,2026-08-12 11:51:27.275029-04:00,747.275029,103.0,2.309999942779541,2.309999942779541
FEMY,2026-08-12 11:40:00-04:00,2026-08-12 11:51:27.275029-04:00,627.275029,0.0,2.319999933242798,2.319999933242798
BIVI,2026-08-12 11:46:00-04:00,2026-08-12 11:51:27.275029-04:00,267.275029,82924.0,1.8650000095367432,1.8250000476837158
BIVI,2026-08-12 11:47:00-04:00,2026-08-12 11:51:27.275029-04:00,207.275029,76758.0,1.820099949836731,1.8309999704360962
BIVI,2026-08-12 11:48:00-04:00,2026-08-12 11:51:27.275029-04:00,147.275029,261744.0,1.8349000215530396,1.7533999681472778
BIVI,2026-08-12 11:49:00-04:00,2026-08-12 11:51:27.275029-04:00,87.275029,147708.0,1.7549999952316284,1.784999966621399
BIVI,2026-08-12 11:50:00-04:00,2026-08-12 11:51:27.275029-04:00,27.275029,91899.0,1.781000018119812,1.7599999904632568
BIVI,2026-08-12 11:51:00-04:00,2026-08-12 11:51:27.275029-04:00,-32.724971,0.0,1.7798000574111938,1.7798000574111938
VLN,2026-08-12 11:46:00-04:00,2026-08-12 11:51:27.275029-04:00,267.275029,366.0,1.815000057220459,1.811400055885315
VLN,2026-08-12 11:47:00-04:00,2026-08-12 11:51:27.275029-04:00,207.275029,413.0,1.815000057220459,1.8134000301361084
VLN,2026-08-12 11:48:00-04:00,2026-08-12 11:51:27.275029-04:00,147.275029,2844.0,1.815000057220459,1.815000057220459
VLN,2026-08-12 11:49:00-04:00,2026-08-12 11:51:27.275029-04:00,87.275029,3742.0,1.815000057220459,1.815000057220459
VLN,2026-08-12 11:50:00-04:00,2026-08-12 11:51:27.275029-04:00,27.275029,4159.0,1.8200000524520874,1.8200000524520874
VLN,2026-08-12 11:51:00-04:00,2026-08-12 11:51:27.275029-04:00,-32.724971,0.0,1.8300000429153442,1.8300000429153442
MXCT,2026-08-12 11:44:00-04:00,2026-08-12 11:51:27.275029-04:00,387.275029,36715.0,1.2599999904632568,1.2450000047683716
MXCT,2026-08-12 11:45:00-04:00,2026-08-12 11:51:27.275029-04:00,327.275029,1487.0,1.2450000047683716,1.25
MXCT,2026-08-12 11:46:00-04:00,2026-08-12 11:51:27.275029-04:00,267.275029,1460.0,1.2450000047683716,1.25
MXCT,2026-08-12 11:47:00-04:00,2026-08-12 11:51:27.275029-04:00,207.275029,2654.0,1.2450000047683716,1.2450000047683716
MXCT,2026-08-12 11:48:00-04:00,2026-08-12 11:51:27.275029-04:00,147.275029,224.0,1.2404999732971191,1.2404999732971191
MXCT,2026-08-12 11:49:00-04:00,2026-08-12 11:51:27.275029-04:00,87.275029,0.0,1.2450000047683716,1.2450000047683716
REBN,2026-08-12 11:01:00-04:00,2026-08-12 11:51:27.275029-04:00,2967.275029,11.0,1.5038000345230103,1.5038000345230103
REBN,2026-08-12 11:04:00-04:00,2026-08-12 11:51:27.275029-04:00,2787.275029,1111.0,1.5099999904632568,1.4900000095367432
REBN,2026-08-12 11:12:00-04:00,2026-08-12 11:51:27.275029-04:00,2307.275029,1109.0,1.5149999856948853,1.5149999856948853
REBN,2026-08-12 11:14:00-04:00,2026-08-12 11:51:27.275029-04:00,2187.275029,221.0,1.5,1.5
REBN,2026-08-12 11:34:00-04:00,2026-08-12 11:51:27.275029-04:00,987.275029,119.0,1.4800000190734863,1.4800000190734863
REBN,2026-08-12 11:38:00-04:00,2026-08-12 11:51:27.275029-04:00,747.275029,0.0,1.4600000381469727,1.4600000381469727
ENHA,2026-08-12 11:42:00-04:00,2026-08-12 11:51:27.275029-04:00,507.275029,2046.0,2.170099973678589,2.180000066757202
ENHA,2026-08-12 11:44:00-04:00,2026-08-12 11:51:27.275029-04:00,387.275029,619.0,2.174999952316284,2.174999952316284
ENHA,2026-08-12 11:47:00-04:00,2026-08-12 11:51:27.275029-04:00,207.275029,13273.0,2.174999952316284,2.174999952316284
ENHA,2026-08-12 11:48:00-04:00,2026-08-12 11:51:27.275029-04:00,147.275029,363.0,2.174999952316284,2.174999952316284
ENHA,2026-08-12 11:50:00-04:00,2026-08-12 11:51:27.275029-04:00,27.275029,5058.0,2.1791000366210938,2.174999952316284
ENHA,2026-08-12 11:51:00-04:00,2026-08-12 11:51:27.275029-04:00,-32.724971,0.0,2.174999952316284,2.174999952316284
DRMA,2026-08-12 11:46:00-04:00,2026-08-12 11:51:27.275029-04:00,267.275029,0.0,1.3220000267028809,1.3300000429153442
DRMA,2026-08-12 11:47:00-04:00,2026-08-12 11:51:27.275029-04:00,207.275029,8420.0,1.3200000524520874,1.320099949836731
DRMA,2026-08-12 11:48:00-04:00,2026-08-12 11:51:27.275029-04:00,147.275029,5472.0,1.3250000476837158,1.3200000524520874
DRMA,2026-08-12 11:49:00-04:00,2026-08-12 11:51:27.275029-04:00,87.275029,1957.0,1.320099949836731,1.3202999830245972
DRMA,2026-08-12 11:50:00-04:00,2026-08-12 11:51:27.275029-04:00,27.275029,36824.0,1.3300000429153442,1.3588999509811401
DRMA,2026-08-12 11:51:00-04:00,2026-08-12 11:51:27.275029-04:00,-32.724971,0.0,1.3550000190734863,1.3550000190734863
GRWG,2026-08-12 11:45:00-04:00,2026-08-12 11:51:27.275029-04:00,327.275029,17624.0,1.9049999713897705,1.9049999713897705
GRWG,2026-08-12 11:46:00-04:00,2026-08-12 11:51:27.275029-04:00,267.275029,30039.0,1.9091999530792236,1.909999966621399
GRWG,2026-08-12 11:47:00-04:00,2026-08-12 11:51:27.275029-04:00,207.275029,19527.0,1.9049999713897705,1.8849999904632568
GRWG,2026-08-12 11:48:00-04:00,2026-08-12 11:51:27.275029-04:00,147.275029,9210.0,1.8849999904632568,1.8899999856948853
GRWG,2026-08-12 11:50:00-04:00,2026-08-12 11:51:27.275029-04:00,27.275029,13924.0,1.8799999952316284,1.8799999952316284
GRWG,2026-08-12 11:51:00-04:00,2026-08-12 11:51:27.275029-04:00,-32.724971,0.0,1.8701000213623047,1.8701000213623047
GRWG,2026-08-12 11:45:00-04:00,2026-08-12 11:51:47.319317-04:00,347.319317,17624.0,1.9049999713897705,1.9049999713897705
GRWG,2026-08-12 11:46:00-04:00,2026-08-12 11:51:47.319317-04:00,287.319317,30039.0,1.9091999530792236,1.909999966621399
GRWG,2026-08-12 11:47:00-04:00,2026-08-12 11:51:47.319317-04:00,227.319317,19527.0,1.9049999713897705,1.8849999904632568
GRWG,2026-08-12 11:48:00-04:00,2026-08-12 11:51:47.319317-04:00,167.319317,9210.0,1.8849999904632568,1.8899999856948853
GRWG,2026-08-12 11:50:00-04:00,2026-08-12 11:51:47.319317-04:00,47.319317,13924.0,1.8799999952316284,1.8799999952316284
GRWG,2026-08-12 11:51:00-04:00,2026-08-12 11:51:47.319317-04:00,-12.680683,0.0,1.8701000213623047,1.8701000213623047
REBN,2026-08-12 11:01:00-04:00,2026-08-12 11:51:47.319317-04:00,2987.319317,11.0,1.5038000345230103,1.5038000345230103
REBN,2026-08-12 11:04:00-04:00,2026-08-12 11:51:47.319317-04:00,2807.319317,1111.0,1.5099999904632568,1.4900000095367432
REBN,2026-08-12 11:12:00-04:00,2026-08-12 11:51:47.319317-04:00,2327.319317,1109.0,1.5149999856948853,1.5149999856948853
REBN,2026-08-12 11:14:00-04:00,2026-08-12 11:51:47.319317-04:00,2207.319317,221.0,1.5,1.5
REBN,2026-08-12 11:34:00-04:00,2026-08-12 11:51:47.319317-04:00,1007.319317,119.0,1.4800000190734863,1.4800000190734863
REBN,2026-08-12 11:38:00-04:00,2026-08-12 11:51:47.319317-04:00,767.319317,0.0,1.4600000381469727,1.4600000381469727
MXCT,2026-08-12 11:44:00-04:00,2026-08-12 11:51:47.319317-04:00,407.319317,36715.0,1.2599999904632568,1.2450000047683716
MXCT,2026-08-12 11:45:00-04:00,2026-08-12 11:51:47.319317-04:00,347.319317,1487.0,1.2450000047683716,1.25
MXCT,2026-08-12 11:46:00-04:00,2026-08-12 11:51:47.319317-04:00,287.319317,1460.0,1.2450000047683716,1.25
MXCT,2026-08-12 11:47:00-04:00,2026-08-12 11:51:47.319317-04:00,227.319317,2654.0,1.2450000047683716,1.2450000047683716
MXCT,2026-08-12 11:48:00-04:00,2026-08-12 11:51:47.319317-04:00,167.319317,224.0,1.2404999732971191,1.2404999732971191
MXCT,2026-08-12 11:49:00-04:00,2026-08-12 11:51:47.319317-04:00,107.319317,0.0,1.2450000047683716,1.2450000047683716
DRMA,2026-08-12 11:46:00-04:00,2026-08-12 11:51:47.319317-04:00,287.319317,0.0,1.3220000267028809,1.3300000429153442
DRMA,2026-08-12 11:47:00-04:00,2026-08-12 11:51:47.319317-04:00,227.319317,8420.0,1.3200000524520874,1.320099949836731
DRMA,2026-08-12 11:48:00-04:00,2026-08-12 11:51:47.319317-04:00,167.319317,5472.0,1.3250000476837158,1.3200000524520874
DRMA,2026-08-12 11:49:00-04:00,2026-08-12 11:51:47.319317-04:00,107.319317,1957.0,1.320099949836731,1.3202999830245972
DRMA,2026-08-12 11:50:00-04:00,2026-08-12 11:51:47.319317-04:00,47.319317,36824.0,1.3300000429153442,1.3588999509811401
DRMA,2026-08-12 11:51:00-04:00,2026-08-12 11:51:47.319317-04:00,-12.680683,0.0,1.3410999774932861,1.3410999774932861
VLN,2026-08-12 11:46:00-04:00,2026-08-12 11:51:47.319317-04:00,287.319317,366.0,1.815000057220459,1.811400055885315
VLN,2026-08-12 11:47:00-04:00,2026-08-12 11:51:47.319317-04:00,227.319317,413.0,1.815000057220459,1.8134000301361084
VLN,2026-08-12 11:48:00-04:00,2026-08-12 11:51:47.319317-04:00,167.319317,2844.0,1.815000057220459,1.815000057220459
VLN,2026-08-12 11:49:00-04:00,2026-08-12 11:51:47.319317-04:00,107.319317,3742.0,1.815000057220459,1.815000057220459
VLN,2026-08-12 11:50:00-04:00,2026-08-12 11:51:47.319317-04:00,47.319317,4159.0,1.8200000524520874,1.8200000524520874
VLN,2026-08-12 11:51:00-04:00,2026-08-12 11:51:47.319317-04:00,-12.680683,0.0,1.8300000429153442,1.8300000429153442
BIVI,2026-08-12 11:46:00-04:00,2026-08-12 11:51:47.319317-04:00,287.319317,82924.0,1.8650000095367432,1.8250000476837158
BIVI,2026-08-12 11:47:00-04:00,2026-08-12 11:51:47.319317-04:00,227.319317,76758.0,1.820099949836731,1.8309999704360962
BIVI,2026-08-12 11:48:00-04:00,2026-08-12 11:51:47.319317-04:00,167.319317,261744.0,1.8349000215530396,1.7533999681472778
BIVI,2026-08-12 11:49:00-04:00,2026-08-12 11:51:47.319317-04:00,107.319317,147708.0,1.7549999952316284,1.784999966621399
BIVI,2026-08-12 11:50:00-04:00,2026-08-12 11:51:47.319317-04:00,47.319317,91899.0,1.781000018119812,1.7599999904632568
BIVI,2026-08-12 11:51:00-04:00,2026-08-12 11:51:47.319317-04:00,-12.680683,0.0,1.782099962234497,1.782099962234497
ENHA,2026-08-12 11:42:00-04:00,2026-08-12 11:51:47.319317-04:00,527.319317,2046.0,2.170099973678589,2.180000066757202
ENHA,2026-08-12 11:44:00-04:00,2026-08-12 11:51:47.319317-04:00,407.319317,619.0,2.174999952316284,2.174999952316284
ENHA,2026-08-12 11:47:00-04:00,2026-08-12 11:51:47.319317-04:00,227.319317,13273.0,2.174999952316284,2.174999952316284
ENHA,2026-08-12 11:48:00-04:00,2026-08-12 11:51:47.319317-04:00,167.319317,363.0,2.174999952316284,2.174999952316284
ENHA,2026-08-12 11:50:00-04:00,2026-08-12 11:51:47.319317-04:00,47.319317,5058.0,2.1791000366210938,2.174999952316284
ENHA,2026-08-12 11:51:00-04:00,2026-08-12 11:51:47.319317-04:00,-12.680683,0.0,2.174999952316284,2.174999952316284
FEMY,2026-08-12 11:24:00-04:00,2026-08-12 11:51:47.319317-04:00,1607.319317,7013.0,2.325000047683716,2.3299999237060547
FEMY,2026-08-12 11:25:00-04:00,2026-08-12 11:51:47.319317-04:00,1547.319317,45332.0,2.3299999237060547,2.240000009536743
FEMY,2026-08-12 11:26:00-04:00,2026-08-12 11:51:47.319317-04:00,1487.319317,10702.0,2.240000009536743,2.240000009536743
FEMY,2026-08-12 11:27:00-04:00,2026-08-12 11:51:47.319317-04:00,1427.319317,690.0,2.2699999809265137,2.2699999809265137
FEMY,2026-08-12 11:38:00-04:00,2026-08-12 11:51:47.319317-04:00,767.319317,103.0,2.309999942779541,2.309999942779541
FEMY,2026-08-12 11:40:00-04:00,2026-08-12 11:51:47.319317-04:00,647.319317,0.0,2.319999933242798,2.319999933242798
FEMY,2026-08-12 11:24:00-04:00,2026-08-12 11:52:07.367346-04:00,1627.367346,7013.0,2.325000047683716,2.3299999237060547
FEMY,2026-08-12 11:25:00-04:00,2026-08-12 11:52:07.367346-04:00,1567.367346,45332.0,2.3299999237060547,2.240000009536743
FEMY,2026-08-12 11:26:00-04:00,2026-08-12 11:52:07.367346-04:00,1507.367346,10702.0,2.240000009536743,2.240000009536743
FEMY,2026-08-12 11:27:00-04:00,2026-08-12 11:52:07.367346-04:00,1447.367346,690.0,2.2699999809265137,2.2699999809265137
FEMY,2026-08-12 11:38:00-04:00,2026-08-12 11:52:07.367346-04:00,787.367346,103.0,2.309999942779541,2.309999942779541
FEMY,2026-08-12 11:40:00-04:00,2026-08-12 11:52:07.367346-04:00,667.367346,0.0,2.319999933242798,2.319999933242798
ENHA,2026-08-12 11:42:00-04:00,2026-08-12 11:52:07.367346-04:00,547.367346,2046.0,2.170099973678589,2.180000066757202
ENHA,2026-08-12 11:44:00-04:00,2026-08-12 11:52:07.367346-04:00,427.367346,619.0,2.174999952316284,2.174999952316284
ENHA,2026-08-12 11:47:00-04:00,2026-08-12 11:52:07.367346-04:00,247.367346,13273.0,2.174999952316284,2.174999952316284
ENHA,2026-08-12 11:48:00-04:00,2026-08-12 11:52:07.367346-04:00,187.367346,363.0,2.174999952316284,2.174999952316284
ENHA,2026-08-12 11:50:00-04:00,2026-08-12 11:52:07.367346-04:00,67.367346,5058.0,2.1791000366210938,2.174999952316284
ENHA,2026-08-12 11:51:00-04:00,2026-08-12 11:52:07.367346-04:00,7.367346,0.0,2.174999952316284,2.174999952316284
BIVI,2026-08-12 11:47:00-04:00,2026-08-12 11:52:07.367346-04:00,247.367346,76758.0,1.820099949836731,1.8309999704360962
BIVI,2026-08-12 11:48:00-04:00,2026-08-12 11:52:07.367346-04:00,187.367346,261744.0,1.8349000215530396,1.7533999681472778
BIVI,2026-08-12 11:49:00-04:00,2026-08-12 11:52:07.367346-04:00,127.367346,147708.0,1.7549999952316284,1.784999966621399
BIVI,2026-08-12 11:50:00-04:00,2026-08-12 11:52:07.367346-04:00,67.367346,91899.0,1.781000018119812,1.7599999904632568
BIVI,2026-08-12 11:51:00-04:00,2026-08-12 11:52:07.367346-04:00,7.367346,77774.0,1.7649999856948853,1.7799999713897705
BIVI,2026-08-12 11:52:00-04:00,2026-08-12 11:52:07.367346-04:00,-52.632654,0.0,1.774999976158142,1.774999976158142
REBN,2026-08-12 11:01:00-04:00,2026-08-12 11:52:07.367346-04:00,3007.367346,11.0,1.5038000345230103,1.5038000345230103
REBN,2026-08-12 11:04:00-04:00,2026-08-12 11:52:07.367346-04:00,2827.367346,1111.0,1.5099999904632568,1.4900000095367432
REBN,2026-08-12 11:12:00-04:00,2026-08-12 11:52:07.367346-04:00,2347.367346,1109.0,1.5149999856948853,1.5149999856948853
REBN,2026-08-12 11:14:00-04:00,2026-08-12 11:52:07.367346-04:00,2227.367346,221.0,1.5,1.5
REBN,2026-08-12 11:34:00-04:00,2026-08-12 11:52:07.367346-04:00,1027.367346,119.0,1.4800000190734863,1.4800000190734863
REBN,2026-08-12 11:38:00-04:00,2026-08-12 11:52:07.367346-04:00,787.367346,0.0,1.4600000381469727,1.4600000381469727
VLN,2026-08-12 11:46:00-04:00,2026-08-12 11:52:07.367346-04:00,307.367346,366.0,1.815000057220459,1.811400055885315
VLN,2026-08-12 11:47:00-04:00,2026-08-12 11:52:07.367346-04:00,247.367346,413.0,1.815000057220459,1.8134000301361084
VLN,2026-08-12 11:48:00-04:00,2026-08-12 11:52:07.367346-04:00,187.367346,2844.0,1.815000057220459,1.815000057220459
VLN,2026-08-12 11:49:00-04:00,2026-08-12 11:52:07.367346-04:00,127.367346,3742.0,1.815000057220459,1.815000057220459
VLN,2026-08-12 11:50:00-04:00,2026-08-12 11:52:07.367346-04:00,67.367346,4159.0,1.8200000524520874,1.8200000524520874
VLN,2026-08-12 11:51:00-04:00,2026-08-12 11:52:07.367346-04:00,7.367346,0.0,1.8300000429153442,1.8300000429153442
MXCT,2026-08-12 11:44:00-04:00,2026-08-12 11:52:07.367346-04:00,427.367346,36715.0,1.2599999904632568,1.2450000047683716
MXCT,2026-08-12 11:45:00-04:00,2026-08-12 11:52:07.367346-04:00,367.367346,1487.0,1.2450000047683716,1.25
MXCT,2026-08-12 11:46:00-04:00,2026-08-12 11:52:07.367346-04:00,307.367346,1460.0,1.2450000047683716,1.25
MXCT,2026-08-12 11:47:00-04:00,2026-08-12 11:52:07.367346-04:00,247.367346,2654.0,1.2450000047683716,1.2450000047683716
MXCT,2026-08-12 11:48:00-04:00,2026-08-12 11:52:07.367346-04:00,187.367346,224.0,1.2404999732971191,1.2404999732971191
MXCT,2026-08-12 11:49:00-04:00,2026-08-12 11:52:07.367346-04:00,127.367346,0.0,1.2450000047683716,1.2450000047683716
GRWG,2026-08-12 11:46:00-04:00,2026-08-12 11:52:07.367346-04:00,307.367346,30039.0,1.9091999530792236,1.909999966621399
GRWG,2026-08-12 11:47:00-04:00,2026-08-12 11:52:07.367346-04:00,247.367346,19527.0,1.9049999713897705,1.8849999904632568
GRWG,2026-08-12 11:48:00-04:00,2026-08-12 11:52:07.367346-04:00,187.367346,9210.0,1.8849999904632568,1.8899999856948853
GRWG,2026-08-12 11:50:00-04:00,2026-08-12 11:52:07.367346-04:00,67.367346,13924.0,1.8799999952316284,1.8799999952316284
GRWG,2026-08-12 11:51:00-04:00,2026-08-12 11:52:07.367346-04:00,7.367346,3210.0,1.8707000017166138,1.8701000213623047
GRWG,2026-08-12 11:52:00-04:00,2026-08-12 11:52:07.367346-04:00,-52.632654,0.0,1.8726999759674072,1.8726999759674072
DRMA,2026-08-12 11:46:00-04:00,2026-08-12 11:52:07.367346-04:00,307.367346,0.0,1.3220000267028809,1.3300000429153442
DRMA,2026-08-12 11:47:00-04:00,2026-08-12 11:52:07.367346-04:00,247.367346,8420.0,1.3200000524520874,1.320099949836731
DRMA,2026-08-12 11:48:00-04:00,2026-08-12 11:52:07.367346-04:00,187.367346,5472.0,1.3250000476837158,1.3200000524520874
DRMA,2026-08-12 11:49:00-04:00,2026-08-12 11:52:07.367346-04:00,127.367346,1957.0,1.320099949836731,1.3202999830245972
DRMA,2026-08-12 11:50:00-04:00,2026-08-12 11:52:07.367346-04:00,67.367346,36824.0,1.3300000429153442,1.3588999509811401
DRMA,2026-08-12 11:51:00-04:00,2026-08-12 11:52:07.367346-04:00,7.367346,0.0,1.3437000513076782,1.3437000513076782
GRWG,2026-08-12 11:46:00-04:00,2026-08-12 11:52:27.413175-04:00,327.413175,30039.0,1.9091999530792236,1.909999966621399
GRWG,2026-08-12 11:47:00-04:00,2026-08-12 11:52:27.413175-04:00,267.413175,19527.0,1.9049999713897705,1.8849999904632568
GRWG,2026-08-12 11:48:00-04:00,2026-08-12 11:52:27.413175-04:00,207.413175,9210.0,1.8849999904632568,1.8899999856948853
GRWG,2026-08-12 11:50:00-04:00,2026-08-12 11:52:27.413175-04:00,87.413175,13924.0,1.8799999952316284,1.8799999952316284
GRWG,2026-08-12 11:51:00-04:00,2026-08-12 11:52:27.413175-04:00,27.413175,3210.0,1.8707000017166138,1.8701000213623047
GRWG,2026-08-12 11:52:00-04:00,2026-08-12 11:52:27.413175-04:00,-32.586825,0.0,1.875,1.875
VLN,2026-08-12 11:46:00-04:00,2026-08-12 11:52:27.413175-04:00,327.413175,366.0,1.815000057220459,1.811400055885315
VLN,2026-08-12 11:47:00-04:00,2026-08-12 11:52:27.413175-04:00,267.413175,413.0,1.815000057220459,1.8134000301361084
VLN,2026-08-12 11:48:00-04:00,2026-08-12 11:52:27.413175-04:00,207.413175,2844.0,1.815000057220459,1.815000057220459
VLN,2026-08-12 11:49:00-04:00,2026-08-12 11:52:27.413175-04:00,147.413175,3742.0,1.815000057220459,1.815000057220459
VLN,2026-08-12 11:50:00-04:00,2026-08-12 11:52:27.413175-04:00,87.413175,4159.0,1.8200000524520874,1.8200000524520874
VLN,2026-08-12 11:51:00-04:00,2026-08-12 11:52:27.413175-04:00,27.413175,0.0,1.8300000429153442,1.8300000429153442
REBN,2026-08-12 11:01:00-04:00,2026-08-12 11:52:27.413175-04:00,3027.413175,11.0,1.5038000345230103,1.5038000345230103
REBN,2026-08-12 11:04:00-04:00,2026-08-12 11:52:27.413175-04:00,2847.413175,1111.0,1.5099999904632568,1.4900000095367432
REBN,2026-08-12 11:12:00-04:00,2026-08-12 11:52:27.413175-04:00,2367.413175,1109.0,1.5149999856948853,1.5149999856948853
REBN,2026-08-12 11:14:00-04:00,2026-08-12 11:52:27.413175-04:00,2247.413175,221.0,1.5,1.5
REBN,2026-08-12 11:34:00-04:00,2026-08-12 11:52:27.413175-04:00,1047.413175,119.0,1.4800000190734863,1.4800000190734863
REBN,2026-08-12 11:38:00-04:00,2026-08-12 11:52:27.413175-04:00,807.413175,0.0,1.4600000381469727,1.4600000381469727
FEMY,2026-08-12 11:24:00-04:00,2026-08-12 11:52:27.413175-04:00,1647.413175,7013.0,2.325000047683716,2.3299999237060547
FEMY,2026-08-12 11:25:00-04:00,2026-08-12 11:52:27.413175-04:00,1587.413175,45332.0,2.3299999237060547,2.240000009536743
FEMY,2026-08-12 11:26:00-04:00,2026-08-12 11:52:27.413175-04:00,1527.413175,10702.0,2.240000009536743,2.240000009536743
FEMY,2026-08-12 11:27:00-04:00,2026-08-12 11:52:27.413175-04:00,1467.413175,690.0,2.2699999809265137,2.2699999809265137
FEMY,2026-08-12 11:38:00-04:00,2026-08-12 11:52:27.413175-04:00,807.413175,103.0,2.309999942779541,2.309999942779541
FEMY,2026-08-12 11:40:00-04:00,2026-08-12 11:52:27.413175-04:00,687.413175,0.0,2.319999933242798,2.319999933242798
MXCT,2026-08-12 11:44:00-04:00,2026-08-12 11:52:27.413175-04:00,447.413175,36715.0,1.2599999904632568,1.2450000047683716
MXCT,2026-08-12 11:45:00-04:00,2026-08-12 11:52:27.413175-04:00,387.413175,1487.0,1.2450000047683716,1.25
MXCT,2026-08-12 11:46:00-04:00,2026-08-12 11:52:27.413175-04:00,327.413175,1460.0,1.2450000047683716,1.25
MXCT,2026-08-12 11:47:00-04:00,2026-08-12 11:52:27.413175-04:00,267.413175,2654.0,1.2450000047683716,1.2450000047683716
MXCT,2026-08-12 11:48:00-04:00,2026-08-12 11:52:27.413175-04:00,207.413175,224.0,1.2404999732971191,1.2404999732971191
MXCT,2026-08-12 11:49:00-04:00,2026-08-12 11:52:27.413175-04:00,147.413175,0.0,1.2450000047683716,1.2450000047683716
BIVI,2026-08-12 11:47:00-04:00,2026-08-12 11:52:27.413175-04:00,267.413175,76758.0,1.820099949836731,1.8309999704360962
BIVI,2026-08-12 11:48:00-04:00,2026-08-12 11:52:27.413175-04:00,207.413175,261744.0,1.8349000215530396,1.7533999681472778
BIVI,2026-08-12 11:49:00-04:00,2026-08-12 11:52:27.413175-04:00,147.413175,147708.0,1.7549999952316284,1.784999966621399
BIVI,2026-08-12 11:50:00-04:00,2026-08-12 11:52:27.413175-04:00,87.413175,91899.0,1.781000018119812,1.7599999904632568
BIVI,2026-08-12 11:51:00-04:00,2026-08-12 11:52:27.413175-04:00,27.413175,77774.0,1.7649999856948853,1.7799999713897705
BIVI,2026-08-12 11:52:00-04:00,2026-08-12 11:52:27.413175-04:00,-32.586825,0.0,1.7699999809265137,1.7699999809265137
DRMA,2026-08-12 11:47:00-04:00,2026-08-12 11:52:27.413175-04:00,267.413175,8420.0,1.3200000524520874,1.320099949836731
DRMA,2026-08-12 11:48:00-04:00,2026-08-12 11:52:27.413175-04:00,207.413175,5472.0,1.3250000476837158,1.3200000524520874
DRMA,2026-08-12 11:49:00-04:00,2026-08-12 11:52:27.413175-04:00,147.413175,1957.0,1.320099949836731,1.3202999830245972
DRMA,2026-08-12 11:50:00-04:00,2026-08-12 11:52:27.413175-04:00,87.413175,36824.0,1.3300000429153442,1.3588999509811401
DRMA,2026-08-12 11:51:00-04:00,2026-08-12 11:52:27.413175-04:00,27.413175,4766.0,1.3550000190734863,1.3437000513076782
DRMA,2026-08-12 11:52:00-04:00,2026-08-12 11:52:27.413175-04:00,-32.586825,0.0,1.350000023841858,1.350000023841858
ENHA,2026-08-12 11:42:00-04:00,2026-08-12 11:52:27.413175-04:00,567.413175,2046.0,2.170099973678589,2.180000066757202
ENHA,2026-08-12 11:44:00-04:00,2026-08-12 11:52:27.413175-04:00,447.413175,619.0,2.174999952316284,2.174999952316284
ENHA,2026-08-12 11:47:00-04:00,2026-08-12 11:52:27.413175-04:00,267.413175,13273.0,2.174999952316284,2.174999952316284
ENHA,2026-08-12 11:48:00-04:00,2026-08-12 11:52:27.413175-04:00,207.413175,363.0,2.174999952316284,2.174999952316284
ENHA,2026-08-12 11:50:00-04:00,2026-08-12 11:52:27.413175-04:00,87.413175,5058.0,2.1791000366210938,2.174999952316284
ENHA,2026-08-12 11:51:00-04:00,2026-08-12 11:52:27.413175-04:00,27.413175,0.0,2.174999952316284,2.174999952316284
ENHA,2026-08-12 11:44:00-04:00,2026-08-12 11:52:47.552674-04:00,467.552674,619.0,2.174999952316284,2.174999952316284
ENHA,2026-08-12 11:47:00-04:00,2026-08-12 11:52:47.552674-04:00,287.552674,13273.0,2.174999952316284,2.174999952316284
ENHA,2026-08-12 11:48:00-04:00,2026-08-12 11:52:47.552674-04:00,227.552674,363.0,2.174999952316284,2.174999952316284
ENHA,2026-08-12 11:50:00-04:00,2026-08-12 11:52:47.552674-04:00,107.552674,5058.0,2.1791000366210938,2.174999952316284
ENHA,2026-08-12 11:51:00-04:00,2026-08-12 11:52:47.552674-04:00,47.552674,108.0,2.174999952316284,2.174999952316284
ENHA,2026-08-12 11:52:00-04:00,2026-08-12 11:52:47.552674-04:00,-12.447326,0.0,2.184999942779541,2.184999942779541
DRMA,2026-08-12 11:47:00-04:00,2026-08-12 11:52:47.552674-04:00,287.552674,8420.0,1.3200000524520874,1.320099949836731
DRMA,2026-08-12 11:48:00-04:00,2026-08-12 11:52:47.552674-04:00,227.552674,5472.0,1.3250000476837158,1.3200000524520874
DRMA,2026-08-12 11:49:00-04:00,2026-08-12 11:52:47.552674-04:00,167.552674,1957.0,1.320099949836731,1.3202999830245972
DRMA,2026-08-12 11:50:00-04:00,2026-08-12 11:52:47.552674-04:00,107.552674,36824.0,1.3300000429153442,1.3588999509811401
DRMA,2026-08-12 11:51:00-04:00,2026-08-12 11:52:47.552674-04:00,47.552674,4766.0,1.3550000190734863,1.3437000513076782
DRMA,2026-08-12 11:52:00-04:00,2026-08-12 11:52:47.552674-04:00,-12.447326,0.0,1.3489999771118164,1.3489999771118164
FEMY,2026-08-12 11:24:00-04:00,2026-08-12 11:52:47.552674-04:00,1667.552674,7013.0,2.325000047683716,2.3299999237060547
FEMY,2026-08-12 11:25:00-04:00,2026-08-12 11:52:47.552674-04:00,1607.552674,45332.0,2.3299999237060547,2.240000009536743
FEMY,2026-08-12 11:26:00-04:00,2026-08-12 11:52:47.552674-04:00,1547.552674,10702.0,2.240000009536743,2.240000009536743
FEMY,2026-08-12 11:27:00-04:00,2026-08-12 11:52:47.552674-04:00,1487.552674,690.0,2.2699999809265137,2.2699999809265137
FEMY,2026-08-12 11:38:00-04:00,2026-08-12 11:52:47.552674-04:00,827.552674,103.0,2.309999942779541,2.309999942779541
FEMY,2026-08-12 11:40:00-04:00,2026-08-12 11:52:47.552674-04:00,707.552674,0.0,2.319999933242798,2.319999933242798
REBN,2026-08-12 11:01:00-04:00,2026-08-12 11:52:47.552674-04:00,3047.552674,11.0,1.5038000345230103,1.5038000345230103
REBN,2026-08-12 11:04:00-04:00,2026-08-12 11:52:47.552674-04:00,2867.552674,1111.0,1.5099999904632568,1.4900000095367432
REBN,2026-08-12 11:12:00-04:00,2026-08-12 11:52:47.552674-04:00,2387.552674,1109.0,1.5149999856948853,1.5149999856948853
REBN,2026-08-12 11:14:00-04:00,2026-08-12 11:52:47.552674-04:00,2267.552674,221.0,1.5,1.5
REBN,2026-08-12 11:34:00-04:00,2026-08-12 11:52:47.552674-04:00,1067.552674,119.0,1.4800000190734863,1.4800000190734863
REBN,2026-08-12 11:38:00-04:00,2026-08-12 11:52:47.552674-04:00,827.552674,0.0,1.4600000381469727,1.4600000381469727
BIVI,2026-08-12 11:47:00-04:00,2026-08-12 11:52:47.552674-04:00,287.552674,76758.0,1.820099949836731,1.8309999704360962
BIVI,2026-08-12 11:48:00-04:00,2026-08-12 11:52:47.552674-04:00,227.552674,261744.0,1.8349000215530396,1.7533999681472778
BIVI,2026-08-12 11:49:00-04:00,2026-08-12 11:52:47.552674-04:00,167.552674,147708.0,1.7549999952316284,1.784999966621399
BIVI,2026-08-12 11:50:00-04:00,2026-08-12 11:52:47.552674-04:00,107.552674,91899.0,1.781000018119812,1.7599999904632568
BIVI,2026-08-12 11:51:00-04:00,2026-08-12 11:52:47.552674-04:00,47.552674,77774.0,1.7649999856948853,1.7799999713897705
BIVI,2026-08-12 11:52:00-04:00,2026-08-12 11:52:47.552674-04:00,-12.447326,0.0,1.7891000509262085,1.7891000509262085
VLN,2026-08-12 11:46:00-04:00,2026-08-12 11:52:47.552674-04:00,347.552674,366.0,1.815000057220459,1.811400055885315
VLN,2026-08-12 11:47:00-04:00,2026-08-12 11:52:47.552674-04:00,287.552674,413.0,1.815000057220459,1.8134000301361084
VLN,2026-08-12 11:48:00-04:00,2026-08-12 11:52:47.552674-04:00,227.552674,2844.0,1.815000057220459,1.815000057220459
VLN,2026-08-12 11:49:00-04:00,2026-08-12 11:52:47.552674-04:00,167.552674,3742.0,1.815000057220459,1.815000057220459
VLN,2026-08-12 11:50:00-04:00,2026-08-12 11:52:47.552674-04:00,107.552674,4159.0,1.8200000524520874,1.8200000524520874
VLN,2026-08-12 11:51:00-04:00,2026-08-12 11:52:47.552674-04:00,47.552674,0.0,1.8300000429153442,1.8300000429153442
MXCT,2026-08-12 11:45:00-04:00,2026-08-12 11:52:47.552674-04:00,407.552674,1487.0,1.2450000047683716,1.25
MXCT,2026-08-12 11:46:00-04:00,2026-08-12 11:52:47.552674-04:00,347.552674,1460.0,1.2450000047683716,1.25
MXCT,2026-08-12 11:47:00-04:00,2026-08-12 11:52:47.552674-04:00,287.552674,2654.0,1.2450000047683716,1.2450000047683716
MXCT,2026-08-12 11:48:00-04:00,2026-08-12 11:52:47.552674-04:00,227.552674,224.0,1.2404999732971191,1.2404999732971191
MXCT,2026-08-12 11:49:00-04:00,2026-08-12 11:52:47.552674-04:00,167.552674,2559.0,1.2450000047683716,1.2450000047683716
MXCT,2026-08-12 11:52:00-04:00,2026-08-12 11:52:47.552674-04:00,-12.447326,0.0,1.2450000047683716,1.2450000047683716
GRWG,2026-08-12 11:46:00-04:00,2026-08-12 11:52:47.552674-04:00,347.552674,30039.0,1.9091999530792236,1.909999966621399
GRWG,2026-08-12 11:47:00-04:00,2026-08-12 11:52:47.552674-04:00,287.552674,19527.0,1.9049999713897705,1.8849999904632568
GRWG,2026-08-12 11:48:00-04:00,2026-08-12 11:52:47.552674-04:00,227.552674,9210.0,1.8849999904632568,1.8899999856948853
GRWG,2026-08-12 11:50:00-04:00,2026-08-12 11:52:47.552674-04:00,107.552674,13924.0,1.8799999952316284,1.8799999952316284
GRWG,2026-08-12 11:51:00-04:00,2026-08-12 11:52:47.552674-04:00,47.552674,3210.0,1.8707000017166138,1.8701000213623047
GRWG,2026-08-12 11:52:00-04:00,2026-08-12 11:52:47.552674-04:00,-12.447326,0.0,1.875,1.875
VLN,2026-08-12 11:46:00-04:00,2026-08-12 11:53:07.600104-04:00,367.600104,366.0,1.815000057220459,1.811400055885315
VLN,2026-08-12 11:47:00-04:00,2026-08-12 11:53:07.600104-04:00,307.600104,413.0,1.815000057220459,1.8134000301361084
VLN,2026-08-12 11:48:00-04:00,2026-08-12 11:53:07.600104-04:00,247.600104,2844.0,1.815000057220459,1.815000057220459
VLN,2026-08-12 11:49:00-04:00,2026-08-12 11:53:07.600104-04:00,187.600104,3742.0,1.815000057220459,1.815000057220459
VLN,2026-08-12 11:50:00-04:00,2026-08-12 11:53:07.600104-04:00,127.600104,4159.0,1.8200000524520874,1.8200000524520874
VLN,2026-08-12 11:51:00-04:00,2026-08-12 11:53:07.600104-04:00,67.600104,0.0,1.8300000429153442,1.8300000429153442
MXCT,2026-08-12 11:45:00-04:00,2026-08-12 11:53:07.600104-04:00,427.600104,1487.0,1.2450000047683716,1.25
MXCT,2026-08-12 11:46:00-04:00,2026-08-12 11:53:07.600104-04:00,367.600104,1460.0,1.2450000047683716,1.25
MXCT,2026-08-12 11:47:00-04:00,2026-08-12 11:53:07.600104-04:00,307.600104,2654.0,1.2450000047683716,1.2450000047683716
MXCT,2026-08-12 11:48:00-04:00,2026-08-12 11:53:07.600104-04:00,247.600104,224.0,1.2404999732971191,1.2404999732971191
MXCT,2026-08-12 11:49:00-04:00,2026-08-12 11:53:07.600104-04:00,187.600104,2559.0,1.2450000047683716,1.2450000047683716
MXCT,2026-08-12 11:52:00-04:00,2026-08-12 11:53:07.600104-04:00,7.600104,0.0,1.2450000047683716,1.2450000047683716
GRWG,2026-08-12 11:46:00-04:00,2026-08-12 11:53:07.600104-04:00,367.600104,30039.0,1.9091999530792236,1.909999966621399
GRWG,2026-08-12 11:47:00-04:00,2026-08-12 11:53:07.600104-04:00,307.600104,19527.0,1.9049999713897705,1.8849999904632568
GRWG,2026-08-12 11:48:00-04:00,2026-08-12 11:53:07.600104-04:00,247.600104,9210.0,1.8849999904632568,1.8899999856948853
GRWG,2026-08-12 11:50:00-04:00,2026-08-12 11:53:07.600104-04:00,127.600104,13924.0,1.8799999952316284,1.8799999952316284
GRWG,2026-08-12 11:51:00-04:00,2026-08-12 11:53:07.600104-04:00,67.600104,3210.0,1.8707000017166138,1.8701000213623047
GRWG,2026-08-12 11:52:00-04:00,2026-08-12 11:53:07.600104-04:00,7.600104,2434.0,1.8726999759674072,1.8789000511169434
ENHA,2026-08-12 11:44:00-04:00,2026-08-12 11:53:07.600104-04:00,487.600104,619.0,2.174999952316284,2.174999952316284
ENHA,2026-08-12 11:47:00-04:00,2026-08-12 11:53:07.600104-04:00,307.600104,13273.0,2.174999952316284,2.174999952316284
ENHA,2026-08-12 11:48:00-04:00,2026-08-12 11:53:07.600104-04:00,247.600104,363.0,2.174999952316284,2.174999952316284
ENHA,2026-08-12 11:50:00-04:00,2026-08-12 11:53:07.600104-04:00,127.600104,5058.0,2.1791000366210938,2.174999952316284
ENHA,2026-08-12 11:51:00-04:00,2026-08-12 11:53:07.600104-04:00,67.600104,108.0,2.174999952316284,2.174999952316284
ENHA,2026-08-12 11:52:00-04:00,2026-08-12 11:53:07.600104-04:00,7.600104,0.0,2.184999942779541,2.184999942779541
REBN,2026-08-12 11:01:00-04:00,2026-08-12 11:53:07.600104-04:00,3067.600104,11.0,1.5038000345230103,1.5038000345230103
REBN,2026-08-12 11:04:00-04:00,2026-08-12 11:53:07.600104-04:00,2887.600104,1111.0,1.5099999904632568,1.4900000095367432
REBN,2026-08-12 11:12:00-04:00,2026-08-12 11:53:07.600104-04:00,2407.600104,1109.0,1.5149999856948853,1.5149999856948853
REBN,2026-08-12 11:14:00-04:00,2026-08-12 11:53:07.600104-04:00,2287.600104,221.0,1.5,1.5
REBN,2026-08-12 11:34:00-04:00,2026-08-12 11:53:07.600104-04:00,1087.600104,119.0,1.4800000190734863,1.4800000190734863
REBN,2026-08-12 11:38:00-04:00,2026-08-12 11:53:07.600104-04:00,847.600104,0.0,1.4600000381469727,1.4600000381469727
FEMY,2026-08-12 11:24:00-04:00,2026-08-12 11:53:07.600104-04:00,1687.600104,7013.0,2.325000047683716,2.3299999237060547
FEMY,2026-08-12 11:25:00-04:00,2026-08-12 11:53:07.600104-04:00,1627.600104,45332.0,2.3299999237060547,2.240000009536743
FEMY,2026-08-12 11:26:00-04:00,2026-08-12 11:53:07.600104-04:00,1567.600104,10702.0,2.240000009536743,2.240000009536743
FEMY,2026-08-12 11:27:00-04:00,2026-08-12 11:53:07.600104-04:00,1507.600104,690.0,2.2699999809265137,2.2699999809265137
FEMY,2026-08-12 11:38:00-04:00,2026-08-12 11:53:07.600104-04:00,847.600104,103.0,2.309999942779541,2.309999942779541
FEMY,2026-08-12 11:40:00-04:00,2026-08-12 11:53:07.600104-04:00,727.600104,0.0,2.319999933242798,2.319999933242798
BIVI,2026-08-12 11:48:00-04:00,2026-08-12 11:53:07.600104-04:00,247.600104,261744.0,1.8349000215530396,1.7533999681472778
BIVI,2026-08-12 11:49:00-04:00,2026-08-12 11:53:07.600104-04:00,187.600104,147708.0,1.7549999952316284,1.784999966621399
BIVI,2026-08-12 11:50:00-04:00,2026-08-12 11:53:07.600104-04:00,127.600104,91899.0,1.781000018119812,1.7599999904632568
BIVI,2026-08-12 11:51:00-04:00,2026-08-12 11:53:07.600104-04:00,67.600104,77774.0,1.7649999856948853,1.7799999713897705
BIVI,2026-08-12 11:52:00-04:00,2026-08-12 11:53:07.600104-04:00,7.600104,125883.0,1.7790000438690186,1.7800999879837036
BIVI,2026-08-12 11:53:00-04:00,2026-08-12 11:53:07.600104-04:00,-52.399896,0.0,1.780900001525879,1.780900001525879
DRMA,2026-08-12 11:47:00-04:00,2026-08-12 11:53:07.600104-04:00,307.600104,8420.0,1.3200000524520874,1.320099949836731
DRMA,2026-08-12 11:48:00-04:00,2026-08-12 11:53:07.600104-04:00,247.600104,5472.0,1.3250000476837158,1.3200000524520874
DRMA,2026-08-12 11:49:00-04:00,2026-08-12 11:53:07.600104-04:00,187.600104,1957.0,1.320099949836731,1.3202999830245972
DRMA,2026-08-12 11:50:00-04:00,2026-08-12 11:53:07.600104-04:00,127.600104,36824.0,1.3300000429153442,1.3588999509811401
DRMA,2026-08-12 11:51:00-04:00,2026-08-12 11:53:07.600104-04:00,67.600104,4766.0,1.3550000190734863,1.3437000513076782
DRMA,2026-08-12 11:52:00-04:00,2026-08-12 11:53:07.600104-04:00,7.600104,0.0,1.3450000286102295,1.3450000286102295
FEMY,2026-08-12 11:24:00-04:00,2026-08-12 11:53:27.645029-04:00,1707.645029,7013.0,2.325000047683716,2.3299999237060547
FEMY,2026-08-12 11:25:00-04:00,2026-08-12 11:53:27.645029-04:00,1647.645029,45332.0,2.3299999237060547,2.240000009536743
FEMY,2026-08-12 11:26:00-04:00,2026-08-12 11:53:27.645029-04:00,1587.645029,10702.0,2.240000009536743,2.240000009536743
FEMY,2026-08-12 11:27:00-04:00,2026-08-12 11:53:27.645029-04:00,1527.645029,690.0,2.2699999809265137,2.2699999809265137
FEMY,2026-08-12 11:38:00-04:00,2026-08-12 11:53:27.645029-04:00,867.645029,103.0,2.309999942779541,2.309999942779541
FEMY,2026-08-12 11:40:00-04:00,2026-08-12 11:53:27.645029-04:00,747.645029,0.0,2.319999933242798,2.319999933242798
DRMA,2026-08-12 11:48:00-04:00,2026-08-12 11:53:27.645029-04:00,267.645029,5472.0,1.3250000476837158,1.3200000524520874
DRMA,2026-08-12 11:49:00-04:00,2026-08-12 11:53:27.645029-04:00,207.645029,1957.0,1.320099949836731,1.3202999830245972
DRMA,2026-08-12 11:50:00-04:00,2026-08-12 11:53:27.645029-04:00,147.645029,36824.0,1.3300000429153442,1.3588999509811401
DRMA,2026-08-12 11:51:00-04:00,2026-08-12 11:53:27.645029-04:00,87.645029,4766.0,1.3550000190734863,1.3437000513076782
DRMA,2026-08-12 11:52:00-04:00,2026-08-12 11:53:27.645029-04:00,27.645029,9942.0,1.3450000286102295,1.3450000286102295
DRMA,2026-08-12 11:53:00-04:00,2026-08-12 11:53:27.645029-04:00,-32.354971,0.0,1.3450000286102295,1.3450000286102295
VLN,2026-08-12 11:47:00-04:00,2026-08-12 11:53:27.645029-04:00,327.645029,413.0,1.815000057220459,1.8134000301361084
VLN,2026-08-12 11:48:00-04:00,2026-08-12 11:53:27.645029-04:00,267.645029,2844.0,1.815000057220459,1.815000057220459
VLN,2026-08-12 11:49:00-04:00,2026-08-12 11:53:27.645029-04:00,207.645029,3742.0,1.815000057220459,1.815000057220459
VLN,2026-08-12 11:50:00-04:00,2026-08-12 11:53:27.645029-04:00,147.645029,4159.0,1.8200000524520874,1.8200000524520874
VLN,2026-08-12 11:51:00-04:00,2026-08-12 11:53:27.645029-04:00,87.645029,342.0,1.8300000429153442,1.8300000429153442
VLN,2026-08-12 11:53:00-04:00,2026-08-12 11:53:27.645029-04:00,-32.354971,0.0,1.8250000476837158,1.8250000476837158
GRWG,2026-08-12 11:47:00-04:00,2026-08-12 11:53:27.645029-04:00,327.645029,19527.0,1.9049999713897705,1.8849999904632568
GRWG,2026-08-12 11:48:00-04:00,2026-08-12 11:53:27.645029-04:00,267.645029,9210.0,1.8849999904632568,1.8899999856948853
GRWG,2026-08-12 11:50:00-04:00,2026-08-12 11:53:27.645029-04:00,147.645029,13924.0,1.8799999952316284,1.8799999952316284
GRWG,2026-08-12 11:51:00-04:00,2026-08-12 11:53:27.645029-04:00,87.645029,3210.0,1.8707000017166138,1.8701000213623047
GRWG,2026-08-12 11:52:00-04:00,2026-08-12 11:53:27.645029-04:00,27.645029,2434.0,1.8726999759674072,1.8789000511169434
GRWG,2026-08-12 11:53:00-04:00,2026-08-12 11:53:27.645029-04:00,-32.354971,0.0,1.8760000467300415,1.8760000467300415
ENHA,2026-08-12 11:47:00-04:00,2026-08-12 11:53:27.645029-04:00,327.645029,13273.0,2.174999952316284,2.174999952316284
ENHA,2026-08-12 11:48:00-04:00,2026-08-12 11:53:27.645029-04:00,267.645029,363.0,2.174999952316284,2.174999952316284
ENHA,2026-08-12 11:50:00-04:00,2026-08-12 11:53:27.645029-04:00,147.645029,5058.0,2.1791000366210938,2.174999952316284
ENHA,2026-08-12 11:51:00-04:00,2026-08-12 11:53:27.645029-04:00,87.645029,108.0,2.174999952316284,2.174999952316284
ENHA,2026-08-12 11:52:00-04:00,2026-08-12 11:53:27.645029-04:00,27.645029,28589.0,2.174999952316284,2.184999942779541
ENHA,2026-08-12 11:53:00-04:00,2026-08-12 11:53:27.645029-04:00,-32.354971,0.0,2.20989990234375,2.20989990234375
REBN,2026-08-12 11:01:00-04:00,2026-08-12 11:53:27.645029-04:00,3087.645029,11.0,1.5038000345230103,1.5038000345230103
REBN,2026-08-12 11:04:00-04:00,2026-08-12 11:53:27.645029-04:00,2907.645029,1111.0,1.5099999904632568,1.4900000095367432
REBN,2026-08-12 11:12:00-04:00,2026-08-12 11:53:27.645029-04:00,2427.645029,1109.0,1.5149999856948853,1.5149999856948853
REBN,2026-08-12 11:14:00-04:00,2026-08-12 11:53:27.645029-04:00,2307.645029,221.0,1.5,1.5
REBN,2026-08-12 11:34:00-04:00,2026-08-12 11:53:27.645029-04:00,1107.645029,119.0,1.4800000190734863,1.4800000190734863
REBN,2026-08-12 11:38:00-04:00,2026-08-12 11:53:27.645029-04:00,867.645029,0.0,1.4600000381469727,1.4600000381469727
MXCT,2026-08-12 11:45:00-04:00,2026-08-12 11:53:27.645029-04:00,447.645029,1487.0,1.2450000047683716,1.25
MXCT,2026-08-12 11:46:00-04:00,2026-08-12 11:53:27.645029-04:00,387.645029,1460.0,1.2450000047683716,1.25
MXCT,2026-08-12 11:47:00-04:00,2026-08-12 11:53:27.645029-04:00,327.645029,2654.0,1.2450000047683716,1.2450000047683716
MXCT,2026-08-12 11:48:00-04:00,2026-08-12 11:53:27.645029-04:00,267.645029,224.0,1.2404999732971191,1.2404999732971191
MXCT,2026-08-12 11:49:00-04:00,2026-08-12 11:53:27.645029-04:00,207.645029,2559.0,1.2450000047683716,1.2450000047683716
MXCT,2026-08-12 11:52:00-04:00,2026-08-12 11:53:27.645029-04:00,27.645029,0.0,1.2450000047683716,1.2450000047683716
BIVI,2026-08-12 11:48:00-04:00,2026-08-12 11:53:27.645029-04:00,267.645029,261744.0,1.8349000215530396,1.7533999681472778
BIVI,2026-08-12 11:49:00-04:00,2026-08-12 11:53:27.645029-04:00,207.645029,147708.0,1.7549999952316284,1.784999966621399
BIVI,2026-08-12 11:50:00-04:00,2026-08-12 11:53:27.645029-04:00,147.645029,91899.0,1.781000018119812,1.7599999904632568
BIVI,2026-08-12 11:51:00-04:00,2026-08-12 11:53:27.645029-04:00,87.645029,77774.0,1.7649999856948853,1.7799999713897705
BIVI,2026-08-12 11:52:00-04:00,2026-08-12 11:53:27.645029-04:00,27.645029,125883.0,1.7790000438690186,1.7800999879837036
BIVI,2026-08-12 11:53:00-04:00,2026-08-12 11:53:27.645029-04:00,-32.354971,0.0,1.7949999570846558,1.7949999570846558
VLN,2026-08-12 11:47:00-04:00,2026-08-12 11:53:47.687943-04:00,347.687943,413.0,1.815000057220459,1.8134000301361084
VLN,2026-08-12 11:48:00-04:00,2026-08-12 11:53:47.687943-04:00,287.687943,2844.0,1.815000057220459,1.815000057220459
VLN,2026-08-12 11:49:00-04:00,2026-08-12 11:53:47.687943-04:00,227.687943,3742.0,1.815000057220459,1.815000057220459
VLN,2026-08-12 11:50:00-04:00,2026-08-12 11:53:47.687943-04:00,167.687943,4159.0,1.8200000524520874,1.8200000524520874
VLN,2026-08-12 11:51:00-04:00,2026-08-12 11:53:47.687943-04:00,107.687943,342.0,1.8300000429153442,1.8300000429153442
VLN,2026-08-12 11:53:00-04:00,2026-08-12 11:53:47.687943-04:00,-12.312057,0.0,1.8288999795913696,1.8288999795913696
BIVI,2026-08-12 11:48:00-04:00,2026-08-12 11:53:47.687943-04:00,287.687943,261744.0,1.8349000215530396,1.7533999681472778
BIVI,2026-08-12 11:49:00-04:00,2026-08-12 11:53:47.687943-04:00,227.687943,147708.0,1.7549999952316284,1.784999966621399
BIVI,2026-08-12 11:50:00-04:00,2026-08-12 11:53:47.687943-04:00,167.687943,91899.0,1.781000018119812,1.7599999904632568
BIVI,2026-08-12 11:51:00-04:00,2026-08-12 11:53:47.687943-04:00,107.687943,77774.0,1.7649999856948853,1.7799999713897705
BIVI,2026-08-12 11:52:00-04:00,2026-08-12 11:53:47.687943-04:00,47.687943,125883.0,1.7790000438690186,1.7800999879837036
BIVI,2026-08-12 11:53:00-04:00,2026-08-12 11:53:47.687943-04:00,-12.312057,0.0,1.7597999572753906,1.7597999572753906
REBN,2026-08-12 11:01:00-04:00,2026-08-12 11:53:47.687943-04:00,3107.687943,11.0,1.5038000345230103,1.5038000345230103
REBN,2026-08-12 11:04:00-04:00,2026-08-12 11:53:47.687943-04:00,2927.687943,1111.0,1.5099999904632568,1.4900000095367432
REBN,2026-08-12 11:12:00-04:00,2026-08-12 11:53:47.687943-04:00,2447.687943,1109.0,1.5149999856948853,1.5149999856948853
REBN,2026-08-12 11:14:00-04:00,2026-08-12 11:53:47.687943-04:00,2327.687943,221.0,1.5,1.5
REBN,2026-08-12 11:34:00-04:00,2026-08-12 11:53:47.687943-04:00,1127.687943,119.0,1.4800000190734863,1.4800000190734863
REBN,2026-08-12 11:38:00-04:00,2026-08-12 11:53:47.687943-04:00,887.687943,0.0,1.4600000381469727,1.4600000381469727
FEMY,2026-08-12 11:24:00-04:00,2026-08-12 11:53:47.687943-04:00,1727.687943,7013.0,2.325000047683716,2.3299999237060547
FEMY,2026-08-12 11:25:00-04:00,2026-08-12 11:53:47.687943-04:00,1667.687943,45332.0,2.3299999237060547,2.240000009536743
FEMY,2026-08-12 11:26:00-04:00,2026-08-12 11:53:47.687943-04:00,1607.687943,10702.0,2.240000009536743,2.240000009536743
FEMY,2026-08-12 11:27:00-04:00,2026-08-12 11:53:47.687943-04:00,1547.687943,690.0,2.2699999809265137,2.2699999809265137
FEMY,2026-08-12 11:38:00-04:00,2026-08-12 11:53:47.687943-04:00,887.687943,103.0,2.309999942779541,2.309999942779541
FEMY,2026-08-12 11:40:00-04:00,2026-08-12 11:53:47.687943-04:00,767.687943,0.0,2.319999933242798,2.319999933242798
GRWG,2026-08-12 11:47:00-04:00,2026-08-12 11:53:47.687943-04:00,347.687943,19527.0,1.9049999713897705,1.8849999904632568
GRWG,2026-08-12 11:48:00-04:00,2026-08-12 11:53:47.687943-04:00,287.687943,9210.0,1.8849999904632568,1.8899999856948853
GRWG,2026-08-12 11:50:00-04:00,2026-08-12 11:53:47.687943-04:00,167.687943,13924.0,1.8799999952316284,1.8799999952316284
GRWG,2026-08-12 11:51:00-04:00,2026-08-12 11:53:47.687943-04:00,107.687943,3210.0,1.8707000017166138,1.8701000213623047
GRWG,2026-08-12 11:52:00-04:00,2026-08-12 11:53:47.687943-04:00,47.687943,2434.0,1.8726999759674072,1.8789000511169434
GRWG,2026-08-12 11:53:00-04:00,2026-08-12 11:53:47.687943-04:00,-12.312057,0.0,1.8849999904632568,1.8849999904632568
MXCT,2026-08-12 11:45:00-04:00,2026-08-12 11:53:47.687943-04:00,467.687943,1487.0,1.2450000047683716,1.25
MXCT,2026-08-12 11:46:00-04:00,2026-08-12 11:53:47.687943-04:00,407.687943,1460.0,1.2450000047683716,1.25
MXCT,2026-08-12 11:47:00-04:00,2026-08-12 11:53:47.687943-04:00,347.687943,2654.0,1.2450000047683716,1.2450000047683716
MXCT,2026-08-12 11:48:00-04:00,2026-08-12 11:53:47.687943-04:00,287.687943,224.0,1.2404999732971191,1.2404999732971191
MXCT,2026-08-12 11:49:00-04:00,2026-08-12 11:53:47.687943-04:00,227.687943,2559.0,1.2450000047683716,1.2450000047683716
MXCT,2026-08-12 11:52:00-04:00,2026-08-12 11:53:47.687943-04:00,47.687943,0.0,1.2450000047683716,1.2450000047683716
ENHA,2026-08-12 11:47:00-04:00,2026-08-12 11:53:47.687943-04:00,347.687943,13273.0,2.174999952316284,2.174999952316284
ENHA,2026-08-12 11:48:00-04:00,2026-08-12 11:53:47.687943-04:00,287.687943,363.0,2.174999952316284,2.174999952316284
ENHA,2026-08-12 11:50:00-04:00,2026-08-12 11:53:47.687943-04:00,167.687943,5058.0,2.1791000366210938,2.174999952316284
ENHA,2026-08-12 11:51:00-04:00,2026-08-12 11:53:47.687943-04:00,107.687943,108.0,2.174999952316284,2.174999952316284
ENHA,2026-08-12 11:52:00-04:00,2026-08-12 11:53:47.687943-04:00,47.687943,28589.0,2.174999952316284,2.184999942779541
ENHA,2026-08-12 11:53:00-04:00,2026-08-12 11:53:47.687943-04:00,-12.312057,0.0,2.200000047683716,2.200000047683716
DRMA,2026-08-12 11:48:00-04:00,2026-08-12 11:53:47.687943-04:00,287.687943,5472.0,1.3250000476837158,1.3200000524520874
DRMA,2026-08-12 11:49:00-04:00,2026-08-12 11:53:47.687943-04:00,227.687943,1957.0,1.320099949836731,1.3202999830245972
DRMA,2026-08-12 11:50:00-04:00,2026-08-12 11:53:47.687943-04:00,167.687943,36824.0,1.3300000429153442,1.3588999509811401
DRMA,2026-08-12 11:51:00-04:00,2026-08-12 11:53:47.687943-04:00,107.687943,4766.0,1.3550000190734863,1.3437000513076782
DRMA,2026-08-12 11:52:00-04:00,2026-08-12 11:53:47.687943-04:00,47.687943,9942.0,1.3450000286102295,1.3450000286102295
DRMA,2026-08-12 11:53:00-04:00,2026-08-12 11:53:47.687943-04:00,-12.312057,0.0,1.350000023841858,1.350000023841858
BIVI,2026-08-12 11:49:00-04:00,2026-08-12 11:54:07.742967-04:00,247.742967,147708.0,1.7549999952316284,1.784999966621399
BIVI,2026-08-12 11:50:00-04:00,2026-08-12 11:54:07.742967-04:00,187.742967,91899.0,1.781000018119812,1.7599999904632568
BIVI,2026-08-12 11:51:00-04:00,2026-08-12 11:54:07.742967-04:00,127.742967,77774.0,1.7649999856948853,1.7799999713897705
BIVI,2026-08-12 11:52:00-04:00,2026-08-12 11:54:07.742967-04:00,67.742967,125883.0,1.7790000438690186,1.7800999879837036
BIVI,2026-08-12 11:53:00-04:00,2026-08-12 11:54:07.742967-04:00,7.742967,92024.0,1.7825000286102295,1.7649999856948853
BIVI,2026-08-12 11:54:00-04:00,2026-08-12 11:54:07.742967-04:00,-52.257033,0.0,1.7700999975204468,1.7700999975204468
REBN,2026-08-12 11:01:00-04:00,2026-08-12 11:54:07.742967-04:00,3127.742967,11.0,1.5038000345230103,1.5038000345230103
REBN,2026-08-12 11:04:00-04:00,2026-08-12 11:54:07.742967-04:00,2947.742967,1111.0,1.5099999904632568,1.4900000095367432
REBN,2026-08-12 11:12:00-04:00,2026-08-12 11:54:07.742967-04:00,2467.742967,1109.0,1.5149999856948853,1.5149999856948853
REBN,2026-08-12 11:14:00-04:00,2026-08-12 11:54:07.742967-04:00,2347.742967,221.0,1.5,1.5
REBN,2026-08-12 11:34:00-04:00,2026-08-12 11:54:07.742967-04:00,1147.742967,119.0,1.4800000190734863,1.4800000190734863
REBN,2026-08-12 11:38:00-04:00,2026-08-12 11:54:07.742967-04:00,907.742967,0.0,1.4600000381469727,1.4600000381469727
GRWG,2026-08-12 11:47:00-04:00,2026-08-12 11:54:07.742967-04:00,367.742967,19527.0,1.9049999713897705,1.8849999904632568
GRWG,2026-08-12 11:48:00-04:00,2026-08-12 11:54:07.742967-04:00,307.742967,9210.0,1.8849999904632568,1.8899999856948853
GRWG,2026-08-12 11:50:00-04:00,2026-08-12 11:54:07.742967-04:00,187.742967,13924.0,1.8799999952316284,1.8799999952316284
GRWG,2026-08-12 11:51:00-04:00,2026-08-12 11:54:07.742967-04:00,127.742967,3210.0,1.8707000017166138,1.8701000213623047
GRWG,2026-08-12 11:52:00-04:00,2026-08-12 11:54:07.742967-04:00,67.742967,2434.0,1.8726999759674072,1.8789000511169434
GRWG,2026-08-12 11:53:00-04:00,2026-08-12 11:54:07.742967-04:00,7.742967,0.0,1.8849999904632568,1.8849999904632568
VLN,2026-08-12 11:47:00-04:00,2026-08-12 11:54:07.742967-04:00,367.742967,413.0,1.815000057220459,1.8134000301361084
VLN,2026-08-12 11:48:00-04:00,2026-08-12 11:54:07.742967-04:00,307.742967,2844.0,1.815000057220459,1.815000057220459
VLN,2026-08-12 11:49:00-04:00,2026-08-12 11:54:07.742967-04:00,247.742967,3742.0,1.815000057220459,1.815000057220459
VLN,2026-08-12 11:50:00-04:00,2026-08-12 11:54:07.742967-04:00,187.742967,4159.0,1.8200000524520874,1.8200000524520874
VLN,2026-08-12 11:51:00-04:00,2026-08-12 11:54:07.742967-04:00,127.742967,342.0,1.8300000429153442,1.8300000429153442
VLN,2026-08-12 11:53:00-04:00,2026-08-12 11:54:07.742967-04:00,7.742967,0.0,1.8288999795913696,1.8288999795913696
DRMA,2026-08-12 11:48:00-04:00,2026-08-12 11:54:07.742967-04:00,307.742967,5472.0,1.3250000476837158,1.3200000524520874
DRMA,2026-08-12 11:49:00-04:00,2026-08-12 11:54:07.742967-04:00,247.742967,1957.0,1.320099949836731,1.3202999830245972
DRMA,2026-08-12 11:50:00-04:00,2026-08-12 11:54:07.742967-04:00,187.742967,36824.0,1.3300000429153442,1.3588999509811401
DRMA,2026-08-12 11:51:00-04:00,2026-08-12 11:54:07.742967-04:00,127.742967,4766.0,1.3550000190734863,1.3437000513076782
DRMA,2026-08-12 11:52:00-04:00,2026-08-12 11:54:07.742967-04:00,67.742967,9942.0,1.3450000286102295,1.3450000286102295
DRMA,2026-08-12 11:53:00-04:00,2026-08-12 11:54:07.742967-04:00,7.742967,0.0,1.351199984550476,1.351199984550476
FEMY,2026-08-12 11:24:00-04:00,2026-08-12 11:54:07.742967-04:00,1747.742967,7013.0,2.325000047683716,2.3299999237060547
FEMY,2026-08-12 11:25:00-04:00,2026-08-12 11:54:07.742967-04:00,1687.742967,45332.0,2.3299999237060547,2.240000009536743
FEMY,2026-08-12 11:26:00-04:00,2026-08-12 11:54:07.742967-04:00,1627.742967,10702.0,2.240000009536743,2.240000009536743
FEMY,2026-08-12 11:27:00-04:00,2026-08-12 11:54:07.742967-04:00,1567.742967,690.0,2.2699999809265137,2.2699999809265137
FEMY,2026-08-12 11:38:00-04:00,2026-08-12 11:54:07.742967-04:00,907.742967,103.0,2.309999942779541,2.309999942779541
FEMY,2026-08-12 11:40:00-04:00,2026-08-12 11:54:07.742967-04:00,787.742967,0.0,2.319999933242798,2.319999933242798
MXCT,2026-08-12 11:45:00-04:00,2026-08-12 11:54:07.742967-04:00,487.742967,1487.0,1.2450000047683716,1.25
MXCT,2026-08-12 11:46:00-04:00,2026-08-12 11:54:07.742967-04:00,427.742967,1460.0,1.2450000047683716,1.25
MXCT,2026-08-12 11:47:00-04:00,2026-08-12 11:54:07.742967-04:00,367.742967,2654.0,1.2450000047683716,1.2450000047683716
MXCT,2026-08-12 11:48:00-04:00,2026-08-12 11:54:07.742967-04:00,307.742967,224.0,1.2404999732971191,1.2404999732971191
MXCT,2026-08-12 11:49:00-04:00,2026-08-12 11:54:07.742967-04:00,247.742967,2559.0,1.2450000047683716,1.2450000047683716
MXCT,2026-08-12 11:52:00-04:00,2026-08-12 11:54:07.742967-04:00,67.742967,0.0,1.2450000047683716,1.2450000047683716
ENHA,2026-08-12 11:47:00-04:00,2026-08-12 11:54:07.742967-04:00,367.742967,13273.0,2.174999952316284,2.174999952316284
ENHA,2026-08-12 11:48:00-04:00,2026-08-12 11:54:07.742967-04:00,307.742967,363.0,2.174999952316284,2.174999952316284
ENHA,2026-08-12 11:50:00-04:00,2026-08-12 11:54:07.742967-04:00,187.742967,5058.0,2.1791000366210938,2.174999952316284
ENHA,2026-08-12 11:51:00-04:00,2026-08-12 11:54:07.742967-04:00,127.742967,108.0,2.174999952316284,2.174999952316284
ENHA,2026-08-12 11:52:00-04:00,2026-08-12 11:54:07.742967-04:00,67.742967,28589.0,2.174999952316284,2.184999942779541
ENHA,2026-08-12 11:53:00-04:00,2026-08-12 11:54:07.742967-04:00,7.742967,0.0,2.200000047683716,2.200000047683716
BIVI,2026-08-12 11:49:00-04:00,2026-08-12 11:54:27.786192-04:00,267.786192,147708.0,1.7549999952316284,1.784999966621399
BIVI,2026-08-12 11:50:00-04:00,2026-08-12 11:54:27.786192-04:00,207.786192,91899.0,1.781000018119812,1.7599999904632568
BIVI,2026-08-12 11:51:00-04:00,2026-08-12 11:54:27.786192-04:00,147.786192,77774.0,1.7649999856948853,1.7799999713897705
BIVI,2026-08-12 11:52:00-04:00,2026-08-12 11:54:27.786192-04:00,87.786192,125883.0,1.7790000438690186,1.7800999879837036
BIVI,2026-08-12 11:53:00-04:00,2026-08-12 11:54:27.786192-04:00,27.786192,92024.0,1.7825000286102295,1.7649999856948853
BIVI,2026-08-12 11:54:00-04:00,2026-08-12 11:54:27.786192-04:00,-32.213808,0.0,1.7599999904632568,1.7599999904632568
FEMY,2026-08-12 11:24:00-04:00,2026-08-12 11:54:27.786192-04:00,1767.786192,7013.0,2.325000047683716,2.3299999237060547
FEMY,2026-08-12 11:25:00-04:00,2026-08-12 11:54:27.786192-04:00,1707.786192,45332.0,2.3299999237060547,2.240000009536743
FEMY,2026-08-12 11:26:00-04:00,2026-08-12 11:54:27.786192-04:00,1647.786192,10702.0,2.240000009536743,2.240000009536743
FEMY,2026-08-12 11:27:00-04:00,2026-08-12 11:54:27.786192-04:00,1587.786192,690.0,2.2699999809265137,2.2699999809265137
FEMY,2026-08-12 11:38:00-04:00,2026-08-12 11:54:27.786192-04:00,927.786192,103.0,2.309999942779541,2.309999942779541
FEMY,2026-08-12 11:40:00-04:00,2026-08-12 11:54:27.786192-04:00,807.786192,0.0,2.319999933242798,2.319999933242798
DRMA,2026-08-12 11:48:00-04:00,2026-08-12 11:54:27.786192-04:00,327.786192,5472.0,1.3250000476837158,1.3200000524520874
DRMA,2026-08-12 11:49:00-04:00,2026-08-12 11:54:27.786192-04:00,267.786192,1957.0,1.320099949836731,1.3202999830245972
DRMA,2026-08-12 11:50:00-04:00,2026-08-12 11:54:27.786192-04:00,207.786192,36824.0,1.3300000429153442,1.3588999509811401
DRMA,2026-08-12 11:51:00-04:00,2026-08-12 11:54:27.786192-04:00,147.786192,4766.0,1.3550000190734863,1.3437000513076782
DRMA,2026-08-12 11:52:00-04:00,2026-08-12 11:54:27.786192-04:00,87.786192,9942.0,1.3450000286102295,1.3450000286102295
DRMA,2026-08-12 11:53:00-04:00,2026-08-12 11:54:27.786192-04:00,27.786192,0.0,1.351199984550476,1.351199984550476
MXCT,2026-08-12 11:46:00-04:00,2026-08-12 11:54:27.786192-04:00,447.786192,1460.0,1.2450000047683716,1.25
MXCT,2026-08-12 11:47:00-04:00,2026-08-12 11:54:27.786192-04:00,387.786192,2654.0,1.2450000047683716,1.2450000047683716
MXCT,2026-08-12 11:48:00-04:00,2026-08-12 11:54:27.786192-04:00,327.786192,224.0,1.2404999732971191,1.2404999732971191
MXCT,2026-08-12 11:49:00-04:00,2026-08-12 11:54:27.786192-04:00,267.786192,2559.0,1.2450000047683716,1.2450000047683716
MXCT,2026-08-12 11:52:00-04:00,2026-08-12 11:54:27.786192-04:00,87.786192,814.0,1.2450000047683716,1.2450000047683716
MXCT,2026-08-12 11:54:00-04:00,2026-08-12 11:54:27.786192-04:00,-32.213808,0.0,1.2410999536514282,1.2410999536514282
ENHA,2026-08-12 11:47:00-04:00,2026-08-12 11:54:27.786192-04:00,387.786192,13273.0,2.174999952316284,2.174999952316284
ENHA,2026-08-12 11:48:00-04:00,2026-08-12 11:54:27.786192-04:00,327.786192,363.0,2.174999952316284,2.174999952316284
ENHA,2026-08-12 11:50:00-04:00,2026-08-12 11:54:27.786192-04:00,207.786192,5058.0,2.1791000366210938,2.174999952316284
ENHA,2026-08-12 11:51:00-04:00,2026-08-12 11:54:27.786192-04:00,147.786192,108.0,2.174999952316284,2.174999952316284
ENHA,2026-08-12 11:52:00-04:00,2026-08-12 11:54:27.786192-04:00,87.786192,28589.0,2.174999952316284,2.184999942779541
ENHA,2026-08-12 11:53:00-04:00,2026-08-12 11:54:27.786192-04:00,27.786192,0.0,2.200000047683716,2.200000047683716
VLN,2026-08-12 11:47:00-04:00,2026-08-12 11:54:27.786192-04:00,387.786192,413.0,1.815000057220459,1.8134000301361084
VLN,2026-08-12 11:48:00-04:00,2026-08-12 11:54:27.786192-04:00,327.786192,2844.0,1.815000057220459,1.815000057220459
VLN,2026-08-12 11:49:00-04:00,2026-08-12 11:54:27.786192-04:00,267.786192,3742.0,1.815000057220459,1.815000057220459
VLN,2026-08-12 11:50:00-04:00,2026-08-12 11:54:27.786192-04:00,207.786192,4159.0,1.8200000524520874,1.8200000524520874
VLN,2026-08-12 11:51:00-04:00,2026-08-12 11:54:27.786192-04:00,147.786192,342.0,1.8300000429153442,1.8300000429153442
VLN,2026-08-12 11:53:00-04:00,2026-08-12 11:54:27.786192-04:00,27.786192,0.0,1.8288999795913696,1.8288999795913696
REBN,2026-08-12 11:01:00-04:00,2026-08-12 11:54:27.786192-04:00,3147.786192,11.0,1.5038000345230103,1.5038000345230103
REBN,2026-08-12 11:04:00-04:00,2026-08-12 11:54:27.786192-04:00,2967.786192,1111.0,1.5099999904632568,1.4900000095367432
REBN,2026-08-12 11:12:00-04:00,2026-08-12 11:54:27.786192-04:00,2487.786192,1109.0,1.5149999856948853,1.5149999856948853
REBN,2026-08-12 11:14:00-04:00,2026-08-12 11:54:27.786192-04:00,2367.786192,221.0,1.5,1.5
REBN,2026-08-12 11:34:00-04:00,2026-08-12 11:54:27.786192-04:00,1167.786192,119.0,1.4800000190734863,1.4800000190734863
REBN,2026-08-12 11:38:00-04:00,2026-08-12 11:54:27.786192-04:00,927.786192,0.0,1.4600000381469727,1.4600000381469727
GRWG,2026-08-12 11:47:00-04:00,2026-08-12 11:54:27.786192-04:00,387.786192,19527.0,1.9049999713897705,1.8849999904632568
GRWG,2026-08-12 11:48:00-04:00,2026-08-12 11:54:27.786192-04:00,327.786192,9210.0,1.8849999904632568,1.8899999856948853
GRWG,2026-08-12 11:50:00-04:00,2026-08-12 11:54:27.786192-04:00,207.786192,13924.0,1.8799999952316284,1.8799999952316284
GRWG,2026-08-12 11:51:00-04:00,2026-08-12 11:54:27.786192-04:00,147.786192,3210.0,1.8707000017166138,1.8701000213623047
GRWG,2026-08-12 11:52:00-04:00,2026-08-12 11:54:27.786192-04:00,87.786192,2434.0,1.8726999759674072,1.8789000511169434
GRWG,2026-08-12 11:53:00-04:00,2026-08-12 11:54:27.786192-04:00,27.786192,0.0,1.8849999904632568,1.8849999904632568
REBN,2026-08-12 11:01:00-04:00,2026-08-12 11:54:47.830598-04:00,3167.830598,11.0,1.5038000345230103,1.5038000345230103
REBN,2026-08-12 11:04:00-04:00,2026-08-12 11:54:47.830598-04:00,2987.830598,1111.0,1.5099999904632568,1.4900000095367432
REBN,2026-08-12 11:12:00-04:00,2026-08-12 11:54:47.830598-04:00,2507.830598,1109.0,1.5149999856948853,1.5149999856948853
REBN,2026-08-12 11:14:00-04:00,2026-08-12 11:54:47.830598-04:00,2387.830598,221.0,1.5,1.5
REBN,2026-08-12 11:34:00-04:00,2026-08-12 11:54:47.830598-04:00,1187.830598,119.0,1.4800000190734863,1.4800000190734863
REBN,2026-08-12 11:38:00-04:00,2026-08-12 11:54:47.830598-04:00,947.830598,0.0,1.4600000381469727,1.4600000381469727
MXCT,2026-08-12 11:46:00-04:00,2026-08-12 11:54:47.830598-04:00,467.830598,1460.0,1.2450000047683716,1.25
MXCT,2026-08-12 11:47:00-04:00,2026-08-12 11:54:47.830598-04:00,407.830598,2654.0,1.2450000047683716,1.2450000047683716
MXCT,2026-08-12 11:48:00-04:00,2026-08-12 11:54:47.830598-04:00,347.830598,224.0,1.2404999732971191,1.2404999732971191
MXCT,2026-08-12 11:49:00-04:00,2026-08-12 11:54:47.830598-04:00,287.830598,2559.0,1.2450000047683716,1.2450000047683716
MXCT,2026-08-12 11:52:00-04:00,2026-08-12 11:54:47.830598-04:00,107.830598,814.0,1.2450000047683716,1.2450000047683716
MXCT,2026-08-12 11:54:00-04:00,2026-08-12 11:54:47.830598-04:00,-12.169402,0.0,1.2410999536514282,1.2410999536514282
DRMA,2026-08-12 11:49:00-04:00,2026-08-12 11:54:47.830598-04:00,287.830598,1957.0,1.320099949836731,1.3202999830245972
DRMA,2026-08-12 11:50:00-04:00,2026-08-12 11:54:47.830598-04:00,227.830598,36824.0,1.3300000429153442,1.3588999509811401
DRMA,2026-08-12 11:51:00-04:00,2026-08-12 11:54:47.830598-04:00,167.830598,4766.0,1.3550000190734863,1.3437000513076782
DRMA,2026-08-12 11:52:00-04:00,2026-08-12 11:54:47.830598-04:00,107.830598,9942.0,1.3450000286102295,1.3450000286102295
DRMA,2026-08-12 11:53:00-04:00,2026-08-12 11:54:47.830598-04:00,47.830598,11606.0,1.3489999771118164,1.351199984550476
DRMA,2026-08-12 11:54:00-04:00,2026-08-12 11:54:47.830598-04:00,-12.169402,0.0,1.350000023841858,1.350000023841858
GRWG,2026-08-12 11:47:00-04:00,2026-08-12 11:54:47.830598-04:00,407.830598,19527.0,1.9049999713897705,1.8849999904632568
GRWG,2026-08-12 11:48:00-04:00,2026-08-12 11:54:47.830598-04:00,347.830598,9210.0,1.8849999904632568,1.8899999856948853
GRWG,2026-08-12 11:50:00-04:00,2026-08-12 11:54:47.830598-04:00,227.830598,13924.0,1.8799999952316284,1.8799999952316284
GRWG,2026-08-12 11:51:00-04:00,2026-08-12 11:54:47.830598-04:00,167.830598,3210.0,1.8707000017166138,1.8701000213623047
GRWG,2026-08-12 11:52:00-04:00,2026-08-12 11:54:47.830598-04:00,107.830598,2434.0,1.8726999759674072,1.8789000511169434
GRWG,2026-08-12 11:53:00-04:00,2026-08-12 11:54:47.830598-04:00,47.830598,0.0,1.8849999904632568,1.8849999904632568
FEMY,2026-08-12 11:24:00-04:00,2026-08-12 11:54:47.830598-04:00,1787.830598,7013.0,2.325000047683716,2.3299999237060547
FEMY,2026-08-12 11:25:00-04:00,2026-08-12 11:54:47.830598-04:00,1727.830598,45332.0,2.3299999237060547,2.240000009536743
FEMY,2026-08-12 11:26:00-04:00,2026-08-12 11:54:47.830598-04:00,1667.830598,10702.0,2.240000009536743,2.240000009536743
FEMY,2026-08-12 11:27:00-04:00,2026-08-12 11:54:47.830598-04:00,1607.830598,690.0,2.2699999809265137,2.2699999809265137
FEMY,2026-08-12 11:38:00-04:00,2026-08-12 11:54:47.830598-04:00,947.830598,103.0,2.309999942779541,2.309999942779541
FEMY,2026-08-12 11:40:00-04:00,2026-08-12 11:54:47.830598-04:00,827.830598,0.0,2.319999933242798,2.319999933242798
ENHA,2026-08-12 11:47:00-04:00,2026-08-12 11:54:47.830598-04:00,407.830598,13273.0,2.174999952316284,2.174999952316284
ENHA,2026-08-12 11:48:00-04:00,2026-08-12 11:54:47.830598-04:00,347.830598,363.0,2.174999952316284,2.174999952316284
ENHA,2026-08-12 11:50:00-04:00,2026-08-12 11:54:47.830598-04:00,227.830598,5058.0,2.1791000366210938,2.174999952316284
ENHA,2026-08-12 11:51:00-04:00,2026-08-12 11:54:47.830598-04:00,167.830598,108.0,2.174999952316284,2.174999952316284
ENHA,2026-08-12 11:52:00-04:00,2026-08-12 11:54:47.830598-04:00,107.830598,28589.0,2.174999952316284,2.184999942779541
ENHA,2026-08-12 11:53:00-04:00,2026-08-12 11:54:47.830598-04:00,47.830598,0.0,2.200000047683716,2.200000047683716
VLN,2026-08-12 11:47:00-04:00,2026-08-12 11:54:47.830598-04:00,407.830598,413.0,1.815000057220459,1.8134000301361084
VLN,2026-08-12 11:48:00-04:00,2026-08-12 11:54:47.830598-04:00,347.830598,2844.0,1.815000057220459,1.815000057220459
VLN,2026-08-12 11:49:00-04:00,2026-08-12 11:54:47.830598-04:00,287.830598,3742.0,1.815000057220459,1.815000057220459
VLN,2026-08-12 11:50:00-04:00,2026-08-12 11:54:47.830598-04:00,227.830598,4159.0,1.8200000524520874,1.8200000524520874
VLN,2026-08-12 11:51:00-04:00,2026-08-12 11:54:47.830598-04:00,167.830598,342.0,1.8300000429153442,1.8300000429153442
VLN,2026-08-12 11:53:00-04:00,2026-08-12 11:54:47.830598-04:00,47.830598,0.0,1.8288999795913696,1.8288999795913696
BIVI,2026-08-12 11:49:00-04:00,2026-08-12 11:54:47.830598-04:00,287.830598,147708.0,1.7549999952316284,1.784999966621399
BIVI,2026-08-12 11:50:00-04:00,2026-08-12 11:54:47.830598-04:00,227.830598,91899.0,1.781000018119812,1.7599999904632568
BIVI,2026-08-12 11:51:00-04:00,2026-08-12 11:54:47.830598-04:00,167.830598,77774.0,1.7649999856948853,1.7799999713897705
BIVI,2026-08-12 11:52:00-04:00,2026-08-12 11:54:47.830598-04:00,107.830598,125883.0,1.7790000438690186,1.7800999879837036
BIVI,2026-08-12 11:53:00-04:00,2026-08-12 11:54:47.830598-04:00,47.830598,92024.0,1.7825000286102295,1.7649999856948853
BIVI,2026-08-12 11:54:00-04:00,2026-08-12 11:54:47.830598-04:00,-12.169402,0.0,1.774999976158142,1.774999976158142
MXCT,2026-08-12 11:46:00-04:00,2026-08-12 11:55:07.873869-04:00,487.873869,1460.0,1.2450000047683716,1.25
MXCT,2026-08-12 11:47:00-04:00,2026-08-12 11:55:07.873869-04:00,427.873869,2654.0,1.2450000047683716,1.2450000047683716
MXCT,2026-08-12 11:48:00-04:00,2026-08-12 11:55:07.873869-04:00,367.873869,224.0,1.2404999732971191,1.2404999732971191
MXCT,2026-08-12 11:49:00-04:00,2026-08-12 11:55:07.873869-04:00,307.873869,2559.0,1.2450000047683716,1.2450000047683716
MXCT,2026-08-12 11:52:00-04:00,2026-08-12 11:55:07.873869-04:00,127.873869,814.0,1.2450000047683716,1.2450000047683716
MXCT,2026-08-12 11:54:00-04:00,2026-08-12 11:55:07.873869-04:00,7.873869,0.0,1.2410999536514282,1.2410999536514282
DRMA,2026-08-12 11:50:00-04:00,2026-08-12 11:55:07.873869-04:00,247.873869,36824.0,1.3300000429153442,1.3588999509811401
DRMA,2026-08-12 11:51:00-04:00,2026-08-12 11:55:07.873869-04:00,187.873869,4766.0,1.3550000190734863,1.3437000513076782
DRMA,2026-08-12 11:52:00-04:00,2026-08-12 11:55:07.873869-04:00,127.873869,9942.0,1.3450000286102295,1.3450000286102295
DRMA,2026-08-12 11:53:00-04:00,2026-08-12 11:55:07.873869-04:00,67.873869,11606.0,1.3489999771118164,1.351199984550476
DRMA,2026-08-12 11:54:00-04:00,2026-08-12 11:55:07.873869-04:00,7.873869,1374.0,1.350000023841858,1.3550000190734863
DRMA,2026-08-12 11:55:00-04:00,2026-08-12 11:55:07.873869-04:00,-52.126131,0.0,1.3550000190734863,1.3550000190734863
VLN,2026-08-12 11:47:00-04:00,2026-08-12 11:55:07.873869-04:00,427.873869,413.0,1.815000057220459,1.8134000301361084
VLN,2026-08-12 11:48:00-04:00,2026-08-12 11:55:07.873869-04:00,367.873869,2844.0,1.815000057220459,1.815000057220459
VLN,2026-08-12 11:49:00-04:00,2026-08-12 11:55:07.873869-04:00,307.873869,3742.0,1.815000057220459,1.815000057220459
VLN,2026-08-12 11:50:00-04:00,2026-08-12 11:55:07.873869-04:00,247.873869,4159.0,1.8200000524520874,1.8200000524520874
VLN,2026-08-12 11:51:00-04:00,2026-08-12 11:55:07.873869-04:00,187.873869,342.0,1.8300000429153442,1.8300000429153442
VLN,2026-08-12 11:53:00-04:00,2026-08-12 11:55:07.873869-04:00,67.873869,0.0,1.8288999795913696,1.8288999795913696
GRWG,2026-08-12 11:48:00-04:00,2026-08-12 11:55:07.873869-04:00,367.873869,9210.0,1.8849999904632568,1.8899999856948853
GRWG,2026-08-12 11:50:00-04:00,2026-08-12 11:55:07.873869-04:00,247.873869,13924.0,1.8799999952316284,1.8799999952316284
GRWG,2026-08-12 11:51:00-04:00,2026-08-12 11:55:07.873869-04:00,187.873869,3210.0,1.8707000017166138,1.8701000213623047
GRWG,2026-08-12 11:52:00-04:00,2026-08-12 11:55:07.873869-04:00,127.873869,2434.0,1.8726999759674072,1.8789000511169434
GRWG,2026-08-12 11:53:00-04:00,2026-08-12 11:55:07.873869-04:00,67.873869,9695.0,1.8799999952316284,1.8849999904632568
GRWG,2026-08-12 11:54:00-04:00,2026-08-12 11:55:07.873869-04:00,7.873869,0.0,1.8899999856948853,1.8899999856948853
BIVI,2026-08-12 11:50:00-04:00,2026-08-12 11:55:07.873869-04:00,247.873869,91899.0,1.781000018119812,1.7599999904632568
BIVI,2026-08-12 11:51:00-04:00,2026-08-12 11:55:07.873869-04:00,187.873869,77774.0,1.7649999856948853,1.7799999713897705
BIVI,2026-08-12 11:52:00-04:00,2026-08-12 11:55:07.873869-04:00,127.873869,125883.0,1.7790000438690186,1.7800999879837036
BIVI,2026-08-12 11:53:00-04:00,2026-08-12 11:55:07.873869-04:00,67.873869,92024.0,1.7825000286102295,1.7649999856948853
BIVI,2026-08-12 11:54:00-04:00,2026-08-12 11:55:07.873869-04:00,7.873869,66157.0,1.798799991607666,1.798799991607666
BIVI,2026-08-12 11:55:00-04:00,2026-08-12 11:55:07.873869-04:00,-52.126131,0.0,1.774999976158142,1.774999976158142
REBN,2026-08-12 11:01:00-04:00,2026-08-12 11:55:07.873869-04:00,3187.873869,11.0,1.5038000345230103,1.5038000345230103
REBN,2026-08-12 11:04:00-04:00,2026-08-12 11:55:07.873869-04:00,3007.873869,1111.0,1.5099999904632568,1.4900000095367432
REBN,2026-08-12 11:12:00-04:00,2026-08-12 11:55:07.873869-04:00,2527.873869,1109.0,1.5149999856948853,1.5149999856948853
REBN,2026-08-12 11:14:00-04:00,2026-08-12 11:55:07.873869-04:00,2407.873869,221.0,1.5,1.5
REBN,2026-08-12 11:34:00-04:00,2026-08-12 11:55:07.873869-04:00,1207.873869,119.0,1.4800000190734863,1.4800000190734863
REBN,2026-08-12 11:38:00-04:00,2026-08-12 11:55:07.873869-04:00,967.873869,0.0,1.4600000381469727,1.4600000381469727
FEMY,2026-08-12 11:24:00-04:00,2026-08-12 11:55:07.873869-04:00,1807.873869,7013.0,2.325000047683716,2.3299999237060547
FEMY,2026-08-12 11:25:00-04:00,2026-08-12 11:55:07.873869-04:00,1747.873869,45332.0,2.3299999237060547,2.240000009536743
FEMY,2026-08-12 11:26:00-04:00,2026-08-12 11:55:07.873869-04:00,1687.873869,10702.0,2.240000009536743,2.240000009536743
FEMY,2026-08-12 11:27:00-04:00,2026-08-12 11:55:07.873869-04:00,1627.873869,690.0,2.2699999809265137,2.2699999809265137
FEMY,2026-08-12 11:38:00-04:00,2026-08-12 11:55:07.873869-04:00,967.873869,103.0,2.309999942779541,2.309999942779541
FEMY,2026-08-12 11:40:00-04:00,2026-08-12 11:55:07.873869-04:00,847.873869,0.0,2.319999933242798,2.319999933242798
ENHA,2026-08-12 11:47:00-04:00,2026-08-12 11:55:07.873869-04:00,427.873869,13273.0,2.174999952316284,2.174999952316284
ENHA,2026-08-12 11:48:00-04:00,2026-08-12 11:55:07.873869-04:00,367.873869,363.0,2.174999952316284,2.174999952316284
ENHA,2026-08-12 11:50:00-04:00,2026-08-12 11:55:07.873869-04:00,247.873869,5058.0,2.1791000366210938,2.174999952316284
ENHA,2026-08-12 11:51:00-04:00,2026-08-12 11:55:07.873869-04:00,187.873869,108.0,2.174999952316284,2.174999952316284
ENHA,2026-08-12 11:52:00-04:00,2026-08-12 11:55:07.873869-04:00,127.873869,28589.0,2.174999952316284,2.184999942779541
ENHA,2026-08-12 11:53:00-04:00,2026-08-12 11:55:07.873869-04:00,67.873869,0.0,2.200000047683716,2.200000047683716
GRWG,2026-08-12 11:48:00-04:00,2026-08-12 11:55:27.917105-04:00,387.917105,9210.0,1.8849999904632568,1.8899999856948853
GRWG,2026-08-12 11:50:00-04:00,2026-08-12 11:55:27.917105-04:00,267.917105,13924.0,1.8799999952316284,1.8799999952316284
GRWG,2026-08-12 11:51:00-04:00,2026-08-12 11:55:27.917105-04:00,207.917105,3210.0,1.8707000017166138,1.8701000213623047
GRWG,2026-08-12 11:52:00-04:00,2026-08-12 11:55:27.917105-04:00,147.917105,2434.0,1.8726999759674072,1.8789000511169434
GRWG,2026-08-12 11:53:00-04:00,2026-08-12 11:55:27.917105-04:00,87.917105,9695.0,1.8799999952316284,1.8849999904632568
GRWG,2026-08-12 11:54:00-04:00,2026-08-12 11:55:27.917105-04:00,27.917105,0.0,1.8899999856948853,1.8899999856948853
VLN,2026-08-12 11:48:00-04:00,2026-08-12 11:55:27.917105-04:00,387.917105,2844.0,1.815000057220459,1.815000057220459
VLN,2026-08-12 11:49:00-04:00,2026-08-12 11:55:27.917105-04:00,327.917105,3742.0,1.815000057220459,1.815000057220459
VLN,2026-08-12 11:50:00-04:00,2026-08-12 11:55:27.917105-04:00,267.917105,4159.0,1.8200000524520874,1.8200000524520874
VLN,2026-08-12 11:51:00-04:00,2026-08-12 11:55:27.917105-04:00,207.917105,342.0,1.8300000429153442,1.8300000429153442
VLN,2026-08-12 11:53:00-04:00,2026-08-12 11:55:27.917105-04:00,87.917105,4241.0,1.8250000476837158,1.8288999795913696
VLN,2026-08-12 11:55:00-04:00,2026-08-12 11:55:27.917105-04:00,-32.082895,0.0,1.8350000381469727,1.8350000381469727
MXCT,2026-08-12 11:46:00-04:00,2026-08-12 11:55:27.917105-04:00,507.917105,1460.0,1.2450000047683716,1.25
MXCT,2026-08-12 11:47:00-04:00,2026-08-12 11:55:27.917105-04:00,447.917105,2654.0,1.2450000047683716,1.2450000047683716
MXCT,2026-08-12 11:48:00-04:00,2026-08-12 11:55:27.917105-04:00,387.917105,224.0,1.2404999732971191,1.2404999732971191
MXCT,2026-08-12 11:49:00-04:00,2026-08-12 11:55:27.917105-04:00,327.917105,2559.0,1.2450000047683716,1.2450000047683716
MXCT,2026-08-12 11:52:00-04:00,2026-08-12 11:55:27.917105-04:00,147.917105,814.0,1.2450000047683716,1.2450000047683716
MXCT,2026-08-12 11:54:00-04:00,2026-08-12 11:55:27.917105-04:00,27.917105,0.0,1.2410999536514282,1.2410999536514282
DRMA,2026-08-12 11:50:00-04:00,2026-08-12 11:55:27.917105-04:00,267.917105,36824.0,1.3300000429153442,1.3588999509811401
DRMA,2026-08-12 11:51:00-04:00,2026-08-12 11:55:27.917105-04:00,207.917105,4766.0,1.3550000190734863,1.3437000513076782
DRMA,2026-08-12 11:52:00-04:00,2026-08-12 11:55:27.917105-04:00,147.917105,9942.0,1.3450000286102295,1.3450000286102295
DRMA,2026-08-12 11:53:00-04:00,2026-08-12 11:55:27.917105-04:00,87.917105,11606.0,1.3489999771118164,1.351199984550476
DRMA,2026-08-12 11:54:00-04:00,2026-08-12 11:55:27.917105-04:00,27.917105,1374.0,1.350000023841858,1.3550000190734863
DRMA,2026-08-12 11:55:00-04:00,2026-08-12 11:55:27.917105-04:00,-32.082895,0.0,1.3550000190734863,1.3550000190734863
FEMY,2026-08-12 11:24:00-04:00,2026-08-12 11:55:27.917105-04:00,1827.917105,7013.0,2.325000047683716,2.3299999237060547
FEMY,2026-08-12 11:25:00-04:00,2026-08-12 11:55:27.917105-04:00,1767.917105,45332.0,2.3299999237060547,2.240000009536743
FEMY,2026-08-12 11:26:00-04:00,2026-08-12 11:55:27.917105-04:00,1707.917105,10702.0,2.240000009536743,2.240000009536743
FEMY,2026-08-12 11:27:00-04:00,2026-08-12 11:55:27.917105-04:00,1647.917105,690.0,2.2699999809265137,2.2699999809265137
FEMY,2026-08-12 11:38:00-04:00,2026-08-12 11:55:27.917105-04:00,987.917105,103.0,2.309999942779541,2.309999942779541
FEMY,2026-08-12 11:40:00-04:00,2026-08-12 11:55:27.917105-04:00,867.917105,0.0,2.319999933242798,2.319999933242798
BIVI,2026-08-12 11:50:00-04:00,2026-08-12 11:55:27.917105-04:00,267.917105,91899.0,1.781000018119812,1.7599999904632568
BIVI,2026-08-12 11:51:00-04:00,2026-08-12 11:55:27.917105-04:00,207.917105,77774.0,1.7649999856948853,1.7799999713897705
BIVI,2026-08-12 11:52:00-04:00,2026-08-12 11:55:27.917105-04:00,147.917105,125883.0,1.7790000438690186,1.7800999879837036
BIVI,2026-08-12 11:53:00-04:00,2026-08-12 11:55:27.917105-04:00,87.917105,92024.0,1.7825000286102295,1.7649999856948853
BIVI,2026-08-12 11:54:00-04:00,2026-08-12 11:55:27.917105-04:00,27.917105,66157.0,1.798799991607666,1.798799991607666
BIVI,2026-08-12 11:55:00-04:00,2026-08-12 11:55:27.917105-04:00,-32.082895,0.0,1.774999976158142,1.774999976158142
ENHA,2026-08-12 11:47:00-04:00,2026-08-12 11:55:27.917105-04:00,447.917105,13273.0,2.174999952316284,2.174999952316284
ENHA,2026-08-12 11:48:00-04:00,2026-08-12 11:55:27.917105-04:00,387.917105,363.0,2.174999952316284,2.174999952316284
ENHA,2026-08-12 11:50:00-04:00,2026-08-12 11:55:27.917105-04:00,267.917105,5058.0,2.1791000366210938,2.174999952316284
ENHA,2026-08-12 11:51:00-04:00,2026-08-12 11:55:27.917105-04:00,207.917105,108.0,2.174999952316284,2.174999952316284
ENHA,2026-08-12 11:52:00-04:00,2026-08-12 11:55:27.917105-04:00,147.917105,28589.0,2.174999952316284,2.184999942779541
ENHA,2026-08-12 11:53:00-04:00,2026-08-12 11:55:27.917105-04:00,87.917105,0.0,2.200000047683716,2.200000047683716
REBN,2026-08-12 11:01:00-04:00,2026-08-12 11:55:27.917105-04:00,3207.917105,11.0,1.5038000345230103,1.5038000345230103
REBN,2026-08-12 11:04:00-04:00,2026-08-12 11:55:27.917105-04:00,3027.917105,1111.0,1.5099999904632568,1.4900000095367432
REBN,2026-08-12 11:12:00-04:00,2026-08-12 11:55:27.917105-04:00,2547.917105,1109.0,1.5149999856948853,1.5149999856948853
REBN,2026-08-12 11:14:00-04:00,2026-08-12 11:55:27.917105-04:00,2427.917105,221.0,1.5,1.5
REBN,2026-08-12 11:34:00-04:00,2026-08-12 11:55:27.917105-04:00,1227.917105,119.0,1.4800000190734863,1.4800000190734863
REBN,2026-08-12 11:38:00-04:00,2026-08-12 11:55:27.917105-04:00,987.917105,0.0,1.4600000381469727,1.4600000381469727
REBN,2026-08-12 11:01:00-04:00,2026-08-12 11:55:47.965843-04:00,3227.965843,11.0,1.5038000345230103,1.5038000345230103
REBN,2026-08-12 11:04:00-04:00,2026-08-12 11:55:47.965843-04:00,3047.965843,1111.0,1.5099999904632568,1.4900000095367432
REBN,2026-08-12 11:12:00-04:00,2026-08-12 11:55:47.965843-04:00,2567.965843,1109.0,1.5149999856948853,1.5149999856948853
REBN,2026-08-12 11:14:00-04:00,2026-08-12 11:55:47.965843-04:00,2447.965843,221.0,1.5,1.5
REBN,2026-08-12 11:34:00-04:00,2026-08-12 11:55:47.965843-04:00,1247.965843,119.0,1.4800000190734863,1.4800000190734863
REBN,2026-08-12 11:38:00-04:00,2026-08-12 11:55:47.965843-04:00,1007.965843,0.0,1.4600000381469727,1.4600000381469727
DRMA,2026-08-12 11:50:00-04:00,2026-08-12 11:55:47.965843-04:00,287.965843,36824.0,1.3300000429153442,1.3588999509811401
DRMA,2026-08-12 11:51:00-04:00,2026-08-12 11:55:47.965843-04:00,227.965843,4766.0,1.3550000190734863,1.3437000513076782
DRMA,2026-08-12 11:52:00-04:00,2026-08-12 11:55:47.965843-04:00,167.965843,9942.0,1.3450000286102295,1.3450000286102295
DRMA,2026-08-12 11:53:00-04:00,2026-08-12 11:55:47.965843-04:00,107.965843,11606.0,1.3489999771118164,1.351199984550476
DRMA,2026-08-12 11:54:00-04:00,2026-08-12 11:55:47.965843-04:00,47.965843,1374.0,1.350000023841858,1.3550000190734863
DRMA,2026-08-12 11:55:00-04:00,2026-08-12 11:55:47.965843-04:00,-12.034157,0.0,1.350000023841858,1.350000023841858
FEMY,2026-08-12 11:24:00-04:00,2026-08-12 11:55:47.965843-04:00,1847.965843,7013.0,2.325000047683716,2.3299999237060547
FEMY,2026-08-12 11:25:00-04:00,2026-08-12 11:55:47.965843-04:00,1787.965843,45332.0,2.3299999237060547,2.240000009536743
FEMY,2026-08-12 11:26:00-04:00,2026-08-12 11:55:47.965843-04:00,1727.965843,10702.0,2.240000009536743,2.240000009536743
FEMY,2026-08-12 11:27:00-04:00,2026-08-12 11:55:47.965843-04:00,1667.965843,690.0,2.2699999809265137,2.2699999809265137
FEMY,2026-08-12 11:38:00-04:00,2026-08-12 11:55:47.965843-04:00,1007.965843,103.0,2.309999942779541,2.309999942779541
FEMY,2026-08-12 11:40:00-04:00,2026-08-12 11:55:47.965843-04:00,887.965843,0.0,2.319999933242798,2.319999933242798
BIVI,2026-08-12 11:50:00-04:00,2026-08-12 11:55:47.965843-04:00,287.965843,91899.0,1.781000018119812,1.7599999904632568
BIVI,2026-08-12 11:51:00-04:00,2026-08-12 11:55:47.965843-04:00,227.965843,77774.0,1.7649999856948853,1.7799999713897705
BIVI,2026-08-12 11:52:00-04:00,2026-08-12 11:55:47.965843-04:00,167.965843,125883.0,1.7790000438690186,1.7800999879837036
BIVI,2026-08-12 11:53:00-04:00,2026-08-12 11:55:47.965843-04:00,107.965843,92024.0,1.7825000286102295,1.7649999856948853
BIVI,2026-08-12 11:54:00-04:00,2026-08-12 11:55:47.965843-04:00,47.965843,66157.0,1.7620999813079834,1.798799991607666
BIVI,2026-08-12 11:55:00-04:00,2026-08-12 11:55:47.965843-04:00,-12.034157,0.0,1.7699999809265137,1.7699999809265137
MXCT,2026-08-12 11:46:00-04:00,2026-08-12 11:55:47.965843-04:00,527.965843,1460.0,1.2450000047683716,1.25
MXCT,2026-08-12 11:47:00-04:00,2026-08-12 11:55:47.965843-04:00,467.965843,2654.0,1.2450000047683716,1.2450000047683716
MXCT,2026-08-12 11:48:00-04:00,2026-08-12 11:55:47.965843-04:00,407.965843,224.0,1.2404999732971191,1.2404999732971191
MXCT,2026-08-12 11:49:00-04:00,2026-08-12 11:55:47.965843-04:00,347.965843,2559.0,1.2450000047683716,1.2450000047683716
MXCT,2026-08-12 11:52:00-04:00,2026-08-12 11:55:47.965843-04:00,167.965843,814.0,1.2450000047683716,1.2450000047683716
MXCT,2026-08-12 11:54:00-04:00,2026-08-12 11:55:47.965843-04:00,47.965843,0.0,1.2410999536514282,1.2410999536514282
VLN,2026-08-12 11:48:00-04:00,2026-08-12 11:55:47.965843-04:00,407.965843,2844.0,1.815000057220459,1.815000057220459
VLN,2026-08-12 11:49:00-04:00,2026-08-12 11:55:47.965843-04:00,347.965843,3742.0,1.815000057220459,1.815000057220459
VLN,2026-08-12 11:50:00-04:00,2026-08-12 11:55:47.965843-04:00,287.965843,4159.0,1.8200000524520874,1.8200000524520874
VLN,2026-08-12 11:51:00-04:00,2026-08-12 11:55:47.965843-04:00,227.965843,342.0,1.8300000429153442,1.8300000429153442
VLN,2026-08-12 11:53:00-04:00,2026-08-12 11:55:47.965843-04:00,107.965843,4241.0,1.8250000476837158,1.8288999795913696
VLN,2026-08-12 11:55:00-04:00,2026-08-12 11:55:47.965843-04:00,-12.034157,0.0,1.8350000381469727,1.8350000381469727
GRWG,2026-08-12 11:50:00-04:00,2026-08-12 11:55:47.965843-04:00,287.965843,13924.0,1.8799999952316284,1.8799999952316284
GRWG,2026-08-12 11:51:00-04:00,2026-08-12 11:55:47.965843-04:00,227.965843,3210.0,1.8707000017166138,1.8701000213623047
GRWG,2026-08-12 11:52:00-04:00,2026-08-12 11:55:47.965843-04:00,167.965843,2434.0,1.8726999759674072,1.8789000511169434
GRWG,2026-08-12 11:53:00-04:00,2026-08-12 11:55:47.965843-04:00,107.965843,9695.0,1.8799999952316284,1.8849999904632568
GRWG,2026-08-12 11:54:00-04:00,2026-08-12 11:55:47.965843-04:00,47.965843,2139.0,1.8808000087738037,1.8899999856948853
GRWG,2026-08-12 11:55:00-04:00,2026-08-12 11:55:47.965843-04:00,-12.034157,0.0,1.8899999856948853,1.8899999856948853
ENHA,2026-08-12 11:47:00-04:00,2026-08-12 11:55:47.965843-04:00,467.965843,13273.0,2.174999952316284,2.174999952316284
ENHA,2026-08-12 11:48:00-04:00,2026-08-12 11:55:47.965843-04:00,407.965843,363.0,2.174999952316284,2.174999952316284
ENHA,2026-08-12 11:50:00-04:00,2026-08-12 11:55:47.965843-04:00,287.965843,5058.0,2.1791000366210938,2.174999952316284
ENHA,2026-08-12 11:51:00-04:00,2026-08-12 11:55:47.965843-04:00,227.965843,108.0,2.174999952316284,2.174999952316284
ENHA,2026-08-12 11:52:00-04:00,2026-08-12 11:55:47.965843-04:00,167.965843,28589.0,2.174999952316284,2.184999942779541
ENHA,2026-08-12 11:53:00-04:00,2026-08-12 11:55:47.965843-04:00,107.965843,0.0,2.200000047683716,2.200000047683716
ENHA,2026-08-12 11:47:00-04:00,2026-08-12 11:56:08.020480-04:00,488.02048,13273.0,2.174999952316284,2.174999952316284
ENHA,2026-08-12 11:48:00-04:00,2026-08-12 11:56:08.020480-04:00,428.02048,363.0,2.174999952316284,2.174999952316284
ENHA,2026-08-12 11:50:00-04:00,2026-08-12 11:56:08.020480-04:00,308.02048,5058.0,2.1791000366210938,2.174999952316284
ENHA,2026-08-12 11:51:00-04:00,2026-08-12 11:56:08.020480-04:00,248.02048,108.0,2.174999952316284,2.174999952316284
ENHA,2026-08-12 11:52:00-04:00,2026-08-12 11:56:08.020480-04:00,188.02048,28589.0,2.174999952316284,2.184999942779541
ENHA,2026-08-12 11:53:00-04:00,2026-08-12 11:56:08.020480-04:00,128.02048,0.0,2.200000047683716,2.200000047683716
BIVI,2026-08-12 11:51:00-04:00,2026-08-12 11:56:08.020480-04:00,248.02048,77774.0,1.7649999856948853,1.7799999713897705
BIVI,2026-08-12 11:52:00-04:00,2026-08-12 11:56:08.020480-04:00,188.02048,125883.0,1.7790000438690186,1.7800999879837036
BIVI,2026-08-12 11:53:00-04:00,2026-08-12 11:56:08.020480-04:00,128.02048,92024.0,1.7825000286102295,1.7649999856948853
BIVI,2026-08-12 11:54:00-04:00,2026-08-12 11:56:08.020480-04:00,68.02048,66157.0,1.7620999813079834,1.798799991607666
BIVI,2026-08-12 11:55:00-04:00,2026-08-12 11:56:08.020480-04:00,8.02048,98415.0,1.7899999618530273,1.7510000467300415
BIVI,2026-08-12 11:56:00-04:00,2026-08-12 11:56:08.020480-04:00,-51.97952,0.0,1.7690999507904053,1.7690999507904053
MXCT,2026-08-12 11:46:00-04:00,2026-08-12 11:56:08.020480-04:00,548.02048,1460.0,1.2450000047683716,1.25
MXCT,2026-08-12 11:47:00-04:00,2026-08-12 11:56:08.020480-04:00,488.02048,2654.0,1.2450000047683716,1.2450000047683716
MXCT,2026-08-12 11:48:00-04:00,2026-08-12 11:56:08.020480-04:00,428.02048,224.0,1.2404999732971191,1.2404999732971191
MXCT,2026-08-12 11:49:00-04:00,2026-08-12 11:56:08.020480-04:00,368.02048,2559.0,1.2450000047683716,1.2450000047683716
MXCT,2026-08-12 11:52:00-04:00,2026-08-12 11:56:08.020480-04:00,188.02048,814.0,1.2450000047683716,1.2450000047683716
MXCT,2026-08-12 11:54:00-04:00,2026-08-12 11:56:08.020480-04:00,68.02048,0.0,1.2410999536514282,1.2410999536514282
FEMY,2026-08-12 11:24:00-04:00,2026-08-12 11:56:08.020480-04:00,1868.02048,7013.0,2.325000047683716,2.3299999237060547
FEMY,2026-08-12 11:25:00-04:00,2026-08-12 11:56:08.020480-04:00,1808.02048,45332.0,2.3299999237060547,2.240000009536743
FEMY,2026-08-12 11:26:00-04:00,2026-08-12 11:56:08.020480-04:00,1748.02048,10702.0,2.240000009536743,2.240000009536743
FEMY,2026-08-12 11:27:00-04:00,2026-08-12 11:56:08.020480-04:00,1688.02048,690.0,2.2699999809265137,2.2699999809265137
FEMY,2026-08-12 11:38:00-04:00,2026-08-12 11:56:08.020480-04:00,1028.02048,103.0,2.309999942779541,2.309999942779541
FEMY,2026-08-12 11:40:00-04:00,2026-08-12 11:56:08.020480-04:00,908.02048,0.0,2.319999933242798,2.319999933242798
REBN,2026-08-12 11:01:00-04:00,2026-08-12 11:56:08.020480-04:00,3248.02048,11.0,1.5038000345230103,1.5038000345230103
REBN,2026-08-12 11:04:00-04:00,2026-08-12 11:56:08.020480-04:00,3068.02048,1111.0,1.5099999904632568,1.4900000095367432
REBN,2026-08-12 11:12:00-04:00,2026-08-12 11:56:08.020480-04:00,2588.02048,1109.0,1.5149999856948853,1.5149999856948853
REBN,2026-08-12 11:14:00-04:00,2026-08-12 11:56:08.020480-04:00,2468.02048,221.0,1.5,1.5
REBN,2026-08-12 11:34:00-04:00,2026-08-12 11:56:08.020480-04:00,1268.02048,119.0,1.4800000190734863,1.4800000190734863
REBN,2026-08-12 11:38:00-04:00,2026-08-12 11:56:08.020480-04:00,1028.02048,0.0,1.4600000381469727,1.4600000381469727
GRWG,2026-08-12 11:50:00-04:00,2026-08-12 11:56:08.020480-04:00,308.02048,13924.0,1.8799999952316284,1.8799999952316284
GRWG,2026-08-12 11:51:00-04:00,2026-08-12 11:56:08.020480-04:00,248.02048,3210.0,1.8707000017166138,1.8701000213623047
GRWG,2026-08-12 11:52:00-04:00,2026-08-12 11:56:08.020480-04:00,188.02048,2434.0,1.8726999759674072,1.8789000511169434
GRWG,2026-08-12 11:53:00-04:00,2026-08-12 11:56:08.020480-04:00,128.02048,9695.0,1.8799999952316284,1.8849999904632568
GRWG,2026-08-12 11:54:00-04:00,2026-08-12 11:56:08.020480-04:00,68.02048,2139.0,1.8808000087738037,1.8899999856948853
GRWG,2026-08-12 11:55:00-04:00,2026-08-12 11:56:08.020480-04:00,8.02048,0.0,1.8899999856948853,1.8899999856948853
VLN,2026-08-12 11:48:00-04:00,2026-08-12 11:56:08.020480-04:00,428.02048,2844.0,1.815000057220459,1.815000057220459
VLN,2026-08-12 11:49:00-04:00,2026-08-12 11:56:08.020480-04:00,368.02048,3742.0,1.815000057220459,1.815000057220459
VLN,2026-08-12 11:50:00-04:00,2026-08-12 11:56:08.020480-04:00,308.02048,4159.0,1.8200000524520874,1.8200000524520874
VLN,2026-08-12 11:51:00-04:00,2026-08-12 11:56:08.020480-04:00,248.02048,342.0,1.8300000429153442,1.8300000429153442
VLN,2026-08-12 11:53:00-04:00,2026-08-12 11:56:08.020480-04:00,128.02048,4241.0,1.8250000476837158,1.8288999795913696
VLN,2026-08-12 11:55:00-04:00,2026-08-12 11:56:08.020480-04:00,8.02048,0.0,1.8350000381469727,1.8350000381469727
DRMA,2026-08-12 11:51:00-04:00,2026-08-12 11:56:08.020480-04:00,248.02048,4766.0,1.3550000190734863,1.3437000513076782
DRMA,2026-08-12 11:52:00-04:00,2026-08-12 11:56:08.020480-04:00,188.02048,9942.0,1.3450000286102295,1.3450000286102295
DRMA,2026-08-12 11:53:00-04:00,2026-08-12 11:56:08.020480-04:00,128.02048,11606.0,1.3489999771118164,1.351199984550476
DRMA,2026-08-12 11:54:00-04:00,2026-08-12 11:56:08.020480-04:00,68.02048,1374.0,1.350000023841858,1.3550000190734863
DRMA,2026-08-12 11:55:00-04:00,2026-08-12 11:56:08.020480-04:00,8.02048,27467.0,1.3598999977111816,1.3300000429153442
DRMA,2026-08-12 11:56:00-04:00,2026-08-12 11:56:08.020480-04:00,-51.97952,0.0,1.3350000381469727,1.3350000381469727
MXCT,2026-08-12 11:47:00-04:00,2026-08-12 11:56:28.064701-04:00,508.064701,2654.0,1.2450000047683716,1.2450000047683716
MXCT,2026-08-12 11:48:00-04:00,2026-08-12 11:56:28.064701-04:00,448.064701,224.0,1.2404999732971191,1.2404999732971191
MXCT,2026-08-12 11:49:00-04:00,2026-08-12 11:56:28.064701-04:00,388.064701,2559.0,1.2450000047683716,1.2450000047683716
MXCT,2026-08-12 11:52:00-04:00,2026-08-12 11:56:28.064701-04:00,208.064701,814.0,1.2450000047683716,1.2450000047683716
MXCT,2026-08-12 11:54:00-04:00,2026-08-12 11:56:28.064701-04:00,88.064701,315.0,1.2410999536514282,1.2410999536514282
MXCT,2026-08-12 11:56:00-04:00,2026-08-12 11:56:28.064701-04:00,-31.935299,0.0,1.2450000047683716,1.2450000047683716
REBN,2026-08-12 11:01:00-04:00,2026-08-12 11:56:28.064701-04:00,3268.064701,11.0,1.5038000345230103,1.5038000345230103
REBN,2026-08-12 11:04:00-04:00,2026-08-12 11:56:28.064701-04:00,3088.064701,1111.0,1.5099999904632568,1.4900000095367432
REBN,2026-08-12 11:12:00-04:00,2026-08-12 11:56:28.064701-04:00,2608.064701,1109.0,1.5149999856948853,1.5149999856948853
REBN,2026-08-12 11:14:00-04:00,2026-08-12 11:56:28.064701-04:00,2488.064701,221.0,1.5,1.5
REBN,2026-08-12 11:34:00-04:00,2026-08-12 11:56:28.064701-04:00,1288.064701,119.0,1.4800000190734863,1.4800000190734863
REBN,2026-08-12 11:38:00-04:00,2026-08-12 11:56:28.064701-04:00,1048.064701,0.0,1.4600000381469727,1.4600000381469727
ENHA,2026-08-12 11:47:00-04:00,2026-08-12 11:56:28.064701-04:00,508.064701,13273.0,2.174999952316284,2.174999952316284
ENHA,2026-08-12 11:48:00-04:00,2026-08-12 11:56:28.064701-04:00,448.064701,363.0,2.174999952316284,2.174999952316284
ENHA,2026-08-12 11:50:00-04:00,2026-08-12 11:56:28.064701-04:00,328.064701,5058.0,2.1791000366210938,2.174999952316284
ENHA,2026-08-12 11:51:00-04:00,2026-08-12 11:56:28.064701-04:00,268.064701,108.0,2.174999952316284,2.174999952316284
ENHA,2026-08-12 11:52:00-04:00,2026-08-12 11:56:28.064701-04:00,208.064701,28589.0,2.174999952316284,2.184999942779541
ENHA,2026-08-12 11:53:00-04:00,2026-08-12 11:56:28.064701-04:00,148.064701,0.0,2.200000047683716,2.200000047683716
DRMA,2026-08-12 11:51:00-04:00,2026-08-12 11:56:28.064701-04:00,268.064701,4766.0,1.3550000190734863,1.3437000513076782
DRMA,2026-08-12 11:52:00-04:00,2026-08-12 11:56:28.064701-04:00,208.064701,9942.0,1.3450000286102295,1.3450000286102295
DRMA,2026-08-12 11:53:00-04:00,2026-08-12 11:56:28.064701-04:00,148.064701,11606.0,1.3489999771118164,1.351199984550476
DRMA,2026-08-12 11:54:00-04:00,2026-08-12 11:56:28.064701-04:00,88.064701,1374.0,1.350000023841858,1.3550000190734863
DRMA,2026-08-12 11:55:00-04:00,2026-08-12 11:56:28.064701-04:00,28.064701,27467.0,1.3598999977111816,1.3300000429153442
DRMA,2026-08-12 11:56:00-04:00,2026-08-12 11:56:28.064701-04:00,-31.935299,0.0,1.3350000381469727,1.3350000381469727
VLN,2026-08-12 11:48:00-04:00,2026-08-12 11:56:28.064701-04:00,448.064701,2844.0,1.815000057220459,1.815000057220459
VLN,2026-08-12 11:49:00-04:00,2026-08-12 11:56:28.064701-04:00,388.064701,3742.0,1.815000057220459,1.815000057220459
VLN,2026-08-12 11:50:00-04:00,2026-08-12 11:56:28.064701-04:00,328.064701,4159.0,1.8200000524520874,1.8200000524520874
VLN,2026-08-12 11:51:00-04:00,2026-08-12 11:56:28.064701-04:00,268.064701,342.0,1.8300000429153442,1.8300000429153442
VLN,2026-08-12 11:53:00-04:00,2026-08-12 11:56:28.064701-04:00,148.064701,4241.0,1.8250000476837158,1.8288999795913696
VLN,2026-08-12 11:55:00-04:00,2026-08-12 11:56:28.064701-04:00,28.064701,0.0,1.8350000381469727,1.8350000381469727
FEMY,2026-08-12 11:24:00-04:00,2026-08-12 11:56:28.064701-04:00,1888.064701,7013.0,2.325000047683716,2.3299999237060547
FEMY,2026-08-12 11:25:00-04:00,2026-08-12 11:56:28.064701-04:00,1828.064701,45332.0,2.3299999237060547,2.240000009536743
FEMY,2026-08-12 11:26:00-04:00,2026-08-12 11:56:28.064701-04:00,1768.064701,10702.0,2.240000009536743,2.240000009536743
FEMY,2026-08-12 11:27:00-04:00,2026-08-12 11:56:28.064701-04:00,1708.064701,690.0,2.2699999809265137,2.2699999809265137
FEMY,2026-08-12 11:38:00-04:00,2026-08-12 11:56:28.064701-04:00,1048.064701,103.0,2.309999942779541,2.309999942779541
FEMY,2026-08-12 11:40:00-04:00,2026-08-12 11:56:28.064701-04:00,928.064701,0.0,2.319999933242798,2.319999933242798
GRWG,2026-08-12 11:50:00-04:00,2026-08-12 11:56:28.064701-04:00,328.064701,13924.0,1.8799999952316284,1.8799999952316284
GRWG,2026-08-12 11:51:00-04:00,2026-08-12 11:56:28.064701-04:00,268.064701,3210.0,1.8707000017166138,1.8701000213623047
GRWG,2026-08-12 11:52:00-04:00,2026-08-12 11:56:28.064701-04:00,208.064701,2434.0,1.8726999759674072,1.8789000511169434
GRWG,2026-08-12 11:53:00-04:00,2026-08-12 11:56:28.064701-04:00,148.064701,9695.0,1.8799999952316284,1.8849999904632568
GRWG,2026-08-12 11:54:00-04:00,2026-08-12 11:56:28.064701-04:00,88.064701,2139.0,1.8808000087738037,1.8899999856948853
GRWG,2026-08-12 11:55:00-04:00,2026-08-12 11:56:28.064701-04:00,28.064701,0.0,1.8899999856948853,1.8899999856948853
BIVI,2026-08-12 11:51:00-04:00,2026-08-12 11:56:28.064701-04:00,268.064701,77774.0,1.7649999856948853,1.7799999713897705
BIVI,2026-08-12 11:52:00-04:00,2026-08-12 11:56:28.064701-04:00,208.064701,125883.0,1.7790000438690186,1.7800999879837036
BIVI,2026-08-12 11:53:00-04:00,2026-08-12 11:56:28.064701-04:00,148.064701,92024.0,1.7825000286102295,1.7649999856948853
BIVI,2026-08-12 11:54:00-04:00,2026-08-12 11:56:28.064701-04:00,88.064701,66157.0,1.798799991607666,1.798799991607666
BIVI,2026-08-12 11:55:00-04:00,2026-08-12 11:56:28.064701-04:00,28.064701,98416.0,1.7899999618530273,1.7510000467300415
BIVI,2026-08-12 11:56:00-04:00,2026-08-12 11:56:28.064701-04:00,-31.935299,0.0,1.7209999561309814,1.7209999561309814
FEMY,2026-08-12 11:24:00-04:00,2026-08-12 11:56:48.108982-04:00,1908.108982,7013.0,2.325000047683716,2.3299999237060547
FEMY,2026-08-12 11:25:00-04:00,2026-08-12 11:56:48.108982-04:00,1848.108982,45332.0,2.3299999237060547,2.240000009536743
FEMY,2026-08-12 11:26:00-04:00,2026-08-12 11:56:48.108982-04:00,1788.108982,10702.0,2.240000009536743,2.240000009536743
FEMY,2026-08-12 11:27:00-04:00,2026-08-12 11:56:48.108982-04:00,1728.108982,690.0,2.2699999809265137,2.2699999809265137
FEMY,2026-08-12 11:38:00-04:00,2026-08-12 11:56:48.108982-04:00,1068.108982,103.0,2.309999942779541,2.309999942779541
FEMY,2026-08-12 11:40:00-04:00,2026-08-12 11:56:48.108982-04:00,948.108982,0.0,2.319999933242798,2.319999933242798
DRMA,2026-08-12 11:51:00-04:00,2026-08-12 11:56:48.108982-04:00,288.108982,4766.0,1.3550000190734863,1.3437000513076782
DRMA,2026-08-12 11:52:00-04:00,2026-08-12 11:56:48.108982-04:00,228.108982,9942.0,1.3450000286102295,1.3450000286102295
DRMA,2026-08-12 11:53:00-04:00,2026-08-12 11:56:48.108982-04:00,168.108982,11606.0,1.3489999771118164,1.351199984550476
DRMA,2026-08-12 11:54:00-04:00,2026-08-12 11:56:48.108982-04:00,108.108982,1374.0,1.350000023841858,1.3550000190734863
DRMA,2026-08-12 11:55:00-04:00,2026-08-12 11:56:48.108982-04:00,48.108982,27467.0,1.3598999977111816,1.3300000429153442
DRMA,2026-08-12 11:56:00-04:00,2026-08-12 11:56:48.108982-04:00,-11.891018,0.0,1.340000033378601,1.340000033378601
REBN,2026-08-12 11:01:00-04:00,2026-08-12 11:56:48.108982-04:00,3288.108982,11.0,1.5038000345230103,1.5038000345230103
REBN,2026-08-12 11:04:00-04:00,2026-08-12 11:56:48.108982-04:00,3108.108982,1111.0,1.5099999904632568,1.4900000095367432
REBN,2026-08-12 11:12:00-04:00,2026-08-12 11:56:48.108982-04:00,2628.108982,1109.0,1.5149999856948853,1.5149999856948853
REBN,2026-08-12 11:14:00-04:00,2026-08-12 11:56:48.108982-04:00,2508.108982,221.0,1.5,1.5
REBN,2026-08-12 11:34:00-04:00,2026-08-12 11:56:48.108982-04:00,1308.108982,119.0,1.4800000190734863,1.4800000190734863
REBN,2026-08-12 11:38:00-04:00,2026-08-12 11:56:48.108982-04:00,1068.108982,0.0,1.4600000381469727,1.4600000381469727
VLN,2026-08-12 11:48:00-04:00,2026-08-12 11:56:48.108982-04:00,468.108982,2844.0,1.815000057220459,1.815000057220459
VLN,2026-08-12 11:49:00-04:00,2026-08-12 11:56:48.108982-04:00,408.108982,3742.0,1.815000057220459,1.815000057220459
VLN,2026-08-12 11:50:00-04:00,2026-08-12 11:56:48.108982-04:00,348.108982,4159.0,1.8200000524520874,1.8200000524520874
VLN,2026-08-12 11:51:00-04:00,2026-08-12 11:56:48.108982-04:00,288.108982,342.0,1.8300000429153442,1.8300000429153442
VLN,2026-08-12 11:53:00-04:00,2026-08-12 11:56:48.108982-04:00,168.108982,4241.0,1.8250000476837158,1.8288999795913696
VLN,2026-08-12 11:55:00-04:00,2026-08-12 11:56:48.108982-04:00,48.108982,0.0,1.8350000381469727,1.8350000381469727
GRWG,2026-08-12 11:51:00-04:00,2026-08-12 11:56:48.108982-04:00,288.108982,3210.0,1.8707000017166138,1.8701000213623047
GRWG,2026-08-12 11:52:00-04:00,2026-08-12 11:56:48.108982-04:00,228.108982,2434.0,1.8726999759674072,1.8789000511169434
GRWG,2026-08-12 11:53:00-04:00,2026-08-12 11:56:48.108982-04:00,168.108982,9695.0,1.8799999952316284,1.8849999904632568
GRWG,2026-08-12 11:54:00-04:00,2026-08-12 11:56:48.108982-04:00,108.108982,2139.0,1.8808000087738037,1.8899999856948853
GRWG,2026-08-12 11:55:00-04:00,2026-08-12 11:56:48.108982-04:00,48.108982,467.0,1.8849999904632568,1.8899999856948853
GRWG,2026-08-12 11:56:00-04:00,2026-08-12 11:56:48.108982-04:00,-11.891018,0.0,1.8899999856948853,1.8899999856948853
ENHA,2026-08-12 11:47:00-04:00,2026-08-12 11:56:48.108982-04:00,528.108982,13273.0,2.174999952316284,2.174999952316284
ENHA,2026-08-12 11:48:00-04:00,2026-08-12 11:56:48.108982-04:00,468.108982,363.0,2.174999952316284,2.174999952316284
ENHA,2026-08-12 11:50:00-04:00,2026-08-12 11:56:48.108982-04:00,348.108982,5058.0,2.1791000366210938,2.174999952316284
ENHA,2026-08-12 11:51:00-04:00,2026-08-12 11:56:48.108982-04:00,288.108982,108.0,2.174999952316284,2.174999952316284
ENHA,2026-08-12 11:52:00-04:00,2026-08-12 11:56:48.108982-04:00,228.108982,28589.0,2.174999952316284,2.184999942779541
ENHA,2026-08-12 11:53:00-04:00,2026-08-12 11:56:48.108982-04:00,168.108982,0.0,2.200000047683716,2.200000047683716
BIVI,2026-08-12 11:51:00-04:00,2026-08-12 11:56:48.108982-04:00,288.108982,77774.0,1.7649999856948853,1.7799999713897705
BIVI,2026-08-12 11:52:00-04:00,2026-08-12 11:56:48.108982-04:00,228.108982,125883.0,1.7790000438690186,1.7800999879837036
BIVI,2026-08-12 11:53:00-04:00,2026-08-12 11:56:48.108982-04:00,168.108982,92024.0,1.7825000286102295,1.7649999856948853
BIVI,2026-08-12 11:54:00-04:00,2026-08-12 11:56:48.108982-04:00,108.108982,66157.0,1.798799991607666,1.798799991607666
BIVI,2026-08-12 11:55:00-04:00,2026-08-12 11:56:48.108982-04:00,48.108982,98416.0,1.7899999618530273,1.7510000467300415
BIVI,2026-08-12 11:56:00-04:00,2026-08-12 11:56:48.108982-04:00,-11.891018,0.0,1.7201000452041626,1.7201000452041626
MXCT,2026-08-12 11:47:00-04:00,2026-08-12 11:56:48.108982-04:00,528.108982,2654.0,1.2450000047683716,1.2450000047683716
MXCT,2026-08-12 11:48:00-04:00,2026-08-12 11:56:48.108982-04:00,468.108982,224.0,1.2404999732971191,1.2404999732971191
MXCT,2026-08-12 11:49:00-04:00,2026-08-12 11:56:48.108982-04:00,408.108982,2559.0,1.2450000047683716,1.2450000047683716
MXCT,2026-08-12 11:52:00-04:00,2026-08-12 11:56:48.108982-04:00,228.108982,814.0,1.2450000047683716,1.2450000047683716
MXCT,2026-08-12 11:54:00-04:00,2026-08-12 11:56:48.108982-04:00,108.108982,315.0,1.2410999536514282,1.2410999536514282
MXCT,2026-08-12 11:56:00-04:00,2026-08-12 11:56:48.108982-04:00,-11.891018,0.0,1.2450000047683716,1.2450000047683716
REBN,2026-08-12 11:01:00-04:00,2026-08-12 11:57:08.152374-04:00,3308.152374,11.0,1.5038000345230103,1.5038000345230103
REBN,2026-08-12 11:04:00-04:00,2026-08-12 11:57:08.152374-04:00,3128.152374,1111.0,1.5099999904632568,1.4900000095367432
REBN,2026-08-12 11:12:00-04:00,2026-08-12 11:57:08.152374-04:00,2648.152374,1109.0,1.5149999856948853,1.5149999856948853
REBN,2026-08-12 11:14:00-04:00,2026-08-12 11:57:08.152374-04:00,2528.152374,221.0,1.5,1.5
REBN,2026-08-12 11:34:00-04:00,2026-08-12 11:57:08.152374-04:00,1328.152374,119.0,1.4800000190734863,1.4800000190734863
REBN,2026-08-12 11:38:00-04:00,2026-08-12 11:57:08.152374-04:00,1088.152374,0.0,1.4600000381469727,1.4600000381469727
GRWG,2026-08-12 11:52:00-04:00,2026-08-12 11:57:08.152374-04:00,248.152374,2434.0,1.8726999759674072,1.8789000511169434
GRWG,2026-08-12 11:53:00-04:00,2026-08-12 11:57:08.152374-04:00,188.152374,9695.0,1.8799999952316284,1.8849999904632568
GRWG,2026-08-12 11:54:00-04:00,2026-08-12 11:57:08.152374-04:00,128.152374,2139.0,1.8808000087738037,1.8899999856948853
GRWG,2026-08-12 11:55:00-04:00,2026-08-12 11:57:08.152374-04:00,68.152374,467.0,1.8849999904632568,1.8899999856948853
GRWG,2026-08-12 11:56:00-04:00,2026-08-12 11:57:08.152374-04:00,8.152374,1347.0,1.881100058555603,1.8849999904632568
GRWG,2026-08-12 11:57:00-04:00,2026-08-12 11:57:08.152374-04:00,-51.847626,0.0,1.8849999904632568,1.8849999904632568
BIVI,2026-08-12 11:52:00-04:00,2026-08-12 11:57:08.152374-04:00,248.152374,125883.0,1.7790000438690186,1.7800999879837036
BIVI,2026-08-12 11:53:00-04:00,2026-08-12 11:57:08.152374-04:00,188.152374,92024.0,1.7825000286102295,1.7649999856948853
BIVI,2026-08-12 11:54:00-04:00,2026-08-12 11:57:08.152374-04:00,128.152374,66157.0,1.7620999813079834,1.798799991607666
BIVI,2026-08-12 11:55:00-04:00,2026-08-12 11:57:08.152374-04:00,68.152374,98415.0,1.7899999618530273,1.7510000467300415
BIVI,2026-08-12 11:56:00-04:00,2026-08-12 11:57:08.152374-04:00,8.152374,110453.0,1.7598999738693237,1.7200000286102295
BIVI,2026-08-12 11:57:00-04:00,2026-08-12 11:57:08.152374-04:00,-51.847626,0.0,1.7211999893188477,1.7211999893188477
ENHA,2026-08-12 11:47:00-04:00,2026-08-12 11:57:08.152374-04:00,548.152374,13273.0,2.174999952316284,2.174999952316284
ENHA,2026-08-12 11:48:00-04:00,2026-08-12 11:57:08.152374-04:00,488.152374,363.0,2.174999952316284,2.174999952316284
ENHA,2026-08-12 11:50:00-04:00,2026-08-12 11:57:08.152374-04:00,368.152374,5058.0,2.1791000366210938,2.174999952316284
ENHA,2026-08-12 11:51:00-04:00,2026-08-12 11:57:08.152374-04:00,308.152374,108.0,2.174999952316284,2.174999952316284
ENHA,2026-08-12 11:52:00-04:00,2026-08-12 11:57:08.152374-04:00,248.152374,28589.0,2.174999952316284,2.184999942779541
ENHA,2026-08-12 11:53:00-04:00,2026-08-12 11:57:08.152374-04:00,188.152374,1231.0,2.2030999660491943,2.200000047683716
DRMA,2026-08-12 11:52:00-04:00,2026-08-12 11:57:08.152374-04:00,248.152374,9942.0,1.3450000286102295,1.3450000286102295
DRMA,2026-08-12 11:53:00-04:00,2026-08-12 11:57:08.152374-04:00,188.152374,11606.0,1.3489999771118164,1.351199984550476
DRMA,2026-08-12 11:54:00-04:00,2026-08-12 11:57:08.152374-04:00,128.152374,1374.0,1.350000023841858,1.3550000190734863
DRMA,2026-08-12 11:55:00-04:00,2026-08-12 11:57:08.152374-04:00,68.152374,27467.0,1.3598999977111816,1.3300000429153442
DRMA,2026-08-12 11:56:00-04:00,2026-08-12 11:57:08.152374-04:00,8.152374,7206.0,1.3312000036239624,1.340000033378601
DRMA,2026-08-12 11:57:00-04:00,2026-08-12 11:57:08.152374-04:00,-51.847626,0.0,1.3350000381469727,1.3350000381469727
MXCT,2026-08-12 11:47:00-04:00,2026-08-12 11:57:08.152374-04:00,548.152374,2654.0,1.2450000047683716,1.2450000047683716
MXCT,2026-08-12 11:48:00-04:00,2026-08-12 11:57:08.152374-04:00,488.152374,224.0,1.2404999732971191,1.2404999732971191
MXCT,2026-08-12 11:49:00-04:00,2026-08-12 11:57:08.152374-04:00,428.152374,2559.0,1.2450000047683716,1.2450000047683716
MXCT,2026-08-12 11:52:00-04:00,2026-08-12 11:57:08.152374-04:00,248.152374,814.0,1.2450000047683716,1.2450000047683716
MXCT,2026-08-12 11:54:00-04:00,2026-08-12 11:57:08.152374-04:00,128.152374,315.0,1.2410999536514282,1.2410999536514282
MXCT,2026-08-12 11:56:00-04:00,2026-08-12 11:57:08.152374-04:00,8.152374,0.0,1.2450000047683716,1.2450000047683716
VLN,2026-08-12 11:49:00-04:00,2026-08-12 11:57:08.152374-04:00,428.152374,3742.0,1.815000057220459,1.815000057220459
VLN,2026-08-12 11:50:00-04:00,2026-08-12 11:57:08.152374-04:00,368.152374,4159.0,1.8200000524520874,1.8200000524520874
VLN,2026-08-12 11:51:00-04:00,2026-08-12 11:57:08.152374-04:00,308.152374,342.0,1.8300000429153442,1.8300000429153442
VLN,2026-08-12 11:53:00-04:00,2026-08-12 11:57:08.152374-04:00,188.152374,4241.0,1.8250000476837158,1.8288999795913696
VLN,2026-08-12 11:55:00-04:00,2026-08-12 11:57:08.152374-04:00,68.152374,758.0,1.8350000381469727,1.8350000381469727
VLN,2026-08-12 11:56:00-04:00,2026-08-12 11:57:08.152374-04:00,8.152374,0.0,1.8350000381469727,1.8350000381469727
FEMY,2026-08-12 11:24:00-04:00,2026-08-12 11:57:08.152374-04:00,1928.152374,7013.0,2.325000047683716,2.3299999237060547
FEMY,2026-08-12 11:25:00-04:00,2026-08-12 11:57:08.152374-04:00,1868.152374,45332.0,2.3299999237060547,2.240000009536743
FEMY,2026-08-12 11:26:00-04:00,2026-08-12 11:57:08.152374-04:00,1808.152374,10702.0,2.240000009536743,2.240000009536743
FEMY,2026-08-12 11:27:00-04:00,2026-08-12 11:57:08.152374-04:00,1748.152374,690.0,2.2699999809265137,2.2699999809265137
FEMY,2026-08-12 11:38:00-04:00,2026-08-12 11:57:08.152374-04:00,1088.152374,103.0,2.309999942779541,2.309999942779541
FEMY,2026-08-12 11:40:00-04:00,2026-08-12 11:57:08.152374-04:00,968.152374,0.0,2.319999933242798,2.319999933242798
DRMA,2026-08-12 11:52:00-04:00,2026-08-12 11:57:28.207713-04:00,268.207713,9942.0,1.3450000286102295,1.3450000286102295
DRMA,2026-08-12 11:53:00-04:00,2026-08-12 11:57:28.207713-04:00,208.207713,11606.0,1.3489999771118164,1.351199984550476
DRMA,2026-08-12 11:54:00-04:00,2026-08-12 11:57:28.207713-04:00,148.207713,1374.0,1.350000023841858,1.3550000190734863
DRMA,2026-08-12 11:55:00-04:00,2026-08-12 11:57:28.207713-04:00,88.207713,27467.0,1.3598999977111816,1.3300000429153442
DRMA,2026-08-12 11:56:00-04:00,2026-08-12 11:57:28.207713-04:00,28.207713,7206.0,1.3312000036239624,1.340000033378601
DRMA,2026-08-12 11:57:00-04:00,2026-08-12 11:57:28.207713-04:00,-31.792287,0.0,1.3350000381469727,1.3350000381469727
MXCT,2026-08-12 11:48:00-04:00,2026-08-12 11:57:28.207713-04:00,508.207713,224.0,1.2404999732971191,1.2404999732971191
MXCT,2026-08-12 11:49:00-04:00,2026-08-12 11:57:28.207713-04:00,448.207713,2559.0,1.2450000047683716,1.2450000047683716
MXCT,2026-08-12 11:52:00-04:00,2026-08-12 11:57:28.207713-04:00,268.207713,814.0,1.2450000047683716,1.2450000047683716
MXCT,2026-08-12 11:54:00-04:00,2026-08-12 11:57:28.207713-04:00,148.207713,315.0,1.2410999536514282,1.2410999536514282
MXCT,2026-08-12 11:56:00-04:00,2026-08-12 11:57:28.207713-04:00,28.207713,766.0,1.2450000047683716,1.2450000047683716
MXCT,2026-08-12 11:57:00-04:00,2026-08-12 11:57:28.207713-04:00,-31.792287,0.0,1.25,1.25
FEMY,2026-08-12 11:24:00-04:00,2026-08-12 11:57:28.207713-04:00,1948.207713,7013.0,2.325000047683716,2.3299999237060547
FEMY,2026-08-12 11:25:00-04:00,2026-08-12 11:57:28.207713-04:00,1888.207713,45332.0,2.3299999237060547,2.240000009536743
FEMY,2026-08-12 11:26:00-04:00,2026-08-12 11:57:28.207713-04:00,1828.207713,10702.0,2.240000009536743,2.240000009536743
FEMY,2026-08-12 11:27:00-04:00,2026-08-12 11:57:28.207713-04:00,1768.207713,690.0,2.2699999809265137,2.2699999809265137
FEMY,2026-08-12 11:38:00-04:00,2026-08-12 11:57:28.207713-04:00,1108.207713,103.0,2.309999942779541,2.309999942779541
FEMY,2026-08-12 11:40:00-04:00,2026-08-12 11:57:28.207713-04:00,988.207713,0.0,2.319999933242798,2.319999933242798
ENHA,2026-08-12 11:47:00-04:00,2026-08-12 11:57:28.207713-04:00,568.207713,13273.0,2.174999952316284,2.174999952316284
ENHA,2026-08-12 11:48:00-04:00,2026-08-12 11:57:28.207713-04:00,508.207713,363.0,2.174999952316284,2.174999952316284
ENHA,2026-08-12 11:50:00-04:00,2026-08-12 11:57:28.207713-04:00,388.207713,5058.0,2.1791000366210938,2.174999952316284
ENHA,2026-08-12 11:51:00-04:00,2026-08-12 11:57:28.207713-04:00,328.207713,108.0,2.174999952316284,2.174999952316284
ENHA,2026-08-12 11:52:00-04:00,2026-08-12 11:57:28.207713-04:00,268.207713,28589.0,2.174999952316284,2.184999942779541
ENHA,2026-08-12 11:53:00-04:00,2026-08-12 11:57:28.207713-04:00,208.207713,1231.0,2.2030999660491943,2.200000047683716
REBN,2026-08-12 11:01:00-04:00,2026-08-12 11:57:28.207713-04:00,3328.207713,11.0,1.5038000345230103,1.5038000345230103
REBN,2026-08-12 11:04:00-04:00,2026-08-12 11:57:28.207713-04:00,3148.207713,1111.0,1.5099999904632568,1.4900000095367432
REBN,2026-08-12 11:12:00-04:00,2026-08-12 11:57:28.207713-04:00,2668.207713,1109.0,1.5149999856948853,1.5149999856948853
REBN,2026-08-12 11:14:00-04:00,2026-08-12 11:57:28.207713-04:00,2548.207713,221.0,1.5,1.5
REBN,2026-08-12 11:34:00-04:00,2026-08-12 11:57:28.207713-04:00,1348.207713,119.0,1.4800000190734863,1.4800000190734863
REBN,2026-08-12 11:38:00-04:00,2026-08-12 11:57:28.207713-04:00,1108.207713,0.0,1.4600000381469727,1.4600000381469727
GRWG,2026-08-12 11:52:00-04:00,2026-08-12 11:57:28.207713-04:00,268.207713,2434.0,1.8726999759674072,1.8789000511169434
GRWG,2026-08-12 11:53:00-04:00,2026-08-12 11:57:28.207713-04:00,208.207713,9695.0,1.8799999952316284,1.8849999904632568
GRWG,2026-08-12 11:54:00-04:00,2026-08-12 11:57:28.207713-04:00,148.207713,2139.0,1.8808000087738037,1.8899999856948853
GRWG,2026-08-12 11:55:00-04:00,2026-08-12 11:57:28.207713-04:00,88.207713,467.0,1.8849999904632568,1.8899999856948853
GRWG,2026-08-12 11:56:00-04:00,2026-08-12 11:57:28.207713-04:00,28.207713,1347.0,1.881100058555603,1.8849999904632568
GRWG,2026-08-12 11:57:00-04:00,2026-08-12 11:57:28.207713-04:00,-31.792287,0.0,1.8849999904632568,1.8849999904632568
VLN,2026-08-12 11:49:00-04:00,2026-08-12 11:57:28.207713-04:00,448.207713,3742.0,1.815000057220459,1.815000057220459
VLN,2026-08-12 11:50:00-04:00,2026-08-12 11:57:28.207713-04:00,388.207713,4159.0,1.8200000524520874,1.8200000524520874
VLN,2026-08-12 11:51:00-04:00,2026-08-12 11:57:28.207713-04:00,328.207713,342.0,1.8300000429153442,1.8300000429153442
VLN,2026-08-12 11:53:00-04:00,2026-08-12 11:57:28.207713-04:00,208.207713,4241.0,1.8250000476837158,1.8288999795913696
VLN,2026-08-12 11:55:00-04:00,2026-08-12 11:57:28.207713-04:00,88.207713,758.0,1.8350000381469727,1.8350000381469727
VLN,2026-08-12 11:56:00-04:00,2026-08-12 11:57:28.207713-04:00,28.207713,0.0,1.8350000381469727,1.8350000381469727
BIVI,2026-08-12 11:52:00-04:00,2026-08-12 11:57:28.207713-04:00,268.207713,125883.0,1.7790000438690186,1.7800999879837036
BIVI,2026-08-12 11:53:00-04:00,2026-08-12 11:57:28.207713-04:00,208.207713,92024.0,1.7825000286102295,1.7649999856948853
BIVI,2026-08-12 11:54:00-04:00,2026-08-12 11:57:28.207713-04:00,148.207713,66157.0,1.798799991607666,1.798799991607666
BIVI,2026-08-12 11:55:00-04:00,2026-08-12 11:57:28.207713-04:00,88.207713,98416.0,1.7899999618530273,1.7510000467300415
BIVI,2026-08-12 11:56:00-04:00,2026-08-12 11:57:28.207713-04:00,28.207713,110453.0,1.7598999738693237,1.7200000286102295
BIVI,2026-08-12 11:57:00-04:00,2026-08-12 11:57:28.207713-04:00,-31.792287,0.0,1.7288000583648682,1.7288000583648682
GRWG,2026-08-12 11:52:00-04:00,2026-08-12 11:57:48.365383-04:00,288.365383,2434.0,1.8726999759674072,1.8789000511169434
GRWG,2026-08-12 11:53:00-04:00,2026-08-12 11:57:48.365383-04:00,228.365383,9695.0,1.8799999952316284,1.8849999904632568
GRWG,2026-08-12 11:54:00-04:00,2026-08-12 11:57:48.365383-04:00,168.365383,2139.0,1.8808000087738037,1.8899999856948853
GRWG,2026-08-12 11:55:00-04:00,2026-08-12 11:57:48.365383-04:00,108.365383,467.0,1.8849999904632568,1.8899999856948853
GRWG,2026-08-12 11:56:00-04:00,2026-08-12 11:57:48.365383-04:00,48.365383,1347.0,1.881100058555603,1.8849999904632568
GRWG,2026-08-12 11:57:00-04:00,2026-08-12 11:57:48.365383-04:00,-11.634617,0.0,1.8898999691009521,1.8898999691009521
BIVI,2026-08-12 11:52:00-04:00,2026-08-12 11:57:48.365383-04:00,288.365383,125883.0,1.7790000438690186,1.7800999879837036
BIVI,2026-08-12 11:53:00-04:00,2026-08-12 11:57:48.365383-04:00,228.365383,92024.0,1.7825000286102295,1.7649999856948853
BIVI,2026-08-12 11:54:00-04:00,2026-08-12 11:57:48.365383-04:00,168.365383,66157.0,1.7620999813079834,1.798799991607666
BIVI,2026-08-12 11:55:00-04:00,2026-08-12 11:57:48.365383-04:00,108.365383,98415.0,1.7899999618530273,1.7510000467300415
BIVI,2026-08-12 11:56:00-04:00,2026-08-12 11:57:48.365383-04:00,48.365383,110453.0,1.7598999738693237,1.7200000286102295
BIVI,2026-08-12 11:57:00-04:00,2026-08-12 11:57:48.365383-04:00,-11.634617,0.0,1.684999942779541,1.684999942779541
VLN,2026-08-12 11:49:00-04:00,2026-08-12 11:57:48.365383-04:00,468.365383,3742.0,1.815000057220459,1.815000057220459
VLN,2026-08-12 11:50:00-04:00,2026-08-12 11:57:48.365383-04:00,408.365383,4159.0,1.8200000524520874,1.8200000524520874
VLN,2026-08-12 11:51:00-04:00,2026-08-12 11:57:48.365383-04:00,348.365383,342.0,1.8300000429153442,1.8300000429153442
VLN,2026-08-12 11:53:00-04:00,2026-08-12 11:57:48.365383-04:00,228.365383,4241.0,1.8250000476837158,1.8288999795913696
VLN,2026-08-12 11:55:00-04:00,2026-08-12 11:57:48.365383-04:00,108.365383,758.0,1.8350000381469727,1.8350000381469727
VLN,2026-08-12 11:56:00-04:00,2026-08-12 11:57:48.365383-04:00,48.365383,0.0,1.8350000381469727,1.8350000381469727
FEMY,2026-08-12 11:24:00-04:00,2026-08-12 11:57:48.365383-04:00,1968.365383,7013.0,2.325000047683716,2.3299999237060547
FEMY,2026-08-12 11:25:00-04:00,2026-08-12 11:57:48.365383-04:00,1908.365383,45332.0,2.3299999237060547,2.240000009536743
FEMY,2026-08-12 11:26:00-04:00,2026-08-12 11:57:48.365383-04:00,1848.365383,10702.0,2.240000009536743,2.240000009536743
FEMY,2026-08-12 11:27:00-04:00,2026-08-12 11:57:48.365383-04:00,1788.365383,690.0,2.2699999809265137,2.2699999809265137
FEMY,2026-08-12 11:38:00-04:00,2026-08-12 11:57:48.365383-04:00,1128.365383,103.0,2.309999942779541,2.309999942779541
FEMY,2026-08-12 11:40:00-04:00,2026-08-12 11:57:48.365383-04:00,1008.365383,0.0,2.319999933242798,2.319999933242798
DRMA,2026-08-12 11:52:00-04:00,2026-08-12 11:57:48.365383-04:00,288.365383,9942.0,1.3450000286102295,1.3450000286102295
DRMA,2026-08-12 11:53:00-04:00,2026-08-12 11:57:48.365383-04:00,228.365383,11606.0,1.3489999771118164,1.351199984550476
DRMA,2026-08-12 11:54:00-04:00,2026-08-12 11:57:48.365383-04:00,168.365383,1374.0,1.350000023841858,1.3550000190734863
DRMA,2026-08-12 11:55:00-04:00,2026-08-12 11:57:48.365383-04:00,108.365383,27467.0,1.3598999977111816,1.3300000429153442
DRMA,2026-08-12 11:56:00-04:00,2026-08-12 11:57:48.365383-04:00,48.365383,7206.0,1.3312000036239624,1.340000033378601
DRMA,2026-08-12 11:57:00-04:00,2026-08-12 11:57:48.365383-04:00,-11.634617,0.0,1.3321000337600708,1.3321000337600708
REBN,2026-08-12 11:01:00-04:00,2026-08-12 11:57:48.365383-04:00,3348.365383,11.0,1.5038000345230103,1.5038000345230103
REBN,2026-08-12 11:04:00-04:00,2026-08-12 11:57:48.365383-04:00,3168.365383,1111.0,1.5099999904632568,1.4900000095367432
REBN,2026-08-12 11:12:00-04:00,2026-08-12 11:57:48.365383-04:00,2688.365383,1109.0,1.5149999856948853,1.5149999856948853
REBN,2026-08-12 11:14:00-04:00,2026-08-12 11:57:48.365383-04:00,2568.365383,221.0,1.5,1.5
REBN,2026-08-12 11:34:00-04:00,2026-08-12 11:57:48.365383-04:00,1368.365383,119.0,1.4800000190734863,1.4800000190734863
REBN,2026-08-12 11:38:00-04:00,2026-08-12 11:57:48.365383-04:00,1128.365383,0.0,1.4600000381469727,1.4600000381469727
MXCT,2026-08-12 11:48:00-04:00,2026-08-12 11:57:48.365383-04:00,528.365383,224.0,1.2404999732971191,1.2404999732971191
MXCT,2026-08-12 11:49:00-04:00,2026-08-12 11:57:48.365383-04:00,468.365383,2559.0,1.2450000047683716,1.2450000047683716
MXCT,2026-08-12 11:52:00-04:00,2026-08-12 11:57:48.365383-04:00,288.365383,814.0,1.2450000047683716,1.2450000047683716
MXCT,2026-08-12 11:54:00-04:00,2026-08-12 11:57:48.365383-04:00,168.365383,315.0,1.2410999536514282,1.2410999536514282
MXCT,2026-08-12 11:56:00-04:00,2026-08-12 11:57:48.365383-04:00,48.365383,766.0,1.2450000047683716,1.2450000047683716
MXCT,2026-08-12 11:57:00-04:00,2026-08-12 11:57:48.365383-04:00,-11.634617,0.0,1.25,1.25
ENHA,2026-08-12 11:47:00-04:00,2026-08-12 11:57:48.365383-04:00,588.365383,13273.0,2.174999952316284,2.174999952316284
ENHA,2026-08-12 11:48:00-04:00,2026-08-12 11:57:48.365383-04:00,528.365383,363.0,2.174999952316284,2.174999952316284
ENHA,2026-08-12 11:50:00-04:00,2026-08-12 11:57:48.365383-04:00,408.365383,5058.0,2.1791000366210938,2.174999952316284
ENHA,2026-08-12 11:51:00-04:00,2026-08-12 11:57:48.365383-04:00,348.365383,108.0,2.174999952316284,2.174999952316284
ENHA,2026-08-12 11:52:00-04:00,2026-08-12 11:57:48.365383-04:00,288.365383,28589.0,2.174999952316284,2.184999942779541
ENHA,2026-08-12 11:53:00-04:00,2026-08-12 11:57:48.365383-04:00,228.365383,1231.0,2.2030999660491943,2.200000047683716
GRWG,2026-08-12 11:53:00-04:00,2026-08-12 11:58:08.412289-04:00,248.412289,9695.0,1.8799999952316284,1.8849999904632568
GRWG,2026-08-12 11:54:00-04:00,2026-08-12 11:58:08.412289-04:00,188.412289,2139.0,1.8808000087738037,1.8899999856948853
GRWG,2026-08-12 11:55:00-04:00,2026-08-12 11:58:08.412289-04:00,128.412289,467.0,1.8849999904632568,1.8899999856948853
GRWG,2026-08-12 11:56:00-04:00,2026-08-12 11:58:08.412289-04:00,68.412289,1347.0,1.881100058555603,1.8849999904632568
GRWG,2026-08-12 11:57:00-04:00,2026-08-12 11:58:08.412289-04:00,8.412289,1173.0,1.8899999856948853,1.8899999856948853
GRWG,2026-08-12 11:58:00-04:00,2026-08-12 11:58:08.412289-04:00,-51.587711,0.0,1.8801000118255615,1.8801000118255615
REBN,2026-08-12 11:01:00-04:00,2026-08-12 11:58:08.412289-04:00,3368.412289,11.0,1.5038000345230103,1.5038000345230103
REBN,2026-08-12 11:04:00-04:00,2026-08-12 11:58:08.412289-04:00,3188.412289,1111.0,1.5099999904632568,1.4900000095367432
REBN,2026-08-12 11:12:00-04:00,2026-08-12 11:58:08.412289-04:00,2708.412289,1109.0,1.5149999856948853,1.5149999856948853
REBN,2026-08-12 11:14:00-04:00,2026-08-12 11:58:08.412289-04:00,2588.412289,221.0,1.5,1.5
REBN,2026-08-12 11:34:00-04:00,2026-08-12 11:58:08.412289-04:00,1388.412289,119.0,1.4800000190734863,1.4800000190734863
REBN,2026-08-12 11:38:00-04:00,2026-08-12 11:58:08.412289-04:00,1148.412289,0.0,1.4600000381469727,1.4600000381469727
VLN,2026-08-12 11:50:00-04:00,2026-08-12 11:58:08.412289-04:00,428.412289,4159.0,1.8200000524520874,1.8200000524520874
VLN,2026-08-12 11:51:00-04:00,2026-08-12 11:58:08.412289-04:00,368.412289,342.0,1.8300000429153442,1.8300000429153442
VLN,2026-08-12 11:53:00-04:00,2026-08-12 11:58:08.412289-04:00,248.412289,4241.0,1.8250000476837158,1.8288999795913696
VLN,2026-08-12 11:55:00-04:00,2026-08-12 11:58:08.412289-04:00,128.412289,758.0,1.8350000381469727,1.8350000381469727
VLN,2026-08-12 11:56:00-04:00,2026-08-12 11:58:08.412289-04:00,68.412289,1130.0,1.8350000381469727,1.8350000381469727
VLN,2026-08-12 11:57:00-04:00,2026-08-12 11:58:08.412289-04:00,8.412289,0.0,1.830299973487854,1.830299973487854
FEMY,2026-08-12 11:24:00-04:00,2026-08-12 11:58:08.412289-04:00,1988.412289,7013.0,2.325000047683716,2.3299999237060547
FEMY,2026-08-12 11:25:00-04:00,2026-08-12 11:58:08.412289-04:00,1928.412289,45332.0,2.3299999237060547,2.240000009536743
FEMY,2026-08-12 11:26:00-04:00,2026-08-12 11:58:08.412289-04:00,1868.412289,10702.0,2.240000009536743,2.240000009536743
FEMY,2026-08-12 11:27:00-04:00,2026-08-12 11:58:08.412289-04:00,1808.412289,690.0,2.2699999809265137,2.2699999809265137
FEMY,2026-08-12 11:38:00-04:00,2026-08-12 11:58:08.412289-04:00,1148.412289,103.0,2.309999942779541,2.309999942779541
FEMY,2026-08-12 11:40:00-04:00,2026-08-12 11:58:08.412289-04:00,1028.412289,0.0,2.319999933242798,2.319999933242798
MXCT,2026-08-12 11:48:00-04:00,2026-08-12 11:58:08.412289-04:00,548.412289,224.0,1.2404999732971191,1.2404999732971191
MXCT,2026-08-12 11:49:00-04:00,2026-08-12 11:58:08.412289-04:00,488.412289,2559.0,1.2450000047683716,1.2450000047683716
MXCT,2026-08-12 11:52:00-04:00,2026-08-12 11:58:08.412289-04:00,308.412289,814.0,1.2450000047683716,1.2450000047683716
MXCT,2026-08-12 11:54:00-04:00,2026-08-12 11:58:08.412289-04:00,188.412289,315.0,1.2410999536514282,1.2410999536514282
MXCT,2026-08-12 11:56:00-04:00,2026-08-12 11:58:08.412289-04:00,68.412289,766.0,1.2450000047683716,1.2450000047683716
MXCT,2026-08-12 11:57:00-04:00,2026-08-12 11:58:08.412289-04:00,8.412289,0.0,1.25,1.25
BIVI,2026-08-12 11:53:00-04:00,2026-08-12 11:58:08.412289-04:00,248.412289,92024.0,1.7825000286102295,1.7649999856948853
BIVI,2026-08-12 11:54:00-04:00,2026-08-12 11:58:08.412289-04:00,188.412289,66157.0,1.7620999813079834,1.798799991607666
BIVI,2026-08-12 11:55:00-04:00,2026-08-12 11:58:08.412289-04:00,128.412289,98415.0,1.7899999618530273,1.7510000467300415
BIVI,2026-08-12 11:56:00-04:00,2026-08-12 11:58:08.412289-04:00,68.412289,110453.0,1.7598999738693237,1.7200000286102295
BIVI,2026-08-12 11:57:00-04:00,2026-08-12 11:58:08.412289-04:00,8.412289,234720.0,1.7200000286102295,1.747499942779541
BIVI,2026-08-12 11:58:00-04:00,2026-08-12 11:58:08.412289-04:00,-51.587711,0.0,1.7350000143051147,1.7350000143051147
ENHA,2026-08-12 11:47:00-04:00,2026-08-12 11:58:08.412289-04:00,608.412289,13273.0,2.174999952316284,2.174999952316284
ENHA,2026-08-12 11:48:00-04:00,2026-08-12 11:58:08.412289-04:00,548.412289,363.0,2.174999952316284,2.174999952316284
ENHA,2026-08-12 11:50:00-04:00,2026-08-12 11:58:08.412289-04:00,428.412289,5058.0,2.1791000366210938,2.174999952316284
ENHA,2026-08-12 11:51:00-04:00,2026-08-12 11:58:08.412289-04:00,368.412289,108.0,2.174999952316284,2.174999952316284
ENHA,2026-08-12 11:52:00-04:00,2026-08-12 11:58:08.412289-04:00,308.412289,28589.0,2.174999952316284,2.184999942779541
ENHA,2026-08-12 11:53:00-04:00,2026-08-12 11:58:08.412289-04:00,248.412289,1231.0,2.2030999660491943,2.200000047683716
DRMA,2026-08-12 11:53:00-04:00,2026-08-12 11:58:08.412289-04:00,248.412289,11606.0,1.3489999771118164,1.351199984550476
DRMA,2026-08-12 11:54:00-04:00,2026-08-12 11:58:08.412289-04:00,188.412289,1374.0,1.350000023841858,1.3550000190734863
DRMA,2026-08-12 11:55:00-04:00,2026-08-12 11:58:08.412289-04:00,128.412289,27467.0,1.3598999977111816,1.3300000429153442
DRMA,2026-08-12 11:56:00-04:00,2026-08-12 11:58:08.412289-04:00,68.412289,7206.0,1.3312000036239624,1.340000033378601
DRMA,2026-08-12 11:57:00-04:00,2026-08-12 11:58:08.412289-04:00,8.412289,8947.0,1.350000023841858,1.3301000595092773
DRMA,2026-08-12 11:58:00-04:00,2026-08-12 11:58:08.412289-04:00,-51.587711,0.0,1.3309999704360962,1.3309999704360962
VLN,2026-08-12 11:51:00-04:00,2026-08-12 11:58:28.463123-04:00,388.463123,342.0,1.8300000429153442,1.8300000429153442
VLN,2026-08-12 11:53:00-04:00,2026-08-12 11:58:28.463123-04:00,268.463123,4241.0,1.8250000476837158,1.8288999795913696
VLN,2026-08-12 11:55:00-04:00,2026-08-12 11:58:28.463123-04:00,148.463123,758.0,1.8350000381469727,1.8350000381469727
VLN,2026-08-12 11:56:00-04:00,2026-08-12 11:58:28.463123-04:00,88.463123,1130.0,1.8350000381469727,1.8350000381469727
VLN,2026-08-12 11:57:00-04:00,2026-08-12 11:58:28.463123-04:00,28.463123,202.0,1.830299973487854,1.830299973487854
VLN,2026-08-12 11:58:00-04:00,2026-08-12 11:58:28.463123-04:00,-31.536877,0.0,1.8350000381469727,1.8350000381469727
FEMY,2026-08-12 11:24:00-04:00,2026-08-12 11:58:28.463123-04:00,2008.463123,7013.0,2.325000047683716,2.3299999237060547
FEMY,2026-08-12 11:25:00-04:00,2026-08-12 11:58:28.463123-04:00,1948.463123,45332.0,2.3299999237060547,2.240000009536743
FEMY,2026-08-12 11:26:00-04:00,2026-08-12 11:58:28.463123-04:00,1888.463123,10702.0,2.240000009536743,2.240000009536743
FEMY,2026-08-12 11:27:00-04:00,2026-08-12 11:58:28.463123-04:00,1828.463123,690.0,2.2699999809265137,2.2699999809265137
FEMY,2026-08-12 11:38:00-04:00,2026-08-12 11:58:28.463123-04:00,1168.463123,103.0,2.309999942779541,2.309999942779541
FEMY,2026-08-12 11:40:00-04:00,2026-08-12 11:58:28.463123-04:00,1048.463123,0.0,2.319999933242798,2.319999933242798
REBN,2026-08-12 11:01:00-04:00,2026-08-12 11:58:28.463123-04:00,3388.463123,11.0,1.5038000345230103,1.5038000345230103
REBN,2026-08-12 11:04:00-04:00,2026-08-12 11:58:28.463123-04:00,3208.463123,1111.0,1.5099999904632568,1.4900000095367432
REBN,2026-08-12 11:12:00-04:00,2026-08-12 11:58:28.463123-04:00,2728.463123,1109.0,1.5149999856948853,1.5149999856948853
REBN,2026-08-12 11:14:00-04:00,2026-08-12 11:58:28.463123-04:00,2608.463123,221.0,1.5,1.5
REBN,2026-08-12 11:34:00-04:00,2026-08-12 11:58:28.463123-04:00,1408.463123,119.0,1.4800000190734863,1.4800000190734863
REBN,2026-08-12 11:38:00-04:00,2026-08-12 11:58:28.463123-04:00,1168.463123,0.0,1.4600000381469727,1.4600000381469727
MXCT,2026-08-12 11:48:00-04:00,2026-08-12 11:58:28.463123-04:00,568.463123,224.0,1.2404999732971191,1.2404999732971191
MXCT,2026-08-12 11:49:00-04:00,2026-08-12 11:58:28.463123-04:00,508.463123,2559.0,1.2450000047683716,1.2450000047683716
MXCT,2026-08-12 11:52:00-04:00,2026-08-12 11:58:28.463123-04:00,328.463123,814.0,1.2450000047683716,1.2450000047683716
MXCT,2026-08-12 11:54:00-04:00,2026-08-12 11:58:28.463123-04:00,208.463123,315.0,1.2410999536514282,1.2410999536514282
MXCT,2026-08-12 11:56:00-04:00,2026-08-12 11:58:28.463123-04:00,88.463123,766.0,1.2450000047683716,1.2450000047683716
MXCT,2026-08-12 11:57:00-04:00,2026-08-12 11:58:28.463123-04:00,28.463123,0.0,1.25,1.25
ENHA,2026-08-12 11:47:00-04:00,2026-08-12 11:58:28.463123-04:00,628.463123,13273.0,2.174999952316284,2.174999952316284
ENHA,2026-08-12 11:48:00-04:00,2026-08-12 11:58:28.463123-04:00,568.463123,363.0,2.174999952316284,2.174999952316284
ENHA,2026-08-12 11:50:00-04:00,2026-08-12 11:58:28.463123-04:00,448.463123,5058.0,2.1791000366210938,2.174999952316284
ENHA,2026-08-12 11:51:00-04:00,2026-08-12 11:58:28.463123-04:00,388.463123,108.0,2.174999952316284,2.174999952316284
ENHA,2026-08-12 11:52:00-04:00,2026-08-12 11:58:28.463123-04:00,328.463123,28589.0,2.174999952316284,2.184999942779541
ENHA,2026-08-12 11:53:00-04:00,2026-08-12 11:58:28.463123-04:00,268.463123,1231.0,2.2030999660491943,2.200000047683716
BIVI,2026-08-12 11:53:00-04:00,2026-08-12 11:58:28.463123-04:00,268.463123,92024.0,1.7825000286102295,1.7649999856948853
BIVI,2026-08-12 11:54:00-04:00,2026-08-12 11:58:28.463123-04:00,208.463123,66157.0,1.7620999813079834,1.798799991607666
BIVI,2026-08-12 11:55:00-04:00,2026-08-12 11:58:28.463123-04:00,148.463123,98415.0,1.7899999618530273,1.7510000467300415
BIVI,2026-08-12 11:56:00-04:00,2026-08-12 11:58:28.463123-04:00,88.463123,110453.0,1.7598999738693237,1.7200000286102295
BIVI,2026-08-12 11:57:00-04:00,2026-08-12 11:58:28.463123-04:00,28.463123,234720.0,1.7200000286102295,1.747499942779541
BIVI,2026-08-12 11:58:00-04:00,2026-08-12 11:58:28.463123-04:00,-31.536877,0.0,1.7400000095367432,1.7400000095367432
DRMA,2026-08-12 11:53:00-04:00,2026-08-12 11:58:28.463123-04:00,268.463123,11606.0,1.3489999771118164,1.351199984550476
DRMA,2026-08-12 11:54:00-04:00,2026-08-12 11:58:28.463123-04:00,208.463123,1374.0,1.350000023841858,1.3550000190734863
DRMA,2026-08-12 11:55:00-04:00,2026-08-12 11:58:28.463123-04:00,148.463123,27467.0,1.3598999977111816,1.3300000429153442
DRMA,2026-08-12 11:56:00-04:00,2026-08-12 11:58:28.463123-04:00,88.463123,7206.0,1.3312000036239624,1.340000033378601
DRMA,2026-08-12 11:57:00-04:00,2026-08-12 11:58:28.463123-04:00,28.463123,8947.0,1.350000023841858,1.3301000595092773
DRMA,2026-08-12 11:58:00-04:00,2026-08-12 11:58:28.463123-04:00,-31.536877,0.0,1.3300000429153442,1.3300000429153442
GRWG,2026-08-12 11:53:00-04:00,2026-08-12 11:58:28.463123-04:00,268.463123,9695.0,1.8799999952316284,1.8849999904632568
GRWG,2026-08-12 11:54:00-04:00,2026-08-12 11:58:28.463123-04:00,208.463123,2139.0,1.8808000087738037,1.8899999856948853
GRWG,2026-08-12 11:55:00-04:00,2026-08-12 11:58:28.463123-04:00,148.463123,467.0,1.8849999904632568,1.8899999856948853
GRWG,2026-08-12 11:56:00-04:00,2026-08-12 11:58:28.463123-04:00,88.463123,1347.0,1.881100058555603,1.8849999904632568
GRWG,2026-08-12 11:57:00-04:00,2026-08-12 11:58:28.463123-04:00,28.463123,1173.0,1.8899999856948853,1.8899999856948853
GRWG,2026-08-12 11:58:00-04:00,2026-08-12 11:58:28.463123-04:00,-31.536877,0.0,1.8801000118255615,1.8801000118255615
GRWG,2026-08-12 11:53:00-04:00,2026-08-12 11:58:48.508816-04:00,288.508816,9695.0,1.8799999952316284,1.8849999904632568
GRWG,2026-08-12 11:54:00-04:00,2026-08-12 11:58:48.508816-04:00,228.508816,2139.0,1.8808000087738037,1.8899999856948853
GRWG,2026-08-12 11:55:00-04:00,2026-08-12 11:58:48.508816-04:00,168.508816,467.0,1.8849999904632568,1.8899999856948853
GRWG,2026-08-12 11:56:00-04:00,2026-08-12 11:58:48.508816-04:00,108.508816,1347.0,1.881100058555603,1.8849999904632568
GRWG,2026-08-12 11:57:00-04:00,2026-08-12 11:58:48.508816-04:00,48.508816,1173.0,1.8899999856948853,1.8899999856948853
GRWG,2026-08-12 11:58:00-04:00,2026-08-12 11:58:48.508816-04:00,-11.491184,0.0,1.8811999559402466,1.8811999559402466
MXCT,2026-08-12 11:49:00-04:00,2026-08-12 11:58:48.508816-04:00,528.508816,2559.0,1.2450000047683716,1.2450000047683716
MXCT,2026-08-12 11:52:00-04:00,2026-08-12 11:58:48.508816-04:00,348.508816,814.0,1.2450000047683716,1.2450000047683716
MXCT,2026-08-12 11:54:00-04:00,2026-08-12 11:58:48.508816-04:00,228.508816,315.0,1.2410999536514282,1.2410999536514282
MXCT,2026-08-12 11:56:00-04:00,2026-08-12 11:58:48.508816-04:00,108.508816,766.0,1.2450000047683716,1.2450000047683716
MXCT,2026-08-12 11:57:00-04:00,2026-08-12 11:58:48.508816-04:00,48.508816,10115.0,1.25,1.25
MXCT,2026-08-12 11:58:00-04:00,2026-08-12 11:58:48.508816-04:00,-11.491184,0.0,1.2450000047683716,1.2450000047683716
DRMA,2026-08-12 11:53:00-04:00,2026-08-12 11:58:48.508816-04:00,288.508816,11606.0,1.3489999771118164,1.351199984550476
DRMA,2026-08-12 11:54:00-04:00,2026-08-12 11:58:48.508816-04:00,228.508816,1374.0,1.350000023841858,1.3550000190734863
DRMA,2026-08-12 11:55:00-04:00,2026-08-12 11:58:48.508816-04:00,168.508816,27467.0,1.3598999977111816,1.3300000429153442
DRMA,2026-08-12 11:56:00-04:00,2026-08-12 11:58:48.508816-04:00,108.508816,7206.0,1.3312000036239624,1.340000033378601
DRMA,2026-08-12 11:57:00-04:00,2026-08-12 11:58:48.508816-04:00,48.508816,8947.0,1.350000023841858,1.3301000595092773
DRMA,2026-08-12 11:58:00-04:00,2026-08-12 11:58:48.508816-04:00,-11.491184,0.0,1.3350000381469727,1.3350000381469727
BIVI,2026-08-12 11:53:00-04:00,2026-08-12 11:58:48.508816-04:00,288.508816,92024.0,1.7825000286102295,1.7649999856948853
BIVI,2026-08-12 11:54:00-04:00,2026-08-12 11:58:48.508816-04:00,228.508816,66157.0,1.7620999813079834,1.798799991607666
BIVI,2026-08-12 11:55:00-04:00,2026-08-12 11:58:48.508816-04:00,168.508816,98415.0,1.7899999618530273,1.7510000467300415
BIVI,2026-08-12 11:56:00-04:00,2026-08-12 11:58:48.508816-04:00,108.508816,110453.0,1.7598999738693237,1.7200000286102295
BIVI,2026-08-12 11:57:00-04:00,2026-08-12 11:58:48.508816-04:00,48.508816,234720.0,1.7200000286102295,1.747499942779541
BIVI,2026-08-12 11:58:00-04:00,2026-08-12 11:58:48.508816-04:00,-11.491184,0.0,1.7400000095367432,1.7400000095367432
ENHA,2026-08-12 11:48:00-04:00,2026-08-12 11:58:48.508816-04:00,588.508816,363.0,2.174999952316284,2.174999952316284
ENHA,2026-08-12 11:50:00-04:00,2026-08-12 11:58:48.508816-04:00,468.508816,5058.0,2.1791000366210938,2.174999952316284
ENHA,2026-08-12 11:51:00-04:00,2026-08-12 11:58:48.508816-04:00,408.508816,108.0,2.174999952316284,2.174999952316284
ENHA,2026-08-12 11:52:00-04:00,2026-08-12 11:58:48.508816-04:00,348.508816,28589.0,2.174999952316284,2.184999942779541
ENHA,2026-08-12 11:53:00-04:00,2026-08-12 11:58:48.508816-04:00,288.508816,1231.0,2.2030999660491943,2.200000047683716
ENHA,2026-08-12 11:57:00-04:00,2026-08-12 11:58:48.508816-04:00,48.508816,4560.0,2.2100000381469727,2.2200000286102295
FEMY,2026-08-12 11:24:00-04:00,2026-08-12 11:58:48.508816-04:00,2028.508816,7013.0,2.325000047683716,2.3299999237060547
FEMY,2026-08-12 11:25:00-04:00,2026-08-12 11:58:48.508816-04:00,1968.508816,45332.0,2.3299999237060547,2.240000009536743
FEMY,2026-08-12 11:26:00-04:00,2026-08-12 11:58:48.508816-04:00,1908.508816,10702.0,2.240000009536743,2.240000009536743
FEMY,2026-08-12 11:27:00-04:00,2026-08-12 11:58:48.508816-04:00,1848.508816,690.0,2.2699999809265137,2.2699999809265137
FEMY,2026-08-12 11:38:00-04:00,2026-08-12 11:58:48.508816-04:00,1188.508816,103.0,2.309999942779541,2.309999942779541
FEMY,2026-08-12 11:40:00-04:00,2026-08-12 11:58:48.508816-04:00,1068.508816,0.0,2.319999933242798,2.319999933242798
REBN,2026-08-12 11:01:00-04:00,2026-08-12 11:58:48.508816-04:00,3408.508816,11.0,1.5038000345230103,1.5038000345230103
REBN,2026-08-12 11:04:00-04:00,2026-08-12 11:58:48.508816-04:00,3228.508816,1111.0,1.5099999904632568,1.4900000095367432
REBN,2026-08-12 11:12:00-04:00,2026-08-12 11:58:48.508816-04:00,2748.508816,1109.0,1.5149999856948853,1.5149999856948853
REBN,2026-08-12 11:14:00-04:00,2026-08-12 11:58:48.508816-04:00,2628.508816,221.0,1.5,1.5
REBN,2026-08-12 11:34:00-04:00,2026-08-12 11:58:48.508816-04:00,1428.508816,119.0,1.4800000190734863,1.4800000190734863
REBN,2026-08-12 11:38:00-04:00,2026-08-12 11:58:48.508816-04:00,1188.508816,0.0,1.4600000381469727,1.4600000381469727
VLN,2026-08-12 11:51:00-04:00,2026-08-12 11:58:48.508816-04:00,408.508816,342.0,1.8300000429153442,1.8300000429153442
VLN,2026-08-12 11:53:00-04:00,2026-08-12 11:58:48.508816-04:00,288.508816,4241.0,1.8250000476837158,1.8288999795913696
VLN,2026-08-12 11:55:00-04:00,2026-08-12 11:58:48.508816-04:00,168.508816,758.0,1.8350000381469727,1.8350000381469727
VLN,2026-08-12 11:56:00-04:00,2026-08-12 11:58:48.508816-04:00,108.508816,1130.0,1.8350000381469727,1.8350000381469727
VLN,2026-08-12 11:57:00-04:00,2026-08-12 11:58:48.508816-04:00,48.508816,202.0,1.830299973487854,1.830299973487854
VLN,2026-08-12 11:58:00-04:00,2026-08-12 11:58:48.508816-04:00,-11.491184,0.0,1.8350000381469727,1.8350000381469727
FEMY,2026-08-12 11:24:00-04:00,2026-08-12 11:59:08.560655-04:00,2048.560655,7013.0,2.325000047683716,2.3299999237060547
FEMY,2026-08-12 11:25:00-04:00,2026-08-12 11:59:08.560655-04:00,1988.560655,45332.0,2.3299999237060547,2.240000009536743
FEMY,2026-08-12 11:26:00-04:00,2026-08-12 11:59:08.560655-04:00,1928.560655,10702.0,2.240000009536743,2.240000009536743
FEMY,2026-08-12 11:27:00-04:00,2026-08-12 11:59:08.560655-04:00,1868.560655,690.0,2.2699999809265137,2.2699999809265137
FEMY,2026-08-12 11:38:00-04:00,2026-08-12 11:59:08.560655-04:00,1208.560655,103.0,2.309999942779541,2.309999942779541
FEMY,2026-08-12 11:40:00-04:00,2026-08-12 11:59:08.560655-04:00,1088.560655,0.0,2.319999933242798,2.319999933242798
BIVI,2026-08-12 11:54:00-04:00,2026-08-12 11:59:08.560655-04:00,248.560655,66157.0,1.798799991607666,1.798799991607666
BIVI,2026-08-12 11:55:00-04:00,2026-08-12 11:59:08.560655-04:00,188.560655,98416.0,1.7899999618530273,1.7510000467300415
BIVI,2026-08-12 11:56:00-04:00,2026-08-12 11:59:08.560655-04:00,128.560655,110453.0,1.7598999738693237,1.7200000286102295
BIVI,2026-08-12 11:57:00-04:00,2026-08-12 11:59:08.560655-04:00,68.560655,234720.0,1.7200000286102295,1.747499942779541
BIVI,2026-08-12 11:58:00-04:00,2026-08-12 11:59:08.560655-04:00,8.560655,165858.0,1.75,1.7297999858856201
BIVI,2026-08-12 11:59:00-04:00,2026-08-12 11:59:08.560655-04:00,-51.439345,0.0,1.7100000381469727,1.7100000381469727
GRWG,2026-08-12 11:53:00-04:00,2026-08-12 11:59:08.560655-04:00,308.560655,9695.0,1.8799999952316284,1.8849999904632568
GRWG,2026-08-12 11:54:00-04:00,2026-08-12 11:59:08.560655-04:00,248.560655,2139.0,1.8808000087738037,1.8899999856948853
GRWG,2026-08-12 11:55:00-04:00,2026-08-12 11:59:08.560655-04:00,188.560655,467.0,1.8849999904632568,1.8899999856948853
GRWG,2026-08-12 11:56:00-04:00,2026-08-12 11:59:08.560655-04:00,128.560655,1347.0,1.881100058555603,1.8849999904632568
GRWG,2026-08-12 11:57:00-04:00,2026-08-12 11:59:08.560655-04:00,68.560655,1173.0,1.8899999856948853,1.8899999856948853
GRWG,2026-08-12 11:58:00-04:00,2026-08-12 11:59:08.560655-04:00,8.560655,0.0,1.8899999856948853,1.8899999856948853
MXCT,2026-08-12 11:49:00-04:00,2026-08-12 11:59:08.560655-04:00,548.560655,2559.0,1.2450000047683716,1.2450000047683716
MXCT,2026-08-12 11:52:00-04:00,2026-08-12 11:59:08.560655-04:00,368.560655,814.0,1.2450000047683716,1.2450000047683716
MXCT,2026-08-12 11:54:00-04:00,2026-08-12 11:59:08.560655-04:00,248.560655,315.0,1.2410999536514282,1.2410999536514282
MXCT,2026-08-12 11:56:00-04:00,2026-08-12 11:59:08.560655-04:00,128.560655,766.0,1.2450000047683716,1.2450000047683716
MXCT,2026-08-12 11:57:00-04:00,2026-08-12 11:59:08.560655-04:00,68.560655,10115.0,1.25,1.25
MXCT,2026-08-12 11:58:00-04:00,2026-08-12 11:59:08.560655-04:00,8.560655,0.0,1.2450000047683716,1.2450000047683716
VLN,2026-08-12 11:51:00-04:00,2026-08-12 11:59:08.560655-04:00,428.560655,342.0,1.8300000429153442,1.8300000429153442
VLN,2026-08-12 11:53:00-04:00,2026-08-12 11:59:08.560655-04:00,308.560655,4241.0,1.8250000476837158,1.8288999795913696
VLN,2026-08-12 11:55:00-04:00,2026-08-12 11:59:08.560655-04:00,188.560655,758.0,1.8350000381469727,1.8350000381469727
VLN,2026-08-12 11:56:00-04:00,2026-08-12 11:59:08.560655-04:00,128.560655,1130.0,1.8350000381469727,1.8350000381469727
VLN,2026-08-12 11:57:00-04:00,2026-08-12 11:59:08.560655-04:00,68.560655,202.0,1.830299973487854,1.830299973487854
VLN,2026-08-12 11:58:00-04:00,2026-08-12 11:59:08.560655-04:00,8.560655,0.0,1.8350000381469727,1.8350000381469727
REBN,2026-08-12 11:01:00-04:00,2026-08-12 11:59:08.560655-04:00,3428.560655,11.0,1.5038000345230103,1.5038000345230103
REBN,2026-08-12 11:04:00-04:00,2026-08-12 11:59:08.560655-04:00,3248.560655,1111.0,1.5099999904632568,1.4900000095367432
REBN,2026-08-12 11:12:00-04:00,2026-08-12 11:59:08.560655-04:00,2768.560655,1109.0,1.5149999856948853,1.5149999856948853
REBN,2026-08-12 11:14:00-04:00,2026-08-12 11:59:08.560655-04:00,2648.560655,221.0,1.5,1.5
REBN,2026-08-12 11:34:00-04:00,2026-08-12 11:59:08.560655-04:00,1448.560655,119.0,1.4800000190734863,1.4800000190734863
REBN,2026-08-12 11:38:00-04:00,2026-08-12 11:59:08.560655-04:00,1208.560655,0.0,1.4600000381469727,1.4600000381469727
ENHA,2026-08-12 11:50:00-04:00,2026-08-12 11:59:08.560655-04:00,488.560655,5058.0,2.1791000366210938,2.174999952316284
ENHA,2026-08-12 11:51:00-04:00,2026-08-12 11:59:08.560655-04:00,428.560655,108.0,2.174999952316284,2.174999952316284
ENHA,2026-08-12 11:52:00-04:00,2026-08-12 11:59:08.560655-04:00,368.560655,28589.0,2.174999952316284,2.184999942779541
ENHA,2026-08-12 11:53:00-04:00,2026-08-12 11:59:08.560655-04:00,308.560655,1231.0,2.2030999660491943,2.200000047683716
ENHA,2026-08-12 11:57:00-04:00,2026-08-12 11:59:08.560655-04:00,68.560655,4560.0,2.2100000381469727,2.2200000286102295
ENHA,2026-08-12 11:58:00-04:00,2026-08-12 11:59:08.560655-04:00,8.560655,0.0,2.234999895095825,2.234999895095825
DRMA,2026-08-12 11:54:00-04:00,2026-08-12 11:59:08.560655-04:00,248.560655,1374.0,1.350000023841858,1.3550000190734863
DRMA,2026-08-12 11:55:00-04:00,2026-08-12 11:59:08.560655-04:00,188.560655,27467.0,1.3598999977111816,1.3300000429153442
DRMA,2026-08-12 11:56:00-04:00,2026-08-12 11:59:08.560655-04:00,128.560655,7206.0,1.3312000036239624,1.340000033378601
DRMA,2026-08-12 11:57:00-04:00,2026-08-12 11:59:08.560655-04:00,68.560655,8947.0,1.350000023841858,1.3301000595092773
DRMA,2026-08-12 11:58:00-04:00,2026-08-12 11:59:08.560655-04:00,8.560655,18325.0,1.3309999704360962,1.3300000429153442
DRMA,2026-08-12 11:59:00-04:00,2026-08-12 11:59:08.560655-04:00,-51.439345,0.0,1.3350000381469727,1.3350000381469727
BIVI,2026-08-12 11:54:00-04:00,2026-08-12 11:59:28.604163-04:00,268.604163,66157.0,1.7620999813079834,1.798799991607666
BIVI,2026-08-12 11:55:00-04:00,2026-08-12 11:59:28.604163-04:00,208.604163,98415.0,1.7899999618530273,1.7510000467300415
BIVI,2026-08-12 11:56:00-04:00,2026-08-12 11:59:28.604163-04:00,148.604163,110453.0,1.7598999738693237,1.7200000286102295
BIVI,2026-08-12 11:57:00-04:00,2026-08-12 11:59:28.604163-04:00,88.604163,234720.0,1.7200000286102295,1.747499942779541
BIVI,2026-08-12 11:58:00-04:00,2026-08-12 11:59:28.604163-04:00,28.604163,165859.0,1.75,1.7297999858856201
BIVI,2026-08-12 11:59:00-04:00,2026-08-12 11:59:28.604163-04:00,-31.395837,0.0,1.7299000024795532,1.7299000024795532
FEMY,2026-08-12 11:24:00-04:00,2026-08-12 11:59:28.604163-04:00,2068.604163,7013.0,2.325000047683716,2.3299999237060547
FEMY,2026-08-12 11:25:00-04:00,2026-08-12 11:59:28.604163-04:00,2008.604163,45332.0,2.3299999237060547,2.240000009536743
FEMY,2026-08-12 11:26:00-04:00,2026-08-12 11:59:28.604163-04:00,1948.604163,10702.0,2.240000009536743,2.240000009536743
FEMY,2026-08-12 11:27:00-04:00,2026-08-12 11:59:28.604163-04:00,1888.604163,690.0,2.2699999809265137,2.2699999809265137
FEMY,2026-08-12 11:38:00-04:00,2026-08-12 11:59:28.604163-04:00,1228.604163,103.0,2.309999942779541,2.309999942779541
FEMY,2026-08-12 11:40:00-04:00,2026-08-12 11:59:28.604163-04:00,1108.604163,0.0,2.319999933242798,2.319999933242798
REBN,2026-08-12 11:01:00-04:00,2026-08-12 11:59:28.604163-04:00,3448.604163,11.0,1.5038000345230103,1.5038000345230103
REBN,2026-08-12 11:04:00-04:00,2026-08-12 11:59:28.604163-04:00,3268.604163,1111.0,1.5099999904632568,1.4900000095367432
REBN,2026-08-12 11:12:00-04:00,2026-08-12 11:59:28.604163-04:00,2788.604163,1109.0,1.5149999856948853,1.5149999856948853
REBN,2026-08-12 11:14:00-04:00,2026-08-12 11:59:28.604163-04:00,2668.604163,221.0,1.5,1.5
REBN,2026-08-12 11:34:00-04:00,2026-08-12 11:59:28.604163-04:00,1468.604163,119.0,1.4800000190734863,1.4800000190734863
REBN,2026-08-12 11:38:00-04:00,2026-08-12 11:59:28.604163-04:00,1228.604163,0.0,1.4600000381469727,1.4600000381469727
MXCT,2026-08-12 11:49:00-04:00,2026-08-12 11:59:28.604163-04:00,568.604163,2559.0,1.2450000047683716,1.2450000047683716
MXCT,2026-08-12 11:52:00-04:00,2026-08-12 11:59:28.604163-04:00,388.604163,814.0,1.2450000047683716,1.2450000047683716
MXCT,2026-08-12 11:54:00-04:00,2026-08-12 11:59:28.604163-04:00,268.604163,315.0,1.2410999536514282,1.2410999536514282
MXCT,2026-08-12 11:56:00-04:00,2026-08-12 11:59:28.604163-04:00,148.604163,766.0,1.2450000047683716,1.2450000047683716
MXCT,2026-08-12 11:57:00-04:00,2026-08-12 11:59:28.604163-04:00,88.604163,10115.0,1.25,1.25
MXCT,2026-08-12 11:58:00-04:00,2026-08-12 11:59:28.604163-04:00,28.604163,0.0,1.2450000047683716,1.2450000047683716
DRMA,2026-08-12 11:54:00-04:00,2026-08-12 11:59:28.604163-04:00,268.604163,1374.0,1.350000023841858,1.3550000190734863
DRMA,2026-08-12 11:55:00-04:00,2026-08-12 11:59:28.604163-04:00,208.604163,27467.0,1.3598999977111816,1.3300000429153442
DRMA,2026-08-12 11:56:00-04:00,2026-08-12 11:59:28.604163-04:00,148.604163,7206.0,1.3312000036239624,1.340000033378601
DRMA,2026-08-12 11:57:00-04:00,2026-08-12 11:59:28.604163-04:00,88.604163,8947.0,1.350000023841858,1.3301000595092773
DRMA,2026-08-12 11:58:00-04:00,2026-08-12 11:59:28.604163-04:00,28.604163,18325.0,1.3309999704360962,1.3300000429153442
DRMA,2026-08-12 11:59:00-04:00,2026-08-12 11:59:28.604163-04:00,-31.395837,0.0,1.3488999605178833,1.3488999605178833
GRWG,2026-08-12 11:54:00-04:00,2026-08-12 11:59:28.604163-04:00,268.604163,2139.0,1.8808000087738037,1.8899999856948853
GRWG,2026-08-12 11:55:00-04:00,2026-08-12 11:59:28.604163-04:00,208.604163,467.0,1.8849999904632568,1.8899999856948853
GRWG,2026-08-12 11:56:00-04:00,2026-08-12 11:59:28.604163-04:00,148.604163,1347.0,1.881100058555603,1.8849999904632568
GRWG,2026-08-12 11:57:00-04:00,2026-08-12 11:59:28.604163-04:00,88.604163,1173.0,1.8899999856948853,1.8899999856948853
GRWG,2026-08-12 11:58:00-04:00,2026-08-12 11:59:28.604163-04:00,28.604163,1392.0,1.8899999856948853,1.8899999856948853
GRWG,2026-08-12 11:59:00-04:00,2026-08-12 11:59:28.604163-04:00,-31.395837,0.0,1.8849999904632568,1.8849999904632568
VLN,2026-08-12 11:51:00-04:00,2026-08-12 11:59:28.604163-04:00,448.604163,342.0,1.8300000429153442,1.8300000429153442
VLN,2026-08-12 11:53:00-04:00,2026-08-12 11:59:28.604163-04:00,328.604163,4241.0,1.8250000476837158,1.8288999795913696
VLN,2026-08-12 11:55:00-04:00,2026-08-12 11:59:28.604163-04:00,208.604163,758.0,1.8350000381469727,1.8350000381469727
VLN,2026-08-12 11:56:00-04:00,2026-08-12 11:59:28.604163-04:00,148.604163,1130.0,1.8350000381469727,1.8350000381469727
VLN,2026-08-12 11:57:00-04:00,2026-08-12 11:59:28.604163-04:00,88.604163,202.0,1.830299973487854,1.830299973487854
VLN,2026-08-12 11:58:00-04:00,2026-08-12 11:59:28.604163-04:00,28.604163,0.0,1.8350000381469727,1.8350000381469727
ENHA,2026-08-12 11:50:00-04:00,2026-08-12 11:59:28.604163-04:00,508.604163,5058.0,2.1791000366210938,2.174999952316284
ENHA,2026-08-12 11:51:00-04:00,2026-08-12 11:59:28.604163-04:00,448.604163,108.0,2.174999952316284,2.174999952316284
ENHA,2026-08-12 11:52:00-04:00,2026-08-12 11:59:28.604163-04:00,388.604163,28589.0,2.174999952316284,2.184999942779541
ENHA,2026-08-12 11:53:00-04:00,2026-08-12 11:59:28.604163-04:00,328.604163,1231.0,2.2030999660491943,2.200000047683716
ENHA,2026-08-12 11:57:00-04:00,2026-08-12 11:59:28.604163-04:00,88.604163,4560.0,2.2100000381469727,2.2200000286102295
ENHA,2026-08-12 11:58:00-04:00,2026-08-12 11:59:28.604163-04:00,28.604163,0.0,2.234999895095825,2.234999895095825
FEMY,2026-08-12 11:24:00-04:00,2026-08-12 11:59:48.658608-04:00,2088.658608,7013.0,2.325000047683716,2.3299999237060547
FEMY,2026-08-12 11:25:00-04:00,2026-08-12 11:59:48.658608-04:00,2028.658608,45332.0,2.3299999237060547,2.240000009536743
FEMY,2026-08-12 11:26:00-04:00,2026-08-12 11:59:48.658608-04:00,1968.658608,10702.0,2.240000009536743,2.240000009536743
FEMY,2026-08-12 11:27:00-04:00,2026-08-12 11:59:48.658608-04:00,1908.658608,690.0,2.2699999809265137,2.2699999809265137
FEMY,2026-08-12 11:38:00-04:00,2026-08-12 11:59:48.658608-04:00,1248.658608,103.0,2.309999942779541,2.309999942779541
FEMY,2026-08-12 11:40:00-04:00,2026-08-12 11:59:48.658608-04:00,1128.658608,0.0,2.319999933242798,2.319999933242798
ENHA,2026-08-12 11:50:00-04:00,2026-08-12 11:59:48.658608-04:00,528.658608,5058.0,2.1791000366210938,2.174999952316284
ENHA,2026-08-12 11:51:00-04:00,2026-08-12 11:59:48.658608-04:00,468.658608,108.0,2.174999952316284,2.174999952316284
ENHA,2026-08-12 11:52:00-04:00,2026-08-12 11:59:48.658608-04:00,408.658608,28589.0,2.174999952316284,2.184999942779541
ENHA,2026-08-12 11:53:00-04:00,2026-08-12 11:59:48.658608-04:00,348.658608,1231.0,2.2030999660491943,2.200000047683716
ENHA,2026-08-12 11:57:00-04:00,2026-08-12 11:59:48.658608-04:00,108.658608,4560.0,2.2100000381469727,2.2200000286102295
ENHA,2026-08-12 11:58:00-04:00,2026-08-12 11:59:48.658608-04:00,48.658608,0.0,2.234999895095825,2.234999895095825
GRWG,2026-08-12 11:54:00-04:00,2026-08-12 11:59:48.658608-04:00,288.658608,2139.0,1.8808000087738037,1.8899999856948853
GRWG,2026-08-12 11:55:00-04:00,2026-08-12 11:59:48.658608-04:00,228.658608,467.0,1.8849999904632568,1.8899999856948853
GRWG,2026-08-12 11:56:00-04:00,2026-08-12 11:59:48.658608-04:00,168.658608,1347.0,1.881100058555603,1.8849999904632568
GRWG,2026-08-12 11:57:00-04:00,2026-08-12 11:59:48.658608-04:00,108.658608,1173.0,1.8899999856948853,1.8899999856948853
GRWG,2026-08-12 11:58:00-04:00,2026-08-12 11:59:48.658608-04:00,48.658608,1392.0,1.8899999856948853,1.8899999856948853
GRWG,2026-08-12 11:59:00-04:00,2026-08-12 11:59:48.658608-04:00,-11.341392,0.0,1.8849999904632568,1.8849999904632568
DRMA,2026-08-12 11:54:00-04:00,2026-08-12 11:59:48.658608-04:00,288.658608,1374.0,1.350000023841858,1.3550000190734863
DRMA,2026-08-12 11:55:00-04:00,2026-08-12 11:59:48.658608-04:00,228.658608,27467.0,1.3598999977111816,1.3300000429153442
DRMA,2026-08-12 11:56:00-04:00,2026-08-12 11:59:48.658608-04:00,168.658608,7206.0,1.3312000036239624,1.340000033378601
DRMA,2026-08-12 11:57:00-04:00,2026-08-12 11:59:48.658608-04:00,108.658608,8947.0,1.350000023841858,1.3301000595092773
DRMA,2026-08-12 11:58:00-04:00,2026-08-12 11:59:48.658608-04:00,48.658608,18325.0,1.3309999704360962,1.3300000429153442
DRMA,2026-08-12 11:59:00-04:00,2026-08-12 11:59:48.658608-04:00,-11.341392,0.0,1.340000033378601,1.340000033378601
VLN,2026-08-12 11:53:00-04:00,2026-08-12 11:59:48.658608-04:00,348.658608,4241.0,1.8250000476837158,1.8288999795913696
VLN,2026-08-12 11:55:00-04:00,2026-08-12 11:59:48.658608-04:00,228.658608,758.0,1.8350000381469727,1.8350000381469727
VLN,2026-08-12 11:56:00-04:00,2026-08-12 11:59:48.658608-04:00,168.658608,1130.0,1.8350000381469727,1.8350000381469727
VLN,2026-08-12 11:57:00-04:00,2026-08-12 11:59:48.658608-04:00,108.658608,202.0,1.830299973487854,1.830299973487854
VLN,2026-08-12 11:58:00-04:00,2026-08-12 11:59:48.658608-04:00,48.658608,1423.0,1.8350000381469727,1.8350000381469727
VLN,2026-08-12 11:59:00-04:00,2026-08-12 11:59:48.658608-04:00,-11.341392,0.0,1.8350000381469727,1.8350000381469727
REBN,2026-08-12 11:01:00-04:00,2026-08-12 11:59:48.658608-04:00,3468.658608,11.0,1.5038000345230103,1.5038000345230103
REBN,2026-08-12 11:04:00-04:00,2026-08-12 11:59:48.658608-04:00,3288.658608,1111.0,1.5099999904632568,1.4900000095367432
REBN,2026-08-12 11:12:00-04:00,2026-08-12 11:59:48.658608-04:00,2808.658608,1109.0,1.5149999856948853,1.5149999856948853
REBN,2026-08-12 11:14:00-04:00,2026-08-12 11:59:48.658608-04:00,2688.658608,221.0,1.5,1.5
REBN,2026-08-12 11:34:00-04:00,2026-08-12 11:59:48.658608-04:00,1488.658608,119.0,1.4800000190734863,1.4800000190734863
REBN,2026-08-12 11:38:00-04:00,2026-08-12 11:59:48.658608-04:00,1248.658608,0.0,1.4600000381469727,1.4600000381469727
MXCT,2026-08-12 11:49:00-04:00,2026-08-12 11:59:48.658608-04:00,588.658608,2559.0,1.2450000047683716,1.2450000047683716
MXCT,2026-08-12 11:52:00-04:00,2026-08-12 11:59:48.658608-04:00,408.658608,814.0,1.2450000047683716,1.2450000047683716
MXCT,2026-08-12 11:54:00-04:00,2026-08-12 11:59:48.658608-04:00,288.658608,315.0,1.2410999536514282,1.2410999536514282
MXCT,2026-08-12 11:56:00-04:00,2026-08-12 11:59:48.658608-04:00,168.658608,766.0,1.2450000047683716,1.2450000047683716
MXCT,2026-08-12 11:57:00-04:00,2026-08-12 11:59:48.658608-04:00,108.658608,10115.0,1.25,1.25
MXCT,2026-08-12 11:58:00-04:00,2026-08-12 11:59:48.658608-04:00,48.658608,0.0,1.2450000047683716,1.2450000047683716
BIVI,2026-08-12 11:54:00-04:00,2026-08-12 11:59:48.658608-04:00,288.658608,66157.0,1.798799991607666,1.798799991607666
BIVI,2026-08-12 11:55:00-04:00,2026-08-12 11:59:48.658608-04:00,228.658608,98416.0,1.7899999618530273,1.7510000467300415
BIVI,2026-08-12 11:56:00-04:00,2026-08-12 11:59:48.658608-04:00,168.658608,110453.0,1.7598999738693237,1.7200000286102295
BIVI,2026-08-12 11:57:00-04:00,2026-08-12 11:59:48.658608-04:00,108.658608,234720.0,1.7200000286102295,1.747499942779541
BIVI,2026-08-12 11:58:00-04:00,2026-08-12 11:59:48.658608-04:00,48.658608,165858.0,1.75,1.7297999858856201
BIVI,2026-08-12 11:59:00-04:00,2026-08-12 11:59:48.658608-04:00,-11.341392,0.0,1.7116999626159668,1.7116999626159668
REBN,2026-08-12 11:01:00-04:00,2026-08-12 12:00:08.705894-04:00,3488.705894,11.0,1.5038000345230103,1.5038000345230103
REBN,2026-08-12 11:04:00-04:00,2026-08-12 12:00:08.705894-04:00,3308.705894,1111.0,1.5099999904632568,1.4900000095367432
REBN,2026-08-12 11:12:00-04:00,2026-08-12 12:00:08.705894-04:00,2828.705894,1109.0,1.5149999856948853,1.5149999856948853
REBN,2026-08-12 11:14:00-04:00,2026-08-12 12:00:08.705894-04:00,2708.705894,221.0,1.5,1.5
REBN,2026-08-12 11:34:00-04:00,2026-08-12 12:00:08.705894-04:00,1508.705894,119.0,1.4800000190734863,1.4800000190734863
REBN,2026-08-12 11:38:00-04:00,2026-08-12 12:00:08.705894-04:00,1268.705894,0.0,1.4600000381469727,1.4600000381469727
DRMA,2026-08-12 11:54:00-04:00,2026-08-12 12:00:08.705894-04:00,308.705894,1374.0,1.350000023841858,1.3550000190734863
DRMA,2026-08-12 11:55:00-04:00,2026-08-12 12:00:08.705894-04:00,248.705894,27467.0,1.3598999977111816,1.3300000429153442
DRMA,2026-08-12 11:56:00-04:00,2026-08-12 12:00:08.705894-04:00,188.705894,7206.0,1.3312000036239624,1.340000033378601
DRMA,2026-08-12 11:57:00-04:00,2026-08-12 12:00:08.705894-04:00,128.705894,8947.0,1.350000023841858,1.3301000595092773
DRMA,2026-08-12 11:58:00-04:00,2026-08-12 12:00:08.705894-04:00,68.705894,18325.0,1.3309999704360962,1.3300000429153442
DRMA,2026-08-12 11:59:00-04:00,2026-08-12 12:00:08.705894-04:00,8.705894,0.0,1.340000033378601,1.340000033378601
BIVI,2026-08-12 11:55:00-04:00,2026-08-12 12:00:08.705894-04:00,248.705894,98415.0,1.7899999618530273,1.7510000467300415
BIVI,2026-08-12 11:56:00-04:00,2026-08-12 12:00:08.705894-04:00,188.705894,110453.0,1.7598999738693237,1.7200000286102295
BIVI,2026-08-12 11:57:00-04:00,2026-08-12 12:00:08.705894-04:00,128.705894,234720.0,1.7200000286102295,1.747499942779541
BIVI,2026-08-12 11:58:00-04:00,2026-08-12 12:00:08.705894-04:00,68.705894,165859.0,1.75,1.7297999858856201
BIVI,2026-08-12 11:59:00-04:00,2026-08-12 12:00:08.705894-04:00,8.705894,85096.0,1.725000023841858,1.7050000429153442
BIVI,2026-08-12 12:00:00-04:00,2026-08-12 12:00:08.705894-04:00,-51.294106,0.0,1.715000033378601,1.715000033378601
FEMY,2026-08-12 11:24:00-04:00,2026-08-12 12:00:08.705894-04:00,2108.705894,7013.0,2.325000047683716,2.3299999237060547
FEMY,2026-08-12 11:25:00-04:00,2026-08-12 12:00:08.705894-04:00,2048.705894,45332.0,2.3299999237060547,2.240000009536743
FEMY,2026-08-12 11:26:00-04:00,2026-08-12 12:00:08.705894-04:00,1988.705894,10702.0,2.240000009536743,2.240000009536743
FEMY,2026-08-12 11:27:00-04:00,2026-08-12 12:00:08.705894-04:00,1928.705894,690.0,2.2699999809265137,2.2699999809265137
FEMY,2026-08-12 11:38:00-04:00,2026-08-12 12:00:08.705894-04:00,1268.705894,103.0,2.309999942779541,2.309999942779541
FEMY,2026-08-12 11:40:00-04:00,2026-08-12 12:00:08.705894-04:00,1148.705894,0.0,2.319999933242798,2.319999933242798
ENHA,2026-08-12 11:51:00-04:00,2026-08-12 12:00:08.705894-04:00,488.705894,108.0,2.174999952316284,2.174999952316284
ENHA,2026-08-12 11:52:00-04:00,2026-08-12 12:00:08.705894-04:00,428.705894,28589.0,2.174999952316284,2.184999942779541
ENHA,2026-08-12 11:53:00-04:00,2026-08-12 12:00:08.705894-04:00,368.705894,1231.0,2.2030999660491943,2.200000047683716
ENHA,2026-08-12 11:57:00-04:00,2026-08-12 12:00:08.705894-04:00,128.705894,4560.0,2.2100000381469727,2.2200000286102295
ENHA,2026-08-12 11:58:00-04:00,2026-08-12 12:00:08.705894-04:00,68.705894,132.0,2.234999895095825,2.234999895095825
ENHA,2026-08-12 11:59:00-04:00,2026-08-12 12:00:08.705894-04:00,8.705894,0.0,2.240000009536743,2.240000009536743
GRWG,2026-08-12 11:55:00-04:00,2026-08-12 12:00:08.705894-04:00,248.705894,467.0,1.8849999904632568,1.8899999856948853
GRWG,2026-08-12 11:56:00-04:00,2026-08-12 12:00:08.705894-04:00,188.705894,1347.0,1.881100058555603,1.8849999904632568
GRWG,2026-08-12 11:57:00-04:00,2026-08-12 12:00:08.705894-04:00,128.705894,1173.0,1.8899999856948853,1.8899999856948853
GRWG,2026-08-12 11:58:00-04:00,2026-08-12 12:00:08.705894-04:00,68.705894,1392.0,1.8899999856948853,1.8899999856948853
GRWG,2026-08-12 11:59:00-04:00,2026-08-12 12:00:08.705894-04:00,8.705894,8679.0,1.8849999904632568,1.8849999904632568
GRWG,2026-08-12 12:00:00-04:00,2026-08-12 12:00:08.705894-04:00,-51.294106,0.0,1.8849999904632568,1.8849999904632568
VLN,2026-08-12 11:53:00-04:00,2026-08-12 12:00:08.705894-04:00,368.705894,4241.0,1.8250000476837158,1.8288999795913696
VLN,2026-08-12 11:55:00-04:00,2026-08-12 12:00:08.705894-04:00,248.705894,758.0,1.8350000381469727,1.8350000381469727
VLN,2026-08-12 11:56:00-04:00,2026-08-12 12:00:08.705894-04:00,188.705894,1130.0,1.8350000381469727,1.8350000381469727
VLN,2026-08-12 11:57:00-04:00,2026-08-12 12:00:08.705894-04:00,128.705894,202.0,1.830299973487854,1.830299973487854
VLN,2026-08-12 11:58:00-04:00,2026-08-12 12:00:08.705894-04:00,68.705894,1423.0,1.8350000381469727,1.8350000381469727
VLN,2026-08-12 11:59:00-04:00,2026-08-12 12:00:08.705894-04:00,8.705894,0.0,1.8350000381469727,1.8350000381469727
MXCT,2026-08-12 11:49:00-04:00,2026-08-12 12:00:08.705894-04:00,608.705894,2559.0,1.2450000047683716,1.2450000047683716
MXCT,2026-08-12 11:52:00-04:00,2026-08-12 12:00:08.705894-04:00,428.705894,814.0,1.2450000047683716,1.2450000047683716
MXCT,2026-08-12 11:54:00-04:00,2026-08-12 12:00:08.705894-04:00,308.705894,315.0,1.2410999536514282,1.2410999536514282
MXCT,2026-08-12 11:56:00-04:00,2026-08-12 12:00:08.705894-04:00,188.705894,766.0,1.2450000047683716,1.2450000047683716
MXCT,2026-08-12 11:57:00-04:00,2026-08-12 12:00:08.705894-04:00,128.705894,10115.0,1.25,1.25
MXCT,2026-08-12 11:58:00-04:00,2026-08-12 12:00:08.705894-04:00,68.705894,0.0,1.2450000047683716,1.2450000047683716
