ticker,bar,observed_at,age_s,volume,open,close
INDP,2026-08-13 09:30:00-04:00,2026-08-13 09:32:32.344787-04:00,92.344787,0.0,1.0199999809265137,1.0199999809265137
INDP,2026-08-13 09:31:00-04:00,2026-08-13 09:32:32.344787-04:00,32.344787,0.0,1.059999942779541,1.059999942779541
LSTA,2026-08-13 09:30:02-04:00,2026-08-13 09:32:32.344787-04:00,90.344787,0.0,1.190000057220459,1.190000057220459
BTMD,2026-08-13 09:30:00-04:00,2026-08-13 09:32:32.344787-04:00,92.344787,8140.0,1.5399999618530273,1.5399999618530273
BTMD,2026-08-13 09:32:00-04:00,2026-08-13 09:32:32.344787-04:00,-27.655213,0.0,1.5399999618530273,1.5399999618530273
MOBX,2026-08-13 09:30:00-04:00,2026-08-13 09:32:32.344787-04:00,92.344787,839377.0,1.590000033378601,1.5501999855041504
MOBX,2026-08-13 09:31:00-04:00,2026-08-13 09:32:32.344787-04:00,32.344787,15631.0,1.5500999689102173,1.5449999570846558
MOBX,2026-08-13 09:32:00-04:00,2026-08-13 09:32:32.344787-04:00,-27.655213,0.0,1.5499999523162842,1.5499999523162842
USIO,2026-08-13 09:30:00-04:00,2026-08-13 09:32:32.344787-04:00,92.344787,336492.0,2.6500000953674316,2.549999952316284
USIO,2026-08-13 09:31:00-04:00,2026-08-13 09:32:32.344787-04:00,32.344787,49131.0,2.5399999618530273,2.740000009536743
USIO,2026-08-13 09:32:00-04:00,2026-08-13 09:32:32.344787-04:00,-27.655213,0.0,2.640000104904175,2.640000104904175
LSTA,2026-08-13 09:30:02-04:00,2026-08-13 09:32:52.361279-04:00,110.361279,0.0,1.190000057220459,1.190000057220459
INDP,2026-08-13 09:30:00-04:00,2026-08-13 09:32:52.361279-04:00,112.361279,0.0,1.0199999809265137,1.0199999809265137
INDP,2026-08-13 09:31:00-04:00,2026-08-13 09:32:52.361279-04:00,52.361279,0.0,1.059999942779541,1.059999942779541
BTMD,2026-08-13 09:30:00-04:00,2026-08-13 09:32:52.361279-04:00,112.361279,8140.0,1.5399999618530273,1.5399999618530273
BTMD,2026-08-13 09:32:00-04:00,2026-08-13 09:32:52.361279-04:00,-7.638721,0.0,1.5399999618530273,1.5399999618530273
USIO,2026-08-13 09:30:00-04:00,2026-08-13 09:32:52.361279-04:00,112.361279,336492.0,2.6500000953674316,2.549999952316284
USIO,2026-08-13 09:31:00-04:00,2026-08-13 09:32:52.361279-04:00,52.361279,49131.0,2.5399999618530273,2.740000009536743
USIO,2026-08-13 09:32:00-04:00,2026-08-13 09:32:52.361279-04:00,-7.638721,0.0,2.5999999046325684,2.5999999046325684
MOBX,2026-08-13 09:30:00-04:00,2026-08-13 09:32:52.361279-04:00,112.361279,839377.0,1.590000033378601,1.5501999855041504
MOBX,2026-08-13 09:31:00-04:00,2026-08-13 09:32:52.361279-04:00,52.361279,15631.0,1.5500999689102173,1.5449999570846558
MOBX,2026-08-13 09:32:00-04:00,2026-08-13 09:32:52.361279-04:00,-7.638721,0.0,1.5499999523162842,1.5499999523162842
INDP,2026-08-13 09:31:00-04:00,2026-08-13 09:36:31.726607-04:00,271.726607,7989.0,1.059999942779541,1.059999942779541
INDP,2026-08-13 09:34:00-04:00,2026-08-13 09:36:31.726607-04:00,91.726607,0.0,1.059999942779541,1.059999942779541
LSTA,2026-08-13 09:30:02-04:00,2026-08-13 09:36:31.726607-04:00,329.726607,0.0,1.190000057220459,1.190000057220459
MOBX,2026-08-13 09:30:00-04:00,2026-08-13 09:36:31.726607-04:00,331.726607,839377.0,1.590000033378601,1.5501999855041504
MOBX,2026-08-13 09:31:00-04:00,2026-08-13 09:36:31.726607-04:00,271.726607,15631.0,1.5500999689102173,1.5449999570846558
MOBX,2026-08-13 09:32:00-04:00,2026-08-13 09:36:31.726607-04:00,211.726607,12412.0,1.5499999523162842,1.5499999523162842
MOBX,2026-08-13 09:33:00-04:00,2026-08-13 09:36:31.726607-04:00,151.726607,6477.0,1.5499999523162842,1.5400999784469604
MOBX,2026-08-13 09:34:00-04:00,2026-08-13 09:36:31.726607-04:00,91.726607,9909.0,1.5399999618530273,1.5399999618530273
MOBX,2026-08-13 09:36:00-04:00,2026-08-13 09:36:31.726607-04:00,-28.273393,0.0,1.5787999629974365,1.5787999629974365
USIO,2026-08-13 09:31:00-04:00,2026-08-13 09:36:31.726607-04:00,271.726607,49131.0,2.5399999618530273,2.740000009536743
USIO,2026-08-13 09:32:00-04:00,2026-08-13 09:36:31.726607-04:00,211.726607,44010.0,2.744999885559082,2.5999999046325684
USIO,2026-08-13 09:33:00-04:00,2026-08-13 09:36:31.726607-04:00,151.726607,12917.0,2.630000114440918,2.7049999237060547
USIO,2026-08-13 09:34:00-04:00,2026-08-13 09:36:31.726607-04:00,91.726607,3826.0,2.6600000858306885,2.6700000762939453
USIO,2026-08-13 09:35:00-04:00,2026-08-13 09:36:31.726607-04:00,31.726607,17828.0,2.7100000381469727,2.7300000190734863
USIO,2026-08-13 09:36:00-04:00,2026-08-13 09:36:31.726607-04:00,-28.273393,0.0,2.690000057220459,2.690000057220459
BTMD,2026-08-13 09:30:00-04:00,2026-08-13 09:36:31.726607-04:00,331.726607,8140.0,1.5399999618530273,1.5399999618530273
BTMD,2026-08-13 09:32:00-04:00,2026-08-13 09:36:31.726607-04:00,211.726607,0.0,1.5399999618530273,1.5399999618530273
MOBX,2026-08-13 09:30:00-04:00,2026-08-13 09:36:51.745019-04:00,351.745019,839377.0,1.590000033378601,1.5501999855041504
MOBX,2026-08-13 09:31:00-04:00,2026-08-13 09:36:51.745019-04:00,291.745019,15631.0,1.5500999689102173,1.5449999570846558
MOBX,2026-08-13 09:32:00-04:00,2026-08-13 09:36:51.745019-04:00,231.745019,12412.0,1.5499999523162842,1.5499999523162842
MOBX,2026-08-13 09:33:00-04:00,2026-08-13 09:36:51.745019-04:00,171.745019,6477.0,1.5499999523162842,1.5400999784469604
MOBX,2026-08-13 09:34:00-04:00,2026-08-13 09:36:51.745019-04:00,111.745019,9909.0,1.5399999618530273,1.5399999618530273
MOBX,2026-08-13 09:36:00-04:00,2026-08-13 09:36:51.745019-04:00,-8.254981,0.0,1.5799000263214111,1.5799000263214111
USIO,2026-08-13 09:31:00-04:00,2026-08-13 09:36:51.745019-04:00,291.745019,49131.0,2.5399999618530273,2.740000009536743
USIO,2026-08-13 09:32:00-04:00,2026-08-13 09:36:51.745019-04:00,231.745019,44010.0,2.744999885559082,2.5999999046325684
USIO,2026-08-13 09:33:00-04:00,2026-08-13 09:36:51.745019-04:00,171.745019,12917.0,2.630000114440918,2.7049999237060547
USIO,2026-08-13 09:34:00-04:00,2026-08-13 09:36:51.745019-04:00,111.745019,3935.0,2.6600000858306885,2.6700000762939453
USIO,2026-08-13 09:35:00-04:00,2026-08-13 09:36:51.745019-04:00,51.745019,17719.0,2.690000057220459,2.7300000190734863
USIO,2026-08-13 09:36:00-04:00,2026-08-13 09:36:51.745019-04:00,-8.254981,0.0,2.694999933242798,2.694999933242798
LSTA,2026-08-13 09:30:02-04:00,2026-08-13 09:36:51.745019-04:00,349.745019,0.0,1.190000057220459,1.190000057220459
BTMD,2026-08-13 09:30:00-04:00,2026-08-13 09:36:51.745019-04:00,351.745019,8140.0,1.5399999618530273,1.5399999618530273
BTMD,2026-08-13 09:32:00-04:00,2026-08-13 09:36:51.745019-04:00,231.745019,0.0,1.5399999618530273,1.5399999618530273
INDP,2026-08-13 09:31:00-04:00,2026-08-13 09:36:51.745019-04:00,291.745019,7989.0,1.059999942779541,1.059999942779541
INDP,2026-08-13 09:34:00-04:00,2026-08-13 09:36:51.745019-04:00,111.745019,0.0,1.059999942779541,1.059999942779541
USIO,2026-08-13 09:36:00-04:00,2026-08-13 09:41:24.862700-04:00,264.8627,6846.0,2.7300000190734863,2.7002999782562256
USIO,2026-08-13 09:37:00-04:00,2026-08-13 09:41:24.862700-04:00,204.8627,11785.0,2.700000047683716,2.7799999713897705
USIO,2026-08-13 09:38:00-04:00,2026-08-13 09:41:24.862700-04:00,144.8627,18365.0,2.75,2.759999990463257
USIO,2026-08-13 09:39:00-04:00,2026-08-13 09:41:24.862700-04:00,84.8627,8251.0,2.7699999809265137,2.7149999141693115
USIO,2026-08-13 09:40:00-04:00,2026-08-13 09:41:24.862700-04:00,24.8627,18242.0,2.700000047683716,2.555000066757202
USIO,2026-08-13 09:41:00-04:00,2026-08-13 09:41:24.862700-04:00,-35.1373,0.0,2.5622000694274902,2.5622000694274902
LSTA,2026-08-13 09:30:02-04:00,2026-08-13 09:41:24.862700-04:00,622.8627,0.0,1.190000057220459,1.190000057220459
BTMD,2026-08-13 09:32:00-04:00,2026-08-13 09:41:24.862700-04:00,504.8627,1775.0,1.5399999618530273,1.5399999618530273
BTMD,2026-08-13 09:37:00-04:00,2026-08-13 09:41:24.862700-04:00,204.8627,527.0,1.559999942779541,1.559999942779541
BTMD,2026-08-13 09:38:00-04:00,2026-08-13 09:41:24.862700-04:00,144.8627,509.0,1.5520000457763672,1.559999942779541
BTMD,2026-08-13 09:39:00-04:00,2026-08-13 09:41:24.862700-04:00,84.8627,531.0,1.559999942779541,1.559999942779541
BTMD,2026-08-13 09:40:00-04:00,2026-08-13 09:41:24.862700-04:00,24.8627,1520.0,1.5499999523162842,1.534999966621399
BTMD,2026-08-13 09:41:00-04:00,2026-08-13 09:41:24.862700-04:00,-35.1373,0.0,1.5299999713897705,1.5299999713897705
MOBX,2026-08-13 09:36:00-04:00,2026-08-13 09:41:24.862700-04:00,264.8627,32131.0,1.5399999618530273,1.590000033378601
MOBX,2026-08-13 09:37:00-04:00,2026-08-13 09:41:24.862700-04:00,204.8627,7538.0,1.592900037765503,1.5750000476837158
MOBX,2026-08-13 09:38:00-04:00,2026-08-13 09:41:24.862700-04:00,144.8627,290.0,1.5800000429153442,1.5800000429153442
MOBX,2026-08-13 09:39:00-04:00,2026-08-13 09:41:24.862700-04:00,84.8627,2351.0,1.5850000381469727,1.589900016784668
MOBX,2026-08-13 09:40:00-04:00,2026-08-13 09:41:24.862700-04:00,24.8627,176656.0,1.590000033378601,1.6196999549865723
MOBX,2026-08-13 09:41:00-04:00,2026-08-13 09:41:24.862700-04:00,-35.1373,0.0,1.600000023841858,1.600000023841858
INDP,2026-08-13 09:31:00-04:00,2026-08-13 09:41:24.862700-04:00,564.8627,7989.0,1.059999942779541,1.059999942779541
INDP,2026-08-13 09:34:00-04:00,2026-08-13 09:41:24.862700-04:00,384.8627,0.0,1.059999942779541,1.059999942779541
INDP,2026-08-13 09:31:00-04:00,2026-08-13 09:41:44.878401-04:00,584.878401,7989.0,1.059999942779541,1.059999942779541
INDP,2026-08-13 09:34:00-04:00,2026-08-13 09:41:44.878401-04:00,404.878401,0.0,1.059999942779541,1.059999942779541
USIO,2026-08-13 09:36:00-04:00,2026-08-13 09:41:44.878401-04:00,284.878401,6846.0,2.7300000190734863,2.7002999782562256
USIO,2026-08-13 09:37:00-04:00,2026-08-13 09:41:44.878401-04:00,224.878401,11785.0,2.700000047683716,2.7799999713897705
USIO,2026-08-13 09:38:00-04:00,2026-08-13 09:41:44.878401-04:00,164.878401,18365.0,2.75,2.759999990463257
USIO,2026-08-13 09:39:00-04:00,2026-08-13 09:41:44.878401-04:00,104.878401,8077.0,2.7699999809265137,2.7149999141693115
USIO,2026-08-13 09:40:00-04:00,2026-08-13 09:41:44.878401-04:00,44.878401,18416.0,2.700000047683716,2.555000066757202
USIO,2026-08-13 09:41:00-04:00,2026-08-13 09:41:44.878401-04:00,-15.121599,0.0,2.5622000694274902,2.5622000694274902
BTMD,2026-08-13 09:32:00-04:00,2026-08-13 09:41:44.878401-04:00,524.878401,1775.0,1.5399999618530273,1.5399999618530273
BTMD,2026-08-13 09:37:00-04:00,2026-08-13 09:41:44.878401-04:00,224.878401,527.0,1.559999942779541,1.559999942779541
BTMD,2026-08-13 09:38:00-04:00,2026-08-13 09:41:44.878401-04:00,164.878401,509.0,1.5520000457763672,1.559999942779541
BTMD,2026-08-13 09:39:00-04:00,2026-08-13 09:41:44.878401-04:00,104.878401,531.0,1.559999942779541,1.559999942779541
BTMD,2026-08-13 09:40:00-04:00,2026-08-13 09:41:44.878401-04:00,44.878401,1520.0,1.5499999523162842,1.534999966621399
BTMD,2026-08-13 09:41:00-04:00,2026-08-13 09:41:44.878401-04:00,-15.121599,0.0,1.5299999713897705,1.5299999713897705
LSTA,2026-08-13 09:30:02-04:00,2026-08-13 09:41:44.878401-04:00,642.878401,0.0,1.190000057220459,1.190000057220459
MOBX,2026-08-13 09:36:00-04:00,2026-08-13 09:41:44.878401-04:00,284.878401,32131.0,1.5399999618530273,1.590000033378601
MOBX,2026-08-13 09:37:00-04:00,2026-08-13 09:41:44.878401-04:00,224.878401,7538.0,1.592900037765503,1.5750000476837158
MOBX,2026-08-13 09:38:00-04:00,2026-08-13 09:41:44.878401-04:00,164.878401,290.0,1.5800000429153442,1.5800000429153442
MOBX,2026-08-13 09:39:00-04:00,2026-08-13 09:41:44.878401-04:00,104.878401,2351.0,1.5850000381469727,1.589900016784668
MOBX,2026-08-13 09:40:00-04:00,2026-08-13 09:41:44.878401-04:00,44.878401,176656.0,1.590000033378601,1.6196999549865723
MOBX,2026-08-13 09:41:00-04:00,2026-08-13 09:41:44.878401-04:00,-15.121599,0.0,1.6150000095367432,1.6150000095367432
USIO,2026-08-13 09:41:00-04:00,2026-08-13 09:46:17.865195-04:00,257.865195,3661.0,2.5622000694274902,2.5622000694274902
USIO,2026-08-13 09:42:00-04:00,2026-08-13 09:46:17.865195-04:00,197.865195,1660.0,2.630000114440918,2.6600000858306885
USIO,2026-08-13 09:43:00-04:00,2026-08-13 09:46:17.865195-04:00,137.865195,163.0,2.6500000953674316,2.6500000953674316
USIO,2026-08-13 09:44:00-04:00,2026-08-13 09:46:17.865195-04:00,77.865195,15473.0,2.6700000762939453,2.690000057220459
USIO,2026-08-13 09:45:00-04:00,2026-08-13 09:46:17.865195-04:00,17.865195,5037.0,2.7011001110076904,2.700000047683716
USIO,2026-08-13 09:46:00-04:00,2026-08-13 09:46:17.865195-04:00,-42.134805,0.0,2.725600004196167,2.725600004196167
MOBX,2026-08-13 09:40:00-04:00,2026-08-13 09:46:17.865195-04:00,317.865195,176656.0,1.590000033378601,1.6196999549865723
MOBX,2026-08-13 09:41:00-04:00,2026-08-13 09:46:17.865195-04:00,257.865195,20176.0,1.6050000190734863,1.6150000095367432
MOBX,2026-08-13 09:42:00-04:00,2026-08-13 09:46:17.865195-04:00,197.865195,9738.0,1.6153000593185425,1.6100000143051147
MOBX,2026-08-13 09:43:00-04:00,2026-08-13 09:46:17.865195-04:00,137.865195,3196.0,1.6196999549865723,1.6150000095367432
MOBX,2026-08-13 09:44:00-04:00,2026-08-13 09:46:17.865195-04:00,77.865195,17536.0,1.6101000308990479,1.600000023841858
MOBX,2026-08-13 09:45:00-04:00,2026-08-13 09:46:17.865195-04:00,17.865195,0.0,1.6150000095367432,1.6150000095367432
LSTA,2026-08-13 09:30:02-04:00,2026-08-13 09:46:17.865195-04:00,915.865195,0.0,1.190000057220459,1.190000057220459
INDP,2026-08-13 09:31:00-04:00,2026-08-13 09:46:17.865195-04:00,857.865195,7989.0,1.059999942779541,1.059999942779541
INDP,2026-08-13 09:34:00-04:00,2026-08-13 09:46:17.865195-04:00,677.865195,0.0,1.059999942779541,1.059999942779541
BTMD,2026-08-13 09:38:00-04:00,2026-08-13 09:46:17.865195-04:00,437.865195,509.0,1.5520000457763672,1.559999942779541
BTMD,2026-08-13 09:39:00-04:00,2026-08-13 09:46:17.865195-04:00,377.865195,531.0,1.559999942779541,1.559999942779541
BTMD,2026-08-13 09:40:00-04:00,2026-08-13 09:46:17.865195-04:00,317.865195,1520.0,1.5499999523162842,1.534999966621399
BTMD,2026-08-13 09:41:00-04:00,2026-08-13 09:46:17.865195-04:00,257.865195,0.0,1.5299999713897705,1.5299999713897705
BTMD,2026-08-13 09:42:00-04:00,2026-08-13 09:46:17.865195-04:00,197.865195,200.0,1.5299999713897705,1.5299999713897705
BTMD,2026-08-13 09:44:00-04:00,2026-08-13 09:46:17.865195-04:00,77.865195,0.0,1.4950000047683716,1.4950000047683716
MOBX,2026-08-13 09:41:00-04:00,2026-08-13 09:46:37.886821-04:00,277.886821,20176.0,1.6050000190734863,1.6150000095367432
MOBX,2026-08-13 09:42:00-04:00,2026-08-13 09:46:37.886821-04:00,217.886821,9738.0,1.6153000593185425,1.6100000143051147
MOBX,2026-08-13 09:43:00-04:00,2026-08-13 09:46:37.886821-04:00,157.886821,3196.0,1.6196999549865723,1.6150000095367432
MOBX,2026-08-13 09:44:00-04:00,2026-08-13 09:46:37.886821-04:00,97.886821,17536.0,1.6101000308990479,1.600000023841858
MOBX,2026-08-13 09:45:00-04:00,2026-08-13 09:46:37.886821-04:00,37.886821,11218.0,1.6089999675750732,1.6150000095367432
MOBX,2026-08-13 09:46:00-04:00,2026-08-13 09:46:37.886821-04:00,-22.113179,0.0,1.6150000095367432,1.6150000095367432
USIO,2026-08-13 09:41:00-04:00,2026-08-13 09:46:37.886821-04:00,277.886821,3661.0,2.5622000694274902,2.5622000694274902
USIO,2026-08-13 09:42:00-04:00,2026-08-13 09:46:37.886821-04:00,217.886821,1660.0,2.630000114440918,2.6600000858306885
USIO,2026-08-13 09:43:00-04:00,2026-08-13 09:46:37.886821-04:00,157.886821,163.0,2.6500000953674316,2.6500000953674316
USIO,2026-08-13 09:44:00-04:00,2026-08-13 09:46:37.886821-04:00,97.886821,15473.0,2.6700000762939453,2.690000057220459
USIO,2026-08-13 09:45:00-04:00,2026-08-13 09:46:37.886821-04:00,37.886821,5037.0,2.7011001110076904,2.700000047683716
USIO,2026-08-13 09:46:00-04:00,2026-08-13 09:46:37.886821-04:00,-22.113179,0.0,2.725600004196167,2.725600004196167
LSTA,2026-08-13 09:30:02-04:00,2026-08-13 09:46:37.886821-04:00,935.886821,0.0,1.190000057220459,1.190000057220459
INDP,2026-08-13 09:31:00-04:00,2026-08-13 09:46:37.886821-04:00,877.886821,7989.0,1.059999942779541,1.059999942779541
INDP,2026-08-13 09:34:00-04:00,2026-08-13 09:46:37.886821-04:00,697.886821,151.0,1.059999942779541,1.059999942779541
INDP,2026-08-13 09:46:00-04:00,2026-08-13 09:46:37.886821-04:00,-22.113179,0.0,1.0848000049591064,1.0848000049591064
BTMD,2026-08-13 09:39:00-04:00,2026-08-13 09:46:37.886821-04:00,397.886821,531.0,1.559999942779541,1.559999942779541
BTMD,2026-08-13 09:40:00-04:00,2026-08-13 09:46:37.886821-04:00,337.886821,1520.0,1.5499999523162842,1.534999966621399
BTMD,2026-08-13 09:41:00-04:00,2026-08-13 09:46:37.886821-04:00,277.886821,0.0,1.5299999713897705,1.5299999713897705
BTMD,2026-08-13 09:42:00-04:00,2026-08-13 09:46:37.886821-04:00,217.886821,200.0,1.5299999713897705,1.5299999713897705
BTMD,2026-08-13 09:44:00-04:00,2026-08-13 09:46:37.886821-04:00,97.886821,8492.0,1.5199999809265137,1.4950000047683716
BTMD,2026-08-13 09:46:00-04:00,2026-08-13 09:46:37.886821-04:00,-22.113179,0.0,1.5,1.5
INDP,2026-08-13 09:31:00-04:00,2026-08-13 09:46:57.908677-04:00,897.908677,7989.0,1.059999942779541,1.059999942779541
INDP,2026-08-13 09:34:00-04:00,2026-08-13 09:46:57.908677-04:00,717.908677,151.0,1.059999942779541,1.059999942779541
INDP,2026-08-13 09:46:00-04:00,2026-08-13 09:46:57.908677-04:00,-2.091323,0.0,1.0848000049591064,1.0848000049591064
MOBX,2026-08-13 09:41:00-04:00,2026-08-13 09:46:57.908677-04:00,297.908677,20176.0,1.6050000190734863,1.6150000095367432
MOBX,2026-08-13 09:42:00-04:00,2026-08-13 09:46:57.908677-04:00,237.908677,9738.0,1.6153000593185425,1.6100000143051147
MOBX,2026-08-13 09:43:00-04:00,2026-08-13 09:46:57.908677-04:00,177.908677,3196.0,1.6196999549865723,1.6150000095367432
MOBX,2026-08-13 09:44:00-04:00,2026-08-13 09:46:57.908677-04:00,117.908677,17536.0,1.6101000308990479,1.600000023841858
MOBX,2026-08-13 09:45:00-04:00,2026-08-13 09:46:57.908677-04:00,57.908677,11218.0,1.6100000143051147,1.6150000095367432
MOBX,2026-08-13 09:46:00-04:00,2026-08-13 09:46:57.908677-04:00,-2.091323,0.0,1.6150000095367432,1.6150000095367432
BTMD,2026-08-13 09:39:00-04:00,2026-08-13 09:46:57.908677-04:00,417.908677,531.0,1.559999942779541,1.559999942779541
BTMD,2026-08-13 09:40:00-04:00,2026-08-13 09:46:57.908677-04:00,357.908677,1520.0,1.5499999523162842,1.534999966621399
BTMD,2026-08-13 09:41:00-04:00,2026-08-13 09:46:57.908677-04:00,297.908677,0.0,1.5299999713897705,1.5299999713897705
BTMD,2026-08-13 09:42:00-04:00,2026-08-13 09:46:57.908677-04:00,237.908677,200.0,1.5299999713897705,1.5299999713897705
BTMD,2026-08-13 09:44:00-04:00,2026-08-13 09:46:57.908677-04:00,117.908677,8492.0,1.5199999809265137,1.4950000047683716
BTMD,2026-08-13 09:46:00-04:00,2026-08-13 09:46:57.908677-04:00,-2.091323,0.0,1.5099999904632568,1.5099999904632568
USIO,2026-08-13 09:41:00-04:00,2026-08-13 09:46:57.908677-04:00,297.908677,3661.0,2.5622000694274902,2.5622000694274902
USIO,2026-08-13 09:42:00-04:00,2026-08-13 09:46:57.908677-04:00,237.908677,1660.0,2.630000114440918,2.6600000858306885
USIO,2026-08-13 09:43:00-04:00,2026-08-13 09:46:57.908677-04:00,177.908677,163.0,2.6500000953674316,2.6500000953674316
USIO,2026-08-13 09:44:00-04:00,2026-08-13 09:46:57.908677-04:00,117.908677,15473.0,2.6700000762939453,2.690000057220459
USIO,2026-08-13 09:45:00-04:00,2026-08-13 09:46:57.908677-04:00,57.908677,5037.0,2.7011001110076904,2.700000047683716
USIO,2026-08-13 09:46:00-04:00,2026-08-13 09:46:57.908677-04:00,-2.091323,0.0,2.694999933242798,2.694999933242798
LSTA,2026-08-13 09:30:02-04:00,2026-08-13 09:46:57.908677-04:00,955.908677,0.0,1.190000057220459,1.190000057220459
USIO,2026-08-13 09:46:00-04:00,2026-08-13 09:51:30.921594-04:00,270.921594,5281.0,2.7300000190734863,2.694999933242798
USIO,2026-08-13 09:47:00-04:00,2026-08-13 09:51:30.921594-04:00,210.921594,6119.0,2.6846001148223877,2.740000009536743
USIO,2026-08-13 09:48:00-04:00,2026-08-13 09:51:30.921594-04:00,150.921594,16472.0,2.75,2.7799999713897705
USIO,2026-08-13 09:49:00-04:00,2026-08-13 09:51:30.921594-04:00,90.921594,5575.0,2.7799999713897705,2.7778000831604004
USIO,2026-08-13 09:50:00-04:00,2026-08-13 09:51:30.921594-04:00,30.921594,3277.0,2.799999952316284,2.710099935531616
USIO,2026-08-13 09:51:00-04:00,2026-08-13 09:51:30.921594-04:00,-29.078406,0.0,2.75,2.75
MOBX,2026-08-13 09:46:00-04:00,2026-08-13 09:51:30.921594-04:00,270.921594,929.0,1.6101000308990479,1.6150000095367432
MOBX,2026-08-13 09:47:00-04:00,2026-08-13 09:51:30.921594-04:00,210.921594,1977.0,1.6150000095367432,1.6198999881744385
MOBX,2026-08-13 09:48:00-04:00,2026-08-13 09:51:30.921594-04:00,150.921594,795.0,1.6200000047683716,1.6150000095367432
MOBX,2026-08-13 09:49:00-04:00,2026-08-13 09:51:30.921594-04:00,90.921594,1238.0,1.6150000095367432,1.6150000095367432
MOBX,2026-08-13 09:50:00-04:00,2026-08-13 09:51:30.921594-04:00,30.921594,5956.0,1.6198999881744385,1.6150000095367432
MOBX,2026-08-13 09:51:00-04:00,2026-08-13 09:51:30.921594-04:00,-29.078406,0.0,1.6200000047683716,1.6200000047683716
LSTA,2026-08-13 09:30:02-04:00,2026-08-13 09:51:30.921594-04:00,1228.921594,0.0,1.190000057220459,1.190000057220459
BTMD,2026-08-13 09:39:00-04:00,2026-08-13 09:51:30.921594-04:00,690.921594,531.0,1.559999942779541,1.559999942779541
BTMD,2026-08-13 09:40:00-04:00,2026-08-13 09:51:30.921594-04:00,630.921594,1520.0,1.5499999523162842,1.534999966621399
BTMD,2026-08-13 09:41:00-04:00,2026-08-13 09:51:30.921594-04:00,570.921594,0.0,1.5299999713897705,1.5299999713897705
BTMD,2026-08-13 09:42:00-04:00,2026-08-13 09:51:30.921594-04:00,510.921594,200.0,1.5299999713897705,1.5299999713897705
BTMD,2026-08-13 09:44:00-04:00,2026-08-13 09:51:30.921594-04:00,390.921594,8492.0,1.5199999809265137,1.4950000047683716
BTMD,2026-08-13 09:46:00-04:00,2026-08-13 09:51:30.921594-04:00,270.921594,0.0,1.5099999904632568,1.5099999904632568
INDP,2026-08-13 09:31:00-04:00,2026-08-13 09:51:30.921594-04:00,1170.921594,7989.0,1.059999942779541,1.059999942779541
INDP,2026-08-13 09:34:00-04:00,2026-08-13 09:51:30.921594-04:00,990.921594,151.0,1.059999942779541,1.059999942779541
INDP,2026-08-13 09:46:00-04:00,2026-08-13 09:51:30.921594-04:00,270.921594,0.0,1.0848000049591064,1.0848000049591064
LSTA,2026-08-13 09:30:02-04:00,2026-08-13 09:51:50.941888-04:00,1248.941888,0.0,1.190000057220459,1.190000057220459
MOBX,2026-08-13 09:46:00-04:00,2026-08-13 09:51:50.941888-04:00,290.941888,929.0,1.6101000308990479,1.6150000095367432
MOBX,2026-08-13 09:47:00-04:00,2026-08-13 09:51:50.941888-04:00,230.941888,1977.0,1.6150000095367432,1.6198999881744385
MOBX,2026-08-13 09:48:00-04:00,2026-08-13 09:51:50.941888-04:00,170.941888,795.0,1.6200000047683716,1.6150000095367432
MOBX,2026-08-13 09:49:00-04:00,2026-08-13 09:51:50.941888-04:00,110.941888,1238.0,1.6150000095367432,1.6150000095367432
MOBX,2026-08-13 09:50:00-04:00,2026-08-13 09:51:50.941888-04:00,50.941888,5956.0,1.6198999881744385,1.6150000095367432
MOBX,2026-08-13 09:51:00-04:00,2026-08-13 09:51:50.941888-04:00,-9.058112,0.0,1.6150000095367432,1.6150000095367432
USIO,2026-08-13 09:46:00-04:00,2026-08-13 09:51:50.941888-04:00,290.941888,5281.0,2.7300000190734863,2.694999933242798
USIO,2026-08-13 09:47:00-04:00,2026-08-13 09:51:50.941888-04:00,230.941888,6119.0,2.6846001148223877,2.740000009536743
USIO,2026-08-13 09:48:00-04:00,2026-08-13 09:51:50.941888-04:00,170.941888,16472.0,2.75,2.7799999713897705
USIO,2026-08-13 09:49:00-04:00,2026-08-13 09:51:50.941888-04:00,110.941888,5575.0,2.7799999713897705,2.7778000831604004
USIO,2026-08-13 09:50:00-04:00,2026-08-13 09:51:50.941888-04:00,50.941888,3277.0,2.799999952316284,2.710099935531616
USIO,2026-08-13 09:51:00-04:00,2026-08-13 09:51:50.941888-04:00,-9.058112,0.0,2.7750000953674316,2.7750000953674316
INDP,2026-08-13 09:31:00-04:00,2026-08-13 09:51:50.941888-04:00,1190.941888,7989.0,1.059999942779541,1.059999942779541
INDP,2026-08-13 09:34:00-04:00,2026-08-13 09:51:50.941888-04:00,1010.941888,151.0,1.059999942779541,1.059999942779541
INDP,2026-08-13 09:46:00-04:00,2026-08-13 09:51:50.941888-04:00,290.941888,0.0,1.0848000049591064,1.0848000049591064
BTMD,2026-08-13 09:39:00-04:00,2026-08-13 09:51:50.941888-04:00,710.941888,531.0,1.559999942779541,1.559999942779541
BTMD,2026-08-13 09:40:00-04:00,2026-08-13 09:51:50.941888-04:00,650.941888,1520.0,1.5499999523162842,1.534999966621399
BTMD,2026-08-13 09:41:00-04:00,2026-08-13 09:51:50.941888-04:00,590.941888,0.0,1.5299999713897705,1.5299999713897705
BTMD,2026-08-13 09:42:00-04:00,2026-08-13 09:51:50.941888-04:00,530.941888,200.0,1.5299999713897705,1.5299999713897705
BTMD,2026-08-13 09:44:00-04:00,2026-08-13 09:51:50.941888-04:00,410.941888,8492.0,1.5199999809265137,1.4950000047683716
BTMD,2026-08-13 09:46:00-04:00,2026-08-13 09:51:50.941888-04:00,290.941888,0.0,1.5099999904632568,1.5099999904632568
USIO,2026-08-13 09:47:00-04:00,2026-08-13 09:52:10.971449-04:00,250.971449,6119.0,2.6846001148223877,2.740000009536743
USIO,2026-08-13 09:48:00-04:00,2026-08-13 09:52:10.971449-04:00,190.971449,16472.0,2.75,2.7799999713897705
USIO,2026-08-13 09:49:00-04:00,2026-08-13 09:52:10.971449-04:00,130.971449,5575.0,2.7799999713897705,2.7778000831604004
USIO,2026-08-13 09:50:00-04:00,2026-08-13 09:52:10.971449-04:00,70.971449,3277.0,2.799999952316284,2.710099935531616
USIO,2026-08-13 09:51:00-04:00,2026-08-13 09:52:10.971449-04:00,10.971449,34964.0,2.734999895095825,2.75
USIO,2026-08-13 09:52:00-04:00,2026-08-13 09:52:10.971449-04:00,-49.028551,0.0,2.744800090789795,2.744800090789795
LSTA,2026-08-13 09:30:02-04:00,2026-08-13 09:52:10.971449-04:00,1268.971449,0.0,1.190000057220459,1.190000057220459
MOBX,2026-08-13 09:46:00-04:00,2026-08-13 09:52:10.971449-04:00,310.971449,929.0,1.6101000308990479,1.6150000095367432
MOBX,2026-08-13 09:47:00-04:00,2026-08-13 09:52:10.971449-04:00,250.971449,1977.0,1.6150000095367432,1.6198999881744385
MOBX,2026-08-13 09:48:00-04:00,2026-08-13 09:52:10.971449-04:00,190.971449,795.0,1.6200000047683716,1.6150000095367432
MOBX,2026-08-13 09:49:00-04:00,2026-08-13 09:52:10.971449-04:00,130.971449,1238.0,1.6150000095367432,1.6150000095367432
MOBX,2026-08-13 09:50:00-04:00,2026-08-13 09:52:10.971449-04:00,70.971449,5956.0,1.6198999881744385,1.6150000095367432
MOBX,2026-08-13 09:51:00-04:00,2026-08-13 09:52:10.971449-04:00,10.971449,0.0,1.6169999837875366,1.6169999837875366
BTMD,2026-08-13 09:39:00-04:00,2026-08-13 09:52:10.971449-04:00,730.971449,531.0,1.559999942779541,1.559999942779541
BTMD,2026-08-13 09:40:00-04:00,2026-08-13 09:52:10.971449-04:00,670.971449,1520.0,1.5499999523162842,1.534999966621399
BTMD,2026-08-13 09:41:00-04:00,2026-08-13 09:52:10.971449-04:00,610.971449,0.0,1.5299999713897705,1.5299999713897705
BTMD,2026-08-13 09:42:00-04:00,2026-08-13 09:52:10.971449-04:00,550.971449,200.0,1.5299999713897705,1.5299999713897705
BTMD,2026-08-13 09:44:00-04:00,2026-08-13 09:52:10.971449-04:00,430.971449,8492.0,1.5199999809265137,1.4950000047683716
BTMD,2026-08-13 09:46:00-04:00,2026-08-13 09:52:10.971449-04:00,310.971449,0.0,1.5099999904632568,1.5099999904632568
INDP,2026-08-13 09:31:00-04:00,2026-08-13 09:52:10.971449-04:00,1210.971449,7989.0,1.059999942779541,1.059999942779541
INDP,2026-08-13 09:34:00-04:00,2026-08-13 09:52:10.971449-04:00,1030.971449,151.0,1.059999942779541,1.059999942779541
INDP,2026-08-13 09:46:00-04:00,2026-08-13 09:52:10.971449-04:00,310.971449,0.0,1.0848000049591064,1.0848000049591064
MOBX,2026-08-13 09:51:00-04:00,2026-08-13 09:56:28.671226-04:00,268.671226,8247.0,1.6200000047683716,1.6169999837875366
MOBX,2026-08-13 09:52:00-04:00,2026-08-13 09:56:28.671226-04:00,208.671226,2080.0,1.6197999715805054,1.610200047492981
MOBX,2026-08-13 09:53:00-04:00,2026-08-13 09:56:28.671226-04:00,148.671226,3430.0,1.6150000095367432,1.6200000047683716
MOBX,2026-08-13 09:54:00-04:00,2026-08-13 09:56:28.671226-04:00,88.671226,4290.0,1.6128000020980835,1.6150000095367432
MOBX,2026-08-13 09:55:00-04:00,2026-08-13 09:56:28.671226-04:00,28.671226,19325.0,1.6150000095367432,1.6299999952316284
MOBX,2026-08-13 09:56:00-04:00,2026-08-13 09:56:28.671226-04:00,-31.328774,0.0,1.649999976158142,1.649999976158142
LSTA,2026-08-13 09:30:02-04:00,2026-08-13 09:56:28.671226-04:00,1526.671226,0.0,1.190000057220459,1.190000057220459
INDP,2026-08-13 09:31:00-04:00,2026-08-13 09:56:28.671226-04:00,1468.671226,7989.0,1.059999942779541,1.059999942779541
INDP,2026-08-13 09:34:00-04:00,2026-08-13 09:56:28.671226-04:00,1288.671226,151.0,1.059999942779541,1.059999942779541
INDP,2026-08-13 09:46:00-04:00,2026-08-13 09:56:28.671226-04:00,568.671226,0.0,1.0848000049591064,1.0848000049591064
USIO,2026-08-13 09:51:00-04:00,2026-08-13 09:56:28.671226-04:00,268.671226,34964.0,2.734999895095825,2.75
USIO,2026-08-13 09:52:00-04:00,2026-08-13 09:56:28.671226-04:00,208.671226,898.0,2.744800090789795,2.7815001010894775
USIO,2026-08-13 09:53:00-04:00,2026-08-13 09:56:28.671226-04:00,148.671226,11296.0,2.755000114440918,2.7999000549316406
USIO,2026-08-13 09:54:00-04:00,2026-08-13 09:56:28.671226-04:00,88.671226,13394.0,2.799999952316284,2.7799999713897705
USIO,2026-08-13 09:55:00-04:00,2026-08-13 09:56:28.671226-04:00,28.671226,7809.0,2.7899999618530273,2.7493999004364014
USIO,2026-08-13 09:56:00-04:00,2026-08-13 09:56:28.671226-04:00,-31.328774,0.0,2.775099992752075,2.775099992752075
BTMD,2026-08-13 09:39:00-04:00,2026-08-13 09:56:28.671226-04:00,988.671226,531.0,1.559999942779541,1.559999942779541
BTMD,2026-08-13 09:40:00-04:00,2026-08-13 09:56:28.671226-04:00,928.671226,1520.0,1.5499999523162842,1.534999966621399
BTMD,2026-08-13 09:41:00-04:00,2026-08-13 09:56:28.671226-04:00,868.671226,0.0,1.5299999713897705,1.5299999713897705
BTMD,2026-08-13 09:42:00-04:00,2026-08-13 09:56:28.671226-04:00,808.671226,200.0,1.5299999713897705,1.5299999713897705
BTMD,2026-08-13 09:44:00-04:00,2026-08-13 09:56:28.671226-04:00,688.671226,8492.0,1.5199999809265137,1.4950000047683716
BTMD,2026-08-13 09:46:00-04:00,2026-08-13 09:56:28.671226-04:00,568.671226,0.0,1.5099999904632568,1.5099999904632568
BTMD,2026-08-13 09:40:00-04:00,2026-08-13 09:56:48.694477-04:00,948.694477,1520.0,1.5499999523162842,1.534999966621399
BTMD,2026-08-13 09:41:00-04:00,2026-08-13 09:56:48.694477-04:00,888.694477,0.0,1.5299999713897705,1.5299999713897705
BTMD,2026-08-13 09:42:00-04:00,2026-08-13 09:56:48.694477-04:00,828.694477,200.0,1.5299999713897705,1.5299999713897705
BTMD,2026-08-13 09:44:00-04:00,2026-08-13 09:56:48.694477-04:00,708.694477,8492.0,1.5199999809265137,1.4950000047683716
BTMD,2026-08-13 09:46:00-04:00,2026-08-13 09:56:48.694477-04:00,588.694477,474.0,1.5,1.5099999904632568
BTMD,2026-08-13 09:56:00-04:00,2026-08-13 09:56:48.694477-04:00,-11.305523,0.0,1.5299999713897705,1.5299999713897705
INDP,2026-08-13 09:31:00-04:00,2026-08-13 09:56:48.694477-04:00,1488.694477,7989.0,1.059999942779541,1.059999942779541
INDP,2026-08-13 09:34:00-04:00,2026-08-13 09:56:48.694477-04:00,1308.694477,151.0,1.059999942779541,1.059999942779541
INDP,2026-08-13 09:46:00-04:00,2026-08-13 09:56:48.694477-04:00,588.694477,0.0,1.0848000049591064,1.0848000049591064
MOBX,2026-08-13 09:51:00-04:00,2026-08-13 09:56:48.694477-04:00,288.694477,8247.0,1.6200000047683716,1.6169999837875366
MOBX,2026-08-13 09:52:00-04:00,2026-08-13 09:56:48.694477-04:00,228.694477,2080.0,1.6197999715805054,1.610200047492981
MOBX,2026-08-13 09:53:00-04:00,2026-08-13 09:56:48.694477-04:00,168.694477,3430.0,1.6150000095367432,1.6200000047683716
MOBX,2026-08-13 09:54:00-04:00,2026-08-13 09:56:48.694477-04:00,108.694477,4290.0,1.6128000020980835,1.6150000095367432
MOBX,2026-08-13 09:55:00-04:00,2026-08-13 09:56:48.694477-04:00,48.694477,19325.0,1.6150000095367432,1.6299999952316284
MOBX,2026-08-13 09:56:00-04:00,2026-08-13 09:56:48.694477-04:00,-11.305523,0.0,1.6799999475479126,1.6799999475479126
LSTA,2026-08-13 09:30:02-04:00,2026-08-13 09:56:48.694477-04:00,1546.694477,0.0,1.190000057220459,1.190000057220459
USIO,2026-08-13 09:51:00-04:00,2026-08-13 09:56:48.694477-04:00,288.694477,34964.0,2.734999895095825,2.75
USIO,2026-08-13 09:52:00-04:00,2026-08-13 09:56:48.694477-04:00,228.694477,898.0,2.744800090789795,2.7815001010894775
USIO,2026-08-13 09:53:00-04:00,2026-08-13 09:56:48.694477-04:00,168.694477,11296.0,2.755000114440918,2.7999000549316406
USIO,2026-08-13 09:54:00-04:00,2026-08-13 09:56:48.694477-04:00,108.694477,13394.0,2.799999952316284,2.7799999713897705
USIO,2026-08-13 09:55:00-04:00,2026-08-13 09:56:48.694477-04:00,48.694477,7809.0,2.7899999618530273,2.7493999004364014
USIO,2026-08-13 09:56:00-04:00,2026-08-13 09:56:48.694477-04:00,-11.305523,0.0,2.775099992752075,2.775099992752075
BTMD,2026-08-13 09:42:00-04:00,2026-08-13 10:01:21.813587-04:00,1101.813587,200.0,1.5299999713897705,1.5299999713897705
BTMD,2026-08-13 09:44:00-04:00,2026-08-13 10:01:21.813587-04:00,981.813587,8492.0,1.5199999809265137,1.4950000047683716
BTMD,2026-08-13 09:46:00-04:00,2026-08-13 10:01:21.813587-04:00,861.813587,474.0,1.5,1.5099999904632568
BTMD,2026-08-13 09:56:00-04:00,2026-08-13 10:01:21.813587-04:00,261.813587,2291.0,1.5098999738693237,1.5299999713897705
BTMD,2026-08-13 09:57:00-04:00,2026-08-13 10:01:21.813587-04:00,201.813587,24.0,1.5399999618530273,1.5399999618530273
BTMD,2026-08-13 10:00:00-04:00,2026-08-13 10:01:21.813587-04:00,21.813587,0.0,1.5199999809265137,1.5199999809265137
INDP,2026-08-13 09:31:00-04:00,2026-08-13 10:01:21.813587-04:00,1761.813587,7989.0,1.059999942779541,1.059999942779541
INDP,2026-08-13 09:34:00-04:00,2026-08-13 10:01:21.813587-04:00,1581.813587,151.0,1.059999942779541,1.059999942779541
INDP,2026-08-13 09:46:00-04:00,2026-08-13 10:01:21.813587-04:00,861.813587,10528.0,1.0880000591278076,1.0848000049591064
INDP,2026-08-13 09:59:00-04:00,2026-08-13 10:01:21.813587-04:00,81.813587,105.0,1.0800000429153442,1.0800000429153442
USIO,2026-08-13 09:55:00-04:00,2026-08-13 10:01:21.813587-04:00,321.813587,7809.0,2.7899999618530273,2.7493999004364014
USIO,2026-08-13 09:56:00-04:00,2026-08-13 10:01:21.813587-04:00,261.813587,1416.0,2.775099992752075,2.7899999618530273
USIO,2026-08-13 09:57:00-04:00,2026-08-13 10:01:21.813587-04:00,201.813587,778.0,2.7799999713897705,2.7918999195098877
USIO,2026-08-13 09:58:00-04:00,2026-08-13 10:01:21.813587-04:00,141.813587,4080.0,2.7727999687194824,2.809799909591675
USIO,2026-08-13 09:59:00-04:00,2026-08-13 10:01:21.813587-04:00,81.813587,2842.0,2.7950000762939453,2.8036999702453613
USIO,2026-08-13 10:00:00-04:00,2026-08-13 10:01:21.813587-04:00,21.813587,0.0,2.7960000038146973,2.7960000038146973
LSTA,2026-08-13 09:30:02-04:00,2026-08-13 10:01:21.813587-04:00,1819.813587,0.0,1.190000057220459,1.190000057220459
MOBX,2026-08-13 09:56:00-04:00,2026-08-13 10:01:21.813587-04:00,261.813587,89029.0,1.6398999691009521,1.684999942779541
MOBX,2026-08-13 09:57:00-04:00,2026-08-13 10:01:21.813587-04:00,201.813587,27919.0,1.680299997329712,1.6890000104904175
MOBX,2026-08-13 09:58:00-04:00,2026-08-13 10:01:21.813587-04:00,141.813587,27322.0,1.6899000406265259,1.6699999570846558
MOBX,2026-08-13 09:59:00-04:00,2026-08-13 10:01:21.813587-04:00,81.813587,22043.0,1.6649999618530273,1.6298999786376953
MOBX,2026-08-13 10:00:00-04:00,2026-08-13 10:01:21.813587-04:00,21.813587,8319.0,1.6299999952316284,1.6398999691009521
MOBX,2026-08-13 10:01:00-04:00,2026-08-13 10:01:21.813587-04:00,-38.186413,0.0,1.6399999856948853,1.6399999856948853
MOBX,2026-08-13 09:56:00-04:00,2026-08-13 10:01:41.849117-04:00,281.849117,89029.0,1.6398999691009521,1.684999942779541
MOBX,2026-08-13 09:57:00-04:00,2026-08-13 10:01:41.849117-04:00,221.849117,27919.0,1.680299997329712,1.6890000104904175
MOBX,2026-08-13 09:58:00-04:00,2026-08-13 10:01:41.849117-04:00,161.849117,27322.0,1.6899000406265259,1.6699999570846558
MOBX,2026-08-13 09:59:00-04:00,2026-08-13 10:01:41.849117-04:00,101.849117,22043.0,1.6649999618530273,1.6298999786376953
MOBX,2026-08-13 10:00:00-04:00,2026-08-13 10:01:41.849117-04:00,41.849117,8319.0,1.6299999952316284,1.6398999691009521
MOBX,2026-08-13 10:01:00-04:00,2026-08-13 10:01:41.849117-04:00,-18.150883,0.0,1.649999976158142,1.649999976158142
INDP,2026-08-13 09:31:00-04:00,2026-08-13 10:01:41.849117-04:00,1781.849117,7989.0,1.059999942779541,1.059999942779541
INDP,2026-08-13 09:34:00-04:00,2026-08-13 10:01:41.849117-04:00,1601.849117,151.0,1.059999942779541,1.059999942779541
INDP,2026-08-13 09:46:00-04:00,2026-08-13 10:01:41.849117-04:00,881.849117,10528.0,1.0880000591278076,1.0848000049591064
INDP,2026-08-13 09:59:00-04:00,2026-08-13 10:01:41.849117-04:00,101.849117,105.0,1.0800000429153442,1.0800000429153442
BTMD,2026-08-13 09:42:00-04:00,2026-08-13 10:01:41.849117-04:00,1121.849117,200.0,1.5299999713897705,1.5299999713897705
BTMD,2026-08-13 09:44:00-04:00,2026-08-13 10:01:41.849117-04:00,1001.849117,8492.0,1.5199999809265137,1.4950000047683716
BTMD,2026-08-13 09:46:00-04:00,2026-08-13 10:01:41.849117-04:00,881.849117,474.0,1.5,1.5099999904632568
BTMD,2026-08-13 09:56:00-04:00,2026-08-13 10:01:41.849117-04:00,281.849117,2291.0,1.5098999738693237,1.5299999713897705
BTMD,2026-08-13 09:57:00-04:00,2026-08-13 10:01:41.849117-04:00,221.849117,24.0,1.5399999618530273,1.5399999618530273
BTMD,2026-08-13 10:00:00-04:00,2026-08-13 10:01:41.849117-04:00,41.849117,0.0,1.5199999809265137,1.5199999809265137
USIO,2026-08-13 09:55:00-04:00,2026-08-13 10:01:41.849117-04:00,341.849117,7809.0,2.7899999618530273,2.7493999004364014
USIO,2026-08-13 09:56:00-04:00,2026-08-13 10:01:41.849117-04:00,281.849117,1416.0,2.775099992752075,2.7899999618530273
USIO,2026-08-13 09:57:00-04:00,2026-08-13 10:01:41.849117-04:00,221.849117,778.0,2.7799999713897705,2.7918999195098877
USIO,2026-08-13 09:58:00-04:00,2026-08-13 10:01:41.849117-04:00,161.849117,4080.0,2.7727999687194824,2.809799909591675
USIO,2026-08-13 09:59:00-04:00,2026-08-13 10:01:41.849117-04:00,101.849117,2842.0,2.7950000762939453,2.8036999702453613
USIO,2026-08-13 10:00:00-04:00,2026-08-13 10:01:41.849117-04:00,41.849117,0.0,2.7960000038146973,2.7960000038146973
LSTA,2026-08-13 09:30:02-04:00,2026-08-13 10:01:41.849117-04:00,1839.849117,0.0,1.190000057220459,1.190000057220459
BTMD,2026-08-13 09:42:00-04:00,2026-08-13 10:02:01.875206-04:00,1141.875206,200.0,1.5299999713897705,1.5299999713897705
BTMD,2026-08-13 09:44:00-04:00,2026-08-13 10:02:01.875206-04:00,1021.875206,8492.0,1.5199999809265137,1.4950000047683716
BTMD,2026-08-13 09:46:00-04:00,2026-08-13 10:02:01.875206-04:00,901.875206,474.0,1.5,1.5099999904632568
BTMD,2026-08-13 09:56:00-04:00,2026-08-13 10:02:01.875206-04:00,301.875206,2291.0,1.5098999738693237,1.5299999713897705
BTMD,2026-08-13 09:57:00-04:00,2026-08-13 10:02:01.875206-04:00,241.875206,24.0,1.5399999618530273,1.5399999618530273
BTMD,2026-08-13 10:00:00-04:00,2026-08-13 10:02:01.875206-04:00,61.875206,0.0,1.5199999809265137,1.5199999809265137
USIO,2026-08-13 09:56:00-04:00,2026-08-13 10:02:01.875206-04:00,301.875206,1416.0,2.775099992752075,2.7899999618530273
USIO,2026-08-13 09:57:00-04:00,2026-08-13 10:02:01.875206-04:00,241.875206,778.0,2.7799999713897705,2.7918999195098877
USIO,2026-08-13 09:58:00-04:00,2026-08-13 10:02:01.875206-04:00,181.875206,4080.0,2.7727999687194824,2.809799909591675
USIO,2026-08-13 09:59:00-04:00,2026-08-13 10:02:01.875206-04:00,121.875206,2842.0,2.7950000762939453,2.8036999702453613
USIO,2026-08-13 10:00:00-04:00,2026-08-13 10:02:01.875206-04:00,61.875206,8704.0,2.802500009536743,2.7960000038146973
USIO,2026-08-13 10:01:00-04:00,2026-08-13 10:02:01.875206-04:00,1.875206,0.0,2.7806999683380127,2.800800085067749
INDP,2026-08-13 09:31:00-04:00,2026-08-13 10:02:01.875206-04:00,1801.875206,7989.0,1.059999942779541,1.059999942779541
INDP,2026-08-13 09:34:00-04:00,2026-08-13 10:02:01.875206-04:00,1621.875206,151.0,1.059999942779541,1.059999942779541
INDP,2026-08-13 09:46:00-04:00,2026-08-13 10:02:01.875206-04:00,901.875206,10528.0,1.0880000591278076,1.0848000049591064
INDP,2026-08-13 09:59:00-04:00,2026-08-13 10:02:01.875206-04:00,121.875206,105.0,1.0800000429153442,1.0800000429153442
MOBX,2026-08-13 09:56:00-04:00,2026-08-13 10:02:01.875206-04:00,301.875206,89029.0,1.6398999691009521,1.684999942779541
MOBX,2026-08-13 09:57:00-04:00,2026-08-13 10:02:01.875206-04:00,241.875206,27919.0,1.680299997329712,1.6890000104904175
MOBX,2026-08-13 09:58:00-04:00,2026-08-13 10:02:01.875206-04:00,181.875206,27322.0,1.6899000406265259,1.6699999570846558
MOBX,2026-08-13 09:59:00-04:00,2026-08-13 10:02:01.875206-04:00,121.875206,22043.0,1.6649999618530273,1.6298999786376953
MOBX,2026-08-13 10:00:00-04:00,2026-08-13 10:02:01.875206-04:00,61.875206,8319.0,1.6299999952316284,1.6398999691009521
MOBX,2026-08-13 10:01:00-04:00,2026-08-13 10:02:01.875206-04:00,1.875206,0.0,1.6349999904632568,1.6349999904632568
MOBX,2026-08-13 10:01:00-04:00,2026-08-13 10:06:18.242691-04:00,258.242691,5045.0,1.6308000087738037,1.6349999904632568
MOBX,2026-08-13 10:02:00-04:00,2026-08-13 10:06:18.242691-04:00,198.242691,14767.0,1.6399999856948853,1.6449999809265137
MOBX,2026-08-13 10:03:00-04:00,2026-08-13 10:06:18.242691-04:00,138.242691,2995.0,1.6449999809265137,1.649999976158142
MOBX,2026-08-13 10:04:00-04:00,2026-08-13 10:06:18.242691-04:00,78.242691,2146.0,1.649999976158142,1.649999976158142
MOBX,2026-08-13 10:05:00-04:00,2026-08-13 10:06:18.242691-04:00,18.242691,3764.0,1.6399999856948853,1.6349999904632568
MOBX,2026-08-13 10:06:00-04:00,2026-08-13 10:06:18.242691-04:00,-41.757309,0.0,1.6399999856948853,1.6399999856948853
USIO,2026-08-13 10:01:00-04:00,2026-08-13 10:06:18.242691-04:00,258.242691,2182.0,2.7806999683380127,2.800800085067749
USIO,2026-08-13 10:02:00-04:00,2026-08-13 10:06:18.242691-04:00,198.242691,7126.0,2.808799982070923,2.7799999713897705
USIO,2026-08-13 10:03:00-04:00,2026-08-13 10:06:18.242691-04:00,138.242691,13643.0,2.799999952316284,2.809999942779541
USIO,2026-08-13 10:04:00-04:00,2026-08-13 10:06:18.242691-04:00,78.242691,16983.0,2.809999942779541,2.8340001106262207
USIO,2026-08-13 10:05:00-04:00,2026-08-13 10:06:18.242691-04:00,18.242691,1871.0,2.821000099182129,2.8299999237060547
USIO,2026-08-13 10:06:00-04:00,2026-08-13 10:06:18.242691-04:00,-41.757309,0.0,2.8299999237060547,2.8299999237060547
BTMD,2026-08-13 09:42:00-04:00,2026-08-13 10:06:18.242691-04:00,1398.242691,200.0,1.5299999713897705,1.5299999713897705
BTMD,2026-08-13 09:44:00-04:00,2026-08-13 10:06:18.242691-04:00,1278.242691,8492.0,1.5199999809265137,1.4950000047683716
BTMD,2026-08-13 09:46:00-04:00,2026-08-13 10:06:18.242691-04:00,1158.242691,474.0,1.5,1.5099999904632568
BTMD,2026-08-13 09:56:00-04:00,2026-08-13 10:06:18.242691-04:00,558.242691,2291.0,1.5098999738693237,1.5299999713897705
BTMD,2026-08-13 09:57:00-04:00,2026-08-13 10:06:18.242691-04:00,498.242691,24.0,1.5399999618530273,1.5399999618530273
BTMD,2026-08-13 10:00:00-04:00,2026-08-13 10:06:18.242691-04:00,318.242691,158.0,1.5199999809265137,1.5199999809265137
LSTA,2026-08-13 09:30:02-04:00,2026-08-13 10:06:18.242691-04:00,2116.242691,0.0,1.190000057220459,1.190000057220459
INDP,2026-08-13 09:34:00-04:00,2026-08-13 10:06:18.242691-04:00,1878.242691,151.0,1.059999942779541,1.059999942779541
INDP,2026-08-13 09:46:00-04:00,2026-08-13 10:06:18.242691-04:00,1158.242691,10528.0,1.0880000591278076,1.0848000049591064
INDP,2026-08-13 09:59:00-04:00,2026-08-13 10:06:18.242691-04:00,378.242691,105.0,1.0800000429153442,1.0800000429153442
INDP,2026-08-13 10:00:00-04:00,2026-08-13 10:06:18.242691-04:00,318.242691,190.0,1.0800000429153442,1.0800000429153442
INDP,2026-08-13 10:04:00-04:00,2026-08-13 10:06:18.242691-04:00,78.242691,800.0,1.090000033378601,1.090000033378601
INDP,2026-08-13 10:05:00-04:00,2026-08-13 10:06:18.242691-04:00,18.242691,0.0,1.0800000429153442,1.0800000429153442
LSTA,2026-08-13 09:30:02-04:00,2026-08-13 10:06:38.265492-04:00,2136.265492,0.0,1.190000057220459,1.190000057220459
USIO,2026-08-13 10:01:00-04:00,2026-08-13 10:06:38.265492-04:00,278.265492,2182.0,2.7806999683380127,2.800800085067749
USIO,2026-08-13 10:02:00-04:00,2026-08-13 10:06:38.265492-04:00,218.265492,7126.0,2.808799982070923,2.7799999713897705
USIO,2026-08-13 10:03:00-04:00,2026-08-13 10:06:38.265492-04:00,158.265492,13643.0,2.799999952316284,2.809999942779541
USIO,2026-08-13 10:04:00-04:00,2026-08-13 10:06:38.265492-04:00,98.265492,16983.0,2.809999942779541,2.8340001106262207
USIO,2026-08-13 10:05:00-04:00,2026-08-13 10:06:38.265492-04:00,38.265492,1871.0,2.821000099182129,2.8299999237060547
USIO,2026-08-13 10:06:00-04:00,2026-08-13 10:06:38.265492-04:00,-21.734508,0.0,2.8373000621795654,2.8373000621795654
INDP,2026-08-13 09:34:00-04:00,2026-08-13 10:06:38.265492-04:00,1898.265492,151.0,1.059999942779541,1.059999942779541
INDP,2026-08-13 09:46:00-04:00,2026-08-13 10:06:38.265492-04:00,1178.265492,10528.0,1.0880000591278076,1.0848000049591064
INDP,2026-08-13 09:59:00-04:00,2026-08-13 10:06:38.265492-04:00,398.265492,105.0,1.0800000429153442,1.0800000429153442
INDP,2026-08-13 10:00:00-04:00,2026-08-13 10:06:38.265492-04:00,338.265492,190.0,1.0800000429153442,1.0800000429153442
INDP,2026-08-13 10:04:00-04:00,2026-08-13 10:06:38.265492-04:00,98.265492,800.0,1.090000033378601,1.090000033378601
INDP,2026-08-13 10:05:00-04:00,2026-08-13 10:06:38.265492-04:00,38.265492,0.0,1.0800000429153442,1.0800000429153442
MOBX,2026-08-13 10:01:00-04:00,2026-08-13 10:06:38.265492-04:00,278.265492,5045.0,1.6308000087738037,1.6349999904632568
MOBX,2026-08-13 10:02:00-04:00,2026-08-13 10:06:38.265492-04:00,218.265492,14767.0,1.6399999856948853,1.6449999809265137
MOBX,2026-08-13 10:03:00-04:00,2026-08-13 10:06:38.265492-04:00,158.265492,2995.0,1.6449999809265137,1.649999976158142
MOBX,2026-08-13 10:04:00-04:00,2026-08-13 10:06:38.265492-04:00,98.265492,2146.0,1.649999976158142,1.649999976158142
MOBX,2026-08-13 10:05:00-04:00,2026-08-13 10:06:38.265492-04:00,38.265492,3764.0,1.6399999856948853,1.6349999904632568
MOBX,2026-08-13 10:06:00-04:00,2026-08-13 10:06:38.265492-04:00,-21.734508,0.0,1.6399999856948853,1.6399999856948853
BTMD,2026-08-13 09:42:00-04:00,2026-08-13 10:06:38.265492-04:00,1418.265492,200.0,1.5299999713897705,1.5299999713897705
BTMD,2026-08-13 09:44:00-04:00,2026-08-13 10:06:38.265492-04:00,1298.265492,8492.0,1.5199999809265137,1.4950000047683716
BTMD,2026-08-13 09:46:00-04:00,2026-08-13 10:06:38.265492-04:00,1178.265492,474.0,1.5,1.5099999904632568
BTMD,2026-08-13 09:56:00-04:00,2026-08-13 10:06:38.265492-04:00,578.265492,2291.0,1.5098999738693237,1.5299999713897705
BTMD,2026-08-13 09:57:00-04:00,2026-08-13 10:06:38.265492-04:00,518.265492,24.0,1.5399999618530273,1.5399999618530273
BTMD,2026-08-13 10:00:00-04:00,2026-08-13 10:06:38.265492-04:00,338.265492,158.0,1.5199999809265137,1.5199999809265137
LSTA,2026-08-13 09:30:02-04:00,2026-08-13 10:06:58.298281-04:00,2156.298281,0.0,1.190000057220459,1.190000057220459
BTMD,2026-08-13 09:42:00-04:00,2026-08-13 10:06:58.298281-04:00,1438.298281,200.0,1.5299999713897705,1.5299999713897705
BTMD,2026-08-13 09:44:00-04:00,2026-08-13 10:06:58.298281-04:00,1318.298281,8492.0,1.5199999809265137,1.4950000047683716
BTMD,2026-08-13 09:46:00-04:00,2026-08-13 10:06:58.298281-04:00,1198.298281,474.0,1.5,1.5099999904632568
BTMD,2026-08-13 09:56:00-04:00,2026-08-13 10:06:58.298281-04:00,598.298281,2291.0,1.5098999738693237,1.5299999713897705
BTMD,2026-08-13 09:57:00-04:00,2026-08-13 10:06:58.298281-04:00,538.298281,24.0,1.5399999618530273,1.5399999618530273
BTMD,2026-08-13 10:00:00-04:00,2026-08-13 10:06:58.298281-04:00,358.298281,158.0,1.5199999809265137,1.5199999809265137
INDP,2026-08-13 09:34:00-04:00,2026-08-13 10:06:58.298281-04:00,1918.298281,151.0,1.059999942779541,1.059999942779541
INDP,2026-08-13 09:46:00-04:00,2026-08-13 10:06:58.298281-04:00,1198.298281,10528.0,1.0880000591278076,1.0848000049591064
INDP,2026-08-13 09:59:00-04:00,2026-08-13 10:06:58.298281-04:00,418.298281,105.0,1.0800000429153442,1.0800000429153442
INDP,2026-08-13 10:00:00-04:00,2026-08-13 10:06:58.298281-04:00,358.298281,190.0,1.0800000429153442,1.0800000429153442
INDP,2026-08-13 10:04:00-04:00,2026-08-13 10:06:58.298281-04:00,118.298281,800.0,1.090000033378601,1.090000033378601
INDP,2026-08-13 10:05:00-04:00,2026-08-13 10:06:58.298281-04:00,58.298281,0.0,1.0800000429153442,1.0800000429153442
MOBX,2026-08-13 10:01:00-04:00,2026-08-13 10:06:58.298281-04:00,298.298281,5045.0,1.6308000087738037,1.6349999904632568
MOBX,2026-08-13 10:02:00-04:00,2026-08-13 10:06:58.298281-04:00,238.298281,14767.0,1.6399999856948853,1.6449999809265137
MOBX,2026-08-13 10:03:00-04:00,2026-08-13 10:06:58.298281-04:00,178.298281,2995.0,1.6449999809265137,1.649999976158142
MOBX,2026-08-13 10:04:00-04:00,2026-08-13 10:06:58.298281-04:00,118.298281,2146.0,1.649999976158142,1.649999976158142
MOBX,2026-08-13 10:05:00-04:00,2026-08-13 10:06:58.298281-04:00,58.298281,3764.0,1.6399999856948853,1.6349999904632568
MOBX,2026-08-13 10:06:00-04:00,2026-08-13 10:06:58.298281-04:00,-1.701719,0.0,1.6301000118255615,1.6301000118255615
USIO,2026-08-13 10:01:00-04:00,2026-08-13 10:06:58.298281-04:00,298.298281,2182.0,2.7806999683380127,2.800800085067749
USIO,2026-08-13 10:02:00-04:00,2026-08-13 10:06:58.298281-04:00,238.298281,7126.0,2.808799982070923,2.7799999713897705
USIO,2026-08-13 10:03:00-04:00,2026-08-13 10:06:58.298281-04:00,178.298281,13643.0,2.799999952316284,2.809999942779541
USIO,2026-08-13 10:04:00-04:00,2026-08-13 10:06:58.298281-04:00,118.298281,16983.0,2.809999942779541,2.8340001106262207
USIO,2026-08-13 10:05:00-04:00,2026-08-13 10:06:58.298281-04:00,58.298281,1871.0,2.821000099182129,2.8299999237060547
USIO,2026-08-13 10:06:00-04:00,2026-08-13 10:06:58.298281-04:00,-1.701719,0.0,2.8499999046325684,2.8499999046325684
LSTA,2026-08-13 09:30:02-04:00,2026-08-13 10:11:31.310078-04:00,2429.310078,0.0,1.190000057220459,1.190000057220459
INDP,2026-08-13 09:46:00-04:00,2026-08-13 10:11:31.310078-04:00,1471.310078,10528.0,1.0880000591278076,1.0848000049591064
INDP,2026-08-13 09:59:00-04:00,2026-08-13 10:11:31.310078-04:00,691.310078,105.0,1.0800000429153442,1.0800000429153442
INDP,2026-08-13 10:00:00-04:00,2026-08-13 10:11:31.310078-04:00,631.310078,190.0,1.0800000429153442,1.0800000429153442
INDP,2026-08-13 10:04:00-04:00,2026-08-13 10:11:31.310078-04:00,391.310078,800.0,1.090000033378601,1.090000033378601
INDP,2026-08-13 10:05:00-04:00,2026-08-13 10:11:31.310078-04:00,331.310078,265.0,1.0800000429153442,1.0800000429153442
INDP,2026-08-13 10:11:00-04:00,2026-08-13 10:11:31.310078-04:00,-28.689922,0.0,1.070099949836731,1.070099949836731
USIO,2026-08-13 10:06:00-04:00,2026-08-13 10:11:31.310078-04:00,271.310078,7251.0,2.8299999237060547,2.8499999046325684
USIO,2026-08-13 10:07:00-04:00,2026-08-13 10:11:31.310078-04:00,211.310078,3734.0,2.8399999141693115,2.8399999141693115
USIO,2026-08-13 10:08:00-04:00,2026-08-13 10:11:31.310078-04:00,151.310078,9774.0,2.8499999046325684,2.859999895095825
USIO,2026-08-13 10:09:00-04:00,2026-08-13 10:11:31.310078-04:00,91.310078,1885.0,2.8573999404907227,2.859999895095825
USIO,2026-08-13 10:10:00-04:00,2026-08-13 10:11:31.310078-04:00,31.310078,4560.0,2.8550000190734863,2.8299999237060547
USIO,2026-08-13 10:11:00-04:00,2026-08-13 10:11:31.310078-04:00,-28.689922,0.0,2.8550000190734863,2.8550000190734863
BTMD,2026-08-13 09:56:00-04:00,2026-08-13 10:11:31.310078-04:00,871.310078,2291.0,1.5098999738693237,1.5299999713897705
BTMD,2026-08-13 09:57:00-04:00,2026-08-13 10:11:31.310078-04:00,811.310078,24.0,1.5399999618530273,1.5399999618530273
BTMD,2026-08-13 10:00:00-04:00,2026-08-13 10:11:31.310078-04:00,631.310078,158.0,1.5199999809265137,1.5199999809265137
BTMD,2026-08-13 10:06:00-04:00,2026-08-13 10:11:31.310078-04:00,271.310078,586.0,1.5363999605178833,1.5399999618530273
BTMD,2026-08-13 10:09:00-04:00,2026-08-13 10:11:31.310078-04:00,91.310078,4200.0,1.5299999713897705,1.5199999809265137
BTMD,2026-08-13 10:10:00-04:00,2026-08-13 10:11:31.310078-04:00,31.310078,0.0,1.5299999713897705,1.5299999713897705
MOBX,2026-08-13 10:06:00-04:00,2026-08-13 10:11:31.310078-04:00,271.310078,9215.0,1.6349999904632568,1.6301000118255615
MOBX,2026-08-13 10:07:00-04:00,2026-08-13 10:11:31.310078-04:00,211.310078,4361.0,1.6308000087738037,1.6349999904632568
MOBX,2026-08-13 10:08:00-04:00,2026-08-13 10:11:31.310078-04:00,151.310078,9224.0,1.6349999904632568,1.6398999691009521
MOBX,2026-08-13 10:09:00-04:00,2026-08-13 10:11:31.310078-04:00,91.310078,2022.0,1.6399999856948853,1.6369999647140503
MOBX,2026-08-13 10:10:00-04:00,2026-08-13 10:11:31.310078-04:00,31.310078,4586.0,1.6349999904632568,1.6349999904632568
MOBX,2026-08-13 10:11:00-04:00,2026-08-13 10:11:31.310078-04:00,-28.689922,0.0,1.6349999904632568,1.6349999904632568
LSTA,2026-08-13 09:30:02-04:00,2026-08-13 10:11:51.333394-04:00,2449.333394,0.0,1.190000057220459,1.190000057220459
USIO,2026-08-13 10:06:00-04:00,2026-08-13 10:11:51.333394-04:00,291.333394,7251.0,2.8299999237060547,2.8499999046325684
USIO,2026-08-13 10:07:00-04:00,2026-08-13 10:11:51.333394-04:00,231.333394,3734.0,2.8399999141693115,2.8399999141693115
USIO,2026-08-13 10:08:00-04:00,2026-08-13 10:11:51.333394-04:00,171.333394,9774.0,2.8499999046325684,2.859999895095825
USIO,2026-08-13 10:09:00-04:00,2026-08-13 10:11:51.333394-04:00,111.333394,1885.0,2.8573999404907227,2.859999895095825
USIO,2026-08-13 10:10:00-04:00,2026-08-13 10:11:51.333394-04:00,51.333394,4560.0,2.8550000190734863,2.8299999237060547
USIO,2026-08-13 10:11:00-04:00,2026-08-13 10:11:51.333394-04:00,-8.666606,0.0,2.8499999046325684,2.8499999046325684
BTMD,2026-08-13 09:56:00-04:00,2026-08-13 10:11:51.333394-04:00,891.333394,2291.0,1.5098999738693237,1.5299999713897705
BTMD,2026-08-13 09:57:00-04:00,2026-08-13 10:11:51.333394-04:00,831.333394,24.0,1.5399999618530273,1.5399999618530273
BTMD,2026-08-13 10:00:00-04:00,2026-08-13 10:11:51.333394-04:00,651.333394,158.0,1.5199999809265137,1.5199999809265137
BTMD,2026-08-13 10:06:00-04:00,2026-08-13 10:11:51.333394-04:00,291.333394,586.0,1.5363999605178833,1.5399999618530273
BTMD,2026-08-13 10:09:00-04:00,2026-08-13 10:11:51.333394-04:00,111.333394,4200.0,1.5299999713897705,1.5199999809265137
BTMD,2026-08-13 10:10:00-04:00,2026-08-13 10:11:51.333394-04:00,51.333394,0.0,1.5299999713897705,1.5299999713897705
MOBX,2026-08-13 10:06:00-04:00,2026-08-13 10:11:51.333394-04:00,291.333394,9215.0,1.6349999904632568,1.6301000118255615
MOBX,2026-08-13 10:07:00-04:00,2026-08-13 10:11:51.333394-04:00,231.333394,4361.0,1.6308000087738037,1.6349999904632568
MOBX,2026-08-13 10:08:00-04:00,2026-08-13 10:11:51.333394-04:00,171.333394,9224.0,1.6349999904632568,1.6398999691009521
MOBX,2026-08-13 10:09:00-04:00,2026-08-13 10:11:51.333394-04:00,111.333394,2022.0,1.6399999856948853,1.6369999647140503
MOBX,2026-08-13 10:10:00-04:00,2026-08-13 10:11:51.333394-04:00,51.333394,4586.0,1.6349999904632568,1.6349999904632568
MOBX,2026-08-13 10:11:00-04:00,2026-08-13 10:11:51.333394-04:00,-8.666606,0.0,1.6349999904632568,1.6349999904632568
INDP,2026-08-13 09:46:00-04:00,2026-08-13 10:11:51.333394-04:00,1491.333394,10528.0,1.0880000591278076,1.0848000049591064
INDP,2026-08-13 09:59:00-04:00,2026-08-13 10:11:51.333394-04:00,711.333394,105.0,1.0800000429153442,1.0800000429153442
INDP,2026-08-13 10:00:00-04:00,2026-08-13 10:11:51.333394-04:00,651.333394,190.0,1.0800000429153442,1.0800000429153442
INDP,2026-08-13 10:04:00-04:00,2026-08-13 10:11:51.333394-04:00,411.333394,800.0,1.090000033378601,1.090000033378601
INDP,2026-08-13 10:05:00-04:00,2026-08-13 10:11:51.333394-04:00,351.333394,265.0,1.0800000429153442,1.0800000429153442
INDP,2026-08-13 10:11:00-04:00,2026-08-13 10:11:51.333394-04:00,-8.666606,0.0,1.070099949836731,1.070099949836731
BTMD,2026-08-13 10:06:00-04:00,2026-08-13 10:16:25.115569-04:00,565.115569,586.0,1.5363999605178833,1.5399999618530273
BTMD,2026-08-13 10:09:00-04:00,2026-08-13 10:16:25.115569-04:00,385.115569,4200.0,1.5299999713897705,1.5199999809265137
BTMD,2026-08-13 10:10:00-04:00,2026-08-13 10:16:25.115569-04:00,325.115569,75.0,1.5299999713897705,1.5299999713897705
BTMD,2026-08-13 10:12:00-04:00,2026-08-13 10:16:25.115569-04:00,205.115569,543.0,1.5399999618530273,1.5399999618530273
BTMD,2026-08-13 10:14:00-04:00,2026-08-13 10:16:25.115569-04:00,85.115569,26.0,1.5399999618530273,1.5399999618530273
BTMD,2026-08-13 10:15:00-04:00,2026-08-13 10:16:25.115569-04:00,25.115569,0.0,1.5299999713897705,1.5299999713897705
INDP,2026-08-13 09:59:00-04:00,2026-08-13 10:16:25.115569-04:00,985.115569,105.0,1.0800000429153442,1.0800000429153442
INDP,2026-08-13 10:00:00-04:00,2026-08-13 10:16:25.115569-04:00,925.115569,190.0,1.0800000429153442,1.0800000429153442
INDP,2026-08-13 10:04:00-04:00,2026-08-13 10:16:25.115569-04:00,685.115569,800.0,1.090000033378601,1.090000033378601
INDP,2026-08-13 10:05:00-04:00,2026-08-13 10:16:25.115569-04:00,625.115569,265.0,1.0800000429153442,1.0800000429153442
INDP,2026-08-13 10:11:00-04:00,2026-08-13 10:16:25.115569-04:00,265.115569,1232.0,1.070099949836731,1.070099949836731
INDP,2026-08-13 10:12:00-04:00,2026-08-13 10:16:25.115569-04:00,205.115569,0.0,1.0700000524520874,1.0700000524520874
MOBX,2026-08-13 10:11:00-04:00,2026-08-13 10:16:25.115569-04:00,265.115569,1119.0,1.6399999856948853,1.6349999904632568
MOBX,2026-08-13 10:12:00-04:00,2026-08-13 10:16:25.115569-04:00,205.115569,9276.0,1.6349999904632568,1.6201000213623047
MOBX,2026-08-13 10:13:00-04:00,2026-08-13 10:16:25.115569-04:00,145.115569,5652.0,1.6202000379562378,1.6202000379562378
MOBX,2026-08-13 10:14:00-04:00,2026-08-13 10:16:25.115569-04:00,85.115569,2514.0,1.625,1.625
MOBX,2026-08-13 10:15:00-04:00,2026-08-13 10:16:25.115569-04:00,25.115569,2043.0,1.625,1.625
MOBX,2026-08-13 10:16:00-04:00,2026-08-13 10:16:25.115569-04:00,-34.884431,0.0,1.6306999921798706,1.6306999921798706
USIO,2026-08-13 10:11:00-04:00,2026-08-13 10:16:25.115569-04:00,265.115569,8305.0,2.8499999046325684,2.8499999046325684
USIO,2026-08-13 10:12:00-04:00,2026-08-13 10:16:25.115569-04:00,205.115569,5109.0,2.8550000190734863,2.8399999141693115
USIO,2026-08-13 10:13:00-04:00,2026-08-13 10:16:25.115569-04:00,145.115569,4218.0,2.859999895095825,2.8757998943328857
USIO,2026-08-13 10:14:00-04:00,2026-08-13 10:16:25.115569-04:00,85.115569,15689.0,2.890000104904175,2.9200000762939453
USIO,2026-08-13 10:15:00-04:00,2026-08-13 10:16:25.115569-04:00,25.115569,13367.0,2.948899984359741,2.940000057220459
USIO,2026-08-13 10:16:00-04:00,2026-08-13 10:16:25.115569-04:00,-34.884431,0.0,2.950000047683716,2.950000047683716
LSTA,2026-08-13 09:30:00-04:00,2026-08-13 10:16:25.115569-04:00,2725.115569,483.0,1.190000057220459,1.190000057220459
LSTA,2026-08-13 10:13:00-04:00,2026-08-13 10:16:25.115569-04:00,145.115569,0.0,1.1399999856948853,1.1399999856948853
LSTA,2026-08-13 09:30:00-04:00,2026-08-13 10:16:45.139267-04:00,2745.139267,483.0,1.190000057220459,1.190000057220459
LSTA,2026-08-13 10:13:00-04:00,2026-08-13 10:16:45.139267-04:00,165.139267,0.0,1.1399999856948853,1.1399999856948853
MOBX,2026-08-13 10:11:00-04:00,2026-08-13 10:16:45.139267-04:00,285.139267,1119.0,1.6399999856948853,1.6349999904632568
MOBX,2026-08-13 10:12:00-04:00,2026-08-13 10:16:45.139267-04:00,225.139267,9276.0,1.6349999904632568,1.6201000213623047
MOBX,2026-08-13 10:13:00-04:00,2026-08-13 10:16:45.139267-04:00,165.139267,5652.0,1.6202000379562378,1.6202000379562378
MOBX,2026-08-13 10:14:00-04:00,2026-08-13 10:16:45.139267-04:00,105.139267,2514.0,1.625,1.625
MOBX,2026-08-13 10:15:00-04:00,2026-08-13 10:16:45.139267-04:00,45.139267,2043.0,1.625,1.625
MOBX,2026-08-13 10:16:00-04:00,2026-08-13 10:16:45.139267-04:00,-14.860733,0.0,1.6349999904632568,1.6349999904632568
INDP,2026-08-13 09:59:00-04:00,2026-08-13 10:16:45.139267-04:00,1005.139267,105.0,1.0800000429153442,1.0800000429153442
INDP,2026-08-13 10:00:00-04:00,2026-08-13 10:16:45.139267-04:00,945.139267,190.0,1.0800000429153442,1.0800000429153442
INDP,2026-08-13 10:04:00-04:00,2026-08-13 10:16:45.139267-04:00,705.139267,800.0,1.090000033378601,1.090000033378601
INDP,2026-08-13 10:05:00-04:00,2026-08-13 10:16:45.139267-04:00,645.139267,265.0,1.0800000429153442,1.0800000429153442
INDP,2026-08-13 10:11:00-04:00,2026-08-13 10:16:45.139267-04:00,285.139267,1232.0,1.070099949836731,1.070099949836731
INDP,2026-08-13 10:12:00-04:00,2026-08-13 10:16:45.139267-04:00,225.139267,0.0,1.0700000524520874,1.0700000524520874
BTMD,2026-08-13 10:06:00-04:00,2026-08-13 10:16:45.139267-04:00,585.139267,586.0,1.5363999605178833,1.5399999618530273
BTMD,2026-08-13 10:09:00-04:00,2026-08-13 10:16:45.139267-04:00,405.139267,4200.0,1.5299999713897705,1.5199999809265137
BTMD,2026-08-13 10:10:00-04:00,2026-08-13 10:16:45.139267-04:00,345.139267,75.0,1.5299999713897705,1.5299999713897705
BTMD,2026-08-13 10:12:00-04:00,2026-08-13 10:16:45.139267-04:00,225.139267,543.0,1.5399999618530273,1.5399999618530273
BTMD,2026-08-13 10:14:00-04:00,2026-08-13 10:16:45.139267-04:00,105.139267,26.0,1.5399999618530273,1.5399999618530273
BTMD,2026-08-13 10:15:00-04:00,2026-08-13 10:16:45.139267-04:00,45.139267,0.0,1.5299999713897705,1.5299999713897705
USIO,2026-08-13 10:11:00-04:00,2026-08-13 10:16:45.139267-04:00,285.139267,8305.0,2.8499999046325684,2.8499999046325684
USIO,2026-08-13 10:12:00-04:00,2026-08-13 10:16:45.139267-04:00,225.139267,5109.0,2.8550000190734863,2.8399999141693115
USIO,2026-08-13 10:13:00-04:00,2026-08-13 10:16:45.139267-04:00,165.139267,4218.0,2.859999895095825,2.8757998943328857
USIO,2026-08-13 10:14:00-04:00,2026-08-13 10:16:45.139267-04:00,105.139267,15689.0,2.890000104904175,2.9200000762939453
USIO,2026-08-13 10:15:00-04:00,2026-08-13 10:16:45.139267-04:00,45.139267,13367.0,2.948899984359741,2.940000057220459
USIO,2026-08-13 10:16:00-04:00,2026-08-13 10:16:45.139267-04:00,-14.860733,0.0,2.9549999237060547,2.9549999237060547
LSTA,2026-08-13 09:30:00-04:00,2026-08-13 10:21:19.269244-04:00,3019.269244,483.0,1.190000057220459,1.190000057220459
LSTA,2026-08-13 10:13:00-04:00,2026-08-13 10:21:19.269244-04:00,439.269244,578.0,1.1399999856948853,1.1399999856948853
LSTA,2026-08-13 10:16:00-04:00,2026-08-13 10:21:19.269244-04:00,259.269244,0.0,1.1699999570846558,1.1699999570846558
USIO,2026-08-13 10:16:00-04:00,2026-08-13 10:21:19.269244-04:00,259.269244,17913.0,2.944999933242798,2.950000047683716
USIO,2026-08-13 10:17:00-04:00,2026-08-13 10:21:19.269244-04:00,199.269244,14684.0,2.9500999450683594,2.9600000381469727
USIO,2026-08-13 10:18:00-04:00,2026-08-13 10:21:19.269244-04:00,139.269244,10208.0,2.9600000381469727,2.9300999641418457
USIO,2026-08-13 10:19:00-04:00,2026-08-13 10:21:19.269244-04:00,79.269244,6945.0,2.932499885559082,2.934999942779541
USIO,2026-08-13 10:20:00-04:00,2026-08-13 10:21:19.269244-04:00,19.269244,3988.0,2.9200000762939453,2.930000066757202
USIO,2026-08-13 10:21:00-04:00,2026-08-13 10:21:19.269244-04:00,-40.730756,0.0,2.9300999641418457,2.9300999641418457
INDP,2026-08-13 10:00:00-04:00,2026-08-13 10:21:19.269244-04:00,1219.269244,190.0,1.0800000429153442,1.0800000429153442
INDP,2026-08-13 10:04:00-04:00,2026-08-13 10:21:19.269244-04:00,979.269244,800.0,1.090000033378601,1.090000033378601
INDP,2026-08-13 10:05:00-04:00,2026-08-13 10:21:19.269244-04:00,919.269244,265.0,1.0800000429153442,1.0800000429153442
INDP,2026-08-13 10:11:00-04:00,2026-08-13 10:21:19.269244-04:00,559.269244,1232.0,1.070099949836731,1.070099949836731
INDP,2026-08-13 10:12:00-04:00,2026-08-13 10:21:19.269244-04:00,499.269244,5396.0,1.0700000524520874,1.0700000524520874
INDP,2026-08-13 10:20:00-04:00,2026-08-13 10:21:19.269244-04:00,19.269244,0.0,1.0799000263214111,1.0799000263214111
MOBX,2026-08-13 10:16:00-04:00,2026-08-13 10:21:19.269244-04:00,259.269244,4911.0,1.6299999952316284,1.6349999904632568
MOBX,2026-08-13 10:17:00-04:00,2026-08-13 10:21:19.269244-04:00,199.269244,14280.0,1.6399999856948853,1.6449999809265137
MOBX,2026-08-13 10:18:00-04:00,2026-08-13 10:21:19.269244-04:00,139.269244,1170.0,1.649999976158142,1.6406999826431274
MOBX,2026-08-13 10:19:00-04:00,2026-08-13 10:21:19.269244-04:00,79.269244,760.0,1.6399999856948853,1.6349999904632568
MOBX,2026-08-13 10:20:00-04:00,2026-08-13 10:21:19.269244-04:00,19.269244,1917.0,1.63100004196167,1.6349999904632568
MOBX,2026-08-13 10:21:00-04:00,2026-08-13 10:21:19.269244-04:00,-40.730756,0.0,1.6203999519348145,1.6203999519348145
BTMD,2026-08-13 10:06:00-04:00,2026-08-13 10:21:19.269244-04:00,859.269244,586.0,1.5363999605178833,1.5399999618530273
BTMD,2026-08-13 10:09:00-04:00,2026-08-13 10:21:19.269244-04:00,679.269244,4200.0,1.5299999713897705,1.5199999809265137
BTMD,2026-08-13 10:10:00-04:00,2026-08-13 10:21:19.269244-04:00,619.269244,75.0,1.5299999713897705,1.5299999713897705
BTMD,2026-08-13 10:12:00-04:00,2026-08-13 10:21:19.269244-04:00,499.269244,543.0,1.5399999618530273,1.5399999618530273
BTMD,2026-08-13 10:14:00-04:00,2026-08-13 10:21:19.269244-04:00,379.269244,13.0,1.5399999618530273,1.5399999618530273
BTMD,2026-08-13 10:15:00-04:00,2026-08-13 10:21:19.269244-04:00,319.269244,0.0,1.5299999713897705,1.5299999713897705
LSTA,2026-08-13 09:30:00-04:00,2026-08-13 10:21:39.305350-04:00,3039.30535,483.0,1.190000057220459,1.190000057220459
LSTA,2026-08-13 10:13:00-04:00,2026-08-13 10:21:39.305350-04:00,459.30535,578.0,1.1399999856948853,1.1399999856948853
LSTA,2026-08-13 10:16:00-04:00,2026-08-13 10:21:39.305350-04:00,279.30535,0.0,1.1699999570846558,1.1699999570846558
USIO,2026-08-13 10:16:00-04:00,2026-08-13 10:21:39.305350-04:00,279.30535,17913.0,2.944999933242798,2.950000047683716
USIO,2026-08-13 10:17:00-04:00,2026-08-13 10:21:39.305350-04:00,219.30535,14684.0,2.9500999450683594,2.9600000381469727
USIO,2026-08-13 10:18:00-04:00,2026-08-13 10:21:39.305350-04:00,159.30535,10208.0,2.9600000381469727,2.9300999641418457
USIO,2026-08-13 10:19:00-04:00,2026-08-13 10:21:39.305350-04:00,99.30535,6945.0,2.932499885559082,2.934999942779541
USIO,2026-08-13 10:20:00-04:00,2026-08-13 10:21:39.305350-04:00,39.30535,3988.0,2.9200000762939453,2.930000066757202
USIO,2026-08-13 10:21:00-04:00,2026-08-13 10:21:39.305350-04:00,-20.69465,0.0,2.950000047683716,2.950000047683716
BTMD,2026-08-13 10:09:00-04:00,2026-08-13 10:21:39.305350-04:00,699.30535,4200.0,1.5299999713897705,1.5199999809265137
BTMD,2026-08-13 10:10:00-04:00,2026-08-13 10:21:39.305350-04:00,639.30535,75.0,1.5299999713897705,1.5299999713897705
BTMD,2026-08-13 10:12:00-04:00,2026-08-13 10:21:39.305350-04:00,519.30535,543.0,1.5399999618530273,1.5399999618530273
BTMD,2026-08-13 10:14:00-04:00,2026-08-13 10:21:39.305350-04:00,399.30535,13.0,1.5399999618530273,1.5399999618530273
BTMD,2026-08-13 10:15:00-04:00,2026-08-13 10:21:39.305350-04:00,339.30535,1312.0,1.5299999713897705,1.5299999713897705
BTMD,2026-08-13 10:21:00-04:00,2026-08-13 10:21:39.305350-04:00,-20.69465,0.0,1.5471999645233154,1.5471999645233154
INDP,2026-08-13 10:00:00-04:00,2026-08-13 10:21:39.305350-04:00,1239.30535,190.0,1.0800000429153442,1.0800000429153442
INDP,2026-08-13 10:04:00-04:00,2026-08-13 10:21:39.305350-04:00,999.30535,800.0,1.090000033378601,1.090000033378601
INDP,2026-08-13 10:05:00-04:00,2026-08-13 10:21:39.305350-04:00,939.30535,265.0,1.0800000429153442,1.0800000429153442
INDP,2026-08-13 10:11:00-04:00,2026-08-13 10:21:39.305350-04:00,579.30535,1232.0,1.070099949836731,1.070099949836731
INDP,2026-08-13 10:12:00-04:00,2026-08-13 10:21:39.305350-04:00,519.30535,5396.0,1.0700000524520874,1.0700000524520874
INDP,2026-08-13 10:20:00-04:00,2026-08-13 10:21:39.305350-04:00,39.30535,0.0,1.0799000263214111,1.0799000263214111
MOBX,2026-08-13 10:16:00-04:00,2026-08-13 10:21:39.305350-04:00,279.30535,4911.0,1.6299999952316284,1.6349999904632568
MOBX,2026-08-13 10:17:00-04:00,2026-08-13 10:21:39.305350-04:00,219.30535,14280.0,1.6399999856948853,1.6449999809265137
MOBX,2026-08-13 10:18:00-04:00,2026-08-13 10:21:39.305350-04:00,159.30535,1170.0,1.649999976158142,1.6406999826431274
MOBX,2026-08-13 10:19:00-04:00,2026-08-13 10:21:39.305350-04:00,99.30535,760.0,1.6399999856948853,1.6349999904632568
MOBX,2026-08-13 10:20:00-04:00,2026-08-13 10:21:39.305350-04:00,39.30535,1917.0,1.63100004196167,1.6349999904632568
MOBX,2026-08-13 10:21:00-04:00,2026-08-13 10:21:39.305350-04:00,-20.69465,0.0,1.6201000213623047,1.6201000213623047
USIO,2026-08-13 10:16:00-04:00,2026-08-13 10:21:59.328986-04:00,299.328986,17913.0,2.944999933242798,2.950000047683716
USIO,2026-08-13 10:17:00-04:00,2026-08-13 10:21:59.328986-04:00,239.328986,14684.0,2.9500999450683594,2.9600000381469727
USIO,2026-08-13 10:18:00-04:00,2026-08-13 10:21:59.328986-04:00,179.328986,10208.0,2.9600000381469727,2.9300999641418457
USIO,2026-08-13 10:19:00-04:00,2026-08-13 10:21:59.328986-04:00,119.328986,6945.0,2.932499885559082,2.934999942779541
USIO,2026-08-13 10:20:00-04:00,2026-08-13 10:21:59.328986-04:00,59.328986,3988.0,2.9200000762939453,2.930000066757202
USIO,2026-08-13 10:21:00-04:00,2026-08-13 10:21:59.328986-04:00,-0.671014,0.0,2.9412999153137207,2.9412999153137207
LSTA,2026-08-13 09:30:00-04:00,2026-08-13 10:21:59.328986-04:00,3059.328986,483.0,1.190000057220459,1.190000057220459
LSTA,2026-08-13 10:13:00-04:00,2026-08-13 10:21:59.328986-04:00,479.328986,578.0,1.1399999856948853,1.1399999856948853
LSTA,2026-08-13 10:16:00-04:00,2026-08-13 10:21:59.328986-04:00,299.328986,0.0,1.1699999570846558,1.1699999570846558
INDP,2026-08-13 10:00:00-04:00,2026-08-13 10:21:59.328986-04:00,1259.328986,190.0,1.0800000429153442,1.0800000429153442
INDP,2026-08-13 10:04:00-04:00,2026-08-13 10:21:59.328986-04:00,1019.328986,800.0,1.090000033378601,1.090000033378601
INDP,2026-08-13 10:05:00-04:00,2026-08-13 10:21:59.328986-04:00,959.328986,265.0,1.0800000429153442,1.0800000429153442
INDP,2026-08-13 10:11:00-04:00,2026-08-13 10:21:59.328986-04:00,599.328986,1232.0,1.070099949836731,1.070099949836731
INDP,2026-08-13 10:12:00-04:00,2026-08-13 10:21:59.328986-04:00,539.328986,5396.0,1.0700000524520874,1.0700000524520874
INDP,2026-08-13 10:20:00-04:00,2026-08-13 10:21:59.328986-04:00,59.328986,0.0,1.0799000263214111,1.0799000263214111
BTMD,2026-08-13 10:09:00-04:00,2026-08-13 10:21:59.328986-04:00,719.328986,4200.0,1.5299999713897705,1.5199999809265137
BTMD,2026-08-13 10:10:00-04:00,2026-08-13 10:21:59.328986-04:00,659.328986,75.0,1.5299999713897705,1.5299999713897705
BTMD,2026-08-13 10:12:00-04:00,2026-08-13 10:21:59.328986-04:00,539.328986,543.0,1.5399999618530273,1.5399999618530273
BTMD,2026-08-13 10:14:00-04:00,2026-08-13 10:21:59.328986-04:00,419.328986,13.0,1.5399999618530273,1.5399999618530273
BTMD,2026-08-13 10:15:00-04:00,2026-08-13 10:21:59.328986-04:00,359.328986,1312.0,1.5299999713897705,1.5299999713897705
BTMD,2026-08-13 10:21:00-04:00,2026-08-13 10:21:59.328986-04:00,-0.671014,0.0,1.5471999645233154,1.5471999645233154
MOBX,2026-08-13 10:16:00-04:00,2026-08-13 10:21:59.328986-04:00,299.328986,4911.0,1.6299999952316284,1.6349999904632568
MOBX,2026-08-13 10:17:00-04:00,2026-08-13 10:21:59.328986-04:00,239.328986,14280.0,1.6399999856948853,1.6449999809265137
MOBX,2026-08-13 10:18:00-04:00,2026-08-13 10:21:59.328986-04:00,179.328986,1170.0,1.649999976158142,1.6406999826431274
MOBX,2026-08-13 10:19:00-04:00,2026-08-13 10:21:59.328986-04:00,119.328986,760.0,1.6399999856948853,1.6349999904632568
MOBX,2026-08-13 10:20:00-04:00,2026-08-13 10:21:59.328986-04:00,59.328986,1917.0,1.63100004196167,1.6349999904632568
MOBX,2026-08-13 10:21:00-04:00,2026-08-13 10:21:59.328986-04:00,-0.671014,0.0,1.6150000095367432,1.6150000095367432
BTMD,2026-08-13 10:09:00-04:00,2026-08-13 10:26:33.440884-04:00,993.440884,4200.0,1.5299999713897705,1.5199999809265137
BTMD,2026-08-13 10:10:00-04:00,2026-08-13 10:26:33.440884-04:00,933.440884,75.0,1.5299999713897705,1.5299999713897705
BTMD,2026-08-13 10:12:00-04:00,2026-08-13 10:26:33.440884-04:00,813.440884,543.0,1.5399999618530273,1.5399999618530273
BTMD,2026-08-13 10:14:00-04:00,2026-08-13 10:26:33.440884-04:00,693.440884,13.0,1.5399999618530273,1.5399999618530273
BTMD,2026-08-13 10:15:00-04:00,2026-08-13 10:26:33.440884-04:00,633.440884,1312.0,1.5299999713897705,1.5299999713897705
BTMD,2026-08-13 10:21:00-04:00,2026-08-13 10:26:33.440884-04:00,273.440884,0.0,1.5471999645233154,1.5471999645233154
INDP,2026-08-13 10:04:00-04:00,2026-08-13 10:26:33.440884-04:00,1293.440884,800.0,1.090000033378601,1.090000033378601
INDP,2026-08-13 10:05:00-04:00,2026-08-13 10:26:33.440884-04:00,1233.440884,265.0,1.0800000429153442,1.0800000429153442
INDP,2026-08-13 10:11:00-04:00,2026-08-13 10:26:33.440884-04:00,873.440884,1232.0,1.070099949836731,1.070099949836731
INDP,2026-08-13 10:12:00-04:00,2026-08-13 10:26:33.440884-04:00,813.440884,5396.0,1.0700000524520874,1.0700000524520874
INDP,2026-08-13 10:20:00-04:00,2026-08-13 10:26:33.440884-04:00,333.440884,14909.0,1.0800000429153442,1.0799000263214111
INDP,2026-08-13 10:22:00-04:00,2026-08-13 10:26:33.440884-04:00,213.440884,0.0,1.070099949836731,1.070099949836731
MOBX,2026-08-13 10:21:00-04:00,2026-08-13 10:26:33.440884-04:00,273.440884,3668.0,1.6203999519348145,1.6150000095367432
MOBX,2026-08-13 10:22:00-04:00,2026-08-13 10:26:33.440884-04:00,213.440884,14835.0,1.6150000095367432,1.6150000095367432
MOBX,2026-08-13 10:23:00-04:00,2026-08-13 10:26:33.440884-04:00,153.440884,9195.0,1.6150000095367432,1.6150000095367432
MOBX,2026-08-13 10:24:00-04:00,2026-08-13 10:26:33.440884-04:00,93.440884,3195.0,1.6150000095367432,1.6200000047683716
MOBX,2026-08-13 10:25:00-04:00,2026-08-13 10:26:33.440884-04:00,33.440884,4207.0,1.6100000143051147,1.6150000095367432
MOBX,2026-08-13 10:26:00-04:00,2026-08-13 10:26:33.440884-04:00,-26.559116,0.0,1.6167999505996704,1.6167999505996704
USIO,2026-08-13 10:21:00-04:00,2026-08-13 10:26:33.440884-04:00,273.440884,1499.0,2.940000057220459,2.9412999153137207
USIO,2026-08-13 10:22:00-04:00,2026-08-13 10:26:33.440884-04:00,213.440884,22318.0,2.930000066757202,2.940000057220459
USIO,2026-08-13 10:23:00-04:00,2026-08-13 10:26:33.440884-04:00,153.440884,8577.0,2.9493000507354736,2.949399948120117
USIO,2026-08-13 10:24:00-04:00,2026-08-13 10:26:33.440884-04:00,93.440884,2145.0,2.9409000873565674,2.9210000038146973
USIO,2026-08-13 10:25:00-04:00,2026-08-13 10:26:33.440884-04:00,33.440884,6229.0,2.9489998817443848,2.930000066757202
USIO,2026-08-13 10:26:00-04:00,2026-08-13 10:26:33.440884-04:00,-26.559116,0.0,2.928999900817871,2.928999900817871
LSTA,2026-08-13 09:30:00-04:00,2026-08-13 10:26:33.440884-04:00,3333.440884,483.0,1.190000057220459,1.190000057220459
LSTA,2026-08-13 10:13:00-04:00,2026-08-13 10:26:33.440884-04:00,753.440884,578.0,1.1399999856948853,1.1399999856948853
LSTA,2026-08-13 10:16:00-04:00,2026-08-13 10:26:33.440884-04:00,573.440884,123.0,1.1699999570846558,1.1699999570846558
LSTA,2026-08-13 10:23:00-04:00,2026-08-13 10:26:33.440884-04:00,153.440884,0.0,1.1699999570846558,1.1699999570846558
BTMD,2026-08-13 10:09:00-04:00,2026-08-13 10:26:53.481828-04:00,1013.481828,4200.0,1.5299999713897705,1.5199999809265137
BTMD,2026-08-13 10:10:00-04:00,2026-08-13 10:26:53.481828-04:00,953.481828,75.0,1.5299999713897705,1.5299999713897705
BTMD,2026-08-13 10:12:00-04:00,2026-08-13 10:26:53.481828-04:00,833.481828,543.0,1.5399999618530273,1.5399999618530273
BTMD,2026-08-13 10:14:00-04:00,2026-08-13 10:26:53.481828-04:00,713.481828,13.0,1.5399999618530273,1.5399999618530273
BTMD,2026-08-13 10:15:00-04:00,2026-08-13 10:26:53.481828-04:00,653.481828,1312.0,1.5299999713897705,1.5299999713897705
BTMD,2026-08-13 10:21:00-04:00,2026-08-13 10:26:53.481828-04:00,293.481828,0.0,1.5471999645233154,1.5471999645233154
INDP,2026-08-13 10:04:00-04:00,2026-08-13 10:26:53.481828-04:00,1313.481828,800.0,1.090000033378601,1.090000033378601
INDP,2026-08-13 10:05:00-04:00,2026-08-13 10:26:53.481828-04:00,1253.481828,265.0,1.0800000429153442,1.0800000429153442
INDP,2026-08-13 10:11:00-04:00,2026-08-13 10:26:53.481828-04:00,893.481828,1232.0,1.070099949836731,1.070099949836731
INDP,2026-08-13 10:12:00-04:00,2026-08-13 10:26:53.481828-04:00,833.481828,5396.0,1.0700000524520874,1.0700000524520874
INDP,2026-08-13 10:20:00-04:00,2026-08-13 10:26:53.481828-04:00,353.481828,14909.0,1.0800000429153442,1.0799000263214111
INDP,2026-08-13 10:22:00-04:00,2026-08-13 10:26:53.481828-04:00,233.481828,0.0,1.070099949836731,1.070099949836731
USIO,2026-08-13 10:21:00-04:00,2026-08-13 10:26:53.481828-04:00,293.481828,1499.0,2.940000057220459,2.9412999153137207
USIO,2026-08-13 10:22:00-04:00,2026-08-13 10:26:53.481828-04:00,233.481828,22318.0,2.930000066757202,2.940000057220459
USIO,2026-08-13 10:23:00-04:00,2026-08-13 10:26:53.481828-04:00,173.481828,8577.0,2.9493000507354736,2.949399948120117
USIO,2026-08-13 10:24:00-04:00,2026-08-13 10:26:53.481828-04:00,113.481828,2145.0,2.9409000873565674,2.9210000038146973
USIO,2026-08-13 10:25:00-04:00,2026-08-13 10:26:53.481828-04:00,53.481828,6229.0,2.9489998817443848,2.930000066757202
USIO,2026-08-13 10:26:00-04:00,2026-08-13 10:26:53.481828-04:00,-6.518172,0.0,2.940000057220459,2.940000057220459
MOBX,2026-08-13 10:21:00-04:00,2026-08-13 10:26:53.481828-04:00,293.481828,3668.0,1.6203999519348145,1.6150000095367432
MOBX,2026-08-13 10:22:00-04:00,2026-08-13 10:26:53.481828-04:00,233.481828,14835.0,1.6150000095367432,1.6150000095367432
MOBX,2026-08-13 10:23:00-04:00,2026-08-13 10:26:53.481828-04:00,173.481828,9195.0,1.6150000095367432,1.6150000095367432
MOBX,2026-08-13 10:24:00-04:00,2026-08-13 10:26:53.481828-04:00,113.481828,3195.0,1.6150000095367432,1.6200000047683716
MOBX,2026-08-13 10:25:00-04:00,2026-08-13 10:26:53.481828-04:00,53.481828,4207.0,1.6100000143051147,1.6150000095367432
MOBX,2026-08-13 10:26:00-04:00,2026-08-13 10:26:53.481828-04:00,-6.518172,0.0,1.610200047492981,1.610200047492981
LSTA,2026-08-13 09:30:00-04:00,2026-08-13 10:26:53.481828-04:00,3353.481828,483.0,1.190000057220459,1.190000057220459
LSTA,2026-08-13 10:13:00-04:00,2026-08-13 10:26:53.481828-04:00,773.481828,578.0,1.1399999856948853,1.1399999856948853
LSTA,2026-08-13 10:16:00-04:00,2026-08-13 10:26:53.481828-04:00,593.481828,123.0,1.1699999570846558,1.1699999570846558
LSTA,2026-08-13 10:23:00-04:00,2026-08-13 10:26:53.481828-04:00,173.481828,0.0,1.1699999570846558,1.1699999570846558
MOBX,2026-08-13 10:26:00-04:00,2026-08-13 10:31:27.583995-04:00,267.583995,1133.0,1.6100000143051147,1.610200047492981
MOBX,2026-08-13 10:27:00-04:00,2026-08-13 10:31:27.583995-04:00,207.583995,1880.0,1.6176999807357788,1.6198999881744385
MOBX,2026-08-13 10:28:00-04:00,2026-08-13 10:31:27.583995-04:00,147.583995,2320.0,1.6150000095367432,1.6150000095367432
MOBX,2026-08-13 10:29:00-04:00,2026-08-13 10:31:27.583995-04:00,87.583995,963.0,1.6150000095367432,1.6150000095367432
MOBX,2026-08-13 10:30:00-04:00,2026-08-13 10:31:27.583995-04:00,27.583995,707.0,1.6196999549865723,1.6114000082015991
MOBX,2026-08-13 10:31:00-04:00,2026-08-13 10:31:27.583995-04:00,-32.416005,0.0,1.6150000095367432,1.6150000095367432
USIO,2026-08-13 10:26:00-04:00,2026-08-13 10:31:27.583995-04:00,267.583995,2581.0,2.920599937438965,2.940000057220459
USIO,2026-08-13 10:27:00-04:00,2026-08-13 10:31:27.583995-04:00,207.583995,7682.0,2.950000047683716,2.914599895477295
USIO,2026-08-13 10:28:00-04:00,2026-08-13 10:31:27.583995-04:00,147.583995,14903.0,2.9110000133514404,2.9100000858306885
USIO,2026-08-13 10:29:00-04:00,2026-08-13 10:31:27.583995-04:00,87.583995,303.0,2.930000066757202,2.934999942779541
USIO,2026-08-13 10:30:00-04:00,2026-08-13 10:31:27.583995-04:00,27.583995,5837.0,2.9200000762939453,2.890000104904175
USIO,2026-08-13 10:31:00-04:00,2026-08-13 10:31:27.583995-04:00,-32.416005,0.0,2.9000000953674316,2.9000000953674316
INDP,2026-08-13 10:04:00-04:00,2026-08-13 10:31:27.583995-04:00,1587.583995,800.0,1.090000033378601,1.090000033378601
INDP,2026-08-13 10:05:00-04:00,2026-08-13 10:31:27.583995-04:00,1527.583995,265.0,1.0800000429153442,1.0800000429153442
INDP,2026-08-13 10:11:00-04:00,2026-08-13 10:31:27.583995-04:00,1167.583995,1232.0,1.070099949836731,1.070099949836731
INDP,2026-08-13 10:12:00-04:00,2026-08-13 10:31:27.583995-04:00,1107.583995,5396.0,1.0700000524520874,1.0700000524520874
INDP,2026-08-13 10:20:00-04:00,2026-08-13 10:31:27.583995-04:00,627.583995,14909.0,1.0800000429153442,1.0799000263214111
INDP,2026-08-13 10:22:00-04:00,2026-08-13 10:31:27.583995-04:00,507.583995,0.0,1.070099949836731,1.070099949836731
BTMD,2026-08-13 10:12:00-04:00,2026-08-13 10:31:27.583995-04:00,1107.583995,543.0,1.5399999618530273,1.5399999618530273
BTMD,2026-08-13 10:14:00-04:00,2026-08-13 10:31:27.583995-04:00,987.583995,13.0,1.5399999618530273,1.5399999618530273
BTMD,2026-08-13 10:15:00-04:00,2026-08-13 10:31:27.583995-04:00,927.583995,1312.0,1.5299999713897705,1.5299999713897705
BTMD,2026-08-13 10:21:00-04:00,2026-08-13 10:31:27.583995-04:00,567.583995,1151.0,1.5471999645233154,1.5471999645233154
BTMD,2026-08-13 10:29:00-04:00,2026-08-13 10:31:27.583995-04:00,87.583995,276.0,1.5199999809265137,1.5199999809265137
BTMD,2026-08-13 10:30:00-04:00,2026-08-13 10:31:27.583995-04:00,27.583995,0.0,1.534999966621399,1.534999966621399
LSTA,2026-08-13 09:30:00-04:00,2026-08-13 10:31:27.583995-04:00,3627.583995,483.0,1.190000057220459,1.190000057220459
LSTA,2026-08-13 10:13:00-04:00,2026-08-13 10:31:27.583995-04:00,1047.583995,578.0,1.1399999856948853,1.1399999856948853
LSTA,2026-08-13 10:16:00-04:00,2026-08-13 10:31:27.583995-04:00,867.583995,123.0,1.1699999570846558,1.1699999570846558
LSTA,2026-08-13 10:23:00-04:00,2026-08-13 10:31:27.583995-04:00,447.583995,0.0,1.1699999570846558,1.1699999570846558
INDP,2026-08-13 10:04:00-04:00,2026-08-13 10:31:47.613602-04:00,1607.613602,800.0,1.090000033378601,1.090000033378601
INDP,2026-08-13 10:05:00-04:00,2026-08-13 10:31:47.613602-04:00,1547.613602,265.0,1.0800000429153442,1.0800000429153442
INDP,2026-08-13 10:11:00-04:00,2026-08-13 10:31:47.613602-04:00,1187.613602,1232.0,1.070099949836731,1.070099949836731
INDP,2026-08-13 10:12:00-04:00,2026-08-13 10:31:47.613602-04:00,1127.613602,5396.0,1.0700000524520874,1.0700000524520874
INDP,2026-08-13 10:20:00-04:00,2026-08-13 10:31:47.613602-04:00,647.613602,14909.0,1.0800000429153442,1.0799000263214111
INDP,2026-08-13 10:22:00-04:00,2026-08-13 10:31:47.613602-04:00,527.613602,0.0,1.070099949836731,1.070099949836731
LSTA,2026-08-13 09:30:00-04:00,2026-08-13 10:31:47.613602-04:00,3647.613602,483.0,1.190000057220459,1.190000057220459
LSTA,2026-08-13 10:13:00-04:00,2026-08-13 10:31:47.613602-04:00,1067.613602,578.0,1.1399999856948853,1.1399999856948853
LSTA,2026-08-13 10:16:00-04:00,2026-08-13 10:31:47.613602-04:00,887.613602,123.0,1.1699999570846558,1.1699999570846558
LSTA,2026-08-13 10:23:00-04:00,2026-08-13 10:31:47.613602-04:00,467.613602,0.0,1.1699999570846558,1.1699999570846558
MOBX,2026-08-13 10:26:00-04:00,2026-08-13 10:31:47.613602-04:00,287.613602,1133.0,1.6100000143051147,1.610200047492981
MOBX,2026-08-13 10:27:00-04:00,2026-08-13 10:31:47.613602-04:00,227.613602,1880.0,1.6176999807357788,1.6198999881744385
MOBX,2026-08-13 10:28:00-04:00,2026-08-13 10:31:47.613602-04:00,167.613602,2320.0,1.6150000095367432,1.6150000095367432
MOBX,2026-08-13 10:29:00-04:00,2026-08-13 10:31:47.613602-04:00,107.613602,963.0,1.6150000095367432,1.6150000095367432
MOBX,2026-08-13 10:30:00-04:00,2026-08-13 10:31:47.613602-04:00,47.613602,707.0,1.6196999549865723,1.6114000082015991
MOBX,2026-08-13 10:31:00-04:00,2026-08-13 10:31:47.613602-04:00,-12.386398,0.0,1.6150000095367432,1.6150000095367432
BTMD,2026-08-13 10:12:00-04:00,2026-08-13 10:31:47.613602-04:00,1127.613602,543.0,1.5399999618530273,1.5399999618530273
BTMD,2026-08-13 10:14:00-04:00,2026-08-13 10:31:47.613602-04:00,1007.613602,13.0,1.5399999618530273,1.5399999618530273
BTMD,2026-08-13 10:15:00-04:00,2026-08-13 10:31:47.613602-04:00,947.613602,1312.0,1.5299999713897705,1.5299999713897705
BTMD,2026-08-13 10:21:00-04:00,2026-08-13 10:31:47.613602-04:00,587.613602,1151.0,1.5471999645233154,1.5471999645233154
BTMD,2026-08-13 10:29:00-04:00,2026-08-13 10:31:47.613602-04:00,107.613602,276.0,1.5199999809265137,1.5199999809265137
BTMD,2026-08-13 10:30:00-04:00,2026-08-13 10:31:47.613602-04:00,47.613602,0.0,1.534999966621399,1.534999966621399
USIO,2026-08-13 10:26:00-04:00,2026-08-13 10:31:47.613602-04:00,287.613602,2581.0,2.920599937438965,2.940000057220459
USIO,2026-08-13 10:27:00-04:00,2026-08-13 10:31:47.613602-04:00,227.613602,7682.0,2.950000047683716,2.914599895477295
USIO,2026-08-13 10:28:00-04:00,2026-08-13 10:31:47.613602-04:00,167.613602,14903.0,2.9110000133514404,2.9100000858306885
USIO,2026-08-13 10:29:00-04:00,2026-08-13 10:31:47.613602-04:00,107.613602,303.0,2.930000066757202,2.934999942779541
USIO,2026-08-13 10:30:00-04:00,2026-08-13 10:31:47.613602-04:00,47.613602,5837.0,2.9200000762939453,2.890000104904175
USIO,2026-08-13 10:31:00-04:00,2026-08-13 10:31:47.613602-04:00,-12.386398,0.0,2.914599895477295,2.914599895477295
BTMD,2026-08-13 10:14:00-04:00,2026-08-13 10:35:31.548238-04:00,1231.548238,26.0,1.5399999618530273,1.5399999618530273
BTMD,2026-08-13 10:15:00-04:00,2026-08-13 10:35:31.548238-04:00,1171.548238,1299.0,1.5299999713897705,1.5299999713897705
BTMD,2026-08-13 10:21:00-04:00,2026-08-13 10:35:31.548238-04:00,811.548238,1151.0,1.5471999645233154,1.5471999645233154
BTMD,2026-08-13 10:29:00-04:00,2026-08-13 10:35:31.548238-04:00,331.548238,276.0,1.5199999809265137,1.5199999809265137
BTMD,2026-08-13 10:30:00-04:00,2026-08-13 10:35:31.548238-04:00,271.548238,1087.0,1.534999966621399,1.534999966621399
BTMD,2026-08-13 10:33:00-04:00,2026-08-13 10:35:31.548238-04:00,91.548238,0.0,1.534999966621399,1.534999966621399
LSTA,2026-08-13 09:30:00-04:00,2026-08-13 10:35:31.548238-04:00,3871.548238,483.0,1.190000057220459,1.190000057220459
LSTA,2026-08-13 10:13:00-04:00,2026-08-13 10:35:31.548238-04:00,1291.548238,578.0,1.1399999856948853,1.1399999856948853
LSTA,2026-08-13 10:16:00-04:00,2026-08-13 10:35:31.548238-04:00,1111.548238,123.0,1.1699999570846558,1.1699999570846558
LSTA,2026-08-13 10:23:00-04:00,2026-08-13 10:35:31.548238-04:00,691.548238,0.0,1.1699999570846558,1.1699999570846558
USIO,2026-08-13 10:30:00-04:00,2026-08-13 10:35:31.548238-04:00,271.548238,5837.0,2.9200000762939453,2.890000104904175
USIO,2026-08-13 10:31:00-04:00,2026-08-13 10:35:31.548238-04:00,211.548238,5054.0,2.9000000953674316,2.9200000762939453
USIO,2026-08-13 10:32:00-04:00,2026-08-13 10:35:31.548238-04:00,151.548238,2742.0,2.9200000762939453,2.890000104904175
USIO,2026-08-13 10:33:00-04:00,2026-08-13 10:35:31.548238-04:00,91.548238,3661.0,2.9000000953674316,2.9100000858306885
USIO,2026-08-13 10:34:00-04:00,2026-08-13 10:35:31.548238-04:00,31.548238,42689.0,2.869999885559082,2.930000066757202
USIO,2026-08-13 10:35:00-04:00,2026-08-13 10:35:31.548238-04:00,-28.451762,0.0,2.9426000118255615,2.9426000118255615
INDP,2026-08-13 10:04:00-04:00,2026-08-13 10:35:31.548238-04:00,1831.548238,800.0,1.090000033378601,1.090000033378601
INDP,2026-08-13 10:05:00-04:00,2026-08-13 10:35:31.548238-04:00,1771.548238,265.0,1.0800000429153442,1.0800000429153442
INDP,2026-08-13 10:11:00-04:00,2026-08-13 10:35:31.548238-04:00,1411.548238,1232.0,1.070099949836731,1.070099949836731
INDP,2026-08-13 10:12:00-04:00,2026-08-13 10:35:31.548238-04:00,1351.548238,5396.0,1.0700000524520874,1.0700000524520874
INDP,2026-08-13 10:20:00-04:00,2026-08-13 10:35:31.548238-04:00,871.548238,14909.0,1.0800000429153442,1.0799000263214111
INDP,2026-08-13 10:22:00-04:00,2026-08-13 10:35:31.548238-04:00,751.548238,0.0,1.070099949836731,1.070099949836731
MOBX,2026-08-13 10:30:00-04:00,2026-08-13 10:35:31.548238-04:00,271.548238,707.0,1.6196999549865723,1.6114000082015991
MOBX,2026-08-13 10:31:00-04:00,2026-08-13 10:35:31.548238-04:00,211.548238,5393.0,1.61080002784729,1.6050000190734863
MOBX,2026-08-13 10:32:00-04:00,2026-08-13 10:35:31.548238-04:00,151.548238,106.0,1.6050000190734863,1.6050000190734863
MOBX,2026-08-13 10:33:00-04:00,2026-08-13 10:35:31.548238-04:00,91.548238,51036.0,1.600000023841858,1.6008000373840332
MOBX,2026-08-13 10:34:00-04:00,2026-08-13 10:35:31.548238-04:00,31.548238,4713.0,1.6007000207901,1.6050000190734863
MOBX,2026-08-13 10:35:00-04:00,2026-08-13 10:35:31.548238-04:00,-28.451762,0.0,1.6002999544143677,1.6002999544143677
INDP,2026-08-13 10:04:00-04:00,2026-08-13 10:35:51.573676-04:00,1851.573676,800.0,1.090000033378601,1.090000033378601
INDP,2026-08-13 10:05:00-04:00,2026-08-13 10:35:51.573676-04:00,1791.573676,265.0,1.0800000429153442,1.0800000429153442
INDP,2026-08-13 10:11:00-04:00,2026-08-13 10:35:51.573676-04:00,1431.573676,1232.0,1.070099949836731,1.070099949836731
INDP,2026-08-13 10:12:00-04:00,2026-08-13 10:35:51.573676-04:00,1371.573676,5396.0,1.0700000524520874,1.0700000524520874
INDP,2026-08-13 10:20:00-04:00,2026-08-13 10:35:51.573676-04:00,891.573676,14909.0,1.0800000429153442,1.0799000263214111
INDP,2026-08-13 10:22:00-04:00,2026-08-13 10:35:51.573676-04:00,771.573676,4235.0,1.070099949836731,1.070099949836731
MOBX,2026-08-13 10:30:00-04:00,2026-08-13 10:35:51.573676-04:00,291.573676,707.0,1.6196999549865723,1.6114000082015991
MOBX,2026-08-13 10:31:00-04:00,2026-08-13 10:35:51.573676-04:00,231.573676,5393.0,1.61080002784729,1.6050000190734863
MOBX,2026-08-13 10:32:00-04:00,2026-08-13 10:35:51.573676-04:00,171.573676,106.0,1.6050000190734863,1.6050000190734863
MOBX,2026-08-13 10:33:00-04:00,2026-08-13 10:35:51.573676-04:00,111.573676,51036.0,1.600000023841858,1.6008000373840332
MOBX,2026-08-13 10:34:00-04:00,2026-08-13 10:35:51.573676-04:00,51.573676,4713.0,1.6007000207901,1.6050000190734863
MOBX,2026-08-13 10:35:00-04:00,2026-08-13 10:35:51.573676-04:00,-8.426324,0.0,1.6002999544143677,1.6002999544143677
BTMD,2026-08-13 10:14:00-04:00,2026-08-13 10:35:51.573676-04:00,1251.573676,13.0,1.5399999618530273,1.5399999618530273
BTMD,2026-08-13 10:15:00-04:00,2026-08-13 10:35:51.573676-04:00,1191.573676,1312.0,1.5299999713897705,1.5299999713897705
BTMD,2026-08-13 10:21:00-04:00,2026-08-13 10:35:51.573676-04:00,831.573676,1151.0,1.5471999645233154,1.5471999645233154
BTMD,2026-08-13 10:29:00-04:00,2026-08-13 10:35:51.573676-04:00,351.573676,276.0,1.5199999809265137,1.5199999809265137
BTMD,2026-08-13 10:30:00-04:00,2026-08-13 10:35:51.573676-04:00,291.573676,1087.0,1.534999966621399,1.534999966621399
BTMD,2026-08-13 10:33:00-04:00,2026-08-13 10:35:51.573676-04:00,111.573676,0.0,1.534999966621399,1.534999966621399
USIO,2026-08-13 10:30:00-04:00,2026-08-13 10:35:51.573676-04:00,291.573676,5837.0,2.9200000762939453,2.890000104904175
USIO,2026-08-13 10:31:00-04:00,2026-08-13 10:35:51.573676-04:00,231.573676,5054.0,2.9000000953674316,2.9200000762939453
USIO,2026-08-13 10:32:00-04:00,2026-08-13 10:35:51.573676-04:00,171.573676,2742.0,2.9200000762939453,2.890000104904175
USIO,2026-08-13 10:33:00-04:00,2026-08-13 10:35:51.573676-04:00,111.573676,3661.0,2.9000000953674316,2.9100000858306885
USIO,2026-08-13 10:34:00-04:00,2026-08-13 10:35:51.573676-04:00,51.573676,42689.0,2.869999885559082,2.930000066757202
USIO,2026-08-13 10:35:00-04:00,2026-08-13 10:35:51.573676-04:00,-8.426324,0.0,2.9488000869750977,2.9488000869750977
LSTA,2026-08-13 09:30:00-04:00,2026-08-13 10:35:51.573676-04:00,3891.573676,483.0,1.190000057220459,1.190000057220459
LSTA,2026-08-13 10:13:00-04:00,2026-08-13 10:35:51.573676-04:00,1311.573676,578.0,1.1399999856948853,1.1399999856948853
LSTA,2026-08-13 10:16:00-04:00,2026-08-13 10:35:51.573676-04:00,1131.573676,123.0,1.1699999570846558,1.1699999570846558
LSTA,2026-08-13 10:23:00-04:00,2026-08-13 10:35:51.573676-04:00,711.573676,0.0,1.1699999570846558,1.1699999570846558
INDP,2026-08-13 10:04:00-04:00,2026-08-13 10:36:11.604554-04:00,1871.604554,800.0,1.090000033378601,1.090000033378601
INDP,2026-08-13 10:05:00-04:00,2026-08-13 10:36:11.604554-04:00,1811.604554,265.0,1.0800000429153442,1.0800000429153442
INDP,2026-08-13 10:11:00-04:00,2026-08-13 10:36:11.604554-04:00,1451.604554,1232.0,1.070099949836731,1.070099949836731
INDP,2026-08-13 10:12:00-04:00,2026-08-13 10:36:11.604554-04:00,1391.604554,5396.0,1.0700000524520874,1.0700000524520874
INDP,2026-08-13 10:20:00-04:00,2026-08-13 10:36:11.604554-04:00,911.604554,14909.0,1.0800000429153442,1.0799000263214111
INDP,2026-08-13 10:22:00-04:00,2026-08-13 10:36:11.604554-04:00,791.604554,0.0,1.070099949836731,1.070099949836731
MOBX,2026-08-13 10:31:00-04:00,2026-08-13 10:36:11.604554-04:00,251.604554,5393.0,1.61080002784729,1.6050000190734863
MOBX,2026-08-13 10:32:00-04:00,2026-08-13 10:36:11.604554-04:00,191.604554,106.0,1.6050000190734863,1.6050000190734863
MOBX,2026-08-13 10:33:00-04:00,2026-08-13 10:36:11.604554-04:00,131.604554,51036.0,1.600000023841858,1.6008000373840332
MOBX,2026-08-13 10:34:00-04:00,2026-08-13 10:36:11.604554-04:00,71.604554,4713.0,1.6007000207901,1.6050000190734863
MOBX,2026-08-13 10:35:00-04:00,2026-08-13 10:36:11.604554-04:00,11.604554,2135.0,1.6050000190734863,1.6002000570297241
MOBX,2026-08-13 10:36:00-04:00,2026-08-13 10:36:11.604554-04:00,-48.395446,0.0,1.6050000190734863,1.6050000190734863
BTMD,2026-08-13 10:14:00-04:00,2026-08-13 10:36:11.604554-04:00,1271.604554,13.0,1.5399999618530273,1.5399999618530273
BTMD,2026-08-13 10:15:00-04:00,2026-08-13 10:36:11.604554-04:00,1211.604554,1312.0,1.5299999713897705,1.5299999713897705
BTMD,2026-08-13 10:21:00-04:00,2026-08-13 10:36:11.604554-04:00,851.604554,1151.0,1.5471999645233154,1.5471999645233154
BTMD,2026-08-13 10:29:00-04:00,2026-08-13 10:36:11.604554-04:00,371.604554,276.0,1.5199999809265137,1.5199999809265137
BTMD,2026-08-13 10:30:00-04:00,2026-08-13 10:36:11.604554-04:00,311.604554,1087.0,1.534999966621399,1.534999966621399
BTMD,2026-08-13 10:33:00-04:00,2026-08-13 10:36:11.604554-04:00,131.604554,0.0,1.534999966621399,1.534999966621399
LSTA,2026-08-13 09:30:00-04:00,2026-08-13 10:36:11.604554-04:00,3911.604554,483.0,1.190000057220459,1.190000057220459
LSTA,2026-08-13 10:13:00-04:00,2026-08-13 10:36:11.604554-04:00,1331.604554,578.0,1.1399999856948853,1.1399999856948853
LSTA,2026-08-13 10:16:00-04:00,2026-08-13 10:36:11.604554-04:00,1151.604554,123.0,1.1699999570846558,1.1699999570846558
LSTA,2026-08-13 10:23:00-04:00,2026-08-13 10:36:11.604554-04:00,731.604554,0.0,1.1699999570846558,1.1699999570846558
USIO,2026-08-13 10:31:00-04:00,2026-08-13 10:36:11.604554-04:00,251.604554,5054.0,2.9000000953674316,2.9200000762939453
USIO,2026-08-13 10:32:00-04:00,2026-08-13 10:36:11.604554-04:00,191.604554,2742.0,2.9200000762939453,2.890000104904175
USIO,2026-08-13 10:33:00-04:00,2026-08-13 10:36:11.604554-04:00,131.604554,3661.0,2.9000000953674316,2.9100000858306885
USIO,2026-08-13 10:34:00-04:00,2026-08-13 10:36:11.604554-04:00,71.604554,42689.0,2.869999885559082,2.930000066757202
USIO,2026-08-13 10:35:00-04:00,2026-08-13 10:36:11.604554-04:00,11.604554,10150.0,2.950000047683716,2.9488000869750977
USIO,2026-08-13 10:36:00-04:00,2026-08-13 10:36:11.604554-04:00,-48.395446,0.0,2.940000057220459,2.940000057220459
INDP,2026-08-13 10:04:00-04:00,2026-08-13 10:36:36.248100-04:00,1896.2481,800.0,1.090000033378601,1.090000033378601
INDP,2026-08-13 10:05:00-04:00,2026-08-13 10:36:36.248100-04:00,1836.2481,265.0,1.0800000429153442,1.0800000429153442
INDP,2026-08-13 10:11:00-04:00,2026-08-13 10:36:36.248100-04:00,1476.2481,1232.0,1.070099949836731,1.070099949836731
INDP,2026-08-13 10:12:00-04:00,2026-08-13 10:36:36.248100-04:00,1416.2481,5396.0,1.0700000524520874,1.0700000524520874
INDP,2026-08-13 10:20:00-04:00,2026-08-13 10:36:36.248100-04:00,936.2481,14909.0,1.0800000429153442,1.0799000263214111
INDP,2026-08-13 10:22:00-04:00,2026-08-13 10:36:36.248100-04:00,816.2481,4235.0,1.070099949836731,1.070099949836731
LSTA,2026-08-13 09:30:00-04:00,2026-08-13 10:36:36.248100-04:00,3936.2481,483.0,1.190000057220459,1.190000057220459
LSTA,2026-08-13 10:13:00-04:00,2026-08-13 10:36:36.248100-04:00,1356.2481,578.0,1.1399999856948853,1.1399999856948853
LSTA,2026-08-13 10:16:00-04:00,2026-08-13 10:36:36.248100-04:00,1176.2481,123.0,1.1699999570846558,1.1699999570846558
LSTA,2026-08-13 10:23:00-04:00,2026-08-13 10:36:36.248100-04:00,756.2481,0.0,1.1699999570846558,1.1699999570846558
BTMD,2026-08-13 10:14:00-04:00,2026-08-13 10:36:36.248100-04:00,1296.2481,13.0,1.5399999618530273,1.5399999618530273
BTMD,2026-08-13 10:15:00-04:00,2026-08-13 10:36:36.248100-04:00,1236.2481,1312.0,1.5299999713897705,1.5299999713897705
BTMD,2026-08-13 10:21:00-04:00,2026-08-13 10:36:36.248100-04:00,876.2481,1151.0,1.5471999645233154,1.5471999645233154
BTMD,2026-08-13 10:29:00-04:00,2026-08-13 10:36:36.248100-04:00,396.2481,276.0,1.5199999809265137,1.5199999809265137
BTMD,2026-08-13 10:30:00-04:00,2026-08-13 10:36:36.248100-04:00,336.2481,1087.0,1.534999966621399,1.534999966621399
BTMD,2026-08-13 10:33:00-04:00,2026-08-13 10:36:36.248100-04:00,156.2481,0.0,1.534999966621399,1.534999966621399
USIO,2026-08-13 10:31:00-04:00,2026-08-13 10:36:36.248100-04:00,276.2481,5054.0,2.9000000953674316,2.9200000762939453
USIO,2026-08-13 10:32:00-04:00,2026-08-13 10:36:36.248100-04:00,216.2481,2742.0,2.9200000762939453,2.890000104904175
USIO,2026-08-13 10:33:00-04:00,2026-08-13 10:36:36.248100-04:00,156.2481,3661.0,2.9000000953674316,2.9100000858306885
USIO,2026-08-13 10:34:00-04:00,2026-08-13 10:36:36.248100-04:00,96.2481,42689.0,2.869999885559082,2.930000066757202
USIO,2026-08-13 10:35:00-04:00,2026-08-13 10:36:36.248100-04:00,36.2481,10150.0,2.950000047683716,2.9488000869750977
USIO,2026-08-13 10:36:00-04:00,2026-08-13 10:36:36.248100-04:00,-23.7519,0.0,2.937000036239624,2.937000036239624
MOBX,2026-08-13 10:31:00-04:00,2026-08-13 10:36:36.248100-04:00,276.2481,5393.0,1.61080002784729,1.6050000190734863
MOBX,2026-08-13 10:32:00-04:00,2026-08-13 10:36:36.248100-04:00,216.2481,106.0,1.6050000190734863,1.6050000190734863
MOBX,2026-08-13 10:33:00-04:00,2026-08-13 10:36:36.248100-04:00,156.2481,51036.0,1.600000023841858,1.6008000373840332
MOBX,2026-08-13 10:34:00-04:00,2026-08-13 10:36:36.248100-04:00,96.2481,4713.0,1.6007000207901,1.6050000190734863
MOBX,2026-08-13 10:35:00-04:00,2026-08-13 10:36:36.248100-04:00,36.2481,2135.0,1.6050000190734863,1.6002000570297241
MOBX,2026-08-13 10:36:00-04:00,2026-08-13 10:36:36.248100-04:00,-23.7519,0.0,1.6096999645233154,1.6096999645233154
USIO,2026-08-13 10:31:00-04:00,2026-08-13 10:36:56.273052-04:00,296.273052,5054.0,2.9000000953674316,2.9200000762939453
USIO,2026-08-13 10:32:00-04:00,2026-08-13 10:36:56.273052-04:00,236.273052,2742.0,2.9200000762939453,2.890000104904175
USIO,2026-08-13 10:33:00-04:00,2026-08-13 10:36:56.273052-04:00,176.273052,3661.0,2.9000000953674316,2.9100000858306885
USIO,2026-08-13 10:34:00-04:00,2026-08-13 10:36:56.273052-04:00,116.273052,42689.0,2.8949999809265137,2.930000066757202
USIO,2026-08-13 10:35:00-04:00,2026-08-13 10:36:56.273052-04:00,56.273052,10150.0,2.950000047683716,2.9488000869750977
USIO,2026-08-13 10:36:00-04:00,2026-08-13 10:36:56.273052-04:00,-3.726948,0.0,2.937000036239624,2.937000036239624
BTMD,2026-08-13 10:14:00-04:00,2026-08-13 10:36:56.273052-04:00,1316.273052,26.0,1.5399999618530273,1.5399999618530273
BTMD,2026-08-13 10:15:00-04:00,2026-08-13 10:36:56.273052-04:00,1256.273052,1299.0,1.5299999713897705,1.5299999713897705
BTMD,2026-08-13 10:21:00-04:00,2026-08-13 10:36:56.273052-04:00,896.273052,1151.0,1.5471999645233154,1.5471999645233154
BTMD,2026-08-13 10:29:00-04:00,2026-08-13 10:36:56.273052-04:00,416.273052,276.0,1.5199999809265137,1.5199999809265137
BTMD,2026-08-13 10:30:00-04:00,2026-08-13 10:36:56.273052-04:00,356.273052,1087.0,1.534999966621399,1.534999966621399
BTMD,2026-08-13 10:33:00-04:00,2026-08-13 10:36:56.273052-04:00,176.273052,0.0,1.534999966621399,1.534999966621399
MOBX,2026-08-13 10:31:00-04:00,2026-08-13 10:36:56.273052-04:00,296.273052,5393.0,1.61080002784729,1.6050000190734863
MOBX,2026-08-13 10:32:00-04:00,2026-08-13 10:36:56.273052-04:00,236.273052,106.0,1.6050000190734863,1.6050000190734863
MOBX,2026-08-13 10:33:00-04:00,2026-08-13 10:36:56.273052-04:00,176.273052,51036.0,1.600000023841858,1.6008000373840332
MOBX,2026-08-13 10:34:00-04:00,2026-08-13 10:36:56.273052-04:00,116.273052,4713.0,1.6007000207901,1.6050000190734863
MOBX,2026-08-13 10:35:00-04:00,2026-08-13 10:36:56.273052-04:00,56.273052,2135.0,1.6050000190734863,1.6002000570297241
MOBX,2026-08-13 10:36:00-04:00,2026-08-13 10:36:56.273052-04:00,-3.726948,0.0,1.6096999645233154,1.6096999645233154
LSTA,2026-08-13 09:30:00-04:00,2026-08-13 10:36:56.273052-04:00,3956.273052,483.0,1.190000057220459,1.190000057220459
LSTA,2026-08-13 10:13:00-04:00,2026-08-13 10:36:56.273052-04:00,1376.273052,578.0,1.1399999856948853,1.1399999856948853
LSTA,2026-08-13 10:16:00-04:00,2026-08-13 10:36:56.273052-04:00,1196.273052,123.0,1.1699999570846558,1.1699999570846558
LSTA,2026-08-13 10:23:00-04:00,2026-08-13 10:36:56.273052-04:00,776.273052,0.0,1.1699999570846558,1.1699999570846558
INDP,2026-08-13 10:04:00-04:00,2026-08-13 10:36:56.273052-04:00,1916.273052,800.0,1.090000033378601,1.090000033378601
INDP,2026-08-13 10:05:00-04:00,2026-08-13 10:36:56.273052-04:00,1856.273052,265.0,1.0800000429153442,1.0800000429153442
INDP,2026-08-13 10:11:00-04:00,2026-08-13 10:36:56.273052-04:00,1496.273052,1232.0,1.070099949836731,1.070099949836731
INDP,2026-08-13 10:12:00-04:00,2026-08-13 10:36:56.273052-04:00,1436.273052,5396.0,1.0700000524520874,1.0700000524520874
INDP,2026-08-13 10:20:00-04:00,2026-08-13 10:36:56.273052-04:00,956.273052,14909.0,1.0800000429153442,1.0799000263214111
INDP,2026-08-13 10:22:00-04:00,2026-08-13 10:36:56.273052-04:00,836.273052,0.0,1.070099949836731,1.070099949836731
USIO,2026-08-13 10:36:00-04:00,2026-08-13 10:41:30.447198-04:00,270.447198,2265.0,2.940000057220459,2.937000036239624
USIO,2026-08-13 10:37:00-04:00,2026-08-13 10:41:30.447198-04:00,210.447198,1325.0,2.9312000274658203,2.940000057220459
USIO,2026-08-13 10:38:00-04:00,2026-08-13 10:41:30.447198-04:00,150.447198,2387.0,2.940000057220459,2.947700023651123
USIO,2026-08-13 10:39:00-04:00,2026-08-13 10:41:30.447198-04:00,90.447198,7079.0,2.951200008392334,2.950000047683716
USIO,2026-08-13 10:40:00-04:00,2026-08-13 10:41:30.447198-04:00,30.447198,2162.0,2.956199884414673,2.9600000381469727
USIO,2026-08-13 10:41:00-04:00,2026-08-13 10:41:30.447198-04:00,-29.552802,0.0,2.9600000381469727,2.9600000381469727
BTMD,2026-08-13 10:15:00-04:00,2026-08-13 10:41:30.447198-04:00,1530.447198,1312.0,1.5299999713897705,1.5299999713897705
BTMD,2026-08-13 10:21:00-04:00,2026-08-13 10:41:30.447198-04:00,1170.447198,1151.0,1.5471999645233154,1.5471999645233154
BTMD,2026-08-13 10:29:00-04:00,2026-08-13 10:41:30.447198-04:00,690.447198,276.0,1.5199999809265137,1.5199999809265137
BTMD,2026-08-13 10:30:00-04:00,2026-08-13 10:41:30.447198-04:00,630.447198,1087.0,1.534999966621399,1.534999966621399
BTMD,2026-08-13 10:33:00-04:00,2026-08-13 10:41:30.447198-04:00,450.447198,322.0,1.534999966621399,1.534999966621399
BTMD,2026-08-13 10:38:00-04:00,2026-08-13 10:41:30.447198-04:00,150.447198,0.0,1.5099999904632568,1.5099999904632568
LSTA,2026-08-13 09:30:00-04:00,2026-08-13 10:41:30.447198-04:00,4230.447198,483.0,1.190000057220459,1.190000057220459
LSTA,2026-08-13 10:13:00-04:00,2026-08-13 10:41:30.447198-04:00,1650.447198,578.0,1.1399999856948853,1.1399999856948853
LSTA,2026-08-13 10:16:00-04:00,2026-08-13 10:41:30.447198-04:00,1470.447198,123.0,1.1699999570846558,1.1699999570846558
LSTA,2026-08-13 10:23:00-04:00,2026-08-13 10:41:30.447198-04:00,1050.447198,0.0,1.1699999570846558,1.1699999570846558
INDP,2026-08-13 10:04:00-04:00,2026-08-13 10:41:30.447198-04:00,2190.447198,800.0,1.090000033378601,1.090000033378601
INDP,2026-08-13 10:05:00-04:00,2026-08-13 10:41:30.447198-04:00,2130.447198,265.0,1.0800000429153442,1.0800000429153442
INDP,2026-08-13 10:11:00-04:00,2026-08-13 10:41:30.447198-04:00,1770.447198,1232.0,1.070099949836731,1.070099949836731
INDP,2026-08-13 10:12:00-04:00,2026-08-13 10:41:30.447198-04:00,1710.447198,5396.0,1.0700000524520874,1.0700000524520874
INDP,2026-08-13 10:20:00-04:00,2026-08-13 10:41:30.447198-04:00,1230.447198,14909.0,1.0800000429153442,1.0799000263214111
INDP,2026-08-13 10:22:00-04:00,2026-08-13 10:41:30.447198-04:00,1110.447198,4235.0,1.070099949836731,1.070099949836731
MOBX,2026-08-13 10:33:00-04:00,2026-08-13 10:41:30.447198-04:00,450.447198,51036.0,1.600000023841858,1.6008000373840332
MOBX,2026-08-13 10:34:00-04:00,2026-08-13 10:41:30.447198-04:00,390.447198,4713.0,1.6007000207901,1.6050000190734863
MOBX,2026-08-13 10:35:00-04:00,2026-08-13 10:41:30.447198-04:00,330.447198,2135.0,1.6050000190734863,1.6002000570297241
MOBX,2026-08-13 10:36:00-04:00,2026-08-13 10:41:30.447198-04:00,270.447198,3975.0,1.6002000570297241,1.6096999645233154
MOBX,2026-08-13 10:38:00-04:00,2026-08-13 10:41:30.447198-04:00,150.447198,2279.0,1.6032999753952026,1.600000023841858
MOBX,2026-08-13 10:40:00-04:00,2026-08-13 10:41:30.447198-04:00,30.447198,0.0,1.6098999977111816,1.6098999977111816
MOBX,2026-08-13 10:33:00-04:00,2026-08-13 10:41:50.490937-04:00,470.490937,51036.0,1.600000023841858,1.6008000373840332
MOBX,2026-08-13 10:34:00-04:00,2026-08-13 10:41:50.490937-04:00,410.490937,4713.0,1.6007000207901,1.6050000190734863
MOBX,2026-08-13 10:35:00-04:00,2026-08-13 10:41:50.490937-04:00,350.490937,2135.0,1.6050000190734863,1.6002000570297241
MOBX,2026-08-13 10:36:00-04:00,2026-08-13 10:41:50.490937-04:00,290.490937,3975.0,1.6002000570297241,1.6096999645233154
MOBX,2026-08-13 10:38:00-04:00,2026-08-13 10:41:50.490937-04:00,170.490937,2279.0,1.6032999753952026,1.600000023841858
MOBX,2026-08-13 10:40:00-04:00,2026-08-13 10:41:50.490937-04:00,50.490937,0.0,1.6098999977111816,1.6098999977111816
LSTA,2026-08-13 09:30:00-04:00,2026-08-13 10:41:50.490937-04:00,4250.490937,483.0,1.190000057220459,1.190000057220459
LSTA,2026-08-13 10:13:00-04:00,2026-08-13 10:41:50.490937-04:00,1670.490937,578.0,1.1399999856948853,1.1399999856948853
LSTA,2026-08-13 10:16:00-04:00,2026-08-13 10:41:50.490937-04:00,1490.490937,123.0,1.1699999570846558,1.1699999570846558
LSTA,2026-08-13 10:23:00-04:00,2026-08-13 10:41:50.490937-04:00,1070.490937,0.0,1.1699999570846558,1.1699999570846558
INDP,2026-08-13 10:04:00-04:00,2026-08-13 10:41:50.490937-04:00,2210.490937,800.0,1.090000033378601,1.090000033378601
INDP,2026-08-13 10:05:00-04:00,2026-08-13 10:41:50.490937-04:00,2150.490937,265.0,1.0800000429153442,1.0800000429153442
INDP,2026-08-13 10:11:00-04:00,2026-08-13 10:41:50.490937-04:00,1790.490937,1232.0,1.070099949836731,1.070099949836731
INDP,2026-08-13 10:12:00-04:00,2026-08-13 10:41:50.490937-04:00,1730.490937,5396.0,1.0700000524520874,1.0700000524520874
INDP,2026-08-13 10:20:00-04:00,2026-08-13 10:41:50.490937-04:00,1250.490937,14909.0,1.0800000429153442,1.0799000263214111
INDP,2026-08-13 10:22:00-04:00,2026-08-13 10:41:50.490937-04:00,1130.490937,4235.0,1.070099949836731,1.070099949836731
USIO,2026-08-13 10:36:00-04:00,2026-08-13 10:41:50.490937-04:00,290.490937,2265.0,2.940000057220459,2.937000036239624
USIO,2026-08-13 10:37:00-04:00,2026-08-13 10:41:50.490937-04:00,230.490937,1325.0,2.9312000274658203,2.940000057220459
USIO,2026-08-13 10:38:00-04:00,2026-08-13 10:41:50.490937-04:00,170.490937,2387.0,2.940000057220459,2.947700023651123
USIO,2026-08-13 10:39:00-04:00,2026-08-13 10:41:50.490937-04:00,110.490937,7079.0,2.951200008392334,2.950000047683716
USIO,2026-08-13 10:40:00-04:00,2026-08-13 10:41:50.490937-04:00,50.490937,2162.0,2.956199884414673,2.9600000381469727
USIO,2026-08-13 10:41:00-04:00,2026-08-13 10:41:50.490937-04:00,-9.509063,0.0,2.9591000080108643,2.9591000080108643
BTMD,2026-08-13 10:15:00-04:00,2026-08-13 10:41:50.490937-04:00,1550.490937,1312.0,1.5299999713897705,1.5299999713897705
BTMD,2026-08-13 10:21:00-04:00,2026-08-13 10:41:50.490937-04:00,1190.490937,1151.0,1.5471999645233154,1.5471999645233154
BTMD,2026-08-13 10:29:00-04:00,2026-08-13 10:41:50.490937-04:00,710.490937,276.0,1.5199999809265137,1.5199999809265137
BTMD,2026-08-13 10:30:00-04:00,2026-08-13 10:41:50.490937-04:00,650.490937,1087.0,1.534999966621399,1.534999966621399
BTMD,2026-08-13 10:33:00-04:00,2026-08-13 10:41:50.490937-04:00,470.490937,322.0,1.534999966621399,1.534999966621399
BTMD,2026-08-13 10:38:00-04:00,2026-08-13 10:41:50.490937-04:00,170.490937,0.0,1.5099999904632568,1.5099999904632568
BTMD,2026-08-13 10:15:00-04:00,2026-08-13 10:46:24.169932-04:00,1824.169932,1299.0,1.5299999713897705,1.5299999713897705
BTMD,2026-08-13 10:21:00-04:00,2026-08-13 10:46:24.169932-04:00,1464.169932,1151.0,1.5471999645233154,1.5471999645233154
BTMD,2026-08-13 10:29:00-04:00,2026-08-13 10:46:24.169932-04:00,984.169932,276.0,1.5199999809265137,1.5199999809265137
BTMD,2026-08-13 10:30:00-04:00,2026-08-13 10:46:24.169932-04:00,924.169932,1087.0,1.534999966621399,1.534999966621399
BTMD,2026-08-13 10:33:00-04:00,2026-08-13 10:46:24.169932-04:00,744.169932,322.0,1.534999966621399,1.534999966621399
BTMD,2026-08-13 10:38:00-04:00,2026-08-13 10:46:24.169932-04:00,444.169932,0.0,1.5099999904632568,1.5099999904632568
LSTA,2026-08-13 09:30:00-04:00,2026-08-13 10:46:24.169932-04:00,4524.169932,483.0,1.190000057220459,1.190000057220459
LSTA,2026-08-13 10:13:00-04:00,2026-08-13 10:46:24.169932-04:00,1944.169932,578.0,1.1399999856948853,1.1399999856948853
LSTA,2026-08-13 10:16:00-04:00,2026-08-13 10:46:24.169932-04:00,1764.169932,123.0,1.1699999570846558,1.1699999570846558
LSTA,2026-08-13 10:23:00-04:00,2026-08-13 10:46:24.169932-04:00,1344.169932,1117.0,1.1699999570846558,1.1699999570846558
LSTA,2026-08-13 10:45:00-04:00,2026-08-13 10:46:24.169932-04:00,24.169932,0.0,1.1399999856948853,1.1399999856948853
MOBX,2026-08-13 10:35:00-04:00,2026-08-13 10:46:24.169932-04:00,624.169932,2135.0,1.6050000190734863,1.6002000570297241
MOBX,2026-08-13 10:36:00-04:00,2026-08-13 10:46:24.169932-04:00,564.169932,3975.0,1.6002000570297241,1.6096999645233154
MOBX,2026-08-13 10:38:00-04:00,2026-08-13 10:46:24.169932-04:00,444.169932,2279.0,1.6032999753952026,1.600000023841858
MOBX,2026-08-13 10:40:00-04:00,2026-08-13 10:46:24.169932-04:00,324.169932,1676.0,1.6093000173568726,1.6098999977111816
MOBX,2026-08-13 10:43:00-04:00,2026-08-13 10:46:24.169932-04:00,144.169932,517.0,1.6050000190734863,1.6050000190734863
MOBX,2026-08-13 10:45:00-04:00,2026-08-13 10:46:24.169932-04:00,24.169932,0.0,1.6050000190734863,1.6050000190734863
USIO,2026-08-13 10:41:00-04:00,2026-08-13 10:46:24.169932-04:00,264.169932,7708.0,2.9600000381469727,2.958400011062622
USIO,2026-08-13 10:42:00-04:00,2026-08-13 10:46:24.169932-04:00,204.169932,10865.0,2.9558000564575195,2.969099998474121
USIO,2026-08-13 10:43:00-04:00,2026-08-13 10:46:24.169932-04:00,144.169932,11204.0,2.9600000381469727,2.9649999141693115
USIO,2026-08-13 10:44:00-04:00,2026-08-13 10:46:24.169932-04:00,84.169932,3320.0,2.950000047683716,2.9590001106262207
USIO,2026-08-13 10:45:00-04:00,2026-08-13 10:46:24.169932-04:00,24.169932,1950.0,2.9602999687194824,2.9500999450683594
USIO,2026-08-13 10:46:00-04:00,2026-08-13 10:46:24.169932-04:00,-35.830068,0.0,2.9600000381469727,2.9600000381469727
INDP,2026-08-13 10:04:00-04:00,2026-08-13 10:46:24.169932-04:00,2484.169932,800.0,1.090000033378601,1.090000033378601
INDP,2026-08-13 10:05:00-04:00,2026-08-13 10:46:24.169932-04:00,2424.169932,265.0,1.0800000429153442,1.0800000429153442
INDP,2026-08-13 10:11:00-04:00,2026-08-13 10:46:24.169932-04:00,2064.169932,1232.0,1.070099949836731,1.070099949836731
INDP,2026-08-13 10:12:00-04:00,2026-08-13 10:46:24.169932-04:00,2004.169932,5396.0,1.0700000524520874,1.0700000524520874
INDP,2026-08-13 10:20:00-04:00,2026-08-13 10:46:24.169932-04:00,1524.169932,14909.0,1.0800000429153442,1.0799000263214111
INDP,2026-08-13 10:22:00-04:00,2026-08-13 10:46:24.169932-04:00,1404.169932,4235.0,1.070099949836731,1.070099949836731
LSTA,2026-08-13 09:30:00-04:00,2026-08-13 10:46:44.200133-04:00,4544.200133,483.0,1.190000057220459,1.190000057220459
LSTA,2026-08-13 10:13:00-04:00,2026-08-13 10:46:44.200133-04:00,1964.200133,578.0,1.1399999856948853,1.1399999856948853
LSTA,2026-08-13 10:16:00-04:00,2026-08-13 10:46:44.200133-04:00,1784.200133,123.0,1.1699999570846558,1.1699999570846558
LSTA,2026-08-13 10:23:00-04:00,2026-08-13 10:46:44.200133-04:00,1364.200133,1117.0,1.1699999570846558,1.1699999570846558
LSTA,2026-08-13 10:45:00-04:00,2026-08-13 10:46:44.200133-04:00,44.200133,0.0,1.1399999856948853,1.1399999856948853
MOBX,2026-08-13 10:35:00-04:00,2026-08-13 10:46:44.200133-04:00,644.200133,2135.0,1.6050000190734863,1.6002000570297241
MOBX,2026-08-13 10:36:00-04:00,2026-08-13 10:46:44.200133-04:00,584.200133,3975.0,1.6002000570297241,1.6096999645233154
MOBX,2026-08-13 10:38:00-04:00,2026-08-13 10:46:44.200133-04:00,464.200133,2279.0,1.6032999753952026,1.600000023841858
MOBX,2026-08-13 10:40:00-04:00,2026-08-13 10:46:44.200133-04:00,344.200133,1676.0,1.6093000173568726,1.6098999977111816
MOBX,2026-08-13 10:43:00-04:00,2026-08-13 10:46:44.200133-04:00,164.200133,517.0,1.6050000190734863,1.6050000190734863
MOBX,2026-08-13 10:45:00-04:00,2026-08-13 10:46:44.200133-04:00,44.200133,0.0,1.6050000190734863,1.6050000190734863
USIO,2026-08-13 10:41:00-04:00,2026-08-13 10:46:44.200133-04:00,284.200133,7708.0,2.9600000381469727,2.958400011062622
USIO,2026-08-13 10:42:00-04:00,2026-08-13 10:46:44.200133-04:00,224.200133,10865.0,2.9558000564575195,2.969099998474121
USIO,2026-08-13 10:43:00-04:00,2026-08-13 10:46:44.200133-04:00,164.200133,11204.0,2.9600000381469727,2.9649999141693115
USIO,2026-08-13 10:44:00-04:00,2026-08-13 10:46:44.200133-04:00,104.200133,3320.0,2.950000047683716,2.9590001106262207
USIO,2026-08-13 10:45:00-04:00,2026-08-13 10:46:44.200133-04:00,44.200133,1950.0,2.9602999687194824,2.9500999450683594
USIO,2026-08-13 10:46:00-04:00,2026-08-13 10:46:44.200133-04:00,-15.799867,0.0,2.9600000381469727,2.9600000381469727
INDP,2026-08-13 10:04:00-04:00,2026-08-13 10:46:44.200133-04:00,2504.200133,800.0,1.090000033378601,1.090000033378601
INDP,2026-08-13 10:05:00-04:00,2026-08-13 10:46:44.200133-04:00,2444.200133,265.0,1.0800000429153442,1.0800000429153442
INDP,2026-08-13 10:11:00-04:00,2026-08-13 10:46:44.200133-04:00,2084.200133,1232.0,1.070099949836731,1.070099949836731
INDP,2026-08-13 10:12:00-04:00,2026-08-13 10:46:44.200133-04:00,2024.200133,5396.0,1.0700000524520874,1.0700000524520874
INDP,2026-08-13 10:20:00-04:00,2026-08-13 10:46:44.200133-04:00,1544.200133,14909.0,1.0800000429153442,1.0799000263214111
INDP,2026-08-13 10:22:00-04:00,2026-08-13 10:46:44.200133-04:00,1424.200133,4235.0,1.070099949836731,1.070099949836731
BTMD,2026-08-13 10:15:00-04:00,2026-08-13 10:46:44.200133-04:00,1844.200133,1299.0,1.5299999713897705,1.5299999713897705
BTMD,2026-08-13 10:21:00-04:00,2026-08-13 10:46:44.200133-04:00,1484.200133,1151.0,1.5471999645233154,1.5471999645233154
BTMD,2026-08-13 10:29:00-04:00,2026-08-13 10:46:44.200133-04:00,1004.200133,276.0,1.5199999809265137,1.5199999809265137
BTMD,2026-08-13 10:30:00-04:00,2026-08-13 10:46:44.200133-04:00,944.200133,1087.0,1.534999966621399,1.534999966621399
BTMD,2026-08-13 10:33:00-04:00,2026-08-13 10:46:44.200133-04:00,764.200133,322.0,1.534999966621399,1.534999966621399
BTMD,2026-08-13 10:38:00-04:00,2026-08-13 10:46:44.200133-04:00,464.200133,0.0,1.5099999904632568,1.5099999904632568
BTMD,2026-08-13 10:15:00-04:00,2026-08-13 10:47:04.236450-04:00,1864.23645,1299.0,1.5299999713897705,1.5299999713897705
BTMD,2026-08-13 10:21:00-04:00,2026-08-13 10:47:04.236450-04:00,1504.23645,1151.0,1.5471999645233154,1.5471999645233154
BTMD,2026-08-13 10:29:00-04:00,2026-08-13 10:47:04.236450-04:00,1024.23645,276.0,1.5199999809265137,1.5199999809265137
BTMD,2026-08-13 10:30:00-04:00,2026-08-13 10:47:04.236450-04:00,964.23645,1087.0,1.534999966621399,1.534999966621399
BTMD,2026-08-13 10:33:00-04:00,2026-08-13 10:47:04.236450-04:00,784.23645,322.0,1.534999966621399,1.534999966621399
BTMD,2026-08-13 10:38:00-04:00,2026-08-13 10:47:04.236450-04:00,484.23645,0.0,1.5099999904632568,1.5099999904632568
MOBX,2026-08-13 10:36:00-04:00,2026-08-13 10:47:04.236450-04:00,604.23645,3975.0,1.6002000570297241,1.6096999645233154
MOBX,2026-08-13 10:38:00-04:00,2026-08-13 10:47:04.236450-04:00,484.23645,2279.0,1.6032999753952026,1.600000023841858
MOBX,2026-08-13 10:40:00-04:00,2026-08-13 10:47:04.236450-04:00,364.23645,1676.0,1.6093000173568726,1.6098999977111816
MOBX,2026-08-13 10:43:00-04:00,2026-08-13 10:47:04.236450-04:00,184.23645,517.0,1.6050000190734863,1.6050000190734863
MOBX,2026-08-13 10:45:00-04:00,2026-08-13 10:47:04.236450-04:00,64.23645,6005.0,1.600000023841858,1.6050000190734863
MOBX,2026-08-13 10:46:00-04:00,2026-08-13 10:47:04.236450-04:00,4.23645,0.0,1.6002999544143677,1.6002999544143677
USIO,2026-08-13 10:42:00-04:00,2026-08-13 10:47:04.236450-04:00,244.23645,10865.0,2.9558000564575195,2.969099998474121
USIO,2026-08-13 10:43:00-04:00,2026-08-13 10:47:04.236450-04:00,184.23645,11204.0,2.9600000381469727,2.9649999141693115
USIO,2026-08-13 10:44:00-04:00,2026-08-13 10:47:04.236450-04:00,124.23645,3320.0,2.950000047683716,2.9590001106262207
USIO,2026-08-13 10:45:00-04:00,2026-08-13 10:47:04.236450-04:00,64.23645,1950.0,2.9602999687194824,2.9500999450683594
USIO,2026-08-13 10:46:00-04:00,2026-08-13 10:47:04.236450-04:00,4.23645,23766.0,2.9679999351501465,2.821199893951416
USIO,2026-08-13 10:47:00-04:00,2026-08-13 10:47:04.236450-04:00,-55.76355,0.0,2.809999942779541,2.809999942779541
INDP,2026-08-13 10:04:00-04:00,2026-08-13 10:47:04.236450-04:00,2524.23645,800.0,1.090000033378601,1.090000033378601
INDP,2026-08-13 10:05:00-04:00,2026-08-13 10:47:04.236450-04:00,2464.23645,265.0,1.0800000429153442,1.0800000429153442
INDP,2026-08-13 10:11:00-04:00,2026-08-13 10:47:04.236450-04:00,2104.23645,1232.0,1.070099949836731,1.070099949836731
INDP,2026-08-13 10:12:00-04:00,2026-08-13 10:47:04.236450-04:00,2044.23645,5396.0,1.0700000524520874,1.0700000524520874
INDP,2026-08-13 10:20:00-04:00,2026-08-13 10:47:04.236450-04:00,1564.23645,14909.0,1.0800000429153442,1.0799000263214111
INDP,2026-08-13 10:22:00-04:00,2026-08-13 10:47:04.236450-04:00,1444.23645,4235.0,1.070099949836731,1.070099949836731
LSTA,2026-08-13 09:30:00-04:00,2026-08-13 10:47:04.236450-04:00,4564.23645,483.0,1.190000057220459,1.190000057220459
LSTA,2026-08-13 10:13:00-04:00,2026-08-13 10:47:04.236450-04:00,1984.23645,578.0,1.1399999856948853,1.1399999856948853
LSTA,2026-08-13 10:16:00-04:00,2026-08-13 10:47:04.236450-04:00,1804.23645,123.0,1.1699999570846558,1.1699999570846558
LSTA,2026-08-13 10:23:00-04:00,2026-08-13 10:47:04.236450-04:00,1384.23645,1117.0,1.1699999570846558,1.1699999570846558
LSTA,2026-08-13 10:45:00-04:00,2026-08-13 10:47:04.236450-04:00,64.23645,0.0,1.1399999856948853,1.1399999856948853
INDP,2026-08-13 10:04:00-04:00,2026-08-13 10:47:24.264471-04:00,2544.264471,800.0,1.090000033378601,1.090000033378601
INDP,2026-08-13 10:05:00-04:00,2026-08-13 10:47:24.264471-04:00,2484.264471,265.0,1.0800000429153442,1.0800000429153442
INDP,2026-08-13 10:11:00-04:00,2026-08-13 10:47:24.264471-04:00,2124.264471,1232.0,1.070099949836731,1.070099949836731
INDP,2026-08-13 10:12:00-04:00,2026-08-13 10:47:24.264471-04:00,2064.264471,5396.0,1.0700000524520874,1.0700000524520874
INDP,2026-08-13 10:20:00-04:00,2026-08-13 10:47:24.264471-04:00,1584.264471,14909.0,1.0800000429153442,1.0799000263214111
INDP,2026-08-13 10:22:00-04:00,2026-08-13 10:47:24.264471-04:00,1464.264471,4235.0,1.070099949836731,1.070099949836731
LSTA,2026-08-13 09:30:00-04:00,2026-08-13 10:47:24.264471-04:00,4584.264471,483.0,1.190000057220459,1.190000057220459
LSTA,2026-08-13 10:13:00-04:00,2026-08-13 10:47:24.264471-04:00,2004.264471,578.0,1.1399999856948853,1.1399999856948853
LSTA,2026-08-13 10:16:00-04:00,2026-08-13 10:47:24.264471-04:00,1824.264471,123.0,1.1699999570846558,1.1699999570846558
LSTA,2026-08-13 10:23:00-04:00,2026-08-13 10:47:24.264471-04:00,1404.264471,1117.0,1.1699999570846558,1.1699999570846558
LSTA,2026-08-13 10:45:00-04:00,2026-08-13 10:47:24.264471-04:00,84.264471,0.0,1.1399999856948853,1.1399999856948853
USIO,2026-08-13 10:42:00-04:00,2026-08-13 10:47:24.264471-04:00,264.264471,10865.0,2.9558000564575195,2.969099998474121
USIO,2026-08-13 10:43:00-04:00,2026-08-13 10:47:24.264471-04:00,204.264471,11204.0,2.9600000381469727,2.9649999141693115
USIO,2026-08-13 10:44:00-04:00,2026-08-13 10:47:24.264471-04:00,144.264471,3320.0,2.950000047683716,2.9590001106262207
USIO,2026-08-13 10:45:00-04:00,2026-08-13 10:47:24.264471-04:00,84.264471,1950.0,2.9602999687194824,2.9500999450683594
USIO,2026-08-13 10:46:00-04:00,2026-08-13 10:47:24.264471-04:00,24.264471,23766.0,2.9679999351501465,2.821199893951416
USIO,2026-08-13 10:47:00-04:00,2026-08-13 10:47:24.264471-04:00,-35.735529,0.0,2.809999942779541,2.809999942779541
MOBX,2026-08-13 10:36:00-04:00,2026-08-13 10:47:24.264471-04:00,624.264471,3975.0,1.6002000570297241,1.6096999645233154
MOBX,2026-08-13 10:38:00-04:00,2026-08-13 10:47:24.264471-04:00,504.264471,2279.0,1.6032999753952026,1.600000023841858
MOBX,2026-08-13 10:40:00-04:00,2026-08-13 10:47:24.264471-04:00,384.264471,1676.0,1.6093000173568726,1.6098999977111816
MOBX,2026-08-13 10:43:00-04:00,2026-08-13 10:47:24.264471-04:00,204.264471,517.0,1.6050000190734863,1.6050000190734863
MOBX,2026-08-13 10:45:00-04:00,2026-08-13 10:47:24.264471-04:00,84.264471,6005.0,1.600000023841858,1.6050000190734863
MOBX,2026-08-13 10:46:00-04:00,2026-08-13 10:47:24.264471-04:00,24.264471,0.0,1.6002999544143677,1.6002999544143677
BTMD,2026-08-13 10:15:00-04:00,2026-08-13 10:47:24.264471-04:00,1884.264471,1299.0,1.5299999713897705,1.5299999713897705
BTMD,2026-08-13 10:21:00-04:00,2026-08-13 10:47:24.264471-04:00,1524.264471,1151.0,1.5471999645233154,1.5471999645233154
BTMD,2026-08-13 10:29:00-04:00,2026-08-13 10:47:24.264471-04:00,1044.264471,276.0,1.5199999809265137,1.5199999809265137
BTMD,2026-08-13 10:30:00-04:00,2026-08-13 10:47:24.264471-04:00,984.264471,1087.0,1.534999966621399,1.534999966621399
BTMD,2026-08-13 10:33:00-04:00,2026-08-13 10:47:24.264471-04:00,804.264471,322.0,1.534999966621399,1.534999966621399
BTMD,2026-08-13 10:38:00-04:00,2026-08-13 10:47:24.264471-04:00,504.264471,0.0,1.5099999904632568,1.5099999904632568
INDP,2026-08-13 10:04:00-04:00,2026-08-13 10:49:23.426455-04:00,2663.426455,800.0,1.090000033378601,1.090000033378601
INDP,2026-08-13 10:05:00-04:00,2026-08-13 10:49:23.426455-04:00,2603.426455,265.0,1.0800000429153442,1.0800000429153442
INDP,2026-08-13 10:11:00-04:00,2026-08-13 10:49:23.426455-04:00,2243.426455,1232.0,1.070099949836731,1.070099949836731
INDP,2026-08-13 10:12:00-04:00,2026-08-13 10:49:23.426455-04:00,2183.426455,5396.0,1.0700000524520874,1.0700000524520874
INDP,2026-08-13 10:20:00-04:00,2026-08-13 10:49:23.426455-04:00,1703.426455,14909.0,1.0800000429153442,1.0799000263214111
INDP,2026-08-13 10:22:00-04:00,2026-08-13 10:49:23.426455-04:00,1583.426455,4235.0,1.070099949836731,1.070099949836731
USIO,2026-08-13 10:44:00-04:00,2026-08-13 10:49:23.426455-04:00,263.426455,3320.0,2.950000047683716,2.9590001106262207
USIO,2026-08-13 10:45:00-04:00,2026-08-13 10:49:23.426455-04:00,203.426455,1950.0,2.9602999687194824,2.9500999450683594
USIO,2026-08-13 10:46:00-04:00,2026-08-13 10:49:23.426455-04:00,143.426455,23766.0,2.9679999351501465,2.821199893951416
USIO,2026-08-13 10:47:00-04:00,2026-08-13 10:49:23.426455-04:00,83.426455,9564.0,2.809999942779541,2.799999952316284
USIO,2026-08-13 10:48:00-04:00,2026-08-13 10:49:23.426455-04:00,23.426455,12124.0,2.815000057220459,2.7500998973846436
USIO,2026-08-13 10:49:00-04:00,2026-08-13 10:49:23.426455-04:00,-36.573545,0.0,2.7750000953674316,2.7750000953674316
LSTA,2026-08-13 09:30:00-04:00,2026-08-13 10:49:23.426455-04:00,4703.426455,483.0,1.190000057220459,1.190000057220459
LSTA,2026-08-13 10:13:00-04:00,2026-08-13 10:49:23.426455-04:00,2123.426455,578.0,1.1399999856948853,1.1399999856948853
LSTA,2026-08-13 10:16:00-04:00,2026-08-13 10:49:23.426455-04:00,1943.426455,123.0,1.1699999570846558,1.1699999570846558
LSTA,2026-08-13 10:23:00-04:00,2026-08-13 10:49:23.426455-04:00,1523.426455,1117.0,1.1699999570846558,1.1699999570846558
LSTA,2026-08-13 10:45:00-04:00,2026-08-13 10:49:23.426455-04:00,203.426455,0.0,1.1399999856948853,1.1399999856948853
MOBX,2026-08-13 10:38:00-04:00,2026-08-13 10:49:23.426455-04:00,623.426455,2279.0,1.6032999753952026,1.600000023841858
MOBX,2026-08-13 10:40:00-04:00,2026-08-13 10:49:23.426455-04:00,503.426455,1676.0,1.6093000173568726,1.6098999977111816
MOBX,2026-08-13 10:43:00-04:00,2026-08-13 10:49:23.426455-04:00,323.426455,517.0,1.6050000190734863,1.6050000190734863
MOBX,2026-08-13 10:45:00-04:00,2026-08-13 10:49:23.426455-04:00,203.426455,6005.0,1.600000023841858,1.6050000190734863
MOBX,2026-08-13 10:46:00-04:00,2026-08-13 10:49:23.426455-04:00,143.426455,481.0,1.6002999544143677,1.6002999544143677
MOBX,2026-08-13 10:47:00-04:00,2026-08-13 10:49:23.426455-04:00,83.426455,0.0,1.600000023841858,1.600000023841858
BTMD,2026-08-13 10:15:00-04:00,2026-08-13 10:49:23.426455-04:00,2003.426455,1299.0,1.5299999713897705,1.5299999713897705
BTMD,2026-08-13 10:21:00-04:00,2026-08-13 10:49:23.426455-04:00,1643.426455,1151.0,1.5471999645233154,1.5471999645233154
BTMD,2026-08-13 10:29:00-04:00,2026-08-13 10:49:23.426455-04:00,1163.426455,276.0,1.5199999809265137,1.5199999809265137
BTMD,2026-08-13 10:30:00-04:00,2026-08-13 10:49:23.426455-04:00,1103.426455,1087.0,1.534999966621399,1.534999966621399
BTMD,2026-08-13 10:33:00-04:00,2026-08-13 10:49:23.426455-04:00,923.426455,322.0,1.534999966621399,1.534999966621399
BTMD,2026-08-13 10:38:00-04:00,2026-08-13 10:49:23.426455-04:00,623.426455,0.0,1.5099999904632568,1.5099999904632568
LSTA,2026-08-13 09:30:00-04:00,2026-08-13 10:49:43.448644-04:00,4723.448644,483.0,1.190000057220459,1.190000057220459
LSTA,2026-08-13 10:13:00-04:00,2026-08-13 10:49:43.448644-04:00,2143.448644,578.0,1.1399999856948853,1.1399999856948853
LSTA,2026-08-13 10:16:00-04:00,2026-08-13 10:49:43.448644-04:00,1963.448644,123.0,1.1699999570846558,1.1699999570846558
LSTA,2026-08-13 10:23:00-04:00,2026-08-13 10:49:43.448644-04:00,1543.448644,1117.0,1.1699999570846558,1.1699999570846558
LSTA,2026-08-13 10:45:00-04:00,2026-08-13 10:49:43.448644-04:00,223.448644,0.0,1.1399999856948853,1.1399999856948853
BTMD,2026-08-13 10:15:00-04:00,2026-08-13 10:49:43.448644-04:00,2023.448644,1299.0,1.5299999713897705,1.5299999713897705
BTMD,2026-08-13 10:21:00-04:00,2026-08-13 10:49:43.448644-04:00,1663.448644,1151.0,1.5471999645233154,1.5471999645233154
BTMD,2026-08-13 10:29:00-04:00,2026-08-13 10:49:43.448644-04:00,1183.448644,276.0,1.5199999809265137,1.5199999809265137
BTMD,2026-08-13 10:30:00-04:00,2026-08-13 10:49:43.448644-04:00,1123.448644,1087.0,1.534999966621399,1.534999966621399
BTMD,2026-08-13 10:33:00-04:00,2026-08-13 10:49:43.448644-04:00,943.448644,322.0,1.534999966621399,1.534999966621399
BTMD,2026-08-13 10:38:00-04:00,2026-08-13 10:49:43.448644-04:00,643.448644,0.0,1.5099999904632568,1.5099999904632568
USIO,2026-08-13 10:44:00-04:00,2026-08-13 10:49:43.448644-04:00,283.448644,3320.0,2.950000047683716,2.9590001106262207
USIO,2026-08-13 10:45:00-04:00,2026-08-13 10:49:43.448644-04:00,223.448644,1950.0,2.9602999687194824,2.9500999450683594
USIO,2026-08-13 10:46:00-04:00,2026-08-13 10:49:43.448644-04:00,163.448644,23766.0,2.9679999351501465,2.821199893951416
USIO,2026-08-13 10:47:00-04:00,2026-08-13 10:49:43.448644-04:00,103.448644,9564.0,2.809999942779541,2.799999952316284
USIO,2026-08-13 10:48:00-04:00,2026-08-13 10:49:43.448644-04:00,43.448644,12124.0,2.815000057220459,2.7500998973846436
USIO,2026-08-13 10:49:00-04:00,2026-08-13 10:49:43.448644-04:00,-16.551356,0.0,2.766900062561035,2.766900062561035
MOBX,2026-08-13 10:38:00-04:00,2026-08-13 10:49:43.448644-04:00,643.448644,2279.0,1.6032999753952026,1.600000023841858
MOBX,2026-08-13 10:40:00-04:00,2026-08-13 10:49:43.448644-04:00,523.448644,1676.0,1.6093000173568726,1.6098999977111816
MOBX,2026-08-13 10:43:00-04:00,2026-08-13 10:49:43.448644-04:00,343.448644,517.0,1.6050000190734863,1.6050000190734863
MOBX,2026-08-13 10:45:00-04:00,2026-08-13 10:49:43.448644-04:00,223.448644,6005.0,1.600000023841858,1.6050000190734863
MOBX,2026-08-13 10:46:00-04:00,2026-08-13 10:49:43.448644-04:00,163.448644,481.0,1.6002999544143677,1.6002999544143677
MOBX,2026-08-13 10:47:00-04:00,2026-08-13 10:49:43.448644-04:00,103.448644,0.0,1.600000023841858,1.600000023841858
INDP,2026-08-13 10:04:00-04:00,2026-08-13 10:49:43.448644-04:00,2683.448644,800.0,1.090000033378601,1.090000033378601
INDP,2026-08-13 10:05:00-04:00,2026-08-13 10:49:43.448644-04:00,2623.448644,265.0,1.0800000429153442,1.0800000429153442
INDP,2026-08-13 10:11:00-04:00,2026-08-13 10:49:43.448644-04:00,2263.448644,1232.0,1.070099949836731,1.070099949836731
INDP,2026-08-13 10:12:00-04:00,2026-08-13 10:49:43.448644-04:00,2203.448644,5396.0,1.0700000524520874,1.0700000524520874
INDP,2026-08-13 10:20:00-04:00,2026-08-13 10:49:43.448644-04:00,1723.448644,14909.0,1.0800000429153442,1.0799000263214111
INDP,2026-08-13 10:22:00-04:00,2026-08-13 10:49:43.448644-04:00,1603.448644,4235.0,1.070099949836731,1.070099949836731
LSTA,2026-08-13 09:30:00-04:00,2026-08-13 10:50:57.540153-04:00,4797.540153,483.0,1.190000057220459,1.190000057220459
LSTA,2026-08-13 10:13:00-04:00,2026-08-13 10:50:57.540153-04:00,2217.540153,578.0,1.1399999856948853,1.1399999856948853
LSTA,2026-08-13 10:16:00-04:00,2026-08-13 10:50:57.540153-04:00,2037.540153,123.0,1.1699999570846558,1.1699999570846558
LSTA,2026-08-13 10:23:00-04:00,2026-08-13 10:50:57.540153-04:00,1617.540153,1117.0,1.1699999570846558,1.1699999570846558
LSTA,2026-08-13 10:45:00-04:00,2026-08-13 10:50:57.540153-04:00,297.540153,0.0,1.1399999856948853,1.1399999856948853
MOBX,2026-08-13 10:40:00-04:00,2026-08-13 10:50:57.540153-04:00,597.540153,1676.0,1.6093000173568726,1.6098999977111816
MOBX,2026-08-13 10:43:00-04:00,2026-08-13 10:50:57.540153-04:00,417.540153,517.0,1.6050000190734863,1.6050000190734863
MOBX,2026-08-13 10:45:00-04:00,2026-08-13 10:50:57.540153-04:00,297.540153,6005.0,1.600000023841858,1.6050000190734863
MOBX,2026-08-13 10:46:00-04:00,2026-08-13 10:50:57.540153-04:00,237.540153,481.0,1.6002999544143677,1.6002999544143677
MOBX,2026-08-13 10:47:00-04:00,2026-08-13 10:50:57.540153-04:00,177.540153,2039.0,1.600000023841858,1.600000023841858
MOBX,2026-08-13 10:50:00-04:00,2026-08-13 10:50:57.540153-04:00,-2.459847,0.0,1.600000023841858,1.600000023841858
BTMD,2026-08-13 10:15:00-04:00,2026-08-13 10:50:57.540153-04:00,2097.540153,1312.0,1.5299999713897705,1.5299999713897705
BTMD,2026-08-13 10:21:00-04:00,2026-08-13 10:50:57.540153-04:00,1737.540153,1151.0,1.5471999645233154,1.5471999645233154
BTMD,2026-08-13 10:29:00-04:00,2026-08-13 10:50:57.540153-04:00,1257.540153,276.0,1.5199999809265137,1.5199999809265137
BTMD,2026-08-13 10:30:00-04:00,2026-08-13 10:50:57.540153-04:00,1197.540153,1087.0,1.534999966621399,1.534999966621399
BTMD,2026-08-13 10:33:00-04:00,2026-08-13 10:50:57.540153-04:00,1017.540153,322.0,1.534999966621399,1.534999966621399
BTMD,2026-08-13 10:38:00-04:00,2026-08-13 10:50:57.540153-04:00,717.540153,0.0,1.5099999904632568,1.5099999904632568
INDP,2026-08-13 10:04:00-04:00,2026-08-13 10:50:57.540153-04:00,2757.540153,800.0,1.090000033378601,1.090000033378601
INDP,2026-08-13 10:05:00-04:00,2026-08-13 10:50:57.540153-04:00,2697.540153,265.0,1.0800000429153442,1.0800000429153442
INDP,2026-08-13 10:11:00-04:00,2026-08-13 10:50:57.540153-04:00,2337.540153,1232.0,1.070099949836731,1.070099949836731
INDP,2026-08-13 10:12:00-04:00,2026-08-13 10:50:57.540153-04:00,2277.540153,5396.0,1.0700000524520874,1.0700000524520874
INDP,2026-08-13 10:20:00-04:00,2026-08-13 10:50:57.540153-04:00,1797.540153,14909.0,1.0800000429153442,1.0799000263214111
INDP,2026-08-13 10:22:00-04:00,2026-08-13 10:50:57.540153-04:00,1677.540153,4235.0,1.070099949836731,1.070099949836731
USIO,2026-08-13 10:45:00-04:00,2026-08-13 10:50:57.540153-04:00,297.540153,1950.0,2.9602999687194824,2.9500999450683594
USIO,2026-08-13 10:46:00-04:00,2026-08-13 10:50:57.540153-04:00,237.540153,23766.0,2.9679999351501465,2.821199893951416
USIO,2026-08-13 10:47:00-04:00,2026-08-13 10:50:57.540153-04:00,177.540153,9564.0,2.809999942779541,2.799999952316284
USIO,2026-08-13 10:48:00-04:00,2026-08-13 10:50:57.540153-04:00,117.540153,12124.0,2.815000057220459,2.7500998973846436
USIO,2026-08-13 10:49:00-04:00,2026-08-13 10:50:57.540153-04:00,57.540153,6106.0,2.759999990463257,2.766900062561035
USIO,2026-08-13 10:50:00-04:00,2026-08-13 10:50:57.540153-04:00,-2.459847,0.0,2.7792999744415283,2.7792999744415283
USIO,2026-08-13 10:46:00-04:00,2026-08-13 10:51:17.565147-04:00,257.565147,23766.0,2.9679999351501465,2.821199893951416
USIO,2026-08-13 10:47:00-04:00,2026-08-13 10:51:17.565147-04:00,197.565147,9564.0,2.809999942779541,2.799999952316284
USIO,2026-08-13 10:48:00-04:00,2026-08-13 10:51:17.565147-04:00,137.565147,12124.0,2.815000057220459,2.7500998973846436
USIO,2026-08-13 10:49:00-04:00,2026-08-13 10:51:17.565147-04:00,77.565147,6106.0,2.759999990463257,2.766900062561035
USIO,2026-08-13 10:50:00-04:00,2026-08-13 10:51:17.565147-04:00,17.565147,3252.0,2.7699999809265137,2.7792999744415283
USIO,2026-08-13 10:51:00-04:00,2026-08-13 10:51:17.565147-04:00,-42.434853,0.0,2.7750000953674316,2.7750000953674316
BTMD,2026-08-13 10:15:00-04:00,2026-08-13 10:51:17.565147-04:00,2117.565147,1299.0,1.5299999713897705,1.5299999713897705
BTMD,2026-08-13 10:21:00-04:00,2026-08-13 10:51:17.565147-04:00,1757.565147,1151.0,1.5471999645233154,1.5471999645233154
BTMD,2026-08-13 10:29:00-04:00,2026-08-13 10:51:17.565147-04:00,1277.565147,276.0,1.5199999809265137,1.5199999809265137
BTMD,2026-08-13 10:30:00-04:00,2026-08-13 10:51:17.565147-04:00,1217.565147,1087.0,1.534999966621399,1.534999966621399
BTMD,2026-08-13 10:33:00-04:00,2026-08-13 10:51:17.565147-04:00,1037.565147,322.0,1.534999966621399,1.534999966621399
BTMD,2026-08-13 10:38:00-04:00,2026-08-13 10:51:17.565147-04:00,737.565147,0.0,1.5099999904632568,1.5099999904632568
LSTA,2026-08-13 09:30:00-04:00,2026-08-13 10:51:17.565147-04:00,4817.565147,483.0,1.190000057220459,1.190000057220459
LSTA,2026-08-13 10:13:00-04:00,2026-08-13 10:51:17.565147-04:00,2237.565147,578.0,1.1399999856948853,1.1399999856948853
LSTA,2026-08-13 10:16:00-04:00,2026-08-13 10:51:17.565147-04:00,2057.565147,123.0,1.1699999570846558,1.1699999570846558
LSTA,2026-08-13 10:23:00-04:00,2026-08-13 10:51:17.565147-04:00,1637.565147,1117.0,1.1699999570846558,1.1699999570846558
LSTA,2026-08-13 10:45:00-04:00,2026-08-13 10:51:17.565147-04:00,317.565147,0.0,1.1399999856948853,1.1399999856948853
INDP,2026-08-13 10:04:00-04:00,2026-08-13 10:51:17.565147-04:00,2777.565147,800.0,1.090000033378601,1.090000033378601
INDP,2026-08-13 10:05:00-04:00,2026-08-13 10:51:17.565147-04:00,2717.565147,265.0,1.0800000429153442,1.0800000429153442
INDP,2026-08-13 10:11:00-04:00,2026-08-13 10:51:17.565147-04:00,2357.565147,1232.0,1.070099949836731,1.070099949836731
INDP,2026-08-13 10:12:00-04:00,2026-08-13 10:51:17.565147-04:00,2297.565147,5396.0,1.0700000524520874,1.0700000524520874
INDP,2026-08-13 10:20:00-04:00,2026-08-13 10:51:17.565147-04:00,1817.565147,14909.0,1.0800000429153442,1.0799000263214111
INDP,2026-08-13 10:22:00-04:00,2026-08-13 10:51:17.565147-04:00,1697.565147,4235.0,1.070099949836731,1.070099949836731
MOBX,2026-08-13 10:40:00-04:00,2026-08-13 10:51:17.565147-04:00,617.565147,1676.0,1.6093000173568726,1.6098999977111816
MOBX,2026-08-13 10:43:00-04:00,2026-08-13 10:51:17.565147-04:00,437.565147,517.0,1.6050000190734863,1.6050000190734863
MOBX,2026-08-13 10:45:00-04:00,2026-08-13 10:51:17.565147-04:00,317.565147,6005.0,1.600000023841858,1.6050000190734863
MOBX,2026-08-13 10:46:00-04:00,2026-08-13 10:51:17.565147-04:00,257.565147,481.0,1.6002999544143677,1.6002999544143677
MOBX,2026-08-13 10:47:00-04:00,2026-08-13 10:51:17.565147-04:00,197.565147,2039.0,1.600000023841858,1.600000023841858
MOBX,2026-08-13 10:50:00-04:00,2026-08-13 10:51:17.565147-04:00,17.565147,0.0,1.600100040435791,1.600100040435791
INDP,2026-08-13 10:04:00-04:00,2026-08-13 10:51:37.589018-04:00,2797.589018,800.0,1.090000033378601,1.090000033378601
INDP,2026-08-13 10:05:00-04:00,2026-08-13 10:51:37.589018-04:00,2737.589018,265.0,1.0800000429153442,1.0800000429153442
INDP,2026-08-13 10:11:00-04:00,2026-08-13 10:51:37.589018-04:00,2377.589018,1232.0,1.070099949836731,1.070099949836731
INDP,2026-08-13 10:12:00-04:00,2026-08-13 10:51:37.589018-04:00,2317.589018,5396.0,1.0700000524520874,1.0700000524520874
INDP,2026-08-13 10:20:00-04:00,2026-08-13 10:51:37.589018-04:00,1837.589018,14909.0,1.0800000429153442,1.0799000263214111
INDP,2026-08-13 10:22:00-04:00,2026-08-13 10:51:37.589018-04:00,1717.589018,4235.0,1.070099949836731,1.070099949836731
LSTA,2026-08-13 09:30:00-04:00,2026-08-13 10:51:37.589018-04:00,4837.589018,483.0,1.190000057220459,1.190000057220459
LSTA,2026-08-13 10:13:00-04:00,2026-08-13 10:51:37.589018-04:00,2257.589018,578.0,1.1399999856948853,1.1399999856948853
LSTA,2026-08-13 10:16:00-04:00,2026-08-13 10:51:37.589018-04:00,2077.589018,123.0,1.1699999570846558,1.1699999570846558
LSTA,2026-08-13 10:23:00-04:00,2026-08-13 10:51:37.589018-04:00,1657.589018,1117.0,1.1699999570846558,1.1699999570846558
LSTA,2026-08-13 10:45:00-04:00,2026-08-13 10:51:37.589018-04:00,337.589018,0.0,1.1399999856948853,1.1399999856948853
BTMD,2026-08-13 10:15:00-04:00,2026-08-13 10:51:37.589018-04:00,2137.589018,1312.0,1.5299999713897705,1.5299999713897705
BTMD,2026-08-13 10:21:00-04:00,2026-08-13 10:51:37.589018-04:00,1777.589018,1151.0,1.5471999645233154,1.5471999645233154
BTMD,2026-08-13 10:29:00-04:00,2026-08-13 10:51:37.589018-04:00,1297.589018,276.0,1.5199999809265137,1.5199999809265137
BTMD,2026-08-13 10:30:00-04:00,2026-08-13 10:51:37.589018-04:00,1237.589018,1087.0,1.534999966621399,1.534999966621399
BTMD,2026-08-13 10:33:00-04:00,2026-08-13 10:51:37.589018-04:00,1057.589018,322.0,1.534999966621399,1.534999966621399
BTMD,2026-08-13 10:38:00-04:00,2026-08-13 10:51:37.589018-04:00,757.589018,0.0,1.5099999904632568,1.5099999904632568
MOBX,2026-08-13 10:40:00-04:00,2026-08-13 10:51:37.589018-04:00,637.589018,1676.0,1.6093000173568726,1.6098999977111816
MOBX,2026-08-13 10:43:00-04:00,2026-08-13 10:51:37.589018-04:00,457.589018,517.0,1.6050000190734863,1.6050000190734863
MOBX,2026-08-13 10:45:00-04:00,2026-08-13 10:51:37.589018-04:00,337.589018,6005.0,1.600000023841858,1.6050000190734863
MOBX,2026-08-13 10:46:00-04:00,2026-08-13 10:51:37.589018-04:00,277.589018,481.0,1.6002999544143677,1.6002999544143677
MOBX,2026-08-13 10:47:00-04:00,2026-08-13 10:51:37.589018-04:00,217.589018,2039.0,1.600000023841858,1.600000023841858
MOBX,2026-08-13 10:50:00-04:00,2026-08-13 10:51:37.589018-04:00,37.589018,0.0,1.600100040435791,1.600100040435791
USIO,2026-08-13 10:46:00-04:00,2026-08-13 10:51:37.589018-04:00,277.589018,23766.0,2.9679999351501465,2.821199893951416
USIO,2026-08-13 10:47:00-04:00,2026-08-13 10:51:37.589018-04:00,217.589018,9564.0,2.809999942779541,2.799999952316284
USIO,2026-08-13 10:48:00-04:00,2026-08-13 10:51:37.589018-04:00,157.589018,12124.0,2.815000057220459,2.7500998973846436
USIO,2026-08-13 10:49:00-04:00,2026-08-13 10:51:37.589018-04:00,97.589018,6106.0,2.759999990463257,2.766900062561035
USIO,2026-08-13 10:50:00-04:00,2026-08-13 10:51:37.589018-04:00,37.589018,3252.0,2.7699999809265137,2.7792999744415283
USIO,2026-08-13 10:51:00-04:00,2026-08-13 10:51:37.589018-04:00,-22.410982,0.0,2.7699999809265137,2.7699999809265137
BTMD,2026-08-13 10:15:00-04:00,2026-08-13 10:51:57.636441-04:00,2157.636441,1299.0,1.5299999713897705,1.5299999713897705
BTMD,2026-08-13 10:21:00-04:00,2026-08-13 10:51:57.636441-04:00,1797.636441,1151.0,1.5471999645233154,1.5471999645233154
BTMD,2026-08-13 10:29:00-04:00,2026-08-13 10:51:57.636441-04:00,1317.636441,276.0,1.5199999809265137,1.5199999809265137
BTMD,2026-08-13 10:30:00-04:00,2026-08-13 10:51:57.636441-04:00,1257.636441,1087.0,1.534999966621399,1.534999966621399
BTMD,2026-08-13 10:33:00-04:00,2026-08-13 10:51:57.636441-04:00,1077.636441,322.0,1.534999966621399,1.534999966621399
BTMD,2026-08-13 10:38:00-04:00,2026-08-13 10:51:57.636441-04:00,777.636441,0.0,1.5099999904632568,1.5099999904632568
MOBX,2026-08-13 10:40:00-04:00,2026-08-13 10:51:57.636441-04:00,657.636441,1676.0,1.6093000173568726,1.6098999977111816
MOBX,2026-08-13 10:43:00-04:00,2026-08-13 10:51:57.636441-04:00,477.636441,517.0,1.6050000190734863,1.6050000190734863
MOBX,2026-08-13 10:45:00-04:00,2026-08-13 10:51:57.636441-04:00,357.636441,6005.0,1.600000023841858,1.6050000190734863
MOBX,2026-08-13 10:46:00-04:00,2026-08-13 10:51:57.636441-04:00,297.636441,481.0,1.6002999544143677,1.6002999544143677
MOBX,2026-08-13 10:47:00-04:00,2026-08-13 10:51:57.636441-04:00,237.636441,2039.0,1.600000023841858,1.600000023841858
MOBX,2026-08-13 10:50:00-04:00,2026-08-13 10:51:57.636441-04:00,57.636441,0.0,1.600100040435791,1.600100040435791
INDP,2026-08-13 10:05:00-04:00,2026-08-13 10:51:57.636441-04:00,2757.636441,265.0,1.0800000429153442,1.0800000429153442
INDP,2026-08-13 10:11:00-04:00,2026-08-13 10:51:57.636441-04:00,2397.636441,1232.0,1.070099949836731,1.070099949836731
INDP,2026-08-13 10:12:00-04:00,2026-08-13 10:51:57.636441-04:00,2337.636441,5396.0,1.0700000524520874,1.0700000524520874
INDP,2026-08-13 10:20:00-04:00,2026-08-13 10:51:57.636441-04:00,1857.636441,14909.0,1.0800000429153442,1.0799000263214111
INDP,2026-08-13 10:22:00-04:00,2026-08-13 10:51:57.636441-04:00,1737.636441,4547.0,1.070099949836731,1.070099949836731
INDP,2026-08-13 10:51:00-04:00,2026-08-13 10:51:57.636441-04:00,-2.363559,0.0,1.0700000524520874,1.0700000524520874
LSTA,2026-08-13 09:30:00-04:00,2026-08-13 10:51:57.636441-04:00,4857.636441,483.0,1.190000057220459,1.190000057220459
LSTA,2026-08-13 10:13:00-04:00,2026-08-13 10:51:57.636441-04:00,2277.636441,578.0,1.1399999856948853,1.1399999856948853
LSTA,2026-08-13 10:16:00-04:00,2026-08-13 10:51:57.636441-04:00,2097.636441,123.0,1.1699999570846558,1.1699999570846558
LSTA,2026-08-13 10:23:00-04:00,2026-08-13 10:51:57.636441-04:00,1677.636441,1117.0,1.1699999570846558,1.1699999570846558
LSTA,2026-08-13 10:45:00-04:00,2026-08-13 10:51:57.636441-04:00,357.636441,0.0,1.1399999856948853,1.1399999856948853
USIO,2026-08-13 10:46:00-04:00,2026-08-13 10:51:57.636441-04:00,297.636441,23766.0,2.9679999351501465,2.821199893951416
USIO,2026-08-13 10:47:00-04:00,2026-08-13 10:51:57.636441-04:00,237.636441,9564.0,2.809999942779541,2.799999952316284
USIO,2026-08-13 10:48:00-04:00,2026-08-13 10:51:57.636441-04:00,177.636441,12124.0,2.815000057220459,2.7500998973846436
USIO,2026-08-13 10:49:00-04:00,2026-08-13 10:51:57.636441-04:00,117.636441,6106.0,2.759999990463257,2.766900062561035
USIO,2026-08-13 10:50:00-04:00,2026-08-13 10:51:57.636441-04:00,57.636441,3252.0,2.7699999809265137,2.7792999744415283
USIO,2026-08-13 10:51:00-04:00,2026-08-13 10:51:57.636441-04:00,-2.363559,0.0,2.7799999713897705,2.7799999713897705
LSTA,2026-08-13 09:30:00-04:00,2026-08-13 10:52:17.660174-04:00,4877.660174,483.0,1.190000057220459,1.190000057220459
LSTA,2026-08-13 10:13:00-04:00,2026-08-13 10:52:17.660174-04:00,2297.660174,578.0,1.1399999856948853,1.1399999856948853
LSTA,2026-08-13 10:16:00-04:00,2026-08-13 10:52:17.660174-04:00,2117.660174,123.0,1.1699999570846558,1.1699999570846558
LSTA,2026-08-13 10:23:00-04:00,2026-08-13 10:52:17.660174-04:00,1697.660174,1117.0,1.1699999570846558,1.1699999570846558
LSTA,2026-08-13 10:45:00-04:00,2026-08-13 10:52:17.660174-04:00,377.660174,0.0,1.1399999856948853,1.1399999856948853
INDP,2026-08-13 10:05:00-04:00,2026-08-13 10:52:17.660174-04:00,2777.660174,265.0,1.0800000429153442,1.0800000429153442
INDP,2026-08-13 10:11:00-04:00,2026-08-13 10:52:17.660174-04:00,2417.660174,1232.0,1.070099949836731,1.070099949836731
INDP,2026-08-13 10:12:00-04:00,2026-08-13 10:52:17.660174-04:00,2357.660174,5396.0,1.0700000524520874,1.0700000524520874
INDP,2026-08-13 10:20:00-04:00,2026-08-13 10:52:17.660174-04:00,1877.660174,14909.0,1.0800000429153442,1.0799000263214111
INDP,2026-08-13 10:22:00-04:00,2026-08-13 10:52:17.660174-04:00,1757.660174,4547.0,1.070099949836731,1.070099949836731
INDP,2026-08-13 10:51:00-04:00,2026-08-13 10:52:17.660174-04:00,17.660174,0.0,1.0700000524520874,1.0700000524520874
USIO,2026-08-13 10:47:00-04:00,2026-08-13 10:52:17.660174-04:00,257.660174,9564.0,2.809999942779541,2.799999952316284
USIO,2026-08-13 10:48:00-04:00,2026-08-13 10:52:17.660174-04:00,197.660174,12124.0,2.815000057220459,2.7500998973846436
USIO,2026-08-13 10:49:00-04:00,2026-08-13 10:52:17.660174-04:00,137.660174,6106.0,2.759999990463257,2.766900062561035
USIO,2026-08-13 10:50:00-04:00,2026-08-13 10:52:17.660174-04:00,77.660174,3252.0,2.7699999809265137,2.7792999744415283
USIO,2026-08-13 10:51:00-04:00,2026-08-13 10:52:17.660174-04:00,17.660174,3151.0,2.7750000953674316,2.7799999713897705
USIO,2026-08-13 10:52:00-04:00,2026-08-13 10:52:17.660174-04:00,-42.339826,0.0,2.75,2.75
MOBX,2026-08-13 10:40:00-04:00,2026-08-13 10:52:17.660174-04:00,677.660174,1676.0,1.6093000173568726,1.6098999977111816
MOBX,2026-08-13 10:43:00-04:00,2026-08-13 10:52:17.660174-04:00,497.660174,517.0,1.6050000190734863,1.6050000190734863
MOBX,2026-08-13 10:45:00-04:00,2026-08-13 10:52:17.660174-04:00,377.660174,6005.0,1.600000023841858,1.6050000190734863
MOBX,2026-08-13 10:46:00-04:00,2026-08-13 10:52:17.660174-04:00,317.660174,481.0,1.6002999544143677,1.6002999544143677
MOBX,2026-08-13 10:47:00-04:00,2026-08-13 10:52:17.660174-04:00,257.660174,2039.0,1.600000023841858,1.600000023841858
MOBX,2026-08-13 10:50:00-04:00,2026-08-13 10:52:17.660174-04:00,77.660174,0.0,1.600100040435791,1.600100040435791
BTMD,2026-08-13 10:15:00-04:00,2026-08-13 10:52:17.660174-04:00,2177.660174,1312.0,1.5299999713897705,1.5299999713897705
BTMD,2026-08-13 10:21:00-04:00,2026-08-13 10:52:17.660174-04:00,1817.660174,1151.0,1.5471999645233154,1.5471999645233154
BTMD,2026-08-13 10:29:00-04:00,2026-08-13 10:52:17.660174-04:00,1337.660174,276.0,1.5199999809265137,1.5199999809265137
BTMD,2026-08-13 10:30:00-04:00,2026-08-13 10:52:17.660174-04:00,1277.660174,1087.0,1.534999966621399,1.534999966621399
BTMD,2026-08-13 10:33:00-04:00,2026-08-13 10:52:17.660174-04:00,1097.660174,322.0,1.534999966621399,1.534999966621399
BTMD,2026-08-13 10:38:00-04:00,2026-08-13 10:52:17.660174-04:00,797.660174,0.0,1.5099999904632568,1.5099999904632568
USIO,2026-08-13 10:47:00-04:00,2026-08-13 10:52:37.685264-04:00,277.685264,9564.0,2.809999942779541,2.799999952316284
USIO,2026-08-13 10:48:00-04:00,2026-08-13 10:52:37.685264-04:00,217.685264,12124.0,2.815000057220459,2.7500998973846436
USIO,2026-08-13 10:49:00-04:00,2026-08-13 10:52:37.685264-04:00,157.685264,6106.0,2.759999990463257,2.766900062561035
USIO,2026-08-13 10:50:00-04:00,2026-08-13 10:52:37.685264-04:00,97.685264,3252.0,2.7699999809265137,2.7792999744415283
USIO,2026-08-13 10:51:00-04:00,2026-08-13 10:52:37.685264-04:00,37.685264,3151.0,2.7750000953674316,2.7799999713897705
USIO,2026-08-13 10:52:00-04:00,2026-08-13 10:52:37.685264-04:00,-22.314736,0.0,2.740000009536743,2.740000009536743
MOBX,2026-08-13 10:40:00-04:00,2026-08-13 10:52:37.685264-04:00,697.685264,1676.0,1.6093000173568726,1.6098999977111816
MOBX,2026-08-13 10:43:00-04:00,2026-08-13 10:52:37.685264-04:00,517.685264,517.0,1.6050000190734863,1.6050000190734863
MOBX,2026-08-13 10:45:00-04:00,2026-08-13 10:52:37.685264-04:00,397.685264,6005.0,1.600000023841858,1.6050000190734863
MOBX,2026-08-13 10:46:00-04:00,2026-08-13 10:52:37.685264-04:00,337.685264,481.0,1.6002999544143677,1.6002999544143677
MOBX,2026-08-13 10:47:00-04:00,2026-08-13 10:52:37.685264-04:00,277.685264,2039.0,1.600000023841858,1.600000023841858
MOBX,2026-08-13 10:50:00-04:00,2026-08-13 10:52:37.685264-04:00,97.685264,0.0,1.600100040435791,1.600100040435791
LSTA,2026-08-13 09:30:00-04:00,2026-08-13 10:52:37.685264-04:00,4897.685264,483.0,1.190000057220459,1.190000057220459
LSTA,2026-08-13 10:13:00-04:00,2026-08-13 10:52:37.685264-04:00,2317.685264,578.0,1.1399999856948853,1.1399999856948853
LSTA,2026-08-13 10:16:00-04:00,2026-08-13 10:52:37.685264-04:00,2137.685264,123.0,1.1699999570846558,1.1699999570846558
LSTA,2026-08-13 10:23:00-04:00,2026-08-13 10:52:37.685264-04:00,1717.685264,1117.0,1.1699999570846558,1.1699999570846558
LSTA,2026-08-13 10:45:00-04:00,2026-08-13 10:52:37.685264-04:00,397.685264,0.0,1.1399999856948853,1.1399999856948853
BTMD,2026-08-13 10:15:00-04:00,2026-08-13 10:52:37.685264-04:00,2197.685264,1312.0,1.5299999713897705,1.5299999713897705
BTMD,2026-08-13 10:21:00-04:00,2026-08-13 10:52:37.685264-04:00,1837.685264,1151.0,1.5471999645233154,1.5471999645233154
BTMD,2026-08-13 10:29:00-04:00,2026-08-13 10:52:37.685264-04:00,1357.685264,276.0,1.5199999809265137,1.5199999809265137
BTMD,2026-08-13 10:30:00-04:00,2026-08-13 10:52:37.685264-04:00,1297.685264,1087.0,1.534999966621399,1.534999966621399
BTMD,2026-08-13 10:33:00-04:00,2026-08-13 10:52:37.685264-04:00,1117.685264,322.0,1.534999966621399,1.534999966621399
BTMD,2026-08-13 10:38:00-04:00,2026-08-13 10:52:37.685264-04:00,817.685264,0.0,1.5099999904632568,1.5099999904632568
INDP,2026-08-13 10:11:00-04:00,2026-08-13 10:52:37.685264-04:00,2437.685264,1232.0,1.070099949836731,1.070099949836731
INDP,2026-08-13 10:12:00-04:00,2026-08-13 10:52:37.685264-04:00,2377.685264,5396.0,1.0700000524520874,1.0700000524520874
INDP,2026-08-13 10:20:00-04:00,2026-08-13 10:52:37.685264-04:00,1897.685264,14909.0,1.0800000429153442,1.0799000263214111
INDP,2026-08-13 10:22:00-04:00,2026-08-13 10:52:37.685264-04:00,1777.685264,4547.0,1.070099949836731,1.070099949836731
INDP,2026-08-13 10:51:00-04:00,2026-08-13 10:52:37.685264-04:00,37.685264,372.0,1.0700000524520874,1.0700000524520874
INDP,2026-08-13 10:52:00-04:00,2026-08-13 10:52:37.685264-04:00,-22.314736,0.0,1.0707999467849731,1.0707999467849731
INDP,2026-08-13 10:11:00-04:00,2026-08-13 10:52:57.710786-04:00,2457.710786,1232.0,1.070099949836731,1.070099949836731
INDP,2026-08-13 10:12:00-04:00,2026-08-13 10:52:57.710786-04:00,2397.710786,5396.0,1.0700000524520874,1.0700000524520874
INDP,2026-08-13 10:20:00-04:00,2026-08-13 10:52:57.710786-04:00,1917.710786,14909.0,1.0800000429153442,1.0799000263214111
INDP,2026-08-13 10:22:00-04:00,2026-08-13 10:52:57.710786-04:00,1797.710786,4547.0,1.070099949836731,1.070099949836731
INDP,2026-08-13 10:51:00-04:00,2026-08-13 10:52:57.710786-04:00,57.710786,187.0,1.0700000524520874,1.0700000524520874
INDP,2026-08-13 10:52:00-04:00,2026-08-13 10:52:57.710786-04:00,-2.289214,0.0,1.0707999467849731,1.0707999467849731
BTMD,2026-08-13 10:15:00-04:00,2026-08-13 10:52:57.710786-04:00,2217.710786,1312.0,1.5299999713897705,1.5299999713897705
BTMD,2026-08-13 10:21:00-04:00,2026-08-13 10:52:57.710786-04:00,1857.710786,1151.0,1.5471999645233154,1.5471999645233154
BTMD,2026-08-13 10:29:00-04:00,2026-08-13 10:52:57.710786-04:00,1377.710786,276.0,1.5199999809265137,1.5199999809265137
BTMD,2026-08-13 10:30:00-04:00,2026-08-13 10:52:57.710786-04:00,1317.710786,1087.0,1.534999966621399,1.534999966621399
BTMD,2026-08-13 10:33:00-04:00,2026-08-13 10:52:57.710786-04:00,1137.710786,322.0,1.534999966621399,1.534999966621399
BTMD,2026-08-13 10:38:00-04:00,2026-08-13 10:52:57.710786-04:00,837.710786,0.0,1.5099999904632568,1.5099999904632568
MOBX,2026-08-13 10:43:00-04:00,2026-08-13 10:52:57.710786-04:00,537.710786,517.0,1.6050000190734863,1.6050000190734863
MOBX,2026-08-13 10:45:00-04:00,2026-08-13 10:52:57.710786-04:00,417.710786,6005.0,1.600000023841858,1.6050000190734863
MOBX,2026-08-13 10:46:00-04:00,2026-08-13 10:52:57.710786-04:00,357.710786,481.0,1.6002999544143677,1.6002999544143677
MOBX,2026-08-13 10:47:00-04:00,2026-08-13 10:52:57.710786-04:00,297.710786,2039.0,1.600000023841858,1.600000023841858
MOBX,2026-08-13 10:50:00-04:00,2026-08-13 10:52:57.710786-04:00,117.710786,1956.0,1.600000023841858,1.600100040435791
MOBX,2026-08-13 10:52:00-04:00,2026-08-13 10:52:57.710786-04:00,-2.289214,0.0,1.600100040435791,1.600100040435791
USIO,2026-08-13 10:47:00-04:00,2026-08-13 10:52:57.710786-04:00,297.710786,9564.0,2.809999942779541,2.799999952316284
USIO,2026-08-13 10:48:00-04:00,2026-08-13 10:52:57.710786-04:00,237.710786,12124.0,2.815000057220459,2.7500998973846436
USIO,2026-08-13 10:49:00-04:00,2026-08-13 10:52:57.710786-04:00,177.710786,6106.0,2.759999990463257,2.766900062561035
USIO,2026-08-13 10:50:00-04:00,2026-08-13 10:52:57.710786-04:00,117.710786,3252.0,2.7699999809265137,2.7792999744415283
USIO,2026-08-13 10:51:00-04:00,2026-08-13 10:52:57.710786-04:00,57.710786,3151.0,2.7750000953674316,2.7799999713897705
USIO,2026-08-13 10:52:00-04:00,2026-08-13 10:52:57.710786-04:00,-2.289214,0.0,2.736299991607666,2.736299991607666
LSTA,2026-08-13 09:30:00-04:00,2026-08-13 10:52:57.710786-04:00,4917.710786,483.0,1.190000057220459,1.190000057220459
LSTA,2026-08-13 10:13:00-04:00,2026-08-13 10:52:57.710786-04:00,2337.710786,578.0,1.1399999856948853,1.1399999856948853
LSTA,2026-08-13 10:16:00-04:00,2026-08-13 10:52:57.710786-04:00,2157.710786,123.0,1.1699999570846558,1.1699999570846558
LSTA,2026-08-13 10:23:00-04:00,2026-08-13 10:52:57.710786-04:00,1737.710786,1117.0,1.1699999570846558,1.1699999570846558
LSTA,2026-08-13 10:45:00-04:00,2026-08-13 10:52:57.710786-04:00,417.710786,0.0,1.1399999856948853,1.1399999856948853
USIO,2026-08-13 10:48:00-04:00,2026-08-13 10:53:17.733971-04:00,257.733971,12124.0,2.815000057220459,2.7500998973846436
USIO,2026-08-13 10:49:00-04:00,2026-08-13 10:53:17.733971-04:00,197.733971,6106.0,2.759999990463257,2.766900062561035
USIO,2026-08-13 10:50:00-04:00,2026-08-13 10:53:17.733971-04:00,137.733971,3252.0,2.7699999809265137,2.7792999744415283
USIO,2026-08-13 10:51:00-04:00,2026-08-13 10:53:17.733971-04:00,77.733971,3151.0,2.7750000953674316,2.7799999713897705
USIO,2026-08-13 10:52:00-04:00,2026-08-13 10:53:17.733971-04:00,17.733971,14291.0,2.7799999713897705,2.736299991607666
USIO,2026-08-13 10:53:00-04:00,2026-08-13 10:53:17.733971-04:00,-42.266029,0.0,2.740000009536743,2.740000009536743
MOBX,2026-08-13 10:45:00-04:00,2026-08-13 10:53:17.733971-04:00,437.733971,6005.0,1.600000023841858,1.6050000190734863
MOBX,2026-08-13 10:46:00-04:00,2026-08-13 10:53:17.733971-04:00,377.733971,481.0,1.6002999544143677,1.6002999544143677
MOBX,2026-08-13 10:47:00-04:00,2026-08-13 10:53:17.733971-04:00,317.733971,2039.0,1.600000023841858,1.600000023841858
MOBX,2026-08-13 10:50:00-04:00,2026-08-13 10:53:17.733971-04:00,137.733971,1956.0,1.600000023841858,1.600100040435791
MOBX,2026-08-13 10:52:00-04:00,2026-08-13 10:53:17.733971-04:00,17.733971,1028.0,1.600100040435791,1.600100040435791
MOBX,2026-08-13 10:53:00-04:00,2026-08-13 10:53:17.733971-04:00,-42.266029,0.0,1.6050000190734863,1.6050000190734863
BTMD,2026-08-13 10:15:00-04:00,2026-08-13 10:53:17.733971-04:00,2237.733971,1312.0,1.5299999713897705,1.5299999713897705
BTMD,2026-08-13 10:21:00-04:00,2026-08-13 10:53:17.733971-04:00,1877.733971,1151.0,1.5471999645233154,1.5471999645233154
BTMD,2026-08-13 10:29:00-04:00,2026-08-13 10:53:17.733971-04:00,1397.733971,276.0,1.5199999809265137,1.5199999809265137
BTMD,2026-08-13 10:30:00-04:00,2026-08-13 10:53:17.733971-04:00,1337.733971,1087.0,1.534999966621399,1.534999966621399
BTMD,2026-08-13 10:33:00-04:00,2026-08-13 10:53:17.733971-04:00,1157.733971,322.0,1.534999966621399,1.534999966621399
BTMD,2026-08-13 10:38:00-04:00,2026-08-13 10:53:17.733971-04:00,857.733971,0.0,1.5099999904632568,1.5099999904632568
LSTA,2026-08-13 09:30:00-04:00,2026-08-13 10:53:17.733971-04:00,4937.733971,483.0,1.190000057220459,1.190000057220459
LSTA,2026-08-13 10:13:00-04:00,2026-08-13 10:53:17.733971-04:00,2357.733971,578.0,1.1399999856948853,1.1399999856948853
LSTA,2026-08-13 10:16:00-04:00,2026-08-13 10:53:17.733971-04:00,2177.733971,123.0,1.1699999570846558,1.1699999570846558
LSTA,2026-08-13 10:23:00-04:00,2026-08-13 10:53:17.733971-04:00,1757.733971,1117.0,1.1699999570846558,1.1699999570846558
LSTA,2026-08-13 10:45:00-04:00,2026-08-13 10:53:17.733971-04:00,437.733971,0.0,1.1399999856948853,1.1399999856948853
INDP,2026-08-13 10:11:00-04:00,2026-08-13 10:53:17.733971-04:00,2477.733971,1232.0,1.070099949836731,1.070099949836731
INDP,2026-08-13 10:12:00-04:00,2026-08-13 10:53:17.733971-04:00,2417.733971,5396.0,1.0700000524520874,1.0700000524520874
INDP,2026-08-13 10:20:00-04:00,2026-08-13 10:53:17.733971-04:00,1937.733971,14909.0,1.0800000429153442,1.0799000263214111
INDP,2026-08-13 10:22:00-04:00,2026-08-13 10:53:17.733971-04:00,1817.733971,4547.0,1.070099949836731,1.070099949836731
INDP,2026-08-13 10:51:00-04:00,2026-08-13 10:53:17.733971-04:00,77.733971,372.0,1.0700000524520874,1.0700000524520874
INDP,2026-08-13 10:52:00-04:00,2026-08-13 10:53:17.733971-04:00,17.733971,0.0,1.0707999467849731,1.0707999467849731
BTMD,2026-08-13 10:15:00-04:00,2026-08-13 10:53:37.758412-04:00,2257.758412,1312.0,1.5299999713897705,1.5299999713897705
BTMD,2026-08-13 10:21:00-04:00,2026-08-13 10:53:37.758412-04:00,1897.758412,1151.0,1.5471999645233154,1.5471999645233154
BTMD,2026-08-13 10:29:00-04:00,2026-08-13 10:53:37.758412-04:00,1417.758412,276.0,1.5199999809265137,1.5199999809265137
BTMD,2026-08-13 10:30:00-04:00,2026-08-13 10:53:37.758412-04:00,1357.758412,1087.0,1.534999966621399,1.534999966621399
BTMD,2026-08-13 10:33:00-04:00,2026-08-13 10:53:37.758412-04:00,1177.758412,322.0,1.534999966621399,1.534999966621399
BTMD,2026-08-13 10:38:00-04:00,2026-08-13 10:53:37.758412-04:00,877.758412,0.0,1.5099999904632568,1.5099999904632568
LSTA,2026-08-13 09:30:00-04:00,2026-08-13 10:53:37.758412-04:00,4957.758412,483.0,1.190000057220459,1.190000057220459
LSTA,2026-08-13 10:13:00-04:00,2026-08-13 10:53:37.758412-04:00,2377.758412,578.0,1.1399999856948853,1.1399999856948853
LSTA,2026-08-13 10:16:00-04:00,2026-08-13 10:53:37.758412-04:00,2197.758412,123.0,1.1699999570846558,1.1699999570846558
LSTA,2026-08-13 10:23:00-04:00,2026-08-13 10:53:37.758412-04:00,1777.758412,1117.0,1.1699999570846558,1.1699999570846558
LSTA,2026-08-13 10:45:00-04:00,2026-08-13 10:53:37.758412-04:00,457.758412,0.0,1.1399999856948853,1.1399999856948853
USIO,2026-08-13 10:48:00-04:00,2026-08-13 10:53:37.758412-04:00,277.758412,12124.0,2.815000057220459,2.7500998973846436
USIO,2026-08-13 10:49:00-04:00,2026-08-13 10:53:37.758412-04:00,217.758412,6106.0,2.759999990463257,2.766900062561035
USIO,2026-08-13 10:50:00-04:00,2026-08-13 10:53:37.758412-04:00,157.758412,3252.0,2.7699999809265137,2.7792999744415283
USIO,2026-08-13 10:51:00-04:00,2026-08-13 10:53:37.758412-04:00,97.758412,3151.0,2.7750000953674316,2.7799999713897705
USIO,2026-08-13 10:52:00-04:00,2026-08-13 10:53:37.758412-04:00,37.758412,14291.0,2.7799999713897705,2.736299991607666
USIO,2026-08-13 10:53:00-04:00,2026-08-13 10:53:37.758412-04:00,-22.241588,0.0,2.744999885559082,2.744999885559082
INDP,2026-08-13 10:11:00-04:00,2026-08-13 10:53:37.758412-04:00,2497.758412,1232.0,1.070099949836731,1.070099949836731
INDP,2026-08-13 10:12:00-04:00,2026-08-13 10:53:37.758412-04:00,2437.758412,5396.0,1.0700000524520874,1.0700000524520874
INDP,2026-08-13 10:20:00-04:00,2026-08-13 10:53:37.758412-04:00,1957.758412,14909.0,1.0800000429153442,1.0799000263214111
INDP,2026-08-13 10:22:00-04:00,2026-08-13 10:53:37.758412-04:00,1837.758412,4547.0,1.070099949836731,1.070099949836731
INDP,2026-08-13 10:51:00-04:00,2026-08-13 10:53:37.758412-04:00,97.758412,372.0,1.0700000524520874,1.0700000524520874
INDP,2026-08-13 10:52:00-04:00,2026-08-13 10:53:37.758412-04:00,37.758412,0.0,1.0707999467849731,1.0707999467849731
MOBX,2026-08-13 10:45:00-04:00,2026-08-13 10:53:37.758412-04:00,457.758412,6005.0,1.600000023841858,1.6050000190734863
MOBX,2026-08-13 10:46:00-04:00,2026-08-13 10:53:37.758412-04:00,397.758412,481.0,1.6002999544143677,1.6002999544143677
MOBX,2026-08-13 10:47:00-04:00,2026-08-13 10:53:37.758412-04:00,337.758412,2039.0,1.600000023841858,1.600000023841858
MOBX,2026-08-13 10:50:00-04:00,2026-08-13 10:53:37.758412-04:00,157.758412,1956.0,1.600000023841858,1.600100040435791
MOBX,2026-08-13 10:52:00-04:00,2026-08-13 10:53:37.758412-04:00,37.758412,1028.0,1.600100040435791,1.600100040435791
MOBX,2026-08-13 10:53:00-04:00,2026-08-13 10:53:37.758412-04:00,-22.241588,0.0,1.6050000190734863,1.6050000190734863
BTMD,2026-08-13 10:15:00-04:00,2026-08-13 10:53:57.790010-04:00,2277.79001,1299.0,1.5299999713897705,1.5299999713897705
BTMD,2026-08-13 10:21:00-04:00,2026-08-13 10:53:57.790010-04:00,1917.79001,1151.0,1.5471999645233154,1.5471999645233154
BTMD,2026-08-13 10:29:00-04:00,2026-08-13 10:53:57.790010-04:00,1437.79001,276.0,1.5199999809265137,1.5199999809265137
BTMD,2026-08-13 10:30:00-04:00,2026-08-13 10:53:57.790010-04:00,1377.79001,1087.0,1.534999966621399,1.534999966621399
BTMD,2026-08-13 10:33:00-04:00,2026-08-13 10:53:57.790010-04:00,1197.79001,322.0,1.534999966621399,1.534999966621399
BTMD,2026-08-13 10:38:00-04:00,2026-08-13 10:53:57.790010-04:00,897.79001,0.0,1.5099999904632568,1.5099999904632568
LSTA,2026-08-13 09:30:00-04:00,2026-08-13 10:53:57.790010-04:00,4977.79001,483.0,1.190000057220459,1.190000057220459
LSTA,2026-08-13 10:13:00-04:00,2026-08-13 10:53:57.790010-04:00,2397.79001,578.0,1.1399999856948853,1.1399999856948853
LSTA,2026-08-13 10:16:00-04:00,2026-08-13 10:53:57.790010-04:00,2217.79001,123.0,1.1699999570846558,1.1699999570846558
LSTA,2026-08-13 10:23:00-04:00,2026-08-13 10:53:57.790010-04:00,1797.79001,1117.0,1.1699999570846558,1.1699999570846558
LSTA,2026-08-13 10:45:00-04:00,2026-08-13 10:53:57.790010-04:00,477.79001,0.0,1.1399999856948853,1.1399999856948853
INDP,2026-08-13 10:11:00-04:00,2026-08-13 10:53:57.790010-04:00,2517.79001,1232.0,1.070099949836731,1.070099949836731
INDP,2026-08-13 10:12:00-04:00,2026-08-13 10:53:57.790010-04:00,2457.79001,5396.0,1.0700000524520874,1.0700000524520874
INDP,2026-08-13 10:20:00-04:00,2026-08-13 10:53:57.790010-04:00,1977.79001,14909.0,1.0800000429153442,1.0799000263214111
INDP,2026-08-13 10:22:00-04:00,2026-08-13 10:53:57.790010-04:00,1857.79001,4547.0,1.070099949836731,1.070099949836731
INDP,2026-08-13 10:51:00-04:00,2026-08-13 10:53:57.790010-04:00,117.79001,372.0,1.0700000524520874,1.0700000524520874
INDP,2026-08-13 10:52:00-04:00,2026-08-13 10:53:57.790010-04:00,57.79001,0.0,1.0707999467849731,1.0707999467849731
MOBX,2026-08-13 10:45:00-04:00,2026-08-13 10:53:57.790010-04:00,477.79001,6005.0,1.600000023841858,1.6050000190734863
MOBX,2026-08-13 10:46:00-04:00,2026-08-13 10:53:57.790010-04:00,417.79001,481.0,1.6002999544143677,1.6002999544143677
MOBX,2026-08-13 10:47:00-04:00,2026-08-13 10:53:57.790010-04:00,357.79001,2039.0,1.600000023841858,1.600000023841858
MOBX,2026-08-13 10:50:00-04:00,2026-08-13 10:53:57.790010-04:00,177.79001,1956.0,1.600000023841858,1.600100040435791
MOBX,2026-08-13 10:52:00-04:00,2026-08-13 10:53:57.790010-04:00,57.79001,1028.0,1.600100040435791,1.600100040435791
MOBX,2026-08-13 10:53:00-04:00,2026-08-13 10:53:57.790010-04:00,-2.20999,0.0,1.600000023841858,1.600000023841858
USIO,2026-08-13 10:48:00-04:00,2026-08-13 10:53:57.790010-04:00,297.79001,12124.0,2.815000057220459,2.7500998973846436
USIO,2026-08-13 10:49:00-04:00,2026-08-13 10:53:57.790010-04:00,237.79001,6106.0,2.759999990463257,2.766900062561035
USIO,2026-08-13 10:50:00-04:00,2026-08-13 10:53:57.790010-04:00,177.79001,3252.0,2.7699999809265137,2.7792999744415283
USIO,2026-08-13 10:51:00-04:00,2026-08-13 10:53:57.790010-04:00,117.79001,3151.0,2.7750000953674316,2.7799999713897705
USIO,2026-08-13 10:52:00-04:00,2026-08-13 10:53:57.790010-04:00,57.79001,14291.0,2.7799999713897705,2.736299991607666
USIO,2026-08-13 10:53:00-04:00,2026-08-13 10:53:57.790010-04:00,-2.20999,0.0,2.744999885559082,2.744999885559082
BTMD,2026-08-13 10:15:00-04:00,2026-08-13 10:54:17.819633-04:00,2297.819633,1299.0,1.5299999713897705,1.5299999713897705
BTMD,2026-08-13 10:21:00-04:00,2026-08-13 10:54:17.819633-04:00,1937.819633,1151.0,1.5471999645233154,1.5471999645233154
BTMD,2026-08-13 10:29:00-04:00,2026-08-13 10:54:17.819633-04:00,1457.819633,276.0,1.5199999809265137,1.5199999809265137
BTMD,2026-08-13 10:30:00-04:00,2026-08-13 10:54:17.819633-04:00,1397.819633,1087.0,1.534999966621399,1.534999966621399
BTMD,2026-08-13 10:33:00-04:00,2026-08-13 10:54:17.819633-04:00,1217.819633,322.0,1.534999966621399,1.534999966621399
BTMD,2026-08-13 10:38:00-04:00,2026-08-13 10:54:17.819633-04:00,917.819633,0.0,1.5099999904632568,1.5099999904632568
USIO,2026-08-13 10:49:00-04:00,2026-08-13 10:54:17.819633-04:00,257.819633,6106.0,2.759999990463257,2.766900062561035
USIO,2026-08-13 10:50:00-04:00,2026-08-13 10:54:17.819633-04:00,197.819633,3252.0,2.7699999809265137,2.7792999744415283
USIO,2026-08-13 10:51:00-04:00,2026-08-13 10:54:17.819633-04:00,137.819633,3151.0,2.7750000953674316,2.7799999713897705
USIO,2026-08-13 10:52:00-04:00,2026-08-13 10:54:17.819633-04:00,77.819633,14291.0,2.7799999713897705,2.736299991607666
USIO,2026-08-13 10:53:00-04:00,2026-08-13 10:54:17.819633-04:00,17.819633,2945.0,2.7300000190734863,2.744999885559082
USIO,2026-08-13 10:54:00-04:00,2026-08-13 10:54:17.819633-04:00,-42.180367,0.0,2.734999895095825,2.734999895095825
LSTA,2026-08-13 09:30:00-04:00,2026-08-13 10:54:17.819633-04:00,4997.819633,483.0,1.190000057220459,1.190000057220459
LSTA,2026-08-13 10:13:00-04:00,2026-08-13 10:54:17.819633-04:00,2417.819633,578.0,1.1399999856948853,1.1399999856948853
LSTA,2026-08-13 10:16:00-04:00,2026-08-13 10:54:17.819633-04:00,2237.819633,123.0,1.1699999570846558,1.1699999570846558
LSTA,2026-08-13 10:23:00-04:00,2026-08-13 10:54:17.819633-04:00,1817.819633,1117.0,1.1699999570846558,1.1699999570846558
LSTA,2026-08-13 10:45:00-04:00,2026-08-13 10:54:17.819633-04:00,497.819633,0.0,1.1399999856948853,1.1399999856948853
INDP,2026-08-13 10:11:00-04:00,2026-08-13 10:54:17.819633-04:00,2537.819633,1232.0,1.070099949836731,1.070099949836731
INDP,2026-08-13 10:12:00-04:00,2026-08-13 10:54:17.819633-04:00,2477.819633,5396.0,1.0700000524520874,1.0700000524520874
INDP,2026-08-13 10:20:00-04:00,2026-08-13 10:54:17.819633-04:00,1997.819633,14909.0,1.0800000429153442,1.0799000263214111
INDP,2026-08-13 10:22:00-04:00,2026-08-13 10:54:17.819633-04:00,1877.819633,4547.0,1.070099949836731,1.070099949836731
INDP,2026-08-13 10:51:00-04:00,2026-08-13 10:54:17.819633-04:00,137.819633,372.0,1.0700000524520874,1.0700000524520874
INDP,2026-08-13 10:52:00-04:00,2026-08-13 10:54:17.819633-04:00,77.819633,0.0,1.0707999467849731,1.0707999467849731
MOBX,2026-08-13 10:46:00-04:00,2026-08-13 10:54:17.819633-04:00,437.819633,481.0,1.6002999544143677,1.6002999544143677
MOBX,2026-08-13 10:47:00-04:00,2026-08-13 10:54:17.819633-04:00,377.819633,2039.0,1.600000023841858,1.600000023841858
MOBX,2026-08-13 10:50:00-04:00,2026-08-13 10:54:17.819633-04:00,197.819633,1956.0,1.600000023841858,1.600100040435791
MOBX,2026-08-13 10:52:00-04:00,2026-08-13 10:54:17.819633-04:00,77.819633,1028.0,1.600100040435791,1.600100040435791
MOBX,2026-08-13 10:53:00-04:00,2026-08-13 10:54:17.819633-04:00,17.819633,24186.0,1.6050000190734863,1.600000023841858
MOBX,2026-08-13 10:54:00-04:00,2026-08-13 10:54:17.819633-04:00,-42.180367,0.0,1.6093000173568726,1.6093000173568726
INDP,2026-08-13 10:11:00-04:00,2026-08-13 10:54:37.843869-04:00,2557.843869,1232.0,1.070099949836731,1.070099949836731
INDP,2026-08-13 10:12:00-04:00,2026-08-13 10:54:37.843869-04:00,2497.843869,5396.0,1.0700000524520874,1.0700000524520874
INDP,2026-08-13 10:20:00-04:00,2026-08-13 10:54:37.843869-04:00,2017.843869,14909.0,1.0800000429153442,1.0799000263214111
INDP,2026-08-13 10:22:00-04:00,2026-08-13 10:54:37.843869-04:00,1897.843869,4547.0,1.070099949836731,1.070099949836731
INDP,2026-08-13 10:51:00-04:00,2026-08-13 10:54:37.843869-04:00,157.843869,187.0,1.0700000524520874,1.0700000524520874
INDP,2026-08-13 10:52:00-04:00,2026-08-13 10:54:37.843869-04:00,97.843869,0.0,1.0707999467849731,1.0707999467849731
BTMD,2026-08-13 10:15:00-04:00,2026-08-13 10:54:37.843869-04:00,2317.843869,1312.0,1.5299999713897705,1.5299999713897705
BTMD,2026-08-13 10:21:00-04:00,2026-08-13 10:54:37.843869-04:00,1957.843869,1151.0,1.5471999645233154,1.5471999645233154
BTMD,2026-08-13 10:29:00-04:00,2026-08-13 10:54:37.843869-04:00,1477.843869,276.0,1.5199999809265137,1.5199999809265137
BTMD,2026-08-13 10:30:00-04:00,2026-08-13 10:54:37.843869-04:00,1417.843869,1087.0,1.534999966621399,1.534999966621399
BTMD,2026-08-13 10:33:00-04:00,2026-08-13 10:54:37.843869-04:00,1237.843869,322.0,1.534999966621399,1.534999966621399
BTMD,2026-08-13 10:38:00-04:00,2026-08-13 10:54:37.843869-04:00,937.843869,0.0,1.5099999904632568,1.5099999904632568
LSTA,2026-08-13 09:30:00-04:00,2026-08-13 10:54:37.843869-04:00,5017.843869,483.0,1.190000057220459,1.190000057220459
LSTA,2026-08-13 10:13:00-04:00,2026-08-13 10:54:37.843869-04:00,2437.843869,578.0,1.1399999856948853,1.1399999856948853
LSTA,2026-08-13 10:16:00-04:00,2026-08-13 10:54:37.843869-04:00,2257.843869,123.0,1.1699999570846558,1.1699999570846558
LSTA,2026-08-13 10:23:00-04:00,2026-08-13 10:54:37.843869-04:00,1837.843869,1117.0,1.1699999570846558,1.1699999570846558
LSTA,2026-08-13 10:45:00-04:00,2026-08-13 10:54:37.843869-04:00,517.843869,0.0,1.1399999856948853,1.1399999856948853
USIO,2026-08-13 10:49:00-04:00,2026-08-13 10:54:37.843869-04:00,277.843869,6106.0,2.759999990463257,2.766900062561035
USIO,2026-08-13 10:50:00-04:00,2026-08-13 10:54:37.843869-04:00,217.843869,3252.0,2.7699999809265137,2.7792999744415283
USIO,2026-08-13 10:51:00-04:00,2026-08-13 10:54:37.843869-04:00,157.843869,3151.0,2.7750000953674316,2.7799999713897705
USIO,2026-08-13 10:52:00-04:00,2026-08-13 10:54:37.843869-04:00,97.843869,14291.0,2.7799999713897705,2.736299991607666
USIO,2026-08-13 10:53:00-04:00,2026-08-13 10:54:37.843869-04:00,37.843869,2945.0,2.7300000190734863,2.744999885559082
USIO,2026-08-13 10:54:00-04:00,2026-08-13 10:54:37.843869-04:00,-22.156131,0.0,2.7300000190734863,2.7300000190734863
MOBX,2026-08-13 10:46:00-04:00,2026-08-13 10:54:37.843869-04:00,457.843869,481.0,1.6002999544143677,1.6002999544143677
MOBX,2026-08-13 10:47:00-04:00,2026-08-13 10:54:37.843869-04:00,397.843869,2039.0,1.600000023841858,1.600000023841858
MOBX,2026-08-13 10:50:00-04:00,2026-08-13 10:54:37.843869-04:00,217.843869,1956.0,1.600000023841858,1.600100040435791
MOBX,2026-08-13 10:52:00-04:00,2026-08-13 10:54:37.843869-04:00,97.843869,1028.0,1.600100040435791,1.600100040435791
MOBX,2026-08-13 10:53:00-04:00,2026-08-13 10:54:37.843869-04:00,37.843869,24186.0,1.6050000190734863,1.600000023841858
MOBX,2026-08-13 10:54:00-04:00,2026-08-13 10:54:37.843869-04:00,-22.156131,0.0,1.600000023841858,1.600000023841858
LSTA,2026-08-13 09:30:00-04:00,2026-08-13 10:54:57.870319-04:00,5037.870319,483.0,1.190000057220459,1.190000057220459
LSTA,2026-08-13 10:13:00-04:00,2026-08-13 10:54:57.870319-04:00,2457.870319,578.0,1.1399999856948853,1.1399999856948853
LSTA,2026-08-13 10:16:00-04:00,2026-08-13 10:54:57.870319-04:00,2277.870319,123.0,1.1699999570846558,1.1699999570846558
LSTA,2026-08-13 10:23:00-04:00,2026-08-13 10:54:57.870319-04:00,1857.870319,1117.0,1.1699999570846558,1.1699999570846558
LSTA,2026-08-13 10:45:00-04:00,2026-08-13 10:54:57.870319-04:00,537.870319,0.0,1.1399999856948853,1.1399999856948853
BTMD,2026-08-13 10:15:00-04:00,2026-08-13 10:54:57.870319-04:00,2337.870319,1312.0,1.5299999713897705,1.5299999713897705
BTMD,2026-08-13 10:21:00-04:00,2026-08-13 10:54:57.870319-04:00,1977.870319,1151.0,1.5471999645233154,1.5471999645233154
BTMD,2026-08-13 10:29:00-04:00,2026-08-13 10:54:57.870319-04:00,1497.870319,276.0,1.5199999809265137,1.5199999809265137
BTMD,2026-08-13 10:30:00-04:00,2026-08-13 10:54:57.870319-04:00,1437.870319,1087.0,1.534999966621399,1.534999966621399
BTMD,2026-08-13 10:33:00-04:00,2026-08-13 10:54:57.870319-04:00,1257.870319,322.0,1.534999966621399,1.534999966621399
BTMD,2026-08-13 10:38:00-04:00,2026-08-13 10:54:57.870319-04:00,957.870319,0.0,1.5099999904632568,1.5099999904632568
INDP,2026-08-13 10:11:00-04:00,2026-08-13 10:54:57.870319-04:00,2577.870319,1232.0,1.070099949836731,1.070099949836731
INDP,2026-08-13 10:12:00-04:00,2026-08-13 10:54:57.870319-04:00,2517.870319,5396.0,1.0700000524520874,1.0700000524520874
INDP,2026-08-13 10:20:00-04:00,2026-08-13 10:54:57.870319-04:00,2037.870319,14909.0,1.0800000429153442,1.0799000263214111
INDP,2026-08-13 10:22:00-04:00,2026-08-13 10:54:57.870319-04:00,1917.870319,4547.0,1.070099949836731,1.070099949836731
INDP,2026-08-13 10:51:00-04:00,2026-08-13 10:54:57.870319-04:00,177.870319,372.0,1.0700000524520874,1.0700000524520874
INDP,2026-08-13 10:52:00-04:00,2026-08-13 10:54:57.870319-04:00,117.870319,0.0,1.0707999467849731,1.0707999467849731
MOBX,2026-08-13 10:46:00-04:00,2026-08-13 10:54:57.870319-04:00,477.870319,481.0,1.6002999544143677,1.6002999544143677
MOBX,2026-08-13 10:47:00-04:00,2026-08-13 10:54:57.870319-04:00,417.870319,2039.0,1.600000023841858,1.600000023841858
MOBX,2026-08-13 10:50:00-04:00,2026-08-13 10:54:57.870319-04:00,237.870319,1956.0,1.600000023841858,1.600100040435791
MOBX,2026-08-13 10:52:00-04:00,2026-08-13 10:54:57.870319-04:00,117.870319,1028.0,1.600100040435791,1.600100040435791
MOBX,2026-08-13 10:53:00-04:00,2026-08-13 10:54:57.870319-04:00,57.870319,24186.0,1.6050000190734863,1.600000023841858
MOBX,2026-08-13 10:54:00-04:00,2026-08-13 10:54:57.870319-04:00,-2.129681,0.0,1.600000023841858,1.600000023841858
USIO,2026-08-13 10:49:00-04:00,2026-08-13 10:54:57.870319-04:00,297.870319,6106.0,2.759999990463257,2.766900062561035
USIO,2026-08-13 10:50:00-04:00,2026-08-13 10:54:57.870319-04:00,237.870319,3252.0,2.7699999809265137,2.7792999744415283
USIO,2026-08-13 10:51:00-04:00,2026-08-13 10:54:57.870319-04:00,177.870319,3151.0,2.7750000953674316,2.7799999713897705
USIO,2026-08-13 10:52:00-04:00,2026-08-13 10:54:57.870319-04:00,117.870319,14291.0,2.7799999713897705,2.736299991607666
USIO,2026-08-13 10:53:00-04:00,2026-08-13 10:54:57.870319-04:00,57.870319,2945.0,2.7300000190734863,2.744999885559082
USIO,2026-08-13 10:54:00-04:00,2026-08-13 10:54:57.870319-04:00,-2.129681,0.0,2.734999895095825,2.734999895095825
INDP,2026-08-13 10:11:00-04:00,2026-08-13 10:55:17.892201-04:00,2597.892201,1232.0,1.070099949836731,1.070099949836731
INDP,2026-08-13 10:12:00-04:00,2026-08-13 10:55:17.892201-04:00,2537.892201,5396.0,1.0700000524520874,1.0700000524520874
INDP,2026-08-13 10:20:00-04:00,2026-08-13 10:55:17.892201-04:00,2057.892201,14909.0,1.0800000429153442,1.0799000263214111
INDP,2026-08-13 10:22:00-04:00,2026-08-13 10:55:17.892201-04:00,1937.8922010000001,4547.0,1.070099949836731,1.070099949836731
INDP,2026-08-13 10:51:00-04:00,2026-08-13 10:55:17.892201-04:00,197.892201,187.0,1.0700000524520874,1.0700000524520874
INDP,2026-08-13 10:52:00-04:00,2026-08-13 10:55:17.892201-04:00,137.892201,0.0,1.0707999467849731,1.0707999467849731
LSTA,2026-08-13 09:30:00-04:00,2026-08-13 10:55:17.892201-04:00,5057.892201,483.0,1.190000057220459,1.190000057220459
LSTA,2026-08-13 10:13:00-04:00,2026-08-13 10:55:17.892201-04:00,2477.892201,578.0,1.1399999856948853,1.1399999856948853
LSTA,2026-08-13 10:16:00-04:00,2026-08-13 10:55:17.892201-04:00,2297.892201,123.0,1.1699999570846558,1.1699999570846558
LSTA,2026-08-13 10:23:00-04:00,2026-08-13 10:55:17.892201-04:00,1877.8922010000001,1117.0,1.1699999570846558,1.1699999570846558
LSTA,2026-08-13 10:45:00-04:00,2026-08-13 10:55:17.892201-04:00,557.892201,0.0,1.1399999856948853,1.1399999856948853
MOBX,2026-08-13 10:46:00-04:00,2026-08-13 10:55:17.892201-04:00,497.892201,481.0,1.6002999544143677,1.6002999544143677
MOBX,2026-08-13 10:47:00-04:00,2026-08-13 10:55:17.892201-04:00,437.892201,2039.0,1.600000023841858,1.600000023841858
MOBX,2026-08-13 10:50:00-04:00,2026-08-13 10:55:17.892201-04:00,257.892201,1956.0,1.600000023841858,1.600100040435791
MOBX,2026-08-13 10:52:00-04:00,2026-08-13 10:55:17.892201-04:00,137.892201,1028.0,1.600100040435791,1.600100040435791
MOBX,2026-08-13 10:53:00-04:00,2026-08-13 10:55:17.892201-04:00,77.892201,24186.0,1.6050000190734863,1.600000023841858
MOBX,2026-08-13 10:54:00-04:00,2026-08-13 10:55:17.892201-04:00,17.892201,1436.0,1.6093000173568726,1.600000023841858
USIO,2026-08-13 10:50:00-04:00,2026-08-13 10:55:17.892201-04:00,257.892201,3252.0,2.7699999809265137,2.7792999744415283
USIO,2026-08-13 10:51:00-04:00,2026-08-13 10:55:17.892201-04:00,197.892201,3151.0,2.7750000953674316,2.7799999713897705
USIO,2026-08-13 10:52:00-04:00,2026-08-13 10:55:17.892201-04:00,137.892201,14291.0,2.7799999713897705,2.736299991607666
USIO,2026-08-13 10:53:00-04:00,2026-08-13 10:55:17.892201-04:00,77.892201,2945.0,2.7300000190734863,2.744999885559082
USIO,2026-08-13 10:54:00-04:00,2026-08-13 10:55:17.892201-04:00,17.892201,9693.0,2.734999895095825,2.7049999237060547
USIO,2026-08-13 10:55:00-04:00,2026-08-13 10:55:17.892201-04:00,-42.107799,0.0,2.7249999046325684,2.7249999046325684
BTMD,2026-08-13 10:15:00-04:00,2026-08-13 10:55:17.892201-04:00,2357.892201,1312.0,1.5299999713897705,1.5299999713897705
BTMD,2026-08-13 10:21:00-04:00,2026-08-13 10:55:17.892201-04:00,1997.8922010000001,1151.0,1.5471999645233154,1.5471999645233154
BTMD,2026-08-13 10:29:00-04:00,2026-08-13 10:55:17.892201-04:00,1517.8922010000001,276.0,1.5199999809265137,1.5199999809265137
BTMD,2026-08-13 10:30:00-04:00,2026-08-13 10:55:17.892201-04:00,1457.8922010000001,1087.0,1.534999966621399,1.534999966621399
BTMD,2026-08-13 10:33:00-04:00,2026-08-13 10:55:17.892201-04:00,1277.8922010000001,322.0,1.534999966621399,1.534999966621399
BTMD,2026-08-13 10:38:00-04:00,2026-08-13 10:55:17.892201-04:00,977.892201,0.0,1.5099999904632568,1.5099999904632568
MOBX,2026-08-13 10:47:00-04:00,2026-08-13 10:55:37.919172-04:00,457.919172,2039.0,1.600000023841858,1.600000023841858
MOBX,2026-08-13 10:50:00-04:00,2026-08-13 10:55:37.919172-04:00,277.919172,1956.0,1.600000023841858,1.600100040435791
MOBX,2026-08-13 10:52:00-04:00,2026-08-13 10:55:37.919172-04:00,157.919172,1028.0,1.600100040435791,1.600100040435791
MOBX,2026-08-13 10:53:00-04:00,2026-08-13 10:55:37.919172-04:00,97.919172,24186.0,1.6050000190734863,1.600000023841858
MOBX,2026-08-13 10:54:00-04:00,2026-08-13 10:55:37.919172-04:00,37.919172,1436.0,1.6093000173568726,1.600000023841858
MOBX,2026-08-13 10:55:00-04:00,2026-08-13 10:55:37.919172-04:00,-22.080828,0.0,1.600100040435791,1.600100040435791
BTMD,2026-08-13 10:15:00-04:00,2026-08-13 10:55:37.919172-04:00,2377.919172,1312.0,1.5299999713897705,1.5299999713897705
BTMD,2026-08-13 10:21:00-04:00,2026-08-13 10:55:37.919172-04:00,2017.919172,1151.0,1.5471999645233154,1.5471999645233154
BTMD,2026-08-13 10:29:00-04:00,2026-08-13 10:55:37.919172-04:00,1537.919172,276.0,1.5199999809265137,1.5199999809265137
BTMD,2026-08-13 10:30:00-04:00,2026-08-13 10:55:37.919172-04:00,1477.919172,1087.0,1.534999966621399,1.534999966621399
BTMD,2026-08-13 10:33:00-04:00,2026-08-13 10:55:37.919172-04:00,1297.919172,322.0,1.534999966621399,1.534999966621399
BTMD,2026-08-13 10:38:00-04:00,2026-08-13 10:55:37.919172-04:00,997.919172,0.0,1.5099999904632568,1.5099999904632568
LSTA,2026-08-13 09:30:00-04:00,2026-08-13 10:55:37.919172-04:00,5077.919172,483.0,1.190000057220459,1.190000057220459
LSTA,2026-08-13 10:13:00-04:00,2026-08-13 10:55:37.919172-04:00,2497.919172,578.0,1.1399999856948853,1.1399999856948853
LSTA,2026-08-13 10:16:00-04:00,2026-08-13 10:55:37.919172-04:00,2317.919172,123.0,1.1699999570846558,1.1699999570846558
LSTA,2026-08-13 10:23:00-04:00,2026-08-13 10:55:37.919172-04:00,1897.919172,1117.0,1.1699999570846558,1.1699999570846558
LSTA,2026-08-13 10:45:00-04:00,2026-08-13 10:55:37.919172-04:00,577.919172,0.0,1.1399999856948853,1.1399999856948853
INDP,2026-08-13 10:11:00-04:00,2026-08-13 10:55:37.919172-04:00,2617.919172,1232.0,1.070099949836731,1.070099949836731
INDP,2026-08-13 10:12:00-04:00,2026-08-13 10:55:37.919172-04:00,2557.919172,5396.0,1.0700000524520874,1.0700000524520874
INDP,2026-08-13 10:20:00-04:00,2026-08-13 10:55:37.919172-04:00,2077.919172,14909.0,1.0800000429153442,1.0799000263214111
INDP,2026-08-13 10:22:00-04:00,2026-08-13 10:55:37.919172-04:00,1957.919172,4547.0,1.070099949836731,1.070099949836731
INDP,2026-08-13 10:51:00-04:00,2026-08-13 10:55:37.919172-04:00,217.919172,372.0,1.0700000524520874,1.0700000524520874
INDP,2026-08-13 10:52:00-04:00,2026-08-13 10:55:37.919172-04:00,157.919172,0.0,1.0707999467849731,1.0707999467849731
USIO,2026-08-13 10:50:00-04:00,2026-08-13 10:55:37.919172-04:00,277.919172,3252.0,2.7699999809265137,2.7792999744415283
USIO,2026-08-13 10:51:00-04:00,2026-08-13 10:55:37.919172-04:00,217.919172,3151.0,2.7750000953674316,2.7799999713897705
USIO,2026-08-13 10:52:00-04:00,2026-08-13 10:55:37.919172-04:00,157.919172,14291.0,2.7799999713897705,2.736299991607666
USIO,2026-08-13 10:53:00-04:00,2026-08-13 10:55:37.919172-04:00,97.919172,2945.0,2.7300000190734863,2.744999885559082
USIO,2026-08-13 10:54:00-04:00,2026-08-13 10:55:37.919172-04:00,37.919172,9693.0,2.734999895095825,2.7049999237060547
USIO,2026-08-13 10:55:00-04:00,2026-08-13 10:55:37.919172-04:00,-22.080828,0.0,2.7249999046325684,2.7249999046325684
MOBX,2026-08-13 10:47:00-04:00,2026-08-13 10:55:57.941195-04:00,477.941195,2039.0,1.600000023841858,1.600000023841858
MOBX,2026-08-13 10:50:00-04:00,2026-08-13 10:55:57.941195-04:00,297.941195,1956.0,1.600000023841858,1.600100040435791
MOBX,2026-08-13 10:52:00-04:00,2026-08-13 10:55:57.941195-04:00,177.941195,1028.0,1.600100040435791,1.600100040435791
MOBX,2026-08-13 10:53:00-04:00,2026-08-13 10:55:57.941195-04:00,117.941195,24186.0,1.6050000190734863,1.600000023841858
MOBX,2026-08-13 10:54:00-04:00,2026-08-13 10:55:57.941195-04:00,57.941195,1436.0,1.6093000173568726,1.600000023841858
MOBX,2026-08-13 10:55:00-04:00,2026-08-13 10:55:57.941195-04:00,-2.058805,0.0,1.600100040435791,1.600100040435791
USIO,2026-08-13 10:50:00-04:00,2026-08-13 10:55:57.941195-04:00,297.941195,3252.0,2.7699999809265137,2.7792999744415283
USIO,2026-08-13 10:51:00-04:00,2026-08-13 10:55:57.941195-04:00,237.941195,3151.0,2.7750000953674316,2.7799999713897705
USIO,2026-08-13 10:52:00-04:00,2026-08-13 10:55:57.941195-04:00,177.941195,14291.0,2.7799999713897705,2.736299991607666
USIO,2026-08-13 10:53:00-04:00,2026-08-13 10:55:57.941195-04:00,117.941195,2945.0,2.7300000190734863,2.744999885559082
USIO,2026-08-13 10:54:00-04:00,2026-08-13 10:55:57.941195-04:00,57.941195,9693.0,2.734999895095825,2.7049999237060547
USIO,2026-08-13 10:55:00-04:00,2026-08-13 10:55:57.941195-04:00,-2.058805,0.0,2.7249999046325684,2.7249999046325684
LSTA,2026-08-13 09:30:00-04:00,2026-08-13 10:55:57.941195-04:00,5097.941195,483.0,1.190000057220459,1.190000057220459
LSTA,2026-08-13 10:13:00-04:00,2026-08-13 10:55:57.941195-04:00,2517.941195,578.0,1.1399999856948853,1.1399999856948853
LSTA,2026-08-13 10:16:00-04:00,2026-08-13 10:55:57.941195-04:00,2337.941195,123.0,1.1699999570846558,1.1699999570846558
LSTA,2026-08-13 10:23:00-04:00,2026-08-13 10:55:57.941195-04:00,1917.941195,1117.0,1.1699999570846558,1.1699999570846558
LSTA,2026-08-13 10:45:00-04:00,2026-08-13 10:55:57.941195-04:00,597.941195,0.0,1.1399999856948853,1.1399999856948853
BTMD,2026-08-13 10:15:00-04:00,2026-08-13 10:55:57.941195-04:00,2397.941195,1312.0,1.5299999713897705,1.5299999713897705
BTMD,2026-08-13 10:21:00-04:00,2026-08-13 10:55:57.941195-04:00,2037.941195,1151.0,1.5471999645233154,1.5471999645233154
BTMD,2026-08-13 10:29:00-04:00,2026-08-13 10:55:57.941195-04:00,1557.941195,276.0,1.5199999809265137,1.5199999809265137
BTMD,2026-08-13 10:30:00-04:00,2026-08-13 10:55:57.941195-04:00,1497.941195,1087.0,1.534999966621399,1.534999966621399
BTMD,2026-08-13 10:33:00-04:00,2026-08-13 10:55:57.941195-04:00,1317.941195,322.0,1.534999966621399,1.534999966621399
BTMD,2026-08-13 10:38:00-04:00,2026-08-13 10:55:57.941195-04:00,1017.941195,0.0,1.5099999904632568,1.5099999904632568
INDP,2026-08-13 10:11:00-04:00,2026-08-13 10:55:57.941195-04:00,2637.941195,1232.0,1.070099949836731,1.070099949836731
INDP,2026-08-13 10:12:00-04:00,2026-08-13 10:55:57.941195-04:00,2577.941195,5396.0,1.0700000524520874,1.0700000524520874
INDP,2026-08-13 10:20:00-04:00,2026-08-13 10:55:57.941195-04:00,2097.941195,14909.0,1.0800000429153442,1.0799000263214111
INDP,2026-08-13 10:22:00-04:00,2026-08-13 10:55:57.941195-04:00,1977.941195,4547.0,1.070099949836731,1.070099949836731
INDP,2026-08-13 10:51:00-04:00,2026-08-13 10:55:57.941195-04:00,237.941195,372.0,1.0700000524520874,1.0700000524520874
INDP,2026-08-13 10:52:00-04:00,2026-08-13 10:55:57.941195-04:00,177.941195,0.0,1.0707999467849731,1.0707999467849731
INDP,2026-08-13 10:11:00-04:00,2026-08-13 10:56:17.967110-04:00,2657.96711,1232.0,1.070099949836731,1.070099949836731
INDP,2026-08-13 10:12:00-04:00,2026-08-13 10:56:17.967110-04:00,2597.96711,5396.0,1.0700000524520874,1.0700000524520874
INDP,2026-08-13 10:20:00-04:00,2026-08-13 10:56:17.967110-04:00,2117.96711,14909.0,1.0800000429153442,1.0799000263214111
INDP,2026-08-13 10:22:00-04:00,2026-08-13 10:56:17.967110-04:00,1997.96711,4547.0,1.070099949836731,1.070099949836731
INDP,2026-08-13 10:51:00-04:00,2026-08-13 10:56:17.967110-04:00,257.96711,187.0,1.0700000524520874,1.0700000524520874
INDP,2026-08-13 10:52:00-04:00,2026-08-13 10:56:17.967110-04:00,197.96711,0.0,1.0707999467849731,1.0707999467849731
MOBX,2026-08-13 10:47:00-04:00,2026-08-13 10:56:17.967110-04:00,497.96711,2039.0,1.600000023841858,1.600000023841858
MOBX,2026-08-13 10:50:00-04:00,2026-08-13 10:56:17.967110-04:00,317.96711,1956.0,1.600000023841858,1.600100040435791
MOBX,2026-08-13 10:52:00-04:00,2026-08-13 10:56:17.967110-04:00,197.96711,1028.0,1.600100040435791,1.600100040435791
MOBX,2026-08-13 10:53:00-04:00,2026-08-13 10:56:17.967110-04:00,137.96711,24186.0,1.6050000190734863,1.600000023841858
MOBX,2026-08-13 10:54:00-04:00,2026-08-13 10:56:17.967110-04:00,77.96711,1436.0,1.6093000173568726,1.600000023841858
MOBX,2026-08-13 10:55:00-04:00,2026-08-13 10:56:17.967110-04:00,17.96711,0.0,1.600100040435791,1.600100040435791
LSTA,2026-08-13 09:30:00-04:00,2026-08-13 10:56:17.967110-04:00,5117.96711,483.0,1.190000057220459,1.190000057220459
LSTA,2026-08-13 10:13:00-04:00,2026-08-13 10:56:17.967110-04:00,2537.96711,578.0,1.1399999856948853,1.1399999856948853
LSTA,2026-08-13 10:16:00-04:00,2026-08-13 10:56:17.967110-04:00,2357.96711,123.0,1.1699999570846558,1.1699999570846558
LSTA,2026-08-13 10:23:00-04:00,2026-08-13 10:56:17.967110-04:00,1937.96711,1117.0,1.1699999570846558,1.1699999570846558
LSTA,2026-08-13 10:45:00-04:00,2026-08-13 10:56:17.967110-04:00,617.96711,0.0,1.1399999856948853,1.1399999856948853
USIO,2026-08-13 10:50:00-04:00,2026-08-13 10:56:17.967110-04:00,317.96711,3252.0,2.7699999809265137,2.7792999744415283
USIO,2026-08-13 10:51:00-04:00,2026-08-13 10:56:17.967110-04:00,257.96711,3151.0,2.7750000953674316,2.7799999713897705
USIO,2026-08-13 10:52:00-04:00,2026-08-13 10:56:17.967110-04:00,197.96711,14291.0,2.7799999713897705,2.736299991607666
USIO,2026-08-13 10:53:00-04:00,2026-08-13 10:56:17.967110-04:00,137.96711,2945.0,2.7300000190734863,2.744999885559082
USIO,2026-08-13 10:54:00-04:00,2026-08-13 10:56:17.967110-04:00,77.96711,9693.0,2.734999895095825,2.7049999237060547
USIO,2026-08-13 10:55:00-04:00,2026-08-13 10:56:17.967110-04:00,17.96711,0.0,2.7249999046325684,2.7249999046325684
BTMD,2026-08-13 10:15:00-04:00,2026-08-13 10:56:17.967110-04:00,2417.96711,1299.0,1.5299999713897705,1.5299999713897705
BTMD,2026-08-13 10:21:00-04:00,2026-08-13 10:56:17.967110-04:00,2057.96711,1151.0,1.5471999645233154,1.5471999645233154
BTMD,2026-08-13 10:29:00-04:00,2026-08-13 10:56:17.967110-04:00,1577.96711,276.0,1.5199999809265137,1.5199999809265137
BTMD,2026-08-13 10:30:00-04:00,2026-08-13 10:56:17.967110-04:00,1517.96711,1087.0,1.534999966621399,1.534999966621399
BTMD,2026-08-13 10:33:00-04:00,2026-08-13 10:56:17.967110-04:00,1337.96711,322.0,1.534999966621399,1.534999966621399
BTMD,2026-08-13 10:38:00-04:00,2026-08-13 10:56:17.967110-04:00,1037.96711,0.0,1.5099999904632568,1.5099999904632568
BTMD,2026-08-13 10:15:00-04:00,2026-08-13 10:56:37.997053-04:00,2437.997053,1299.0,1.5299999713897705,1.5299999713897705
BTMD,2026-08-13 10:21:00-04:00,2026-08-13 10:56:37.997053-04:00,2077.997053,1151.0,1.5471999645233154,1.5471999645233154
BTMD,2026-08-13 10:29:00-04:00,2026-08-13 10:56:37.997053-04:00,1597.997053,276.0,1.5199999809265137,1.5199999809265137
BTMD,2026-08-13 10:30:00-04:00,2026-08-13 10:56:37.997053-04:00,1537.997053,1087.0,1.534999966621399,1.534999966621399
BTMD,2026-08-13 10:33:00-04:00,2026-08-13 10:56:37.997053-04:00,1357.997053,322.0,1.534999966621399,1.534999966621399
BTMD,2026-08-13 10:38:00-04:00,2026-08-13 10:56:37.997053-04:00,1057.997053,0.0,1.5099999904632568,1.5099999904632568
LSTA,2026-08-13 09:30:00-04:00,2026-08-13 10:56:37.997053-04:00,5137.997053,483.0,1.190000057220459,1.190000057220459
LSTA,2026-08-13 10:13:00-04:00,2026-08-13 10:56:37.997053-04:00,2557.997053,578.0,1.1399999856948853,1.1399999856948853
LSTA,2026-08-13 10:16:00-04:00,2026-08-13 10:56:37.997053-04:00,2377.997053,123.0,1.1699999570846558,1.1699999570846558
LSTA,2026-08-13 10:23:00-04:00,2026-08-13 10:56:37.997053-04:00,1957.997053,1117.0,1.1699999570846558,1.1699999570846558
LSTA,2026-08-13 10:45:00-04:00,2026-08-13 10:56:37.997053-04:00,637.997053,0.0,1.1399999856948853,1.1399999856948853
USIO,2026-08-13 10:50:00-04:00,2026-08-13 10:56:37.997053-04:00,337.997053,3252.0,2.7699999809265137,2.7792999744415283
USIO,2026-08-13 10:51:00-04:00,2026-08-13 10:56:37.997053-04:00,277.997053,3151.0,2.7750000953674316,2.7799999713897705
USIO,2026-08-13 10:52:00-04:00,2026-08-13 10:56:37.997053-04:00,217.997053,14291.0,2.7799999713897705,2.736299991607666
USIO,2026-08-13 10:53:00-04:00,2026-08-13 10:56:37.997053-04:00,157.997053,2945.0,2.7300000190734863,2.744999885559082
USIO,2026-08-13 10:54:00-04:00,2026-08-13 10:56:37.997053-04:00,97.997053,9693.0,2.734999895095825,2.7049999237060547
USIO,2026-08-13 10:55:00-04:00,2026-08-13 10:56:37.997053-04:00,37.997053,0.0,2.7249999046325684,2.7249999046325684
INDP,2026-08-13 10:11:00-04:00,2026-08-13 10:56:37.997053-04:00,2677.997053,1232.0,1.070099949836731,1.070099949836731
INDP,2026-08-13 10:12:00-04:00,2026-08-13 10:56:37.997053-04:00,2617.997053,5396.0,1.0700000524520874,1.0700000524520874
INDP,2026-08-13 10:20:00-04:00,2026-08-13 10:56:37.997053-04:00,2137.997053,14909.0,1.0800000429153442,1.0799000263214111
INDP,2026-08-13 10:22:00-04:00,2026-08-13 10:56:37.997053-04:00,2017.997053,4547.0,1.070099949836731,1.070099949836731
INDP,2026-08-13 10:51:00-04:00,2026-08-13 10:56:37.997053-04:00,277.997053,372.0,1.0700000524520874,1.0700000524520874
INDP,2026-08-13 10:52:00-04:00,2026-08-13 10:56:37.997053-04:00,217.997053,0.0,1.0707999467849731,1.0707999467849731
MOBX,2026-08-13 10:47:00-04:00,2026-08-13 10:56:37.997053-04:00,517.997053,2039.0,1.600000023841858,1.600000023841858
MOBX,2026-08-13 10:50:00-04:00,2026-08-13 10:56:37.997053-04:00,337.997053,1956.0,1.600000023841858,1.600100040435791
MOBX,2026-08-13 10:52:00-04:00,2026-08-13 10:56:37.997053-04:00,217.997053,1028.0,1.600100040435791,1.600100040435791
MOBX,2026-08-13 10:53:00-04:00,2026-08-13 10:56:37.997053-04:00,157.997053,24186.0,1.6050000190734863,1.600000023841858
MOBX,2026-08-13 10:54:00-04:00,2026-08-13 10:56:37.997053-04:00,97.997053,1436.0,1.6093000173568726,1.600000023841858
MOBX,2026-08-13 10:55:00-04:00,2026-08-13 10:56:37.997053-04:00,37.997053,0.0,1.600100040435791,1.600100040435791
LSTA,2026-08-13 09:30:00-04:00,2026-08-13 10:56:58.056116-04:00,5158.056116,483.0,1.190000057220459,1.190000057220459
LSTA,2026-08-13 10:13:00-04:00,2026-08-13 10:56:58.056116-04:00,2578.056116,578.0,1.1399999856948853,1.1399999856948853
LSTA,2026-08-13 10:16:00-04:00,2026-08-13 10:56:58.056116-04:00,2398.056116,123.0,1.1699999570846558,1.1699999570846558
LSTA,2026-08-13 10:23:00-04:00,2026-08-13 10:56:58.056116-04:00,1978.056116,1117.0,1.1699999570846558,1.1699999570846558
LSTA,2026-08-13 10:45:00-04:00,2026-08-13 10:56:58.056116-04:00,658.056116,0.0,1.1399999856948853,1.1399999856948853
INDP,2026-08-13 10:11:00-04:00,2026-08-13 10:56:58.056116-04:00,2698.056116,1232.0,1.070099949836731,1.070099949836731
INDP,2026-08-13 10:12:00-04:00,2026-08-13 10:56:58.056116-04:00,2638.056116,5396.0,1.0700000524520874,1.0700000524520874
INDP,2026-08-13 10:20:00-04:00,2026-08-13 10:56:58.056116-04:00,2158.056116,14909.0,1.0800000429153442,1.0799000263214111
INDP,2026-08-13 10:22:00-04:00,2026-08-13 10:56:58.056116-04:00,2038.056116,4547.0,1.070099949836731,1.070099949836731
INDP,2026-08-13 10:51:00-04:00,2026-08-13 10:56:58.056116-04:00,298.056116,372.0,1.0700000524520874,1.0700000524520874
INDP,2026-08-13 10:52:00-04:00,2026-08-13 10:56:58.056116-04:00,238.056116,0.0,1.0707999467849731,1.0707999467849731
MOBX,2026-08-13 10:47:00-04:00,2026-08-13 10:56:58.056116-04:00,538.056116,2039.0,1.600000023841858,1.600000023841858
MOBX,2026-08-13 10:50:00-04:00,2026-08-13 10:56:58.056116-04:00,358.056116,1956.0,1.600000023841858,1.600100040435791
MOBX,2026-08-13 10:52:00-04:00,2026-08-13 10:56:58.056116-04:00,238.056116,1028.0,1.600100040435791,1.600100040435791
MOBX,2026-08-13 10:53:00-04:00,2026-08-13 10:56:58.056116-04:00,178.056116,24186.0,1.6050000190734863,1.600000023841858
MOBX,2026-08-13 10:54:00-04:00,2026-08-13 10:56:58.056116-04:00,118.056116,1436.0,1.6093000173568726,1.600000023841858
MOBX,2026-08-13 10:55:00-04:00,2026-08-13 10:56:58.056116-04:00,58.056116,0.0,1.600100040435791,1.600100040435791
USIO,2026-08-13 10:51:00-04:00,2026-08-13 10:56:58.056116-04:00,298.056116,3151.0,2.7750000953674316,2.7799999713897705
USIO,2026-08-13 10:52:00-04:00,2026-08-13 10:56:58.056116-04:00,238.056116,14291.0,2.7799999713897705,2.736299991607666
USIO,2026-08-13 10:53:00-04:00,2026-08-13 10:56:58.056116-04:00,178.056116,2945.0,2.7300000190734863,2.744999885559082
USIO,2026-08-13 10:54:00-04:00,2026-08-13 10:56:58.056116-04:00,118.056116,9693.0,2.734999895095825,2.7049999237060547
USIO,2026-08-13 10:55:00-04:00,2026-08-13 10:56:58.056116-04:00,58.056116,1776.0,2.7300000190734863,2.7249999046325684
USIO,2026-08-13 10:56:00-04:00,2026-08-13 10:56:58.056116-04:00,-1.943884,0.0,2.674999952316284,2.674999952316284
BTMD,2026-08-13 10:15:00-04:00,2026-08-13 10:56:58.056116-04:00,2458.056116,1312.0,1.5299999713897705,1.5299999713897705
BTMD,2026-08-13 10:21:00-04:00,2026-08-13 10:56:58.056116-04:00,2098.056116,1151.0,1.5471999645233154,1.5471999645233154
BTMD,2026-08-13 10:29:00-04:00,2026-08-13 10:56:58.056116-04:00,1618.056116,276.0,1.5199999809265137,1.5199999809265137
BTMD,2026-08-13 10:30:00-04:00,2026-08-13 10:56:58.056116-04:00,1558.056116,1087.0,1.534999966621399,1.534999966621399
BTMD,2026-08-13 10:33:00-04:00,2026-08-13 10:56:58.056116-04:00,1378.056116,322.0,1.534999966621399,1.534999966621399
BTMD,2026-08-13 10:38:00-04:00,2026-08-13 10:56:58.056116-04:00,1078.056116,0.0,1.5099999904632568,1.5099999904632568
LSTA,2026-08-13 09:30:00-04:00,2026-08-13 10:57:18.082157-04:00,5178.082157,483.0,1.190000057220459,1.190000057220459
LSTA,2026-08-13 10:13:00-04:00,2026-08-13 10:57:18.082157-04:00,2598.082157,578.0,1.1399999856948853,1.1399999856948853
LSTA,2026-08-13 10:16:00-04:00,2026-08-13 10:57:18.082157-04:00,2418.082157,123.0,1.1699999570846558,1.1699999570846558
LSTA,2026-08-13 10:23:00-04:00,2026-08-13 10:57:18.082157-04:00,1998.082157,1117.0,1.1699999570846558,1.1699999570846558
LSTA,2026-08-13 10:45:00-04:00,2026-08-13 10:57:18.082157-04:00,678.082157,0.0,1.1399999856948853,1.1399999856948853
INDP,2026-08-13 10:11:00-04:00,2026-08-13 10:57:18.082157-04:00,2718.082157,1232.0,1.070099949836731,1.070099949836731
INDP,2026-08-13 10:12:00-04:00,2026-08-13 10:57:18.082157-04:00,2658.082157,5396.0,1.0700000524520874,1.0700000524520874
INDP,2026-08-13 10:20:00-04:00,2026-08-13 10:57:18.082157-04:00,2178.082157,14909.0,1.0800000429153442,1.0799000263214111
INDP,2026-08-13 10:22:00-04:00,2026-08-13 10:57:18.082157-04:00,2058.082157,4547.0,1.070099949836731,1.070099949836731
INDP,2026-08-13 10:51:00-04:00,2026-08-13 10:57:18.082157-04:00,318.082157,372.0,1.0700000524520874,1.0700000524520874
INDP,2026-08-13 10:52:00-04:00,2026-08-13 10:57:18.082157-04:00,258.082157,0.0,1.0707999467849731,1.0707999467849731
USIO,2026-08-13 10:52:00-04:00,2026-08-13 10:57:18.082157-04:00,258.082157,14291.0,2.7799999713897705,2.736299991607666
USIO,2026-08-13 10:53:00-04:00,2026-08-13 10:57:18.082157-04:00,198.082157,2945.0,2.7300000190734863,2.744999885559082
USIO,2026-08-13 10:54:00-04:00,2026-08-13 10:57:18.082157-04:00,138.082157,9693.0,2.734999895095825,2.7049999237060547
USIO,2026-08-13 10:55:00-04:00,2026-08-13 10:57:18.082157-04:00,78.082157,1776.0,2.7300000190734863,2.7249999046325684
USIO,2026-08-13 10:56:00-04:00,2026-08-13 10:57:18.082157-04:00,18.082157,8961.0,2.7100000381469727,2.674999952316284
USIO,2026-08-13 10:57:00-04:00,2026-08-13 10:57:18.082157-04:00,-41.917843,0.0,2.684999942779541,2.684999942779541
BTMD,2026-08-13 10:15:00-04:00,2026-08-13 10:57:18.082157-04:00,2478.082157,1312.0,1.5299999713897705,1.5299999713897705
BTMD,2026-08-13 10:21:00-04:00,2026-08-13 10:57:18.082157-04:00,2118.082157,1151.0,1.5471999645233154,1.5471999645233154
BTMD,2026-08-13 10:29:00-04:00,2026-08-13 10:57:18.082157-04:00,1638.082157,276.0,1.5199999809265137,1.5199999809265137
BTMD,2026-08-13 10:30:00-04:00,2026-08-13 10:57:18.082157-04:00,1578.082157,1087.0,1.534999966621399,1.534999966621399
BTMD,2026-08-13 10:33:00-04:00,2026-08-13 10:57:18.082157-04:00,1398.082157,322.0,1.534999966621399,1.534999966621399
BTMD,2026-08-13 10:38:00-04:00,2026-08-13 10:57:18.082157-04:00,1098.082157,0.0,1.5099999904632568,1.5099999904632568
MOBX,2026-08-13 10:47:00-04:00,2026-08-13 10:57:18.082157-04:00,558.082157,2039.0,1.600000023841858,1.600000023841858
MOBX,2026-08-13 10:50:00-04:00,2026-08-13 10:57:18.082157-04:00,378.082157,1956.0,1.600000023841858,1.600100040435791
MOBX,2026-08-13 10:52:00-04:00,2026-08-13 10:57:18.082157-04:00,258.082157,1028.0,1.600100040435791,1.600100040435791
MOBX,2026-08-13 10:53:00-04:00,2026-08-13 10:57:18.082157-04:00,198.082157,24186.0,1.6050000190734863,1.600000023841858
MOBX,2026-08-13 10:54:00-04:00,2026-08-13 10:57:18.082157-04:00,138.082157,1436.0,1.6093000173568726,1.600000023841858
MOBX,2026-08-13 10:55:00-04:00,2026-08-13 10:57:18.082157-04:00,78.082157,0.0,1.600100040435791,1.600100040435791
BTMD,2026-08-13 10:15:00-04:00,2026-08-13 10:57:38.105112-04:00,2498.105112,1299.0,1.5299999713897705,1.5299999713897705
BTMD,2026-08-13 10:21:00-04:00,2026-08-13 10:57:38.105112-04:00,2138.105112,1151.0,1.5471999645233154,1.5471999645233154
BTMD,2026-08-13 10:29:00-04:00,2026-08-13 10:57:38.105112-04:00,1658.105112,276.0,1.5199999809265137,1.5199999809265137
BTMD,2026-08-13 10:30:00-04:00,2026-08-13 10:57:38.105112-04:00,1598.105112,1087.0,1.534999966621399,1.534999966621399
BTMD,2026-08-13 10:33:00-04:00,2026-08-13 10:57:38.105112-04:00,1418.105112,322.0,1.534999966621399,1.534999966621399
BTMD,2026-08-13 10:38:00-04:00,2026-08-13 10:57:38.105112-04:00,1118.105112,0.0,1.5099999904632568,1.5099999904632568
LSTA,2026-08-13 09:30:00-04:00,2026-08-13 10:57:38.105112-04:00,5198.105112,483.0,1.190000057220459,1.190000057220459
LSTA,2026-08-13 10:13:00-04:00,2026-08-13 10:57:38.105112-04:00,2618.105112,578.0,1.1399999856948853,1.1399999856948853
LSTA,2026-08-13 10:16:00-04:00,2026-08-13 10:57:38.105112-04:00,2438.105112,123.0,1.1699999570846558,1.1699999570846558
LSTA,2026-08-13 10:23:00-04:00,2026-08-13 10:57:38.105112-04:00,2018.105112,1117.0,1.1699999570846558,1.1699999570846558
LSTA,2026-08-13 10:45:00-04:00,2026-08-13 10:57:38.105112-04:00,698.105112,0.0,1.1399999856948853,1.1399999856948853
USIO,2026-08-13 10:52:00-04:00,2026-08-13 10:57:38.105112-04:00,278.105112,14291.0,2.7799999713897705,2.736299991607666
USIO,2026-08-13 10:53:00-04:00,2026-08-13 10:57:38.105112-04:00,218.105112,2945.0,2.7300000190734863,2.744999885559082
USIO,2026-08-13 10:54:00-04:00,2026-08-13 10:57:38.105112-04:00,158.105112,9693.0,2.734999895095825,2.7049999237060547
USIO,2026-08-13 10:55:00-04:00,2026-08-13 10:57:38.105112-04:00,98.105112,1776.0,2.7300000190734863,2.7249999046325684
USIO,2026-08-13 10:56:00-04:00,2026-08-13 10:57:38.105112-04:00,38.105112,8961.0,2.7100000381469727,2.674999952316284
USIO,2026-08-13 10:57:00-04:00,2026-08-13 10:57:38.105112-04:00,-21.894888,0.0,2.684999942779541,2.684999942779541
MOBX,2026-08-13 10:47:00-04:00,2026-08-13 10:57:38.105112-04:00,578.105112,2039.0,1.600000023841858,1.600000023841858
MOBX,2026-08-13 10:50:00-04:00,2026-08-13 10:57:38.105112-04:00,398.105112,1956.0,1.600000023841858,1.600100040435791
MOBX,2026-08-13 10:52:00-04:00,2026-08-13 10:57:38.105112-04:00,278.105112,1028.0,1.600100040435791,1.600100040435791
MOBX,2026-08-13 10:53:00-04:00,2026-08-13 10:57:38.105112-04:00,218.105112,24186.0,1.6050000190734863,1.600000023841858
MOBX,2026-08-13 10:54:00-04:00,2026-08-13 10:57:38.105112-04:00,158.105112,1436.0,1.6093000173568726,1.600000023841858
MOBX,2026-08-13 10:55:00-04:00,2026-08-13 10:57:38.105112-04:00,98.105112,0.0,1.600100040435791,1.600100040435791
INDP,2026-08-13 10:11:00-04:00,2026-08-13 10:57:38.105112-04:00,2738.105112,1232.0,1.070099949836731,1.070099949836731
INDP,2026-08-13 10:12:00-04:00,2026-08-13 10:57:38.105112-04:00,2678.105112,5396.0,1.0700000524520874,1.0700000524520874
INDP,2026-08-13 10:20:00-04:00,2026-08-13 10:57:38.105112-04:00,2198.105112,14909.0,1.0800000429153442,1.0799000263214111
INDP,2026-08-13 10:22:00-04:00,2026-08-13 10:57:38.105112-04:00,2078.105112,4547.0,1.070099949836731,1.070099949836731
INDP,2026-08-13 10:51:00-04:00,2026-08-13 10:57:38.105112-04:00,338.105112,372.0,1.0700000524520874,1.0700000524520874
INDP,2026-08-13 10:52:00-04:00,2026-08-13 10:57:38.105112-04:00,278.105112,0.0,1.0707999467849731,1.0707999467849731
LSTA,2026-08-13 09:30:00-04:00,2026-08-13 10:57:58.134184-04:00,5218.134184,483.0,1.190000057220459,1.190000057220459
LSTA,2026-08-13 10:13:00-04:00,2026-08-13 10:57:58.134184-04:00,2638.134184,578.0,1.1399999856948853,1.1399999856948853
LSTA,2026-08-13 10:16:00-04:00,2026-08-13 10:57:58.134184-04:00,2458.134184,123.0,1.1699999570846558,1.1699999570846558
LSTA,2026-08-13 10:23:00-04:00,2026-08-13 10:57:58.134184-04:00,2038.134184,1117.0,1.1699999570846558,1.1699999570846558
LSTA,2026-08-13 10:45:00-04:00,2026-08-13 10:57:58.134184-04:00,718.134184,0.0,1.1399999856948853,1.1399999856948853
INDP,2026-08-13 10:11:00-04:00,2026-08-13 10:57:58.134184-04:00,2758.134184,1232.0,1.070099949836731,1.070099949836731
INDP,2026-08-13 10:12:00-04:00,2026-08-13 10:57:58.134184-04:00,2698.134184,5396.0,1.0700000524520874,1.0700000524520874
INDP,2026-08-13 10:20:00-04:00,2026-08-13 10:57:58.134184-04:00,2218.134184,14909.0,1.0800000429153442,1.0799000263214111
INDP,2026-08-13 10:22:00-04:00,2026-08-13 10:57:58.134184-04:00,2098.134184,4547.0,1.070099949836731,1.070099949836731
INDP,2026-08-13 10:51:00-04:00,2026-08-13 10:57:58.134184-04:00,358.134184,187.0,1.0700000524520874,1.0700000524520874
INDP,2026-08-13 10:52:00-04:00,2026-08-13 10:57:58.134184-04:00,298.134184,0.0,1.0707999467849731,1.0707999467849731
USIO,2026-08-13 10:52:00-04:00,2026-08-13 10:57:58.134184-04:00,298.134184,14291.0,2.7799999713897705,2.736299991607666
USIO,2026-08-13 10:53:00-04:00,2026-08-13 10:57:58.134184-04:00,238.134184,2945.0,2.7300000190734863,2.744999885559082
USIO,2026-08-13 10:54:00-04:00,2026-08-13 10:57:58.134184-04:00,178.134184,9693.0,2.734999895095825,2.7049999237060547
USIO,2026-08-13 10:55:00-04:00,2026-08-13 10:57:58.134184-04:00,118.134184,1776.0,2.7300000190734863,2.7249999046325684
USIO,2026-08-13 10:56:00-04:00,2026-08-13 10:57:58.134184-04:00,58.134184,8961.0,2.7100000381469727,2.674999952316284
USIO,2026-08-13 10:57:00-04:00,2026-08-13 10:57:58.134184-04:00,-1.865816,0.0,2.684999942779541,2.684999942779541
BTMD,2026-08-13 10:15:00-04:00,2026-08-13 10:57:58.134184-04:00,2518.134184,1312.0,1.5299999713897705,1.5299999713897705
BTMD,2026-08-13 10:21:00-04:00,2026-08-13 10:57:58.134184-04:00,2158.134184,1151.0,1.5471999645233154,1.5471999645233154
BTMD,2026-08-13 10:29:00-04:00,2026-08-13 10:57:58.134184-04:00,1678.134184,276.0,1.5199999809265137,1.5199999809265137
BTMD,2026-08-13 10:30:00-04:00,2026-08-13 10:57:58.134184-04:00,1618.134184,1087.0,1.534999966621399,1.534999966621399
BTMD,2026-08-13 10:33:00-04:00,2026-08-13 10:57:58.134184-04:00,1438.134184,322.0,1.534999966621399,1.534999966621399
BTMD,2026-08-13 10:38:00-04:00,2026-08-13 10:57:58.134184-04:00,1138.134184,0.0,1.5099999904632568,1.5099999904632568
MOBX,2026-08-13 10:47:00-04:00,2026-08-13 10:57:58.134184-04:00,598.134184,2039.0,1.600000023841858,1.600000023841858
MOBX,2026-08-13 10:50:00-04:00,2026-08-13 10:57:58.134184-04:00,418.134184,1956.0,1.600000023841858,1.600100040435791
MOBX,2026-08-13 10:52:00-04:00,2026-08-13 10:57:58.134184-04:00,298.134184,1028.0,1.600100040435791,1.600100040435791
MOBX,2026-08-13 10:53:00-04:00,2026-08-13 10:57:58.134184-04:00,238.134184,24186.0,1.6050000190734863,1.600000023841858
MOBX,2026-08-13 10:54:00-04:00,2026-08-13 10:57:58.134184-04:00,178.134184,1436.0,1.6093000173568726,1.600000023841858
MOBX,2026-08-13 10:55:00-04:00,2026-08-13 10:57:58.134184-04:00,118.134184,0.0,1.600100040435791,1.600100040435791
INDP,2026-08-13 10:11:00-04:00,2026-08-13 10:58:18.155767-04:00,2778.155767,1232.0,1.070099949836731,1.070099949836731
INDP,2026-08-13 10:12:00-04:00,2026-08-13 10:58:18.155767-04:00,2718.155767,5396.0,1.0700000524520874,1.0700000524520874
INDP,2026-08-13 10:20:00-04:00,2026-08-13 10:58:18.155767-04:00,2238.155767,14909.0,1.0800000429153442,1.0799000263214111
INDP,2026-08-13 10:22:00-04:00,2026-08-13 10:58:18.155767-04:00,2118.155767,4547.0,1.070099949836731,1.070099949836731
INDP,2026-08-13 10:51:00-04:00,2026-08-13 10:58:18.155767-04:00,378.155767,187.0,1.0700000524520874,1.0700000524520874
INDP,2026-08-13 10:52:00-04:00,2026-08-13 10:58:18.155767-04:00,318.155767,0.0,1.0707999467849731,1.0707999467849731
USIO,2026-08-13 10:53:00-04:00,2026-08-13 10:58:18.155767-04:00,258.155767,2945.0,2.7300000190734863,2.744999885559082
USIO,2026-08-13 10:54:00-04:00,2026-08-13 10:58:18.155767-04:00,198.155767,9693.0,2.734999895095825,2.7049999237060547
USIO,2026-08-13 10:55:00-04:00,2026-08-13 10:58:18.155767-04:00,138.155767,1776.0,2.7300000190734863,2.7249999046325684
USIO,2026-08-13 10:56:00-04:00,2026-08-13 10:58:18.155767-04:00,78.155767,8961.0,2.7100000381469727,2.674999952316284
USIO,2026-08-13 10:57:00-04:00,2026-08-13 10:58:18.155767-04:00,18.155767,584.0,2.6659998893737793,2.684999942779541
USIO,2026-08-13 10:58:00-04:00,2026-08-13 10:58:18.155767-04:00,-41.844233,0.0,2.7035000324249268,2.7035000324249268
LSTA,2026-08-13 09:30:00-04:00,2026-08-13 10:58:18.155767-04:00,5238.155767,483.0,1.190000057220459,1.190000057220459
LSTA,2026-08-13 10:13:00-04:00,2026-08-13 10:58:18.155767-04:00,2658.155767,578.0,1.1399999856948853,1.1399999856948853
LSTA,2026-08-13 10:16:00-04:00,2026-08-13 10:58:18.155767-04:00,2478.155767,123.0,1.1699999570846558,1.1699999570846558
LSTA,2026-08-13 10:23:00-04:00,2026-08-13 10:58:18.155767-04:00,2058.155767,1117.0,1.1699999570846558,1.1699999570846558
LSTA,2026-08-13 10:45:00-04:00,2026-08-13 10:58:18.155767-04:00,738.155767,0.0,1.1399999856948853,1.1399999856948853
BTMD,2026-08-13 10:15:00-04:00,2026-08-13 10:58:18.155767-04:00,2538.155767,1312.0,1.5299999713897705,1.5299999713897705
BTMD,2026-08-13 10:21:00-04:00,2026-08-13 10:58:18.155767-04:00,2178.155767,1151.0,1.5471999645233154,1.5471999645233154
BTMD,2026-08-13 10:29:00-04:00,2026-08-13 10:58:18.155767-04:00,1698.155767,276.0,1.5199999809265137,1.5199999809265137
BTMD,2026-08-13 10:30:00-04:00,2026-08-13 10:58:18.155767-04:00,1638.155767,1087.0,1.534999966621399,1.534999966621399
BTMD,2026-08-13 10:33:00-04:00,2026-08-13 10:58:18.155767-04:00,1458.155767,322.0,1.534999966621399,1.534999966621399
BTMD,2026-08-13 10:38:00-04:00,2026-08-13 10:58:18.155767-04:00,1158.155767,0.0,1.5099999904632568,1.5099999904632568
MOBX,2026-08-13 10:50:00-04:00,2026-08-13 10:58:18.155767-04:00,438.155767,1956.0,1.600000023841858,1.600100040435791
MOBX,2026-08-13 10:52:00-04:00,2026-08-13 10:58:18.155767-04:00,318.155767,1028.0,1.600100040435791,1.600100040435791
MOBX,2026-08-13 10:53:00-04:00,2026-08-13 10:58:18.155767-04:00,258.155767,24186.0,1.6050000190734863,1.600000023841858
MOBX,2026-08-13 10:54:00-04:00,2026-08-13 10:58:18.155767-04:00,198.155767,1436.0,1.6093000173568726,1.600000023841858
MOBX,2026-08-13 10:55:00-04:00,2026-08-13 10:58:18.155767-04:00,138.155767,751.0,1.600100040435791,1.600100040435791
MOBX,2026-08-13 10:58:00-04:00,2026-08-13 10:58:18.155767-04:00,-41.844233,0.0,1.600000023841858,1.600000023841858
LSTA,2026-08-13 09:30:00-04:00,2026-08-13 10:58:38.178580-04:00,5258.17858,483.0,1.190000057220459,1.190000057220459
LSTA,2026-08-13 10:13:00-04:00,2026-08-13 10:58:38.178580-04:00,2678.17858,578.0,1.1399999856948853,1.1399999856948853
LSTA,2026-08-13 10:16:00-04:00,2026-08-13 10:58:38.178580-04:00,2498.17858,123.0,1.1699999570846558,1.1699999570846558
LSTA,2026-08-13 10:23:00-04:00,2026-08-13 10:58:38.178580-04:00,2078.17858,1117.0,1.1699999570846558,1.1699999570846558
LSTA,2026-08-13 10:45:00-04:00,2026-08-13 10:58:38.178580-04:00,758.17858,0.0,1.1399999856948853,1.1399999856948853
INDP,2026-08-13 10:11:00-04:00,2026-08-13 10:58:38.178580-04:00,2798.17858,1232.0,1.070099949836731,1.070099949836731
INDP,2026-08-13 10:12:00-04:00,2026-08-13 10:58:38.178580-04:00,2738.17858,5396.0,1.0700000524520874,1.0700000524520874
INDP,2026-08-13 10:20:00-04:00,2026-08-13 10:58:38.178580-04:00,2258.17858,14909.0,1.0800000429153442,1.0799000263214111
INDP,2026-08-13 10:22:00-04:00,2026-08-13 10:58:38.178580-04:00,2138.17858,4547.0,1.070099949836731,1.070099949836731
INDP,2026-08-13 10:51:00-04:00,2026-08-13 10:58:38.178580-04:00,398.17858,187.0,1.0700000524520874,1.0700000524520874
INDP,2026-08-13 10:52:00-04:00,2026-08-13 10:58:38.178580-04:00,338.17858,0.0,1.0707999467849731,1.0707999467849731
MOBX,2026-08-13 10:50:00-04:00,2026-08-13 10:58:38.178580-04:00,458.17858,1956.0,1.600000023841858,1.600100040435791
MOBX,2026-08-13 10:52:00-04:00,2026-08-13 10:58:38.178580-04:00,338.17858,1028.0,1.600100040435791,1.600100040435791
MOBX,2026-08-13 10:53:00-04:00,2026-08-13 10:58:38.178580-04:00,278.17858,24186.0,1.6050000190734863,1.600000023841858
MOBX,2026-08-13 10:54:00-04:00,2026-08-13 10:58:38.178580-04:00,218.17858,1436.0,1.6093000173568726,1.600000023841858
MOBX,2026-08-13 10:55:00-04:00,2026-08-13 10:58:38.178580-04:00,158.17858,751.0,1.600100040435791,1.600100040435791
MOBX,2026-08-13 10:58:00-04:00,2026-08-13 10:58:38.178580-04:00,-21.82142,0.0,1.600000023841858,1.600000023841858
BTMD,2026-08-13 10:15:00-04:00,2026-08-13 10:58:38.178580-04:00,2558.17858,1312.0,1.5299999713897705,1.5299999713897705
BTMD,2026-08-13 10:21:00-04:00,2026-08-13 10:58:38.178580-04:00,2198.17858,1151.0,1.5471999645233154,1.5471999645233154
BTMD,2026-08-13 10:29:00-04:00,2026-08-13 10:58:38.178580-04:00,1718.17858,276.0,1.5199999809265137,1.5199999809265137
BTMD,2026-08-13 10:30:00-04:00,2026-08-13 10:58:38.178580-04:00,1658.17858,1087.0,1.534999966621399,1.534999966621399
BTMD,2026-08-13 10:33:00-04:00,2026-08-13 10:58:38.178580-04:00,1478.17858,322.0,1.534999966621399,1.534999966621399
BTMD,2026-08-13 10:38:00-04:00,2026-08-13 10:58:38.178580-04:00,1178.17858,0.0,1.5099999904632568,1.5099999904632568
USIO,2026-08-13 10:53:00-04:00,2026-08-13 10:58:38.178580-04:00,278.17858,2945.0,2.7300000190734863,2.744999885559082
USIO,2026-08-13 10:54:00-04:00,2026-08-13 10:58:38.178580-04:00,218.17858,9693.0,2.734999895095825,2.7049999237060547
USIO,2026-08-13 10:55:00-04:00,2026-08-13 10:58:38.178580-04:00,158.17858,1776.0,2.7300000190734863,2.7249999046325684
USIO,2026-08-13 10:56:00-04:00,2026-08-13 10:58:38.178580-04:00,98.17858,8961.0,2.7100000381469727,2.674999952316284
USIO,2026-08-13 10:57:00-04:00,2026-08-13 10:58:38.178580-04:00,38.17858,584.0,2.6659998893737793,2.684999942779541
USIO,2026-08-13 10:58:00-04:00,2026-08-13 10:58:38.178580-04:00,-21.82142,0.0,2.661400079727173,2.661400079727173
LSTA,2026-08-13 09:30:00-04:00,2026-08-13 10:58:58.205662-04:00,5278.205662,483.0,1.190000057220459,1.190000057220459
LSTA,2026-08-13 10:13:00-04:00,2026-08-13 10:58:58.205662-04:00,2698.205662,578.0,1.1399999856948853,1.1399999856948853
LSTA,2026-08-13 10:16:00-04:00,2026-08-13 10:58:58.205662-04:00,2518.205662,123.0,1.1699999570846558,1.1699999570846558
LSTA,2026-08-13 10:23:00-04:00,2026-08-13 10:58:58.205662-04:00,2098.205662,1117.0,1.1699999570846558,1.1699999570846558
LSTA,2026-08-13 10:45:00-04:00,2026-08-13 10:58:58.205662-04:00,778.205662,0.0,1.1399999856948853,1.1399999856948853
BTMD,2026-08-13 10:15:00-04:00,2026-08-13 10:58:58.205662-04:00,2578.205662,1312.0,1.5299999713897705,1.5299999713897705
BTMD,2026-08-13 10:21:00-04:00,2026-08-13 10:58:58.205662-04:00,2218.205662,1151.0,1.5471999645233154,1.5471999645233154
BTMD,2026-08-13 10:29:00-04:00,2026-08-13 10:58:58.205662-04:00,1738.205662,276.0,1.5199999809265137,1.5199999809265137
BTMD,2026-08-13 10:30:00-04:00,2026-08-13 10:58:58.205662-04:00,1678.205662,1087.0,1.534999966621399,1.534999966621399
BTMD,2026-08-13 10:33:00-04:00,2026-08-13 10:58:58.205662-04:00,1498.205662,322.0,1.534999966621399,1.534999966621399
BTMD,2026-08-13 10:38:00-04:00,2026-08-13 10:58:58.205662-04:00,1198.205662,0.0,1.5099999904632568,1.5099999904632568
MOBX,2026-08-13 10:50:00-04:00,2026-08-13 10:58:58.205662-04:00,478.205662,1956.0,1.600000023841858,1.600100040435791
MOBX,2026-08-13 10:52:00-04:00,2026-08-13 10:58:58.205662-04:00,358.205662,1028.0,1.600100040435791,1.600100040435791
MOBX,2026-08-13 10:53:00-04:00,2026-08-13 10:58:58.205662-04:00,298.205662,24186.0,1.6050000190734863,1.600000023841858
MOBX,2026-08-13 10:54:00-04:00,2026-08-13 10:58:58.205662-04:00,238.205662,1436.0,1.6093000173568726,1.600000023841858
MOBX,2026-08-13 10:55:00-04:00,2026-08-13 10:58:58.205662-04:00,178.205662,751.0,1.600100040435791,1.600100040435791
MOBX,2026-08-13 10:58:00-04:00,2026-08-13 10:58:58.205662-04:00,-1.794338,0.0,1.6016000509262085,1.6016000509262085
INDP,2026-08-13 10:11:00-04:00,2026-08-13 10:58:58.205662-04:00,2818.205662,1232.0,1.070099949836731,1.070099949836731
INDP,2026-08-13 10:12:00-04:00,2026-08-13 10:58:58.205662-04:00,2758.205662,5396.0,1.0700000524520874,1.0700000524520874
INDP,2026-08-13 10:20:00-04:00,2026-08-13 10:58:58.205662-04:00,2278.205662,14909.0,1.0800000429153442,1.0799000263214111
INDP,2026-08-13 10:22:00-04:00,2026-08-13 10:58:58.205662-04:00,2158.205662,4547.0,1.070099949836731,1.070099949836731
INDP,2026-08-13 10:51:00-04:00,2026-08-13 10:58:58.205662-04:00,418.205662,187.0,1.0700000524520874,1.0700000524520874
INDP,2026-08-13 10:52:00-04:00,2026-08-13 10:58:58.205662-04:00,358.205662,0.0,1.0707999467849731,1.0707999467849731
USIO,2026-08-13 10:53:00-04:00,2026-08-13 10:58:58.205662-04:00,298.205662,2945.0,2.7300000190734863,2.744999885559082
USIO,2026-08-13 10:54:00-04:00,2026-08-13 10:58:58.205662-04:00,238.205662,9693.0,2.734999895095825,2.7049999237060547
USIO,2026-08-13 10:55:00-04:00,2026-08-13 10:58:58.205662-04:00,178.205662,1776.0,2.7300000190734863,2.7249999046325684
USIO,2026-08-13 10:56:00-04:00,2026-08-13 10:58:58.205662-04:00,118.205662,8961.0,2.7100000381469727,2.674999952316284
USIO,2026-08-13 10:57:00-04:00,2026-08-13 10:58:58.205662-04:00,58.205662,584.0,2.6659998893737793,2.684999942779541
USIO,2026-08-13 10:58:00-04:00,2026-08-13 10:58:58.205662-04:00,-1.794338,0.0,2.666300058364868,2.666300058364868
INDP,2026-08-13 10:11:00-04:00,2026-08-13 10:59:18.232315-04:00,2838.232315,1232.0,1.070099949836731,1.070099949836731
INDP,2026-08-13 10:12:00-04:00,2026-08-13 10:59:18.232315-04:00,2778.232315,5396.0,1.0700000524520874,1.0700000524520874
INDP,2026-08-13 10:20:00-04:00,2026-08-13 10:59:18.232315-04:00,2298.232315,14909.0,1.0800000429153442,1.0799000263214111
INDP,2026-08-13 10:22:00-04:00,2026-08-13 10:59:18.232315-04:00,2178.232315,4547.0,1.070099949836731,1.070099949836731
INDP,2026-08-13 10:51:00-04:00,2026-08-13 10:59:18.232315-04:00,438.232315,187.0,1.0700000524520874,1.0700000524520874
INDP,2026-08-13 10:52:00-04:00,2026-08-13 10:59:18.232315-04:00,378.232315,0.0,1.0707999467849731,1.0707999467849731
USIO,2026-08-13 10:54:00-04:00,2026-08-13 10:59:18.232315-04:00,258.232315,9693.0,2.734999895095825,2.7049999237060547
USIO,2026-08-13 10:55:00-04:00,2026-08-13 10:59:18.232315-04:00,198.232315,1776.0,2.7300000190734863,2.7249999046325684
USIO,2026-08-13 10:56:00-04:00,2026-08-13 10:59:18.232315-04:00,138.232315,8961.0,2.7100000381469727,2.674999952316284
USIO,2026-08-13 10:57:00-04:00,2026-08-13 10:59:18.232315-04:00,78.232315,584.0,2.6659998893737793,2.684999942779541
USIO,2026-08-13 10:58:00-04:00,2026-08-13 10:59:18.232315-04:00,18.232315,9261.0,2.7100000381469727,2.6600000858306885
USIO,2026-08-13 10:59:00-04:00,2026-08-13 10:59:18.232315-04:00,-41.767685,0.0,2.6600000858306885,2.6600000858306885
MOBX,2026-08-13 10:52:00-04:00,2026-08-13 10:59:18.232315-04:00,378.232315,1028.0,1.600100040435791,1.600100040435791
MOBX,2026-08-13 10:53:00-04:00,2026-08-13 10:59:18.232315-04:00,318.232315,24186.0,1.6050000190734863,1.600000023841858
MOBX,2026-08-13 10:54:00-04:00,2026-08-13 10:59:18.232315-04:00,258.232315,1436.0,1.6093000173568726,1.600000023841858
MOBX,2026-08-13 10:55:00-04:00,2026-08-13 10:59:18.232315-04:00,198.232315,751.0,1.600100040435791,1.600100040435791
MOBX,2026-08-13 10:58:00-04:00,2026-08-13 10:59:18.232315-04:00,18.232315,1986.0,1.6002000570297241,1.6016000509262085
MOBX,2026-08-13 10:59:00-04:00,2026-08-13 10:59:18.232315-04:00,-41.767685,0.0,1.6008000373840332,1.6008000373840332
LSTA,2026-08-13 09:30:00-04:00,2026-08-13 10:59:18.232315-04:00,5298.232315,483.0,1.190000057220459,1.190000057220459
LSTA,2026-08-13 10:13:00-04:00,2026-08-13 10:59:18.232315-04:00,2718.232315,578.0,1.1399999856948853,1.1399999856948853
LSTA,2026-08-13 10:16:00-04:00,2026-08-13 10:59:18.232315-04:00,2538.232315,123.0,1.1699999570846558,1.1699999570846558
LSTA,2026-08-13 10:23:00-04:00,2026-08-13 10:59:18.232315-04:00,2118.232315,1117.0,1.1699999570846558,1.1699999570846558
LSTA,2026-08-13 10:45:00-04:00,2026-08-13 10:59:18.232315-04:00,798.232315,0.0,1.1399999856948853,1.1399999856948853
BTMD,2026-08-13 10:15:00-04:00,2026-08-13 10:59:18.232315-04:00,2598.232315,1312.0,1.5299999713897705,1.5299999713897705
BTMD,2026-08-13 10:21:00-04:00,2026-08-13 10:59:18.232315-04:00,2238.232315,1151.0,1.5471999645233154,1.5471999645233154
BTMD,2026-08-13 10:29:00-04:00,2026-08-13 10:59:18.232315-04:00,1758.232315,276.0,1.5199999809265137,1.5199999809265137
BTMD,2026-08-13 10:30:00-04:00,2026-08-13 10:59:18.232315-04:00,1698.232315,1087.0,1.534999966621399,1.534999966621399
BTMD,2026-08-13 10:33:00-04:00,2026-08-13 10:59:18.232315-04:00,1518.232315,322.0,1.534999966621399,1.534999966621399
BTMD,2026-08-13 10:38:00-04:00,2026-08-13 10:59:18.232315-04:00,1218.232315,0.0,1.5099999904632568,1.5099999904632568
LSTA,2026-08-13 09:30:00-04:00,2026-08-13 10:59:38.259722-04:00,5318.259722,483.0,1.190000057220459,1.190000057220459
LSTA,2026-08-13 10:13:00-04:00,2026-08-13 10:59:38.259722-04:00,2738.259722,578.0,1.1399999856948853,1.1399999856948853
LSTA,2026-08-13 10:16:00-04:00,2026-08-13 10:59:38.259722-04:00,2558.259722,123.0,1.1699999570846558,1.1699999570846558
LSTA,2026-08-13 10:23:00-04:00,2026-08-13 10:59:38.259722-04:00,2138.259722,1117.0,1.1699999570846558,1.1699999570846558
LSTA,2026-08-13 10:45:00-04:00,2026-08-13 10:59:38.259722-04:00,818.259722,0.0,1.1399999856948853,1.1399999856948853
INDP,2026-08-13 10:11:00-04:00,2026-08-13 10:59:38.259722-04:00,2858.259722,1232.0,1.070099949836731,1.070099949836731
INDP,2026-08-13 10:12:00-04:00,2026-08-13 10:59:38.259722-04:00,2798.259722,5396.0,1.0700000524520874,1.0700000524520874
INDP,2026-08-13 10:20:00-04:00,2026-08-13 10:59:38.259722-04:00,2318.259722,14909.0,1.0800000429153442,1.0799000263214111
INDP,2026-08-13 10:22:00-04:00,2026-08-13 10:59:38.259722-04:00,2198.259722,4547.0,1.070099949836731,1.070099949836731
INDP,2026-08-13 10:51:00-04:00,2026-08-13 10:59:38.259722-04:00,458.259722,187.0,1.0700000524520874,1.0700000524520874
INDP,2026-08-13 10:52:00-04:00,2026-08-13 10:59:38.259722-04:00,398.259722,0.0,1.0707999467849731,1.0707999467849731
MOBX,2026-08-13 10:52:00-04:00,2026-08-13 10:59:38.259722-04:00,398.259722,1028.0,1.600100040435791,1.600100040435791
MOBX,2026-08-13 10:53:00-04:00,2026-08-13 10:59:38.259722-04:00,338.259722,24186.0,1.6050000190734863,1.600000023841858
MOBX,2026-08-13 10:54:00-04:00,2026-08-13 10:59:38.259722-04:00,278.259722,1436.0,1.6093000173568726,1.600000023841858
MOBX,2026-08-13 10:55:00-04:00,2026-08-13 10:59:38.259722-04:00,218.259722,751.0,1.600100040435791,1.600100040435791
MOBX,2026-08-13 10:58:00-04:00,2026-08-13 10:59:38.259722-04:00,38.259722,1986.0,1.6002000570297241,1.6016000509262085
MOBX,2026-08-13 10:59:00-04:00,2026-08-13 10:59:38.259722-04:00,-21.740278,0.0,1.6008000373840332,1.6008000373840332
BTMD,2026-08-13 10:15:00-04:00,2026-08-13 10:59:38.259722-04:00,2618.259722,1312.0,1.5299999713897705,1.5299999713897705
BTMD,2026-08-13 10:21:00-04:00,2026-08-13 10:59:38.259722-04:00,2258.259722,1151.0,1.5471999645233154,1.5471999645233154
BTMD,2026-08-13 10:29:00-04:00,2026-08-13 10:59:38.259722-04:00,1778.259722,276.0,1.5199999809265137,1.5199999809265137
BTMD,2026-08-13 10:30:00-04:00,2026-08-13 10:59:38.259722-04:00,1718.259722,1087.0,1.534999966621399,1.534999966621399
BTMD,2026-08-13 10:33:00-04:00,2026-08-13 10:59:38.259722-04:00,1538.259722,322.0,1.534999966621399,1.534999966621399
BTMD,2026-08-13 10:38:00-04:00,2026-08-13 10:59:38.259722-04:00,1238.259722,0.0,1.5099999904632568,1.5099999904632568
USIO,2026-08-13 10:54:00-04:00,2026-08-13 10:59:38.259722-04:00,278.259722,9693.0,2.734999895095825,2.7049999237060547
USIO,2026-08-13 10:55:00-04:00,2026-08-13 10:59:38.259722-04:00,218.259722,1776.0,2.7300000190734863,2.7249999046325684
USIO,2026-08-13 10:56:00-04:00,2026-08-13 10:59:38.259722-04:00,158.259722,8961.0,2.7100000381469727,2.674999952316284
USIO,2026-08-13 10:57:00-04:00,2026-08-13 10:59:38.259722-04:00,98.259722,584.0,2.6659998893737793,2.684999942779541
USIO,2026-08-13 10:58:00-04:00,2026-08-13 10:59:38.259722-04:00,38.259722,9261.0,2.7100000381469727,2.6600000858306885
USIO,2026-08-13 10:59:00-04:00,2026-08-13 10:59:38.259722-04:00,-21.740278,0.0,2.6401000022888184,2.6401000022888184
USIO,2026-08-13 10:54:00-04:00,2026-08-13 10:59:58.288387-04:00,298.288387,9693.0,2.734999895095825,2.7049999237060547
USIO,2026-08-13 10:55:00-04:00,2026-08-13 10:59:58.288387-04:00,238.288387,1776.0,2.7300000190734863,2.7249999046325684
USIO,2026-08-13 10:56:00-04:00,2026-08-13 10:59:58.288387-04:00,178.288387,8961.0,2.7100000381469727,2.674999952316284
USIO,2026-08-13 10:57:00-04:00,2026-08-13 10:59:58.288387-04:00,118.288387,584.0,2.6659998893737793,2.684999942779541
USIO,2026-08-13 10:58:00-04:00,2026-08-13 10:59:58.288387-04:00,58.288387,9261.0,2.7100000381469727,2.6600000858306885
USIO,2026-08-13 10:59:00-04:00,2026-08-13 10:59:58.288387-04:00,-1.711613,0.0,2.5999999046325684,2.5999999046325684
BTMD,2026-08-13 10:15:00-04:00,2026-08-13 10:59:58.288387-04:00,2638.288387,1299.0,1.5299999713897705,1.5299999713897705
BTMD,2026-08-13 10:21:00-04:00,2026-08-13 10:59:58.288387-04:00,2278.288387,1151.0,1.5471999645233154,1.5471999645233154
BTMD,2026-08-13 10:29:00-04:00,2026-08-13 10:59:58.288387-04:00,1798.288387,276.0,1.5199999809265137,1.5199999809265137
BTMD,2026-08-13 10:30:00-04:00,2026-08-13 10:59:58.288387-04:00,1738.288387,1087.0,1.534999966621399,1.534999966621399
BTMD,2026-08-13 10:33:00-04:00,2026-08-13 10:59:58.288387-04:00,1558.288387,322.0,1.534999966621399,1.534999966621399
BTMD,2026-08-13 10:38:00-04:00,2026-08-13 10:59:58.288387-04:00,1258.288387,0.0,1.5099999904632568,1.5099999904632568
LSTA,2026-08-13 09:30:00-04:00,2026-08-13 10:59:58.288387-04:00,5338.288387,483.0,1.190000057220459,1.190000057220459
LSTA,2026-08-13 10:13:00-04:00,2026-08-13 10:59:58.288387-04:00,2758.288387,578.0,1.1399999856948853,1.1399999856948853
LSTA,2026-08-13 10:16:00-04:00,2026-08-13 10:59:58.288387-04:00,2578.288387,123.0,1.1699999570846558,1.1699999570846558
LSTA,2026-08-13 10:23:00-04:00,2026-08-13 10:59:58.288387-04:00,2158.288387,1117.0,1.1699999570846558,1.1699999570846558
LSTA,2026-08-13 10:45:00-04:00,2026-08-13 10:59:58.288387-04:00,838.288387,0.0,1.1399999856948853,1.1399999856948853
INDP,2026-08-13 10:11:00-04:00,2026-08-13 10:59:58.288387-04:00,2878.288387,1232.0,1.070099949836731,1.070099949836731
INDP,2026-08-13 10:12:00-04:00,2026-08-13 10:59:58.288387-04:00,2818.288387,5396.0,1.0700000524520874,1.0700000524520874
INDP,2026-08-13 10:20:00-04:00,2026-08-13 10:59:58.288387-04:00,2338.288387,14909.0,1.0800000429153442,1.0799000263214111
INDP,2026-08-13 10:22:00-04:00,2026-08-13 10:59:58.288387-04:00,2218.288387,4547.0,1.070099949836731,1.070099949836731
INDP,2026-08-13 10:51:00-04:00,2026-08-13 10:59:58.288387-04:00,478.288387,372.0,1.0700000524520874,1.0700000524520874
INDP,2026-08-13 10:52:00-04:00,2026-08-13 10:59:58.288387-04:00,418.288387,0.0,1.0707999467849731,1.0707999467849731
MOBX,2026-08-13 10:52:00-04:00,2026-08-13 10:59:58.288387-04:00,418.288387,1028.0,1.600100040435791,1.600100040435791
MOBX,2026-08-13 10:53:00-04:00,2026-08-13 10:59:58.288387-04:00,358.288387,24186.0,1.6050000190734863,1.600000023841858
MOBX,2026-08-13 10:54:00-04:00,2026-08-13 10:59:58.288387-04:00,298.288387,1436.0,1.6093000173568726,1.600000023841858
MOBX,2026-08-13 10:55:00-04:00,2026-08-13 10:59:58.288387-04:00,238.288387,751.0,1.600100040435791,1.600100040435791
MOBX,2026-08-13 10:58:00-04:00,2026-08-13 10:59:58.288387-04:00,58.288387,1986.0,1.6002000570297241,1.6016000509262085
MOBX,2026-08-13 10:59:00-04:00,2026-08-13 10:59:58.288387-04:00,-1.711613,0.0,1.6050000190734863,1.6050000190734863
MOBX,2026-08-13 10:52:00-04:00,2026-08-13 11:00:18.317082-04:00,438.317082,1028.0,1.600100040435791,1.600100040435791
MOBX,2026-08-13 10:53:00-04:00,2026-08-13 11:00:18.317082-04:00,378.317082,24186.0,1.6050000190734863,1.600000023841858
MOBX,2026-08-13 10:54:00-04:00,2026-08-13 11:00:18.317082-04:00,318.317082,1436.0,1.6093000173568726,1.600000023841858
MOBX,2026-08-13 10:55:00-04:00,2026-08-13 11:00:18.317082-04:00,258.317082,751.0,1.600100040435791,1.600100040435791
MOBX,2026-08-13 10:58:00-04:00,2026-08-13 11:00:18.317082-04:00,78.317082,1986.0,1.6002000570297241,1.6016000509262085
MOBX,2026-08-13 10:59:00-04:00,2026-08-13 11:00:18.317082-04:00,18.317082,0.0,1.6050000190734863,1.6050000190734863
INDP,2026-08-13 10:11:00-04:00,2026-08-13 11:00:18.317082-04:00,2898.317082,1232.0,1.070099949836731,1.070099949836731
INDP,2026-08-13 10:12:00-04:00,2026-08-13 11:00:18.317082-04:00,2838.317082,5396.0,1.0700000524520874,1.0700000524520874
INDP,2026-08-13 10:20:00-04:00,2026-08-13 11:00:18.317082-04:00,2358.317082,14909.0,1.0800000429153442,1.0799000263214111
INDP,2026-08-13 10:22:00-04:00,2026-08-13 11:00:18.317082-04:00,2238.317082,4547.0,1.070099949836731,1.070099949836731
INDP,2026-08-13 10:51:00-04:00,2026-08-13 11:00:18.317082-04:00,498.317082,187.0,1.0700000524520874,1.0700000524520874
INDP,2026-08-13 10:52:00-04:00,2026-08-13 11:00:18.317082-04:00,438.317082,0.0,1.0707999467849731,1.0707999467849731
LSTA,2026-08-13 09:30:00-04:00,2026-08-13 11:00:18.317082-04:00,5358.317082,483.0,1.190000057220459,1.190000057220459
LSTA,2026-08-13 10:13:00-04:00,2026-08-13 11:00:18.317082-04:00,2778.317082,578.0,1.1399999856948853,1.1399999856948853
LSTA,2026-08-13 10:16:00-04:00,2026-08-13 11:00:18.317082-04:00,2598.317082,123.0,1.1699999570846558,1.1699999570846558
LSTA,2026-08-13 10:23:00-04:00,2026-08-13 11:00:18.317082-04:00,2178.317082,1117.0,1.1699999570846558,1.1699999570846558
LSTA,2026-08-13 10:45:00-04:00,2026-08-13 11:00:18.317082-04:00,858.317082,0.0,1.1399999856948853,1.1399999856948853
USIO,2026-08-13 10:55:00-04:00,2026-08-13 11:00:18.317082-04:00,258.317082,1776.0,2.7300000190734863,2.7249999046325684
USIO,2026-08-13 10:56:00-04:00,2026-08-13 11:00:18.317082-04:00,198.317082,8961.0,2.7100000381469727,2.674999952316284
USIO,2026-08-13 10:57:00-04:00,2026-08-13 11:00:18.317082-04:00,138.317082,584.0,2.6659998893737793,2.684999942779541
USIO,2026-08-13 10:58:00-04:00,2026-08-13 11:00:18.317082-04:00,78.317082,9261.0,2.7100000381469727,2.6600000858306885
USIO,2026-08-13 10:59:00-04:00,2026-08-13 11:00:18.317082-04:00,18.317082,28120.0,2.6500000953674316,2.5999999046325684
USIO,2026-08-13 11:00:00-04:00,2026-08-13 11:00:18.317082-04:00,-41.682918,0.0,2.5999999046325684,2.5999999046325684
BTMD,2026-08-13 10:15:00-04:00,2026-08-13 11:00:18.317082-04:00,2658.317082,1312.0,1.5299999713897705,1.5299999713897705
BTMD,2026-08-13 10:21:00-04:00,2026-08-13 11:00:18.317082-04:00,2298.317082,1151.0,1.5471999645233154,1.5471999645233154
BTMD,2026-08-13 10:29:00-04:00,2026-08-13 11:00:18.317082-04:00,1818.317082,276.0,1.5199999809265137,1.5199999809265137
BTMD,2026-08-13 10:30:00-04:00,2026-08-13 11:00:18.317082-04:00,1758.317082,1087.0,1.534999966621399,1.534999966621399
BTMD,2026-08-13 10:33:00-04:00,2026-08-13 11:00:18.317082-04:00,1578.317082,322.0,1.534999966621399,1.534999966621399
BTMD,2026-08-13 10:38:00-04:00,2026-08-13 11:00:18.317082-04:00,1278.317082,0.0,1.5099999904632568,1.5099999904632568
INDP,2026-08-13 10:11:00-04:00,2026-08-13 11:00:38.350302-04:00,2918.350302,1232.0,1.070099949836731,1.070099949836731
INDP,2026-08-13 10:12:00-04:00,2026-08-13 11:00:38.350302-04:00,2858.350302,5396.0,1.0700000524520874,1.0700000524520874
INDP,2026-08-13 10:20:00-04:00,2026-08-13 11:00:38.350302-04:00,2378.350302,14909.0,1.0800000429153442,1.0799000263214111
INDP,2026-08-13 10:22:00-04:00,2026-08-13 11:00:38.350302-04:00,2258.350302,4547.0,1.070099949836731,1.070099949836731
INDP,2026-08-13 10:51:00-04:00,2026-08-13 11:00:38.350302-04:00,518.350302,372.0,1.0700000524520874,1.0700000524520874
INDP,2026-08-13 10:52:00-04:00,2026-08-13 11:00:38.350302-04:00,458.350302,0.0,1.0707999467849731,1.0707999467849731
LSTA,2026-08-13 09:30:00-04:00,2026-08-13 11:00:38.350302-04:00,5378.350302,483.0,1.190000057220459,1.190000057220459
LSTA,2026-08-13 10:13:00-04:00,2026-08-13 11:00:38.350302-04:00,2798.350302,578.0,1.1399999856948853,1.1399999856948853
LSTA,2026-08-13 10:16:00-04:00,2026-08-13 11:00:38.350302-04:00,2618.350302,123.0,1.1699999570846558,1.1699999570846558
LSTA,2026-08-13 10:23:00-04:00,2026-08-13 11:00:38.350302-04:00,2198.350302,1117.0,1.1699999570846558,1.1699999570846558
LSTA,2026-08-13 10:45:00-04:00,2026-08-13 11:00:38.350302-04:00,878.350302,0.0,1.1399999856948853,1.1399999856948853
BTMD,2026-08-13 10:15:00-04:00,2026-08-13 11:00:38.350302-04:00,2678.350302,1312.0,1.5299999713897705,1.5299999713897705
BTMD,2026-08-13 10:21:00-04:00,2026-08-13 11:00:38.350302-04:00,2318.350302,1151.0,1.5471999645233154,1.5471999645233154
BTMD,2026-08-13 10:29:00-04:00,2026-08-13 11:00:38.350302-04:00,1838.350302,276.0,1.5199999809265137,1.5199999809265137
BTMD,2026-08-13 10:30:00-04:00,2026-08-13 11:00:38.350302-04:00,1778.350302,1087.0,1.534999966621399,1.534999966621399
BTMD,2026-08-13 10:33:00-04:00,2026-08-13 11:00:38.350302-04:00,1598.350302,322.0,1.534999966621399,1.534999966621399
BTMD,2026-08-13 10:38:00-04:00,2026-08-13 11:00:38.350302-04:00,1298.350302,0.0,1.5099999904632568,1.5099999904632568
USIO,2026-08-13 10:55:00-04:00,2026-08-13 11:00:38.350302-04:00,278.350302,1776.0,2.7300000190734863,2.7249999046325684
USIO,2026-08-13 10:56:00-04:00,2026-08-13 11:00:38.350302-04:00,218.350302,8961.0,2.7100000381469727,2.674999952316284
USIO,2026-08-13 10:57:00-04:00,2026-08-13 11:00:38.350302-04:00,158.350302,584.0,2.6659998893737793,2.684999942779541
USIO,2026-08-13 10:58:00-04:00,2026-08-13 11:00:38.350302-04:00,98.350302,9261.0,2.7100000381469727,2.6600000858306885
USIO,2026-08-13 10:59:00-04:00,2026-08-13 11:00:38.350302-04:00,38.350302,28120.0,2.6500000953674316,2.5999999046325684
USIO,2026-08-13 11:00:00-04:00,2026-08-13 11:00:38.350302-04:00,-21.649698,0.0,2.578000068664551,2.578000068664551
MOBX,2026-08-13 10:52:00-04:00,2026-08-13 11:00:38.350302-04:00,458.350302,1028.0,1.600100040435791,1.600100040435791
MOBX,2026-08-13 10:53:00-04:00,2026-08-13 11:00:38.350302-04:00,398.350302,24186.0,1.6050000190734863,1.600000023841858
MOBX,2026-08-13 10:54:00-04:00,2026-08-13 11:00:38.350302-04:00,338.350302,1436.0,1.6093000173568726,1.600000023841858
MOBX,2026-08-13 10:55:00-04:00,2026-08-13 11:00:38.350302-04:00,278.350302,751.0,1.600100040435791,1.600100040435791
MOBX,2026-08-13 10:58:00-04:00,2026-08-13 11:00:38.350302-04:00,98.350302,1986.0,1.6002000570297241,1.6016000509262085
MOBX,2026-08-13 10:59:00-04:00,2026-08-13 11:00:38.350302-04:00,38.350302,0.0,1.6050000190734863,1.6050000190734863
INDP,2026-08-13 10:11:00-04:00,2026-08-13 11:00:58.373106-04:00,2938.373106,1232.0,1.070099949836731,1.070099949836731
INDP,2026-08-13 10:12:00-04:00,2026-08-13 11:00:58.373106-04:00,2878.373106,5396.0,1.0700000524520874,1.0700000524520874
INDP,2026-08-13 10:20:00-04:00,2026-08-13 11:00:58.373106-04:00,2398.373106,14909.0,1.0800000429153442,1.0799000263214111
INDP,2026-08-13 10:22:00-04:00,2026-08-13 11:00:58.373106-04:00,2278.373106,4547.0,1.070099949836731,1.070099949836731
INDP,2026-08-13 10:51:00-04:00,2026-08-13 11:00:58.373106-04:00,538.373106,187.0,1.0700000524520874,1.0700000524520874
INDP,2026-08-13 10:52:00-04:00,2026-08-13 11:00:58.373106-04:00,478.373106,0.0,1.0707999467849731,1.0707999467849731
BTMD,2026-08-13 10:15:00-04:00,2026-08-13 11:00:58.373106-04:00,2698.373106,1299.0,1.5299999713897705,1.5299999713897705
BTMD,2026-08-13 10:21:00-04:00,2026-08-13 11:00:58.373106-04:00,2338.373106,1151.0,1.5471999645233154,1.5471999645233154
BTMD,2026-08-13 10:29:00-04:00,2026-08-13 11:00:58.373106-04:00,1858.373106,276.0,1.5199999809265137,1.5199999809265137
BTMD,2026-08-13 10:30:00-04:00,2026-08-13 11:00:58.373106-04:00,1798.373106,1087.0,1.534999966621399,1.534999966621399
BTMD,2026-08-13 10:33:00-04:00,2026-08-13 11:00:58.373106-04:00,1618.373106,322.0,1.534999966621399,1.534999966621399
BTMD,2026-08-13 10:38:00-04:00,2026-08-13 11:00:58.373106-04:00,1318.373106,0.0,1.5099999904632568,1.5099999904632568
USIO,2026-08-13 10:55:00-04:00,2026-08-13 11:00:58.373106-04:00,298.373106,1776.0,2.7300000190734863,2.7249999046325684
USIO,2026-08-13 10:56:00-04:00,2026-08-13 11:00:58.373106-04:00,238.373106,8961.0,2.7100000381469727,2.674999952316284
USIO,2026-08-13 10:57:00-04:00,2026-08-13 11:00:58.373106-04:00,178.373106,584.0,2.6659998893737793,2.684999942779541
USIO,2026-08-13 10:58:00-04:00,2026-08-13 11:00:58.373106-04:00,118.373106,9261.0,2.7100000381469727,2.6600000858306885
USIO,2026-08-13 10:59:00-04:00,2026-08-13 11:00:58.373106-04:00,58.373106,28120.0,2.6500000953674316,2.5999999046325684
USIO,2026-08-13 11:00:00-04:00,2026-08-13 11:00:58.373106-04:00,-1.626894,0.0,2.575000047683716,2.575000047683716
LSTA,2026-08-13 09:30:00-04:00,2026-08-13 11:00:58.373106-04:00,5398.373106,483.0,1.190000057220459,1.190000057220459
LSTA,2026-08-13 10:13:00-04:00,2026-08-13 11:00:58.373106-04:00,2818.373106,578.0,1.1399999856948853,1.1399999856948853
LSTA,2026-08-13 10:16:00-04:00,2026-08-13 11:00:58.373106-04:00,2638.373106,123.0,1.1699999570846558,1.1699999570846558
LSTA,2026-08-13 10:23:00-04:00,2026-08-13 11:00:58.373106-04:00,2218.373106,1117.0,1.1699999570846558,1.1699999570846558
LSTA,2026-08-13 10:45:00-04:00,2026-08-13 11:00:58.373106-04:00,898.373106,0.0,1.1399999856948853,1.1399999856948853
MOBX,2026-08-13 10:52:00-04:00,2026-08-13 11:00:58.373106-04:00,478.373106,1028.0,1.600100040435791,1.600100040435791
MOBX,2026-08-13 10:53:00-04:00,2026-08-13 11:00:58.373106-04:00,418.373106,24186.0,1.6050000190734863,1.600000023841858
MOBX,2026-08-13 10:54:00-04:00,2026-08-13 11:00:58.373106-04:00,358.373106,1436.0,1.6093000173568726,1.600000023841858
MOBX,2026-08-13 10:55:00-04:00,2026-08-13 11:00:58.373106-04:00,298.373106,751.0,1.600100040435791,1.600100040435791
MOBX,2026-08-13 10:58:00-04:00,2026-08-13 11:00:58.373106-04:00,118.373106,1986.0,1.6002000570297241,1.6016000509262085
MOBX,2026-08-13 10:59:00-04:00,2026-08-13 11:00:58.373106-04:00,58.373106,0.0,1.6050000190734863,1.6050000190734863
INDP,2026-08-13 10:11:00-04:00,2026-08-13 11:01:18.406248-04:00,2958.406248,1232.0,1.070099949836731,1.070099949836731
INDP,2026-08-13 10:12:00-04:00,2026-08-13 11:01:18.406248-04:00,2898.406248,5396.0,1.0700000524520874,1.0700000524520874
INDP,2026-08-13 10:20:00-04:00,2026-08-13 11:01:18.406248-04:00,2418.406248,14909.0,1.0800000429153442,1.0799000263214111
INDP,2026-08-13 10:22:00-04:00,2026-08-13 11:01:18.406248-04:00,2298.406248,4547.0,1.070099949836731,1.070099949836731
INDP,2026-08-13 10:51:00-04:00,2026-08-13 11:01:18.406248-04:00,558.406248,187.0,1.0700000524520874,1.0700000524520874
INDP,2026-08-13 10:52:00-04:00,2026-08-13 11:01:18.406248-04:00,498.406248,0.0,1.0707999467849731,1.0707999467849731
USIO,2026-08-13 10:56:00-04:00,2026-08-13 11:01:18.406248-04:00,258.406248,8961.0,2.7100000381469727,2.674999952316284
USIO,2026-08-13 10:57:00-04:00,2026-08-13 11:01:18.406248-04:00,198.406248,584.0,2.6659998893737793,2.684999942779541
USIO,2026-08-13 10:58:00-04:00,2026-08-13 11:01:18.406248-04:00,138.406248,9261.0,2.7100000381469727,2.6600000858306885
USIO,2026-08-13 10:59:00-04:00,2026-08-13 11:01:18.406248-04:00,78.406248,28120.0,2.6500000953674316,2.5999999046325684
USIO,2026-08-13 11:00:00-04:00,2026-08-13 11:01:18.406248-04:00,18.406248,9823.0,2.5999999046325684,2.569999933242798
USIO,2026-08-13 11:01:00-04:00,2026-08-13 11:01:18.406248-04:00,-41.593752,0.0,2.6098999977111816,2.6098999977111816
BTMD,2026-08-13 10:15:00-04:00,2026-08-13 11:01:18.406248-04:00,2718.406248,1312.0,1.5299999713897705,1.5299999713897705
BTMD,2026-08-13 10:21:00-04:00,2026-08-13 11:01:18.406248-04:00,2358.406248,1151.0,1.5471999645233154,1.5471999645233154
BTMD,2026-08-13 10:29:00-04:00,2026-08-13 11:01:18.406248-04:00,1878.406248,276.0,1.5199999809265137,1.5199999809265137
BTMD,2026-08-13 10:30:00-04:00,2026-08-13 11:01:18.406248-04:00,1818.406248,1087.0,1.534999966621399,1.534999966621399
BTMD,2026-08-13 10:33:00-04:00,2026-08-13 11:01:18.406248-04:00,1638.406248,322.0,1.534999966621399,1.534999966621399
BTMD,2026-08-13 10:38:00-04:00,2026-08-13 11:01:18.406248-04:00,1338.406248,0.0,1.5099999904632568,1.5099999904632568
LSTA,2026-08-13 09:30:00-04:00,2026-08-13 11:01:18.406248-04:00,5418.406248,483.0,1.190000057220459,1.190000057220459
LSTA,2026-08-13 10:13:00-04:00,2026-08-13 11:01:18.406248-04:00,2838.406248,578.0,1.1399999856948853,1.1399999856948853
LSTA,2026-08-13 10:16:00-04:00,2026-08-13 11:01:18.406248-04:00,2658.406248,123.0,1.1699999570846558,1.1699999570846558
LSTA,2026-08-13 10:23:00-04:00,2026-08-13 11:01:18.406248-04:00,2238.406248,1117.0,1.1699999570846558,1.1699999570846558
LSTA,2026-08-13 10:45:00-04:00,2026-08-13 11:01:18.406248-04:00,918.406248,0.0,1.1399999856948853,1.1399999856948853
MOBX,2026-08-13 10:53:00-04:00,2026-08-13 11:01:18.406248-04:00,438.406248,24186.0,1.6050000190734863,1.600000023841858
MOBX,2026-08-13 10:54:00-04:00,2026-08-13 11:01:18.406248-04:00,378.406248,1436.0,1.6093000173568726,1.600000023841858
MOBX,2026-08-13 10:55:00-04:00,2026-08-13 11:01:18.406248-04:00,318.406248,751.0,1.600100040435791,1.600100040435791
MOBX,2026-08-13 10:58:00-04:00,2026-08-13 11:01:18.406248-04:00,138.406248,1986.0,1.6002000570297241,1.6016000509262085
MOBX,2026-08-13 10:59:00-04:00,2026-08-13 11:01:18.406248-04:00,78.406248,4251.0,1.6008000373840332,1.6050000190734863
MOBX,2026-08-13 11:01:00-04:00,2026-08-13 11:01:18.406248-04:00,-41.593752,0.0,1.6050000190734863,1.6050000190734863
INDP,2026-08-13 10:11:00-04:00,2026-08-13 11:01:38.432674-04:00,2978.432674,1232.0,1.070099949836731,1.070099949836731
INDP,2026-08-13 10:12:00-04:00,2026-08-13 11:01:38.432674-04:00,2918.432674,5396.0,1.0700000524520874,1.0700000524520874
INDP,2026-08-13 10:20:00-04:00,2026-08-13 11:01:38.432674-04:00,2438.432674,14909.0,1.0800000429153442,1.0799000263214111
INDP,2026-08-13 10:22:00-04:00,2026-08-13 11:01:38.432674-04:00,2318.432674,4547.0,1.070099949836731,1.070099949836731
INDP,2026-08-13 10:51:00-04:00,2026-08-13 11:01:38.432674-04:00,578.432674,372.0,1.0700000524520874,1.0700000524520874
INDP,2026-08-13 10:52:00-04:00,2026-08-13 11:01:38.432674-04:00,518.432674,0.0,1.0707999467849731,1.0707999467849731
BTMD,2026-08-13 10:15:00-04:00,2026-08-13 11:01:38.432674-04:00,2738.432674,1312.0,1.5299999713897705,1.5299999713897705
BTMD,2026-08-13 10:21:00-04:00,2026-08-13 11:01:38.432674-04:00,2378.432674,1151.0,1.5471999645233154,1.5471999645233154
BTMD,2026-08-13 10:29:00-04:00,2026-08-13 11:01:38.432674-04:00,1898.432674,276.0,1.5199999809265137,1.5199999809265137
BTMD,2026-08-13 10:30:00-04:00,2026-08-13 11:01:38.432674-04:00,1838.432674,1087.0,1.534999966621399,1.534999966621399
BTMD,2026-08-13 10:33:00-04:00,2026-08-13 11:01:38.432674-04:00,1658.432674,322.0,1.534999966621399,1.534999966621399
BTMD,2026-08-13 10:38:00-04:00,2026-08-13 11:01:38.432674-04:00,1358.432674,0.0,1.5099999904632568,1.5099999904632568
MOBX,2026-08-13 10:53:00-04:00,2026-08-13 11:01:38.432674-04:00,458.432674,24186.0,1.6050000190734863,1.600000023841858
MOBX,2026-08-13 10:54:00-04:00,2026-08-13 11:01:38.432674-04:00,398.432674,1436.0,1.6093000173568726,1.600000023841858
MOBX,2026-08-13 10:55:00-04:00,2026-08-13 11:01:38.432674-04:00,338.432674,751.0,1.600100040435791,1.600100040435791
MOBX,2026-08-13 10:58:00-04:00,2026-08-13 11:01:38.432674-04:00,158.432674,1986.0,1.6002000570297241,1.6016000509262085
MOBX,2026-08-13 10:59:00-04:00,2026-08-13 11:01:38.432674-04:00,98.432674,4251.0,1.6008000373840332,1.6050000190734863
MOBX,2026-08-13 11:01:00-04:00,2026-08-13 11:01:38.432674-04:00,-21.567326,0.0,1.6050000190734863,1.6050000190734863
USIO,2026-08-13 10:56:00-04:00,2026-08-13 11:01:38.432674-04:00,278.432674,8961.0,2.7100000381469727,2.674999952316284
USIO,2026-08-13 10:57:00-04:00,2026-08-13 11:01:38.432674-04:00,218.432674,584.0,2.6659998893737793,2.684999942779541
USIO,2026-08-13 10:58:00-04:00,2026-08-13 11:01:38.432674-04:00,158.432674,9261.0,2.7100000381469727,2.6600000858306885
USIO,2026-08-13 10:59:00-04:00,2026-08-13 11:01:38.432674-04:00,98.432674,28120.0,2.6500000953674316,2.5999999046325684
USIO,2026-08-13 11:00:00-04:00,2026-08-13 11:01:38.432674-04:00,38.432674,9823.0,2.5999999046325684,2.569999933242798
USIO,2026-08-13 11:01:00-04:00,2026-08-13 11:01:38.432674-04:00,-21.567326,0.0,2.6098999977111816,2.6098999977111816
LSTA,2026-08-13 09:30:00-04:00,2026-08-13 11:01:38.432674-04:00,5438.432674,483.0,1.190000057220459,1.190000057220459
LSTA,2026-08-13 10:13:00-04:00,2026-08-13 11:01:38.432674-04:00,2858.432674,578.0,1.1399999856948853,1.1399999856948853
LSTA,2026-08-13 10:16:00-04:00,2026-08-13 11:01:38.432674-04:00,2678.432674,123.0,1.1699999570846558,1.1699999570846558
LSTA,2026-08-13 10:23:00-04:00,2026-08-13 11:01:38.432674-04:00,2258.432674,1117.0,1.1699999570846558,1.1699999570846558
LSTA,2026-08-13 10:45:00-04:00,2026-08-13 11:01:38.432674-04:00,938.432674,0.0,1.1399999856948853,1.1399999856948853
BTMD,2026-08-13 10:15:00-04:00,2026-08-13 11:01:58.495577-04:00,2758.495577,1299.0,1.5299999713897705,1.5299999713897705
BTMD,2026-08-13 10:21:00-04:00,2026-08-13 11:01:58.495577-04:00,2398.495577,1151.0,1.5471999645233154,1.5471999645233154
BTMD,2026-08-13 10:29:00-04:00,2026-08-13 11:01:58.495577-04:00,1918.495577,276.0,1.5199999809265137,1.5199999809265137
BTMD,2026-08-13 10:30:00-04:00,2026-08-13 11:01:58.495577-04:00,1858.495577,1087.0,1.534999966621399,1.534999966621399
BTMD,2026-08-13 10:33:00-04:00,2026-08-13 11:01:58.495577-04:00,1678.495577,322.0,1.534999966621399,1.534999966621399
BTMD,2026-08-13 10:38:00-04:00,2026-08-13 11:01:58.495577-04:00,1378.495577,0.0,1.5099999904632568,1.5099999904632568
USIO,2026-08-13 10:56:00-04:00,2026-08-13 11:01:58.495577-04:00,298.495577,8961.0,2.7100000381469727,2.674999952316284
USIO,2026-08-13 10:57:00-04:00,2026-08-13 11:01:58.495577-04:00,238.495577,584.0,2.6659998893737793,2.684999942779541
USIO,2026-08-13 10:58:00-04:00,2026-08-13 11:01:58.495577-04:00,178.495577,9261.0,2.7100000381469727,2.6600000858306885
USIO,2026-08-13 10:59:00-04:00,2026-08-13 11:01:58.495577-04:00,118.495577,28120.0,2.6500000953674316,2.5999999046325684
USIO,2026-08-13 11:00:00-04:00,2026-08-13 11:01:58.495577-04:00,58.495577,9823.0,2.5999999046325684,2.569999933242798
USIO,2026-08-13 11:01:00-04:00,2026-08-13 11:01:58.495577-04:00,-1.504423,0.0,2.609999895095825,2.609999895095825
LSTA,2026-08-13 09:30:00-04:00,2026-08-13 11:01:58.495577-04:00,5458.495577,483.0,1.190000057220459,1.190000057220459
LSTA,2026-08-13 10:13:00-04:00,2026-08-13 11:01:58.495577-04:00,2878.495577,578.0,1.1399999856948853,1.1399999856948853
LSTA,2026-08-13 10:16:00-04:00,2026-08-13 11:01:58.495577-04:00,2698.495577,123.0,1.1699999570846558,1.1699999570846558
LSTA,2026-08-13 10:23:00-04:00,2026-08-13 11:01:58.495577-04:00,2278.495577,1117.0,1.1699999570846558,1.1699999570846558
LSTA,2026-08-13 10:45:00-04:00,2026-08-13 11:01:58.495577-04:00,958.495577,0.0,1.1399999856948853,1.1399999856948853
MOBX,2026-08-13 10:53:00-04:00,2026-08-13 11:01:58.495577-04:00,478.495577,24186.0,1.6050000190734863,1.600000023841858
MOBX,2026-08-13 10:54:00-04:00,2026-08-13 11:01:58.495577-04:00,418.495577,1436.0,1.6093000173568726,1.600000023841858
MOBX,2026-08-13 10:55:00-04:00,2026-08-13 11:01:58.495577-04:00,358.495577,751.0,1.600100040435791,1.600100040435791
MOBX,2026-08-13 10:58:00-04:00,2026-08-13 11:01:58.495577-04:00,178.495577,1986.0,1.6002000570297241,1.6016000509262085
MOBX,2026-08-13 10:59:00-04:00,2026-08-13 11:01:58.495577-04:00,118.495577,4251.0,1.6008000373840332,1.6050000190734863
MOBX,2026-08-13 11:01:00-04:00,2026-08-13 11:01:58.495577-04:00,-1.504423,0.0,1.6050000190734863,1.6050000190734863
INDP,2026-08-13 10:11:00-04:00,2026-08-13 11:01:58.495577-04:00,2998.495577,1232.0,1.070099949836731,1.070099949836731
INDP,2026-08-13 10:12:00-04:00,2026-08-13 11:01:58.495577-04:00,2938.495577,5396.0,1.0700000524520874,1.0700000524520874
INDP,2026-08-13 10:20:00-04:00,2026-08-13 11:01:58.495577-04:00,2458.495577,14909.0,1.0800000429153442,1.0799000263214111
INDP,2026-08-13 10:22:00-04:00,2026-08-13 11:01:58.495577-04:00,2338.495577,4547.0,1.070099949836731,1.070099949836731
INDP,2026-08-13 10:51:00-04:00,2026-08-13 11:01:58.495577-04:00,598.495577,187.0,1.0700000524520874,1.0700000524520874
INDP,2026-08-13 10:52:00-04:00,2026-08-13 11:01:58.495577-04:00,538.495577,0.0,1.0707999467849731,1.0707999467849731
BTMD,2026-08-13 10:15:00-04:00,2026-08-13 11:02:18.524782-04:00,2778.524782,1299.0,1.5299999713897705,1.5299999713897705
BTMD,2026-08-13 10:21:00-04:00,2026-08-13 11:02:18.524782-04:00,2418.524782,1151.0,1.5471999645233154,1.5471999645233154
BTMD,2026-08-13 10:29:00-04:00,2026-08-13 11:02:18.524782-04:00,1938.524782,276.0,1.5199999809265137,1.5199999809265137
BTMD,2026-08-13 10:30:00-04:00,2026-08-13 11:02:18.524782-04:00,1878.524782,1087.0,1.534999966621399,1.534999966621399
BTMD,2026-08-13 10:33:00-04:00,2026-08-13 11:02:18.524782-04:00,1698.524782,322.0,1.534999966621399,1.534999966621399
BTMD,2026-08-13 10:38:00-04:00,2026-08-13 11:02:18.524782-04:00,1398.524782,0.0,1.5099999904632568,1.5099999904632568
INDP,2026-08-13 10:11:00-04:00,2026-08-13 11:02:18.524782-04:00,3018.524782,1232.0,1.070099949836731,1.070099949836731
INDP,2026-08-13 10:12:00-04:00,2026-08-13 11:02:18.524782-04:00,2958.524782,5396.0,1.0700000524520874,1.0700000524520874
INDP,2026-08-13 10:20:00-04:00,2026-08-13 11:02:18.524782-04:00,2478.524782,14909.0,1.0800000429153442,1.0799000263214111
INDP,2026-08-13 10:22:00-04:00,2026-08-13 11:02:18.524782-04:00,2358.524782,4547.0,1.070099949836731,1.070099949836731
INDP,2026-08-13 10:51:00-04:00,2026-08-13 11:02:18.524782-04:00,618.524782,372.0,1.0700000524520874,1.0700000524520874
INDP,2026-08-13 10:52:00-04:00,2026-08-13 11:02:18.524782-04:00,558.524782,0.0,1.0707999467849731,1.0707999467849731
USIO,2026-08-13 10:57:00-04:00,2026-08-13 11:02:18.524782-04:00,258.524782,584.0,2.6659998893737793,2.684999942779541
USIO,2026-08-13 10:58:00-04:00,2026-08-13 11:02:18.524782-04:00,198.524782,9261.0,2.7100000381469727,2.6600000858306885
USIO,2026-08-13 10:59:00-04:00,2026-08-13 11:02:18.524782-04:00,138.524782,28120.0,2.6500000953674316,2.5999999046325684
USIO,2026-08-13 11:00:00-04:00,2026-08-13 11:02:18.524782-04:00,78.524782,9823.0,2.5999999046325684,2.569999933242798
USIO,2026-08-13 11:01:00-04:00,2026-08-13 11:02:18.524782-04:00,18.524782,19796.0,2.5799999237060547,2.609999895095825
USIO,2026-08-13 11:02:00-04:00,2026-08-13 11:02:18.524782-04:00,-41.475218,0.0,2.609999895095825,2.609999895095825
LSTA,2026-08-13 09:30:00-04:00,2026-08-13 11:02:18.524782-04:00,5478.524782,483.0,1.190000057220459,1.190000057220459
LSTA,2026-08-13 10:13:00-04:00,2026-08-13 11:02:18.524782-04:00,2898.524782,578.0,1.1399999856948853,1.1399999856948853
LSTA,2026-08-13 10:16:00-04:00,2026-08-13 11:02:18.524782-04:00,2718.524782,123.0,1.1699999570846558,1.1699999570846558
LSTA,2026-08-13 10:23:00-04:00,2026-08-13 11:02:18.524782-04:00,2298.524782,1117.0,1.1699999570846558,1.1699999570846558
LSTA,2026-08-13 10:45:00-04:00,2026-08-13 11:02:18.524782-04:00,978.524782,0.0,1.1399999856948853,1.1399999856948853
MOBX,2026-08-13 10:53:00-04:00,2026-08-13 11:02:18.524782-04:00,498.524782,24186.0,1.6050000190734863,1.600000023841858
MOBX,2026-08-13 10:54:00-04:00,2026-08-13 11:02:18.524782-04:00,438.524782,1436.0,1.6093000173568726,1.600000023841858
MOBX,2026-08-13 10:55:00-04:00,2026-08-13 11:02:18.524782-04:00,378.524782,751.0,1.600100040435791,1.600100040435791
MOBX,2026-08-13 10:58:00-04:00,2026-08-13 11:02:18.524782-04:00,198.524782,1986.0,1.6002000570297241,1.6016000509262085
MOBX,2026-08-13 10:59:00-04:00,2026-08-13 11:02:18.524782-04:00,138.524782,4251.0,1.6008000373840332,1.6050000190734863
MOBX,2026-08-13 11:01:00-04:00,2026-08-13 11:02:18.524782-04:00,18.524782,0.0,1.6050000190734863,1.6050000190734863
BTMD,2026-08-13 10:15:00-04:00,2026-08-13 11:02:38.559480-04:00,2798.55948,1299.0,1.5299999713897705,1.5299999713897705
BTMD,2026-08-13 10:21:00-04:00,2026-08-13 11:02:38.559480-04:00,2438.55948,1151.0,1.5471999645233154,1.5471999645233154
BTMD,2026-08-13 10:29:00-04:00,2026-08-13 11:02:38.559480-04:00,1958.55948,276.0,1.5199999809265137,1.5199999809265137
BTMD,2026-08-13 10:30:00-04:00,2026-08-13 11:02:38.559480-04:00,1898.55948,1087.0,1.534999966621399,1.534999966621399
BTMD,2026-08-13 10:33:00-04:00,2026-08-13 11:02:38.559480-04:00,1718.55948,322.0,1.534999966621399,1.534999966621399
BTMD,2026-08-13 10:38:00-04:00,2026-08-13 11:02:38.559480-04:00,1418.55948,0.0,1.5099999904632568,1.5099999904632568
USIO,2026-08-13 10:57:00-04:00,2026-08-13 11:02:38.559480-04:00,278.55948,584.0,2.6659998893737793,2.684999942779541
USIO,2026-08-13 10:58:00-04:00,2026-08-13 11:02:38.559480-04:00,218.55948,9261.0,2.7100000381469727,2.6600000858306885
USIO,2026-08-13 10:59:00-04:00,2026-08-13 11:02:38.559480-04:00,158.55948,28120.0,2.6500000953674316,2.5999999046325684
USIO,2026-08-13 11:00:00-04:00,2026-08-13 11:02:38.559480-04:00,98.55948,9823.0,2.5999999046325684,2.569999933242798
USIO,2026-08-13 11:01:00-04:00,2026-08-13 11:02:38.559480-04:00,38.55948,19796.0,2.5799999237060547,2.609999895095825
USIO,2026-08-13 11:02:00-04:00,2026-08-13 11:02:38.559480-04:00,-21.44052,0.0,2.5899999141693115,2.5899999141693115
INDP,2026-08-13 10:11:00-04:00,2026-08-13 11:02:38.559480-04:00,3038.55948,1232.0,1.070099949836731,1.070099949836731
INDP,2026-08-13 10:12:00-04:00,2026-08-13 11:02:38.559480-04:00,2978.55948,5396.0,1.0700000524520874,1.0700000524520874
INDP,2026-08-13 10:20:00-04:00,2026-08-13 11:02:38.559480-04:00,2498.55948,14909.0,1.0800000429153442,1.0799000263214111
INDP,2026-08-13 10:22:00-04:00,2026-08-13 11:02:38.559480-04:00,2378.55948,4547.0,1.070099949836731,1.070099949836731
INDP,2026-08-13 10:51:00-04:00,2026-08-13 11:02:38.559480-04:00,638.55948,372.0,1.0700000524520874,1.0700000524520874
INDP,2026-08-13 10:52:00-04:00,2026-08-13 11:02:38.559480-04:00,578.55948,0.0,1.0707999467849731,1.0707999467849731
LSTA,2026-08-13 09:30:00-04:00,2026-08-13 11:02:38.559480-04:00,5498.55948,483.0,1.190000057220459,1.190000057220459
LSTA,2026-08-13 10:13:00-04:00,2026-08-13 11:02:38.559480-04:00,2918.55948,578.0,1.1399999856948853,1.1399999856948853
LSTA,2026-08-13 10:16:00-04:00,2026-08-13 11:02:38.559480-04:00,2738.55948,123.0,1.1699999570846558,1.1699999570846558
LSTA,2026-08-13 10:23:00-04:00,2026-08-13 11:02:38.559480-04:00,2318.55948,1117.0,1.1699999570846558,1.1699999570846558
LSTA,2026-08-13 10:45:00-04:00,2026-08-13 11:02:38.559480-04:00,998.55948,0.0,1.1399999856948853,1.1399999856948853
MOBX,2026-08-13 10:54:00-04:00,2026-08-13 11:02:38.559480-04:00,458.55948,1436.0,1.6093000173568726,1.600000023841858
MOBX,2026-08-13 10:55:00-04:00,2026-08-13 11:02:38.559480-04:00,398.55948,751.0,1.600100040435791,1.600100040435791
MOBX,2026-08-13 10:58:00-04:00,2026-08-13 11:02:38.559480-04:00,218.55948,1986.0,1.6002000570297241,1.6016000509262085
MOBX,2026-08-13 10:59:00-04:00,2026-08-13 11:02:38.559480-04:00,158.55948,4251.0,1.6008000373840332,1.6050000190734863
MOBX,2026-08-13 11:01:00-04:00,2026-08-13 11:02:38.559480-04:00,38.55948,3284.0,1.6050000190734863,1.6050000190734863
MOBX,2026-08-13 11:02:00-04:00,2026-08-13 11:02:38.559480-04:00,-21.44052,0.0,1.600100040435791,1.600100040435791
MOBX,2026-08-13 10:54:00-04:00,2026-08-13 11:02:58.585962-04:00,478.585962,1436.0,1.6093000173568726,1.600000023841858
MOBX,2026-08-13 10:55:00-04:00,2026-08-13 11:02:58.585962-04:00,418.585962,751.0,1.600100040435791,1.600100040435791
MOBX,2026-08-13 10:58:00-04:00,2026-08-13 11:02:58.585962-04:00,238.585962,1986.0,1.6002000570297241,1.6016000509262085
MOBX,2026-08-13 10:59:00-04:00,2026-08-13 11:02:58.585962-04:00,178.585962,4251.0,1.6008000373840332,1.6050000190734863
MOBX,2026-08-13 11:01:00-04:00,2026-08-13 11:02:58.585962-04:00,58.585962,3284.0,1.6050000190734863,1.6050000190734863
MOBX,2026-08-13 11:02:00-04:00,2026-08-13 11:02:58.585962-04:00,-1.4140380000000001,0.0,1.600100040435791,1.600100040435791
INDP,2026-08-13 10:11:00-04:00,2026-08-13 11:02:58.585962-04:00,3058.585962,1232.0,1.070099949836731,1.070099949836731
INDP,2026-08-13 10:12:00-04:00,2026-08-13 11:02:58.585962-04:00,2998.585962,5396.0,1.0700000524520874,1.0700000524520874
INDP,2026-08-13 10:20:00-04:00,2026-08-13 11:02:58.585962-04:00,2518.585962,14909.0,1.0800000429153442,1.0799000263214111
INDP,2026-08-13 10:22:00-04:00,2026-08-13 11:02:58.585962-04:00,2398.585962,4547.0,1.070099949836731,1.070099949836731
INDP,2026-08-13 10:51:00-04:00,2026-08-13 11:02:58.585962-04:00,658.585962,372.0,1.0700000524520874,1.0700000524520874
INDP,2026-08-13 10:52:00-04:00,2026-08-13 11:02:58.585962-04:00,598.585962,0.0,1.0707999467849731,1.0707999467849731
LSTA,2026-08-13 09:30:00-04:00,2026-08-13 11:02:58.585962-04:00,5518.585962,483.0,1.190000057220459,1.190000057220459
LSTA,2026-08-13 10:13:00-04:00,2026-08-13 11:02:58.585962-04:00,2938.585962,578.0,1.1399999856948853,1.1399999856948853
LSTA,2026-08-13 10:16:00-04:00,2026-08-13 11:02:58.585962-04:00,2758.585962,123.0,1.1699999570846558,1.1699999570846558
LSTA,2026-08-13 10:23:00-04:00,2026-08-13 11:02:58.585962-04:00,2338.585962,1117.0,1.1699999570846558,1.1699999570846558
LSTA,2026-08-13 10:45:00-04:00,2026-08-13 11:02:58.585962-04:00,1018.585962,0.0,1.1399999856948853,1.1399999856948853
BTMD,2026-08-13 10:15:00-04:00,2026-08-13 11:02:58.585962-04:00,2818.585962,1312.0,1.5299999713897705,1.5299999713897705
BTMD,2026-08-13 10:21:00-04:00,2026-08-13 11:02:58.585962-04:00,2458.585962,1151.0,1.5471999645233154,1.5471999645233154
BTMD,2026-08-13 10:29:00-04:00,2026-08-13 11:02:58.585962-04:00,1978.585962,276.0,1.5199999809265137,1.5199999809265137
BTMD,2026-08-13 10:30:00-04:00,2026-08-13 11:02:58.585962-04:00,1918.585962,1087.0,1.534999966621399,1.534999966621399
BTMD,2026-08-13 10:33:00-04:00,2026-08-13 11:02:58.585962-04:00,1738.585962,322.0,1.534999966621399,1.534999966621399
BTMD,2026-08-13 10:38:00-04:00,2026-08-13 11:02:58.585962-04:00,1438.585962,0.0,1.5099999904632568,1.5099999904632568
USIO,2026-08-13 10:57:00-04:00,2026-08-13 11:02:58.585962-04:00,298.585962,584.0,2.6659998893737793,2.684999942779541
USIO,2026-08-13 10:58:00-04:00,2026-08-13 11:02:58.585962-04:00,238.585962,9261.0,2.7100000381469727,2.6600000858306885
USIO,2026-08-13 10:59:00-04:00,2026-08-13 11:02:58.585962-04:00,178.585962,28120.0,2.6500000953674316,2.5999999046325684
USIO,2026-08-13 11:00:00-04:00,2026-08-13 11:02:58.585962-04:00,118.585962,9823.0,2.5999999046325684,2.569999933242798
USIO,2026-08-13 11:01:00-04:00,2026-08-13 11:02:58.585962-04:00,58.585962,19860.0,2.5799999237060547,2.609999895095825
USIO,2026-08-13 11:02:00-04:00,2026-08-13 11:02:58.585962-04:00,-1.4140380000000001,0.0,2.5999999046325684,2.5999999046325684
INDP,2026-08-13 10:12:00-04:00,2026-08-13 11:03:18.613318-04:00,3018.613318,5396.0,1.0700000524520874,1.0700000524520874
INDP,2026-08-13 10:20:00-04:00,2026-08-13 11:03:18.613318-04:00,2538.613318,14909.0,1.0800000429153442,1.0799000263214111
INDP,2026-08-13 10:22:00-04:00,2026-08-13 11:03:18.613318-04:00,2418.613318,4547.0,1.070099949836731,1.070099949836731
INDP,2026-08-13 10:51:00-04:00,2026-08-13 11:03:18.613318-04:00,678.613318,187.0,1.0700000524520874,1.0700000524520874
INDP,2026-08-13 10:52:00-04:00,2026-08-13 11:03:18.613318-04:00,618.613318,5084.0,1.0707999467849731,1.0707999467849731
INDP,2026-08-13 11:03:00-04:00,2026-08-13 11:03:18.613318-04:00,-41.386682,0.0,1.076200008392334,1.076200008392334
LSTA,2026-08-13 09:30:00-04:00,2026-08-13 11:03:18.613318-04:00,5538.613318,483.0,1.190000057220459,1.190000057220459
LSTA,2026-08-13 10:13:00-04:00,2026-08-13 11:03:18.613318-04:00,2958.613318,578.0,1.1399999856948853,1.1399999856948853
LSTA,2026-08-13 10:16:00-04:00,2026-08-13 11:03:18.613318-04:00,2778.613318,123.0,1.1699999570846558,1.1699999570846558
LSTA,2026-08-13 10:23:00-04:00,2026-08-13 11:03:18.613318-04:00,2358.613318,1117.0,1.1699999570846558,1.1699999570846558
LSTA,2026-08-13 10:45:00-04:00,2026-08-13 11:03:18.613318-04:00,1038.613318,0.0,1.1399999856948853,1.1399999856948853
MOBX,2026-08-13 10:55:00-04:00,2026-08-13 11:03:18.613318-04:00,438.613318,751.0,1.600100040435791,1.600100040435791
MOBX,2026-08-13 10:58:00-04:00,2026-08-13 11:03:18.613318-04:00,258.613318,1986.0,1.6002000570297241,1.6016000509262085
MOBX,2026-08-13 10:59:00-04:00,2026-08-13 11:03:18.613318-04:00,198.613318,4251.0,1.6008000373840332,1.6050000190734863
MOBX,2026-08-13 11:01:00-04:00,2026-08-13 11:03:18.613318-04:00,78.613318,3284.0,1.6050000190734863,1.6050000190734863
MOBX,2026-08-13 11:02:00-04:00,2026-08-13 11:03:18.613318-04:00,18.613318,276.0,1.600100040435791,1.600100040435791
MOBX,2026-08-13 11:03:00-04:00,2026-08-13 11:03:18.613318-04:00,-41.386682,0.0,1.600100040435791,1.600100040435791
USIO,2026-08-13 10:58:00-04:00,2026-08-13 11:03:18.613318-04:00,258.613318,9261.0,2.7100000381469727,2.6600000858306885
USIO,2026-08-13 10:59:00-04:00,2026-08-13 11:03:18.613318-04:00,198.613318,28120.0,2.6500000953674316,2.5999999046325684
USIO,2026-08-13 11:00:00-04:00,2026-08-13 11:03:18.613318-04:00,138.613318,9823.0,2.5999999046325684,2.569999933242798
USIO,2026-08-13 11:01:00-04:00,2026-08-13 11:03:18.613318-04:00,78.613318,19860.0,2.5799999237060547,2.609999895095825
USIO,2026-08-13 11:02:00-04:00,2026-08-13 11:03:18.613318-04:00,18.613318,2020.0,2.630000114440918,2.5999999046325684
USIO,2026-08-13 11:03:00-04:00,2026-08-13 11:03:18.613318-04:00,-41.386682,0.0,2.5999999046325684,2.5999999046325684
BTMD,2026-08-13 10:15:00-04:00,2026-08-13 11:03:18.613318-04:00,2838.613318,1312.0,1.5299999713897705,1.5299999713897705
BTMD,2026-08-13 10:21:00-04:00,2026-08-13 11:03:18.613318-04:00,2478.613318,1151.0,1.5471999645233154,1.5471999645233154
BTMD,2026-08-13 10:29:00-04:00,2026-08-13 11:03:18.613318-04:00,1998.613318,276.0,1.5199999809265137,1.5199999809265137
BTMD,2026-08-13 10:30:00-04:00,2026-08-13 11:03:18.613318-04:00,1938.613318,1087.0,1.534999966621399,1.534999966621399
BTMD,2026-08-13 10:33:00-04:00,2026-08-13 11:03:18.613318-04:00,1758.613318,322.0,1.534999966621399,1.534999966621399
BTMD,2026-08-13 10:38:00-04:00,2026-08-13 11:03:18.613318-04:00,1458.613318,0.0,1.5099999904632568,1.5099999904632568
LSTA,2026-08-13 09:30:00-04:00,2026-08-13 11:03:38.635993-04:00,5558.635993,483.0,1.190000057220459,1.190000057220459
LSTA,2026-08-13 10:13:00-04:00,2026-08-13 11:03:38.635993-04:00,2978.635993,578.0,1.1399999856948853,1.1399999856948853
LSTA,2026-08-13 10:16:00-04:00,2026-08-13 11:03:38.635993-04:00,2798.635993,123.0,1.1699999570846558,1.1699999570846558
LSTA,2026-08-13 10:23:00-04:00,2026-08-13 11:03:38.635993-04:00,2378.635993,1117.0,1.1699999570846558,1.1699999570846558
LSTA,2026-08-13 10:45:00-04:00,2026-08-13 11:03:38.635993-04:00,1058.635993,0.0,1.1399999856948853,1.1399999856948853
INDP,2026-08-13 10:12:00-04:00,2026-08-13 11:03:38.635993-04:00,3038.635993,5396.0,1.0700000524520874,1.0700000524520874
INDP,2026-08-13 10:20:00-04:00,2026-08-13 11:03:38.635993-04:00,2558.635993,14909.0,1.0800000429153442,1.0799000263214111
INDP,2026-08-13 10:22:00-04:00,2026-08-13 11:03:38.635993-04:00,2438.635993,4547.0,1.070099949836731,1.070099949836731
INDP,2026-08-13 10:51:00-04:00,2026-08-13 11:03:38.635993-04:00,698.635993,372.0,1.0700000524520874,1.0700000524520874
INDP,2026-08-13 10:52:00-04:00,2026-08-13 11:03:38.635993-04:00,638.635993,4899.0,1.0707999467849731,1.0707999467849731
INDP,2026-08-13 11:03:00-04:00,2026-08-13 11:03:38.635993-04:00,-21.364007,0.0,1.076200008392334,1.076200008392334
USIO,2026-08-13 10:58:00-04:00,2026-08-13 11:03:38.635993-04:00,278.635993,9261.0,2.7100000381469727,2.6600000858306885
USIO,2026-08-13 10:59:00-04:00,2026-08-13 11:03:38.635993-04:00,218.635993,28120.0,2.6500000953674316,2.5999999046325684
USIO,2026-08-13 11:00:00-04:00,2026-08-13 11:03:38.635993-04:00,158.635993,9823.0,2.5999999046325684,2.569999933242798
USIO,2026-08-13 11:01:00-04:00,2026-08-13 11:03:38.635993-04:00,98.635993,19860.0,2.5799999237060547,2.609999895095825
USIO,2026-08-13 11:02:00-04:00,2026-08-13 11:03:38.635993-04:00,38.635993,2020.0,2.630000114440918,2.5999999046325684
USIO,2026-08-13 11:03:00-04:00,2026-08-13 11:03:38.635993-04:00,-21.364007,0.0,2.609999895095825,2.609999895095825
MOBX,2026-08-13 10:55:00-04:00,2026-08-13 11:03:38.635993-04:00,458.635993,751.0,1.600100040435791,1.600100040435791
MOBX,2026-08-13 10:58:00-04:00,2026-08-13 11:03:38.635993-04:00,278.635993,1986.0,1.6002000570297241,1.6016000509262085
MOBX,2026-08-13 10:59:00-04:00,2026-08-13 11:03:38.635993-04:00,218.635993,4251.0,1.6008000373840332,1.6050000190734863
MOBX,2026-08-13 11:01:00-04:00,2026-08-13 11:03:38.635993-04:00,98.635993,3284.0,1.6050000190734863,1.6050000190734863
MOBX,2026-08-13 11:02:00-04:00,2026-08-13 11:03:38.635993-04:00,38.635993,276.0,1.600100040435791,1.600100040435791
MOBX,2026-08-13 11:03:00-04:00,2026-08-13 11:03:38.635993-04:00,-21.364007,0.0,1.600100040435791,1.600100040435791
BTMD,2026-08-13 10:15:00-04:00,2026-08-13 11:03:38.635993-04:00,2858.635993,1312.0,1.5299999713897705,1.5299999713897705
BTMD,2026-08-13 10:21:00-04:00,2026-08-13 11:03:38.635993-04:00,2498.635993,1151.0,1.5471999645233154,1.5471999645233154
BTMD,2026-08-13 10:29:00-04:00,2026-08-13 11:03:38.635993-04:00,2018.635993,276.0,1.5199999809265137,1.5199999809265137
BTMD,2026-08-13 10:30:00-04:00,2026-08-13 11:03:38.635993-04:00,1958.635993,1087.0,1.534999966621399,1.534999966621399
BTMD,2026-08-13 10:33:00-04:00,2026-08-13 11:03:38.635993-04:00,1778.635993,322.0,1.534999966621399,1.534999966621399
BTMD,2026-08-13 10:38:00-04:00,2026-08-13 11:03:38.635993-04:00,1478.635993,0.0,1.5099999904632568,1.5099999904632568
INDP,2026-08-13 10:12:00-04:00,2026-08-13 11:03:58.667882-04:00,3058.667882,5396.0,1.0700000524520874,1.0700000524520874
INDP,2026-08-13 10:20:00-04:00,2026-08-13 11:03:58.667882-04:00,2578.667882,14909.0,1.0800000429153442,1.0799000263214111
INDP,2026-08-13 10:22:00-04:00,2026-08-13 11:03:58.667882-04:00,2458.667882,4547.0,1.070099949836731,1.070099949836731
INDP,2026-08-13 10:51:00-04:00,2026-08-13 11:03:58.667882-04:00,718.667882,187.0,1.0700000524520874,1.0700000524520874
INDP,2026-08-13 10:52:00-04:00,2026-08-13 11:03:58.667882-04:00,658.667882,5084.0,1.0707999467849731,1.0707999467849731
INDP,2026-08-13 11:03:00-04:00,2026-08-13 11:03:58.667882-04:00,-1.332118,0.0,1.076200008392334,1.076200008392334
BTMD,2026-08-13 10:15:00-04:00,2026-08-13 11:03:58.667882-04:00,2878.667882,1312.0,1.5299999713897705,1.5299999713897705
BTMD,2026-08-13 10:21:00-04:00,2026-08-13 11:03:58.667882-04:00,2518.667882,1151.0,1.5471999645233154,1.5471999645233154
BTMD,2026-08-13 10:29:00-04:00,2026-08-13 11:03:58.667882-04:00,2038.667882,276.0,1.5199999809265137,1.5199999809265137
BTMD,2026-08-13 10:30:00-04:00,2026-08-13 11:03:58.667882-04:00,1978.667882,1087.0,1.534999966621399,1.534999966621399
BTMD,2026-08-13 10:33:00-04:00,2026-08-13 11:03:58.667882-04:00,1798.667882,322.0,1.534999966621399,1.534999966621399
BTMD,2026-08-13 10:38:00-04:00,2026-08-13 11:03:58.667882-04:00,1498.667882,0.0,1.5099999904632568,1.5099999904632568
LSTA,2026-08-13 09:30:00-04:00,2026-08-13 11:03:58.667882-04:00,5578.667882,483.0,1.190000057220459,1.190000057220459
LSTA,2026-08-13 10:13:00-04:00,2026-08-13 11:03:58.667882-04:00,2998.667882,578.0,1.1399999856948853,1.1399999856948853
LSTA,2026-08-13 10:16:00-04:00,2026-08-13 11:03:58.667882-04:00,2818.667882,123.0,1.1699999570846558,1.1699999570846558
LSTA,2026-08-13 10:23:00-04:00,2026-08-13 11:03:58.667882-04:00,2398.667882,1117.0,1.1699999570846558,1.1699999570846558
LSTA,2026-08-13 10:45:00-04:00,2026-08-13 11:03:58.667882-04:00,1078.667882,0.0,1.1399999856948853,1.1399999856948853
USIO,2026-08-13 10:58:00-04:00,2026-08-13 11:03:58.667882-04:00,298.667882,9261.0,2.7100000381469727,2.6600000858306885
USIO,2026-08-13 10:59:00-04:00,2026-08-13 11:03:58.667882-04:00,238.667882,28120.0,2.6500000953674316,2.5999999046325684
USIO,2026-08-13 11:00:00-04:00,2026-08-13 11:03:58.667882-04:00,178.667882,9823.0,2.5999999046325684,2.569999933242798
USIO,2026-08-13 11:01:00-04:00,2026-08-13 11:03:58.667882-04:00,118.667882,19860.0,2.5799999237060547,2.609999895095825
USIO,2026-08-13 11:02:00-04:00,2026-08-13 11:03:58.667882-04:00,58.667882,2020.0,2.630000114440918,2.5999999046325684
USIO,2026-08-13 11:03:00-04:00,2026-08-13 11:03:58.667882-04:00,-1.332118,0.0,2.609999895095825,2.609999895095825
MOBX,2026-08-13 10:55:00-04:00,2026-08-13 11:03:58.667882-04:00,478.667882,751.0,1.600100040435791,1.600100040435791
MOBX,2026-08-13 10:58:00-04:00,2026-08-13 11:03:58.667882-04:00,298.667882,1986.0,1.6002000570297241,1.6016000509262085
MOBX,2026-08-13 10:59:00-04:00,2026-08-13 11:03:58.667882-04:00,238.667882,4251.0,1.6008000373840332,1.6050000190734863
MOBX,2026-08-13 11:01:00-04:00,2026-08-13 11:03:58.667882-04:00,118.667882,3284.0,1.6050000190734863,1.6050000190734863
MOBX,2026-08-13 11:02:00-04:00,2026-08-13 11:03:58.667882-04:00,58.667882,276.0,1.600100040435791,1.600100040435791
MOBX,2026-08-13 11:03:00-04:00,2026-08-13 11:03:58.667882-04:00,-1.332118,0.0,1.600100040435791,1.600100040435791
USIO,2026-08-13 10:59:00-04:00,2026-08-13 11:04:18.696533-04:00,258.696533,28120.0,2.6500000953674316,2.5999999046325684
USIO,2026-08-13 11:00:00-04:00,2026-08-13 11:04:18.696533-04:00,198.696533,9823.0,2.5999999046325684,2.569999933242798
USIO,2026-08-13 11:01:00-04:00,2026-08-13 11:04:18.696533-04:00,138.696533,19796.0,2.5799999237060547,2.609999895095825
USIO,2026-08-13 11:02:00-04:00,2026-08-13 11:04:18.696533-04:00,78.696533,2020.0,2.630000114440918,2.5999999046325684
USIO,2026-08-13 11:03:00-04:00,2026-08-13 11:04:18.696533-04:00,18.696533,3518.0,2.5980000495910645,2.609999895095825
USIO,2026-08-13 11:04:00-04:00,2026-08-13 11:04:18.696533-04:00,-41.303467,0.0,2.609999895095825,2.609999895095825
BTMD,2026-08-13 10:15:00-04:00,2026-08-13 11:04:18.696533-04:00,2898.696533,1312.0,1.5299999713897705,1.5299999713897705
BTMD,2026-08-13 10:21:00-04:00,2026-08-13 11:04:18.696533-04:00,2538.696533,1151.0,1.5471999645233154,1.5471999645233154
BTMD,2026-08-13 10:29:00-04:00,2026-08-13 11:04:18.696533-04:00,2058.696533,276.0,1.5199999809265137,1.5199999809265137
BTMD,2026-08-13 10:30:00-04:00,2026-08-13 11:04:18.696533-04:00,1998.696533,1087.0,1.534999966621399,1.534999966621399
BTMD,2026-08-13 10:33:00-04:00,2026-08-13 11:04:18.696533-04:00,1818.696533,322.0,1.534999966621399,1.534999966621399
BTMD,2026-08-13 10:38:00-04:00,2026-08-13 11:04:18.696533-04:00,1518.696533,0.0,1.5099999904632568,1.5099999904632568
MOBX,2026-08-13 10:55:00-04:00,2026-08-13 11:04:18.696533-04:00,498.696533,751.0,1.600100040435791,1.600100040435791
MOBX,2026-08-13 10:58:00-04:00,2026-08-13 11:04:18.696533-04:00,318.696533,1986.0,1.6002000570297241,1.6016000509262085
MOBX,2026-08-13 10:59:00-04:00,2026-08-13 11:04:18.696533-04:00,258.696533,4251.0,1.6008000373840332,1.6050000190734863
MOBX,2026-08-13 11:01:00-04:00,2026-08-13 11:04:18.696533-04:00,138.696533,3284.0,1.6050000190734863,1.6050000190734863
MOBX,2026-08-13 11:02:00-04:00,2026-08-13 11:04:18.696533-04:00,78.696533,276.0,1.600100040435791,1.600100040435791
MOBX,2026-08-13 11:03:00-04:00,2026-08-13 11:04:18.696533-04:00,18.696533,0.0,1.600100040435791,1.600100040435791
INDP,2026-08-13 10:12:00-04:00,2026-08-13 11:04:18.696533-04:00,3078.696533,5396.0,1.0700000524520874,1.0700000524520874
INDP,2026-08-13 10:20:00-04:00,2026-08-13 11:04:18.696533-04:00,2598.696533,14909.0,1.0800000429153442,1.0799000263214111
INDP,2026-08-13 10:22:00-04:00,2026-08-13 11:04:18.696533-04:00,2478.696533,4547.0,1.070099949836731,1.070099949836731
INDP,2026-08-13 10:51:00-04:00,2026-08-13 11:04:18.696533-04:00,738.696533,372.0,1.0700000524520874,1.0700000524520874
INDP,2026-08-13 10:52:00-04:00,2026-08-13 11:04:18.696533-04:00,678.696533,4899.0,1.0707999467849731,1.0707999467849731
INDP,2026-08-13 11:03:00-04:00,2026-08-13 11:04:18.696533-04:00,18.696533,0.0,1.076200008392334,1.076200008392334
LSTA,2026-08-13 09:30:00-04:00,2026-08-13 11:04:18.696533-04:00,5598.696533,483.0,1.190000057220459,1.190000057220459
LSTA,2026-08-13 10:13:00-04:00,2026-08-13 11:04:18.696533-04:00,3018.696533,578.0,1.1399999856948853,1.1399999856948853
LSTA,2026-08-13 10:16:00-04:00,2026-08-13 11:04:18.696533-04:00,2838.696533,123.0,1.1699999570846558,1.1699999570846558
LSTA,2026-08-13 10:23:00-04:00,2026-08-13 11:04:18.696533-04:00,2418.696533,1117.0,1.1699999570846558,1.1699999570846558
LSTA,2026-08-13 10:45:00-04:00,2026-08-13 11:04:18.696533-04:00,1098.696533,0.0,1.1399999856948853,1.1399999856948853
BTMD,2026-08-13 10:15:00-04:00,2026-08-13 11:04:38.724521-04:00,2918.724521,1299.0,1.5299999713897705,1.5299999713897705
BTMD,2026-08-13 10:21:00-04:00,2026-08-13 11:04:38.724521-04:00,2558.724521,1151.0,1.5471999645233154,1.5471999645233154
BTMD,2026-08-13 10:29:00-04:00,2026-08-13 11:04:38.724521-04:00,2078.724521,276.0,1.5199999809265137,1.5199999809265137
BTMD,2026-08-13 10:30:00-04:00,2026-08-13 11:04:38.724521-04:00,2018.724521,1087.0,1.534999966621399,1.534999966621399
BTMD,2026-08-13 10:33:00-04:00,2026-08-13 11:04:38.724521-04:00,1838.724521,322.0,1.534999966621399,1.534999966621399
BTMD,2026-08-13 10:38:00-04:00,2026-08-13 11:04:38.724521-04:00,1538.724521,0.0,1.5099999904632568,1.5099999904632568
LSTA,2026-08-13 09:30:00-04:00,2026-08-13 11:04:38.724521-04:00,5618.724521,483.0,1.190000057220459,1.190000057220459
LSTA,2026-08-13 10:13:00-04:00,2026-08-13 11:04:38.724521-04:00,3038.724521,578.0,1.1399999856948853,1.1399999856948853
LSTA,2026-08-13 10:16:00-04:00,2026-08-13 11:04:38.724521-04:00,2858.724521,123.0,1.1699999570846558,1.1699999570846558
LSTA,2026-08-13 10:23:00-04:00,2026-08-13 11:04:38.724521-04:00,2438.724521,1117.0,1.1699999570846558,1.1699999570846558
LSTA,2026-08-13 10:45:00-04:00,2026-08-13 11:04:38.724521-04:00,1118.724521,0.0,1.1399999856948853,1.1399999856948853
INDP,2026-08-13 10:12:00-04:00,2026-08-13 11:04:38.724521-04:00,3098.724521,5396.0,1.0700000524520874,1.0700000524520874
INDP,2026-08-13 10:20:00-04:00,2026-08-13 11:04:38.724521-04:00,2618.724521,14909.0,1.0800000429153442,1.0799000263214111
INDP,2026-08-13 10:22:00-04:00,2026-08-13 11:04:38.724521-04:00,2498.724521,4547.0,1.070099949836731,1.070099949836731
INDP,2026-08-13 10:51:00-04:00,2026-08-13 11:04:38.724521-04:00,758.724521,187.0,1.0700000524520874,1.0700000524520874
INDP,2026-08-13 10:52:00-04:00,2026-08-13 11:04:38.724521-04:00,698.724521,5084.0,1.0707999467849731,1.0707999467849731
INDP,2026-08-13 11:03:00-04:00,2026-08-13 11:04:38.724521-04:00,38.724521,0.0,1.076200008392334,1.076200008392334
USIO,2026-08-13 10:59:00-04:00,2026-08-13 11:04:38.724521-04:00,278.724521,28120.0,2.6500000953674316,2.5999999046325684
USIO,2026-08-13 11:00:00-04:00,2026-08-13 11:04:38.724521-04:00,218.724521,9823.0,2.5999999046325684,2.569999933242798
USIO,2026-08-13 11:01:00-04:00,2026-08-13 11:04:38.724521-04:00,158.724521,19860.0,2.5799999237060547,2.609999895095825
USIO,2026-08-13 11:02:00-04:00,2026-08-13 11:04:38.724521-04:00,98.724521,2020.0,2.630000114440918,2.5999999046325684
USIO,2026-08-13 11:03:00-04:00,2026-08-13 11:04:38.724521-04:00,38.724521,3518.0,2.5980000495910645,2.609999895095825
USIO,2026-08-13 11:04:00-04:00,2026-08-13 11:04:38.724521-04:00,-21.275479,0.0,2.609999895095825,2.609999895095825
MOBX,2026-08-13 10:55:00-04:00,2026-08-13 11:04:38.724521-04:00,518.724521,751.0,1.600100040435791,1.600100040435791
MOBX,2026-08-13 10:58:00-04:00,2026-08-13 11:04:38.724521-04:00,338.724521,1986.0,1.6002000570297241,1.6016000509262085
MOBX,2026-08-13 10:59:00-04:00,2026-08-13 11:04:38.724521-04:00,278.724521,4251.0,1.6008000373840332,1.6050000190734863
MOBX,2026-08-13 11:01:00-04:00,2026-08-13 11:04:38.724521-04:00,158.724521,3284.0,1.6050000190734863,1.6050000190734863
MOBX,2026-08-13 11:02:00-04:00,2026-08-13 11:04:38.724521-04:00,98.724521,276.0,1.600100040435791,1.600100040435791
MOBX,2026-08-13 11:03:00-04:00,2026-08-13 11:04:38.724521-04:00,38.724521,0.0,1.600100040435791,1.600100040435791
USIO,2026-08-13 10:59:00-04:00,2026-08-13 11:04:58.751012-04:00,298.751012,28120.0,2.6500000953674316,2.5999999046325684
USIO,2026-08-13 11:00:00-04:00,2026-08-13 11:04:58.751012-04:00,238.751012,9823.0,2.5999999046325684,2.569999933242798
USIO,2026-08-13 11:01:00-04:00,2026-08-13 11:04:58.751012-04:00,178.751012,19860.0,2.5799999237060547,2.609999895095825
USIO,2026-08-13 11:02:00-04:00,2026-08-13 11:04:58.751012-04:00,118.751012,2020.0,2.630000114440918,2.5999999046325684
USIO,2026-08-13 11:03:00-04:00,2026-08-13 11:04:58.751012-04:00,58.751012,3518.0,2.5980000495910645,2.609999895095825
USIO,2026-08-13 11:04:00-04:00,2026-08-13 11:04:58.751012-04:00,-1.248988,0.0,2.5880000591278076,2.5880000591278076
INDP,2026-08-13 10:12:00-04:00,2026-08-13 11:04:58.751012-04:00,3118.751012,5396.0,1.0700000524520874,1.0700000524520874
INDP,2026-08-13 10:20:00-04:00,2026-08-13 11:04:58.751012-04:00,2638.751012,14909.0,1.0800000429153442,1.0799000263214111
INDP,2026-08-13 10:22:00-04:00,2026-08-13 11:04:58.751012-04:00,2518.751012,4547.0,1.070099949836731,1.070099949836731
INDP,2026-08-13 10:51:00-04:00,2026-08-13 11:04:58.751012-04:00,778.751012,372.0,1.0700000524520874,1.0700000524520874
INDP,2026-08-13 10:52:00-04:00,2026-08-13 11:04:58.751012-04:00,718.751012,4899.0,1.0707999467849731,1.0707999467849731
INDP,2026-08-13 11:03:00-04:00,2026-08-13 11:04:58.751012-04:00,58.751012,0.0,1.076200008392334,1.076200008392334
BTMD,2026-08-13 10:15:00-04:00,2026-08-13 11:04:58.751012-04:00,2938.751012,1312.0,1.5299999713897705,1.5299999713897705
BTMD,2026-08-13 10:21:00-04:00,2026-08-13 11:04:58.751012-04:00,2578.751012,1151.0,1.5471999645233154,1.5471999645233154
BTMD,2026-08-13 10:29:00-04:00,2026-08-13 11:04:58.751012-04:00,2098.751012,276.0,1.5199999809265137,1.5199999809265137
BTMD,2026-08-13 10:30:00-04:00,2026-08-13 11:04:58.751012-04:00,2038.751012,1087.0,1.534999966621399,1.534999966621399
BTMD,2026-08-13 10:33:00-04:00,2026-08-13 11:04:58.751012-04:00,1858.751012,322.0,1.534999966621399,1.534999966621399
BTMD,2026-08-13 10:38:00-04:00,2026-08-13 11:04:58.751012-04:00,1558.751012,0.0,1.5099999904632568,1.5099999904632568
MOBX,2026-08-13 10:58:00-04:00,2026-08-13 11:04:58.751012-04:00,358.751012,1986.0,1.6002000570297241,1.6016000509262085
MOBX,2026-08-13 10:59:00-04:00,2026-08-13 11:04:58.751012-04:00,298.751012,4251.0,1.6008000373840332,1.6050000190734863
MOBX,2026-08-13 11:01:00-04:00,2026-08-13 11:04:58.751012-04:00,178.751012,3284.0,1.6050000190734863,1.6050000190734863
MOBX,2026-08-13 11:02:00-04:00,2026-08-13 11:04:58.751012-04:00,118.751012,276.0,1.600100040435791,1.600100040435791
MOBX,2026-08-13 11:03:00-04:00,2026-08-13 11:04:58.751012-04:00,58.751012,1952.0,1.600100040435791,1.600100040435791
MOBX,2026-08-13 11:04:00-04:00,2026-08-13 11:04:58.751012-04:00,-1.248988,0.0,1.6098999977111816,1.6098999977111816
LSTA,2026-08-13 09:30:00-04:00,2026-08-13 11:04:58.751012-04:00,5638.751012,483.0,1.190000057220459,1.190000057220459
LSTA,2026-08-13 10:13:00-04:00,2026-08-13 11:04:58.751012-04:00,3058.751012,578.0,1.1399999856948853,1.1399999856948853
LSTA,2026-08-13 10:16:00-04:00,2026-08-13 11:04:58.751012-04:00,2878.751012,123.0,1.1699999570846558,1.1699999570846558
LSTA,2026-08-13 10:23:00-04:00,2026-08-13 11:04:58.751012-04:00,2458.751012,1117.0,1.1699999570846558,1.1699999570846558
LSTA,2026-08-13 10:45:00-04:00,2026-08-13 11:04:58.751012-04:00,1138.751012,0.0,1.1399999856948853,1.1399999856948853
BTMD,2026-08-13 10:15:00-04:00,2026-08-13 11:05:18.778254-04:00,2958.778254,1312.0,1.5299999713897705,1.5299999713897705
BTMD,2026-08-13 10:21:00-04:00,2026-08-13 11:05:18.778254-04:00,2598.778254,1151.0,1.5471999645233154,1.5471999645233154
BTMD,2026-08-13 10:29:00-04:00,2026-08-13 11:05:18.778254-04:00,2118.778254,276.0,1.5199999809265137,1.5199999809265137
BTMD,2026-08-13 10:30:00-04:00,2026-08-13 11:05:18.778254-04:00,2058.778254,1087.0,1.534999966621399,1.534999966621399
BTMD,2026-08-13 10:33:00-04:00,2026-08-13 11:05:18.778254-04:00,1878.778254,322.0,1.534999966621399,1.534999966621399
BTMD,2026-08-13 10:38:00-04:00,2026-08-13 11:05:18.778254-04:00,1578.778254,0.0,1.5099999904632568,1.5099999904632568
LSTA,2026-08-13 09:30:00-04:00,2026-08-13 11:05:18.778254-04:00,5658.778254,483.0,1.190000057220459,1.190000057220459
LSTA,2026-08-13 10:13:00-04:00,2026-08-13 11:05:18.778254-04:00,3078.778254,578.0,1.1399999856948853,1.1399999856948853
LSTA,2026-08-13 10:16:00-04:00,2026-08-13 11:05:18.778254-04:00,2898.778254,123.0,1.1699999570846558,1.1699999570846558
LSTA,2026-08-13 10:23:00-04:00,2026-08-13 11:05:18.778254-04:00,2478.778254,1117.0,1.1699999570846558,1.1699999570846558
LSTA,2026-08-13 10:45:00-04:00,2026-08-13 11:05:18.778254-04:00,1158.778254,0.0,1.1399999856948853,1.1399999856948853
INDP,2026-08-13 10:12:00-04:00,2026-08-13 11:05:18.778254-04:00,3138.778254,5396.0,1.0700000524520874,1.0700000524520874
INDP,2026-08-13 10:20:00-04:00,2026-08-13 11:05:18.778254-04:00,2658.778254,14909.0,1.0800000429153442,1.0799000263214111
INDP,2026-08-13 10:22:00-04:00,2026-08-13 11:05:18.778254-04:00,2538.778254,4547.0,1.070099949836731,1.070099949836731
INDP,2026-08-13 10:51:00-04:00,2026-08-13 11:05:18.778254-04:00,798.778254,372.0,1.0700000524520874,1.0700000524520874
INDP,2026-08-13 10:52:00-04:00,2026-08-13 11:05:18.778254-04:00,738.778254,4899.0,1.0707999467849731,1.0707999467849731
INDP,2026-08-13 11:03:00-04:00,2026-08-13 11:05:18.778254-04:00,78.778254,0.0,1.076200008392334,1.076200008392334
MOBX,2026-08-13 10:59:00-04:00,2026-08-13 11:05:18.778254-04:00,318.778254,4251.0,1.6008000373840332,1.6050000190734863
MOBX,2026-08-13 11:01:00-04:00,2026-08-13 11:05:18.778254-04:00,198.778254,3284.0,1.6050000190734863,1.6050000190734863
MOBX,2026-08-13 11:02:00-04:00,2026-08-13 11:05:18.778254-04:00,138.778254,276.0,1.600100040435791,1.600100040435791
MOBX,2026-08-13 11:03:00-04:00,2026-08-13 11:05:18.778254-04:00,78.778254,1952.0,1.600100040435791,1.600100040435791
MOBX,2026-08-13 11:04:00-04:00,2026-08-13 11:05:18.778254-04:00,18.778254,402.0,1.6098999977111816,1.6098999977111816
MOBX,2026-08-13 11:05:00-04:00,2026-08-13 11:05:18.778254-04:00,-41.221746,0.0,1.600100040435791,1.600100040435791
USIO,2026-08-13 11:00:00-04:00,2026-08-13 11:05:18.778254-04:00,258.778254,9823.0,2.5999999046325684,2.569999933242798
USIO,2026-08-13 11:01:00-04:00,2026-08-13 11:05:18.778254-04:00,198.778254,19796.0,2.5799999237060547,2.609999895095825
USIO,2026-08-13 11:02:00-04:00,2026-08-13 11:05:18.778254-04:00,138.778254,2020.0,2.630000114440918,2.5999999046325684
USIO,2026-08-13 11:03:00-04:00,2026-08-13 11:05:18.778254-04:00,78.778254,3518.0,2.5980000495910645,2.609999895095825
USIO,2026-08-13 11:04:00-04:00,2026-08-13 11:05:18.778254-04:00,18.778254,5307.0,2.606300115585327,2.5880000591278076
USIO,2026-08-13 11:05:00-04:00,2026-08-13 11:05:18.778254-04:00,-41.221746,0.0,2.5880000591278076,2.5880000591278076
BTMD,2026-08-13 10:15:00-04:00,2026-08-13 11:05:38.813706-04:00,2978.813706,1299.0,1.5299999713897705,1.5299999713897705
BTMD,2026-08-13 10:21:00-04:00,2026-08-13 11:05:38.813706-04:00,2618.813706,1151.0,1.5471999645233154,1.5471999645233154
BTMD,2026-08-13 10:29:00-04:00,2026-08-13 11:05:38.813706-04:00,2138.813706,276.0,1.5199999809265137,1.5199999809265137
BTMD,2026-08-13 10:30:00-04:00,2026-08-13 11:05:38.813706-04:00,2078.813706,1087.0,1.534999966621399,1.534999966621399
BTMD,2026-08-13 10:33:00-04:00,2026-08-13 11:05:38.813706-04:00,1898.813706,322.0,1.534999966621399,1.534999966621399
BTMD,2026-08-13 10:38:00-04:00,2026-08-13 11:05:38.813706-04:00,1598.813706,0.0,1.5099999904632568,1.5099999904632568
USIO,2026-08-13 11:00:00-04:00,2026-08-13 11:05:38.813706-04:00,278.813706,9823.0,2.5999999046325684,2.569999933242798
USIO,2026-08-13 11:01:00-04:00,2026-08-13 11:05:38.813706-04:00,218.813706,19796.0,2.5799999237060547,2.609999895095825
USIO,2026-08-13 11:02:00-04:00,2026-08-13 11:05:38.813706-04:00,158.813706,2020.0,2.630000114440918,2.5999999046325684
USIO,2026-08-13 11:03:00-04:00,2026-08-13 11:05:38.813706-04:00,98.813706,3518.0,2.5980000495910645,2.609999895095825
USIO,2026-08-13 11:04:00-04:00,2026-08-13 11:05:38.813706-04:00,38.813706,5307.0,2.606300115585327,2.5880000591278076
USIO,2026-08-13 11:05:00-04:00,2026-08-13 11:05:38.813706-04:00,-21.186294,0.0,2.5899999141693115,2.5899999141693115
LSTA,2026-08-13 09:30:00-04:00,2026-08-13 11:05:38.813706-04:00,5678.813706,483.0,1.190000057220459,1.190000057220459
LSTA,2026-08-13 10:13:00-04:00,2026-08-13 11:05:38.813706-04:00,3098.813706,578.0,1.1399999856948853,1.1399999856948853
LSTA,2026-08-13 10:16:00-04:00,2026-08-13 11:05:38.813706-04:00,2918.813706,123.0,1.1699999570846558,1.1699999570846558
LSTA,2026-08-13 10:23:00-04:00,2026-08-13 11:05:38.813706-04:00,2498.813706,1117.0,1.1699999570846558,1.1699999570846558
LSTA,2026-08-13 10:45:00-04:00,2026-08-13 11:05:38.813706-04:00,1178.813706,0.0,1.1399999856948853,1.1399999856948853
INDP,2026-08-13 10:12:00-04:00,2026-08-13 11:05:38.813706-04:00,3158.813706,5396.0,1.0700000524520874,1.0700000524520874
INDP,2026-08-13 10:20:00-04:00,2026-08-13 11:05:38.813706-04:00,2678.813706,14909.0,1.0800000429153442,1.0799000263214111
INDP,2026-08-13 10:22:00-04:00,2026-08-13 11:05:38.813706-04:00,2558.813706,4547.0,1.070099949836731,1.070099949836731
INDP,2026-08-13 10:51:00-04:00,2026-08-13 11:05:38.813706-04:00,818.813706,372.0,1.0700000524520874,1.0700000524520874
INDP,2026-08-13 10:52:00-04:00,2026-08-13 11:05:38.813706-04:00,758.813706,4899.0,1.0707999467849731,1.0707999467849731
INDP,2026-08-13 11:03:00-04:00,2026-08-13 11:05:38.813706-04:00,98.813706,0.0,1.076200008392334,1.076200008392334
MOBX,2026-08-13 10:59:00-04:00,2026-08-13 11:05:38.813706-04:00,338.813706,4251.0,1.6008000373840332,1.6050000190734863
MOBX,2026-08-13 11:01:00-04:00,2026-08-13 11:05:38.813706-04:00,218.813706,3284.0,1.6050000190734863,1.6050000190734863
MOBX,2026-08-13 11:02:00-04:00,2026-08-13 11:05:38.813706-04:00,158.813706,276.0,1.600100040435791,1.600100040435791
MOBX,2026-08-13 11:03:00-04:00,2026-08-13 11:05:38.813706-04:00,98.813706,1952.0,1.600100040435791,1.600100040435791
MOBX,2026-08-13 11:04:00-04:00,2026-08-13 11:05:38.813706-04:00,38.813706,402.0,1.6098999977111816,1.6098999977111816
MOBX,2026-08-13 11:05:00-04:00,2026-08-13 11:05:38.813706-04:00,-21.186294,0.0,1.6024999618530273,1.6024999618530273
MOBX,2026-08-13 10:59:00-04:00,2026-08-13 11:05:58.838470-04:00,358.83847,4251.0,1.6008000373840332,1.6050000190734863
MOBX,2026-08-13 11:01:00-04:00,2026-08-13 11:05:58.838470-04:00,238.83847,3284.0,1.6050000190734863,1.6050000190734863
MOBX,2026-08-13 11:02:00-04:00,2026-08-13 11:05:58.838470-04:00,178.83847,276.0,1.600100040435791,1.600100040435791
MOBX,2026-08-13 11:03:00-04:00,2026-08-13 11:05:58.838470-04:00,118.83847,1952.0,1.600100040435791,1.600100040435791
MOBX,2026-08-13 11:04:00-04:00,2026-08-13 11:05:58.838470-04:00,58.83847,402.0,1.6098999977111816,1.6098999977111816
MOBX,2026-08-13 11:05:00-04:00,2026-08-13 11:05:58.838470-04:00,-1.16153,0.0,1.6093000173568726,1.6093000173568726
BTMD,2026-08-13 10:15:00-04:00,2026-08-13 11:05:58.838470-04:00,2998.83847,1312.0,1.5299999713897705,1.5299999713897705
BTMD,2026-08-13 10:21:00-04:00,2026-08-13 11:05:58.838470-04:00,2638.83847,1151.0,1.5471999645233154,1.5471999645233154
BTMD,2026-08-13 10:29:00-04:00,2026-08-13 11:05:58.838470-04:00,2158.83847,276.0,1.5199999809265137,1.5199999809265137
BTMD,2026-08-13 10:30:00-04:00,2026-08-13 11:05:58.838470-04:00,2098.83847,1087.0,1.534999966621399,1.534999966621399
BTMD,2026-08-13 10:33:00-04:00,2026-08-13 11:05:58.838470-04:00,1918.83847,322.0,1.534999966621399,1.534999966621399
BTMD,2026-08-13 10:38:00-04:00,2026-08-13 11:05:58.838470-04:00,1618.83847,0.0,1.5099999904632568,1.5099999904632568
LSTA,2026-08-13 09:30:00-04:00,2026-08-13 11:05:58.838470-04:00,5698.83847,483.0,1.190000057220459,1.190000057220459
LSTA,2026-08-13 10:13:00-04:00,2026-08-13 11:05:58.838470-04:00,3118.83847,578.0,1.1399999856948853,1.1399999856948853
LSTA,2026-08-13 10:16:00-04:00,2026-08-13 11:05:58.838470-04:00,2938.83847,123.0,1.1699999570846558,1.1699999570846558
LSTA,2026-08-13 10:23:00-04:00,2026-08-13 11:05:58.838470-04:00,2518.83847,1117.0,1.1699999570846558,1.1699999570846558
LSTA,2026-08-13 10:45:00-04:00,2026-08-13 11:05:58.838470-04:00,1198.83847,0.0,1.1399999856948853,1.1399999856948853
USIO,2026-08-13 11:00:00-04:00,2026-08-13 11:05:58.838470-04:00,298.83847,9823.0,2.5999999046325684,2.569999933242798
USIO,2026-08-13 11:01:00-04:00,2026-08-13 11:05:58.838470-04:00,238.83847,19860.0,2.5799999237060547,2.609999895095825
USIO,2026-08-13 11:02:00-04:00,2026-08-13 11:05:58.838470-04:00,178.83847,2020.0,2.630000114440918,2.5999999046325684
USIO,2026-08-13 11:03:00-04:00,2026-08-13 11:05:58.838470-04:00,118.83847,3518.0,2.5980000495910645,2.609999895095825
USIO,2026-08-13 11:04:00-04:00,2026-08-13 11:05:58.838470-04:00,58.83847,5307.0,2.606300115585327,2.5880000591278076
USIO,2026-08-13 11:05:00-04:00,2026-08-13 11:05:58.838470-04:00,-1.16153,0.0,2.5980000495910645,2.5980000495910645
INDP,2026-08-13 10:12:00-04:00,2026-08-13 11:05:58.838470-04:00,3178.83847,5396.0,1.0700000524520874,1.0700000524520874
INDP,2026-08-13 10:20:00-04:00,2026-08-13 11:05:58.838470-04:00,2698.83847,14909.0,1.0800000429153442,1.0799000263214111
INDP,2026-08-13 10:22:00-04:00,2026-08-13 11:05:58.838470-04:00,2578.83847,4547.0,1.070099949836731,1.070099949836731
INDP,2026-08-13 10:51:00-04:00,2026-08-13 11:05:58.838470-04:00,838.83847,372.0,1.0700000524520874,1.0700000524520874
INDP,2026-08-13 10:52:00-04:00,2026-08-13 11:05:58.838470-04:00,778.83847,4899.0,1.0707999467849731,1.0707999467849731
INDP,2026-08-13 11:03:00-04:00,2026-08-13 11:05:58.838470-04:00,118.83847,0.0,1.076200008392334,1.076200008392334
INDP,2026-08-13 10:12:00-04:00,2026-08-13 11:06:18.872637-04:00,3198.872637,5396.0,1.0700000524520874,1.0700000524520874
INDP,2026-08-13 10:20:00-04:00,2026-08-13 11:06:18.872637-04:00,2718.872637,14909.0,1.0800000429153442,1.0799000263214111
INDP,2026-08-13 10:22:00-04:00,2026-08-13 11:06:18.872637-04:00,2598.872637,4547.0,1.070099949836731,1.070099949836731
INDP,2026-08-13 10:51:00-04:00,2026-08-13 11:06:18.872637-04:00,858.872637,187.0,1.0700000524520874,1.0700000524520874
INDP,2026-08-13 10:52:00-04:00,2026-08-13 11:06:18.872637-04:00,798.872637,5084.0,1.0707999467849731,1.0707999467849731
INDP,2026-08-13 11:03:00-04:00,2026-08-13 11:06:18.872637-04:00,138.872637,0.0,1.076200008392334,1.076200008392334
LSTA,2026-08-13 09:30:00-04:00,2026-08-13 11:06:18.872637-04:00,5718.872637,483.0,1.190000057220459,1.190000057220459
LSTA,2026-08-13 10:13:00-04:00,2026-08-13 11:06:18.872637-04:00,3138.872637,578.0,1.1399999856948853,1.1399999856948853
LSTA,2026-08-13 10:16:00-04:00,2026-08-13 11:06:18.872637-04:00,2958.872637,123.0,1.1699999570846558,1.1699999570846558
LSTA,2026-08-13 10:23:00-04:00,2026-08-13 11:06:18.872637-04:00,2538.872637,1117.0,1.1699999570846558,1.1699999570846558
LSTA,2026-08-13 10:45:00-04:00,2026-08-13 11:06:18.872637-04:00,1218.872637,0.0,1.1399999856948853,1.1399999856948853
BTMD,2026-08-13 10:15:00-04:00,2026-08-13 11:06:18.872637-04:00,3018.872637,1312.0,1.5299999713897705,1.5299999713897705
BTMD,2026-08-13 10:21:00-04:00,2026-08-13 11:06:18.872637-04:00,2658.872637,1151.0,1.5471999645233154,1.5471999645233154
BTMD,2026-08-13 10:29:00-04:00,2026-08-13 11:06:18.872637-04:00,2178.872637,276.0,1.5199999809265137,1.5199999809265137
BTMD,2026-08-13 10:30:00-04:00,2026-08-13 11:06:18.872637-04:00,2118.872637,1087.0,1.534999966621399,1.534999966621399
BTMD,2026-08-13 10:33:00-04:00,2026-08-13 11:06:18.872637-04:00,1938.872637,322.0,1.534999966621399,1.534999966621399
BTMD,2026-08-13 10:38:00-04:00,2026-08-13 11:06:18.872637-04:00,1638.872637,0.0,1.5099999904632568,1.5099999904632568
USIO,2026-08-13 11:01:00-04:00,2026-08-13 11:06:18.872637-04:00,258.872637,19860.0,2.5799999237060547,2.609999895095825
USIO,2026-08-13 11:02:00-04:00,2026-08-13 11:06:18.872637-04:00,198.872637,2020.0,2.630000114440918,2.5999999046325684
USIO,2026-08-13 11:03:00-04:00,2026-08-13 11:06:18.872637-04:00,138.872637,3518.0,2.5980000495910645,2.609999895095825
USIO,2026-08-13 11:04:00-04:00,2026-08-13 11:06:18.872637-04:00,78.872637,5307.0,2.606300115585327,2.5880000591278076
USIO,2026-08-13 11:05:00-04:00,2026-08-13 11:06:18.872637-04:00,18.872637,4041.0,2.5899999141693115,2.5980000495910645
USIO,2026-08-13 11:06:00-04:00,2026-08-13 11:06:18.872637-04:00,-41.127363,0.0,2.5899999141693115,2.5899999141693115
MOBX,2026-08-13 11:01:00-04:00,2026-08-13 11:06:18.872637-04:00,258.872637,3284.0,1.6050000190734863,1.6050000190734863
MOBX,2026-08-13 11:02:00-04:00,2026-08-13 11:06:18.872637-04:00,198.872637,276.0,1.600100040435791,1.600100040435791
MOBX,2026-08-13 11:03:00-04:00,2026-08-13 11:06:18.872637-04:00,138.872637,1952.0,1.600100040435791,1.600100040435791
MOBX,2026-08-13 11:04:00-04:00,2026-08-13 11:06:18.872637-04:00,78.872637,402.0,1.6098999977111816,1.6098999977111816
MOBX,2026-08-13 11:05:00-04:00,2026-08-13 11:06:18.872637-04:00,18.872637,1765.0,1.600100040435791,1.6093000173568726
MOBX,2026-08-13 11:06:00-04:00,2026-08-13 11:06:18.872637-04:00,-41.127363,0.0,1.6050000190734863,1.6050000190734863
INDP,2026-08-13 10:12:00-04:00,2026-08-13 11:06:38.898112-04:00,3218.898112,5396.0,1.0700000524520874,1.0700000524520874
INDP,2026-08-13 10:20:00-04:00,2026-08-13 11:06:38.898112-04:00,2738.898112,14909.0,1.0800000429153442,1.0799000263214111
INDP,2026-08-13 10:22:00-04:00,2026-08-13 11:06:38.898112-04:00,2618.898112,4547.0,1.070099949836731,1.070099949836731
INDP,2026-08-13 10:51:00-04:00,2026-08-13 11:06:38.898112-04:00,878.898112,187.0,1.0700000524520874,1.0700000524520874
INDP,2026-08-13 10:52:00-04:00,2026-08-13 11:06:38.898112-04:00,818.898112,5084.0,1.0707999467849731,1.0707999467849731
INDP,2026-08-13 11:03:00-04:00,2026-08-13 11:06:38.898112-04:00,158.898112,0.0,1.076200008392334,1.076200008392334
LSTA,2026-08-13 09:30:00-04:00,2026-08-13 11:06:38.898112-04:00,5738.898112,483.0,1.190000057220459,1.190000057220459
LSTA,2026-08-13 10:13:00-04:00,2026-08-13 11:06:38.898112-04:00,3158.898112,578.0,1.1399999856948853,1.1399999856948853
LSTA,2026-08-13 10:16:00-04:00,2026-08-13 11:06:38.898112-04:00,2978.898112,123.0,1.1699999570846558,1.1699999570846558
LSTA,2026-08-13 10:23:00-04:00,2026-08-13 11:06:38.898112-04:00,2558.898112,1117.0,1.1699999570846558,1.1699999570846558
LSTA,2026-08-13 10:45:00-04:00,2026-08-13 11:06:38.898112-04:00,1238.898112,0.0,1.1399999856948853,1.1399999856948853
USIO,2026-08-13 11:01:00-04:00,2026-08-13 11:06:38.898112-04:00,278.898112,19860.0,2.5799999237060547,2.609999895095825
USIO,2026-08-13 11:02:00-04:00,2026-08-13 11:06:38.898112-04:00,218.898112,2020.0,2.630000114440918,2.5999999046325684
USIO,2026-08-13 11:03:00-04:00,2026-08-13 11:06:38.898112-04:00,158.898112,3518.0,2.5980000495910645,2.609999895095825
USIO,2026-08-13 11:04:00-04:00,2026-08-13 11:06:38.898112-04:00,98.898112,5307.0,2.606300115585327,2.5880000591278076
USIO,2026-08-13 11:05:00-04:00,2026-08-13 11:06:38.898112-04:00,38.898112,4041.0,2.5899999141693115,2.5980000495910645
USIO,2026-08-13 11:06:00-04:00,2026-08-13 11:06:38.898112-04:00,-21.101888,0.0,2.5880000591278076,2.5880000591278076
BTMD,2026-08-13 10:15:00-04:00,2026-08-13 11:06:38.898112-04:00,3038.898112,1312.0,1.5299999713897705,1.5299999713897705
BTMD,2026-08-13 10:21:00-04:00,2026-08-13 11:06:38.898112-04:00,2678.898112,1151.0,1.5471999645233154,1.5471999645233154
BTMD,2026-08-13 10:29:00-04:00,2026-08-13 11:06:38.898112-04:00,2198.898112,276.0,1.5199999809265137,1.5199999809265137
BTMD,2026-08-13 10:30:00-04:00,2026-08-13 11:06:38.898112-04:00,2138.898112,1087.0,1.534999966621399,1.534999966621399
BTMD,2026-08-13 10:33:00-04:00,2026-08-13 11:06:38.898112-04:00,1958.898112,322.0,1.534999966621399,1.534999966621399
BTMD,2026-08-13 10:38:00-04:00,2026-08-13 11:06:38.898112-04:00,1658.898112,0.0,1.5099999904632568,1.5099999904632568
MOBX,2026-08-13 11:01:00-04:00,2026-08-13 11:06:38.898112-04:00,278.898112,3284.0,1.6050000190734863,1.6050000190734863
MOBX,2026-08-13 11:02:00-04:00,2026-08-13 11:06:38.898112-04:00,218.898112,276.0,1.600100040435791,1.600100040435791
MOBX,2026-08-13 11:03:00-04:00,2026-08-13 11:06:38.898112-04:00,158.898112,1952.0,1.600100040435791,1.600100040435791
MOBX,2026-08-13 11:04:00-04:00,2026-08-13 11:06:38.898112-04:00,98.898112,402.0,1.6098999977111816,1.6098999977111816
MOBX,2026-08-13 11:05:00-04:00,2026-08-13 11:06:38.898112-04:00,38.898112,1765.0,1.600100040435791,1.6093000173568726
MOBX,2026-08-13 11:06:00-04:00,2026-08-13 11:06:38.898112-04:00,-21.101888,0.0,1.6050000190734863,1.6050000190734863
INDP,2026-08-13 10:12:00-04:00,2026-08-13 11:06:58.973634-04:00,3238.973634,5396.0,1.0700000524520874,1.0700000524520874
INDP,2026-08-13 10:20:00-04:00,2026-08-13 11:06:58.973634-04:00,2758.973634,14909.0,1.0800000429153442,1.0799000263214111
INDP,2026-08-13 10:22:00-04:00,2026-08-13 11:06:58.973634-04:00,2638.973634,4547.0,1.070099949836731,1.070099949836731
INDP,2026-08-13 10:51:00-04:00,2026-08-13 11:06:58.973634-04:00,898.973634,372.0,1.0700000524520874,1.0700000524520874
INDP,2026-08-13 10:52:00-04:00,2026-08-13 11:06:58.973634-04:00,838.973634,4899.0,1.0707999467849731,1.0707999467849731
INDP,2026-08-13 11:03:00-04:00,2026-08-13 11:06:58.973634-04:00,178.973634,0.0,1.076200008392334,1.076200008392334
BTMD,2026-08-13 10:15:00-04:00,2026-08-13 11:06:58.973634-04:00,3058.973634,1312.0,1.5299999713897705,1.5299999713897705
BTMD,2026-08-13 10:21:00-04:00,2026-08-13 11:06:58.973634-04:00,2698.973634,1151.0,1.5471999645233154,1.5471999645233154
BTMD,2026-08-13 10:29:00-04:00,2026-08-13 11:06:58.973634-04:00,2218.973634,276.0,1.5199999809265137,1.5199999809265137
BTMD,2026-08-13 10:30:00-04:00,2026-08-13 11:06:58.973634-04:00,2158.973634,1087.0,1.534999966621399,1.534999966621399
BTMD,2026-08-13 10:33:00-04:00,2026-08-13 11:06:58.973634-04:00,1978.973634,322.0,1.534999966621399,1.534999966621399
BTMD,2026-08-13 10:38:00-04:00,2026-08-13 11:06:58.973634-04:00,1678.973634,0.0,1.5099999904632568,1.5099999904632568
LSTA,2026-08-13 09:30:00-04:00,2026-08-13 11:06:58.973634-04:00,5758.973634,483.0,1.190000057220459,1.190000057220459
LSTA,2026-08-13 10:13:00-04:00,2026-08-13 11:06:58.973634-04:00,3178.973634,578.0,1.1399999856948853,1.1399999856948853
LSTA,2026-08-13 10:16:00-04:00,2026-08-13 11:06:58.973634-04:00,2998.973634,123.0,1.1699999570846558,1.1699999570846558
LSTA,2026-08-13 10:23:00-04:00,2026-08-13 11:06:58.973634-04:00,2578.973634,1117.0,1.1699999570846558,1.1699999570846558
LSTA,2026-08-13 10:45:00-04:00,2026-08-13 11:06:58.973634-04:00,1258.973634,0.0,1.1399999856948853,1.1399999856948853
USIO,2026-08-13 11:01:00-04:00,2026-08-13 11:06:58.973634-04:00,298.973634,19860.0,2.5799999237060547,2.609999895095825
USIO,2026-08-13 11:02:00-04:00,2026-08-13 11:06:58.973634-04:00,238.973634,2020.0,2.630000114440918,2.5999999046325684
USIO,2026-08-13 11:03:00-04:00,2026-08-13 11:06:58.973634-04:00,178.973634,3518.0,2.5980000495910645,2.609999895095825
USIO,2026-08-13 11:04:00-04:00,2026-08-13 11:06:58.973634-04:00,118.973634,5307.0,2.606300115585327,2.5880000591278076
USIO,2026-08-13 11:05:00-04:00,2026-08-13 11:06:58.973634-04:00,58.973634,4041.0,2.5899999141693115,2.5980000495910645
USIO,2026-08-13 11:06:00-04:00,2026-08-13 11:06:58.973634-04:00,-1.026366,0.0,2.5880000591278076,2.5880000591278076
MOBX,2026-08-13 11:01:00-04:00,2026-08-13 11:06:58.973634-04:00,298.973634,3284.0,1.6050000190734863,1.6050000190734863
MOBX,2026-08-13 11:02:00-04:00,2026-08-13 11:06:58.973634-04:00,238.973634,276.0,1.600100040435791,1.600100040435791
MOBX,2026-08-13 11:03:00-04:00,2026-08-13 11:06:58.973634-04:00,178.973634,1952.0,1.600100040435791,1.600100040435791
MOBX,2026-08-13 11:04:00-04:00,2026-08-13 11:06:58.973634-04:00,118.973634,402.0,1.6098999977111816,1.6098999977111816
MOBX,2026-08-13 11:05:00-04:00,2026-08-13 11:06:58.973634-04:00,58.973634,1765.0,1.600100040435791,1.6093000173568726
MOBX,2026-08-13 11:06:00-04:00,2026-08-13 11:06:58.973634-04:00,-1.026366,0.0,1.600100040435791,1.600100040435791
INDP,2026-08-13 10:12:00-04:00,2026-08-13 11:07:19.006351-04:00,3259.006351,5396.0,1.0700000524520874,1.0700000524520874
INDP,2026-08-13 10:20:00-04:00,2026-08-13 11:07:19.006351-04:00,2779.006351,14909.0,1.0800000429153442,1.0799000263214111
INDP,2026-08-13 10:22:00-04:00,2026-08-13 11:07:19.006351-04:00,2659.006351,4547.0,1.070099949836731,1.070099949836731
INDP,2026-08-13 10:51:00-04:00,2026-08-13 11:07:19.006351-04:00,919.006351,187.0,1.0700000524520874,1.0700000524520874
INDP,2026-08-13 10:52:00-04:00,2026-08-13 11:07:19.006351-04:00,859.006351,5084.0,1.0707999467849731,1.0707999467849731
INDP,2026-08-13 11:03:00-04:00,2026-08-13 11:07:19.006351-04:00,199.006351,0.0,1.076200008392334,1.076200008392334
USIO,2026-08-13 11:01:00-04:00,2026-08-13 11:07:19.006351-04:00,319.006351,19796.0,2.5799999237060547,2.609999895095825
USIO,2026-08-13 11:02:00-04:00,2026-08-13 11:07:19.006351-04:00,259.006351,2020.0,2.630000114440918,2.5999999046325684
USIO,2026-08-13 11:03:00-04:00,2026-08-13 11:07:19.006351-04:00,199.006351,3518.0,2.5980000495910645,2.609999895095825
USIO,2026-08-13 11:04:00-04:00,2026-08-13 11:07:19.006351-04:00,139.006351,5307.0,2.606300115585327,2.5880000591278076
USIO,2026-08-13 11:05:00-04:00,2026-08-13 11:07:19.006351-04:00,79.006351,4041.0,2.5899999141693115,2.5980000495910645
USIO,2026-08-13 11:06:00-04:00,2026-08-13 11:07:19.006351-04:00,19.006351,0.0,2.5880000591278076,2.5880000591278076
LSTA,2026-08-13 09:30:00-04:00,2026-08-13 11:07:19.006351-04:00,5779.006351,483.0,1.190000057220459,1.190000057220459
LSTA,2026-08-13 10:13:00-04:00,2026-08-13 11:07:19.006351-04:00,3199.006351,578.0,1.1399999856948853,1.1399999856948853
LSTA,2026-08-13 10:16:00-04:00,2026-08-13 11:07:19.006351-04:00,3019.006351,123.0,1.1699999570846558,1.1699999570846558
LSTA,2026-08-13 10:23:00-04:00,2026-08-13 11:07:19.006351-04:00,2599.006351,1117.0,1.1699999570846558,1.1699999570846558
LSTA,2026-08-13 10:45:00-04:00,2026-08-13 11:07:19.006351-04:00,1279.006351,0.0,1.1399999856948853,1.1399999856948853
BTMD,2026-08-13 10:15:00-04:00,2026-08-13 11:07:19.006351-04:00,3079.006351,1312.0,1.5299999713897705,1.5299999713897705
BTMD,2026-08-13 10:21:00-04:00,2026-08-13 11:07:19.006351-04:00,2719.006351,1151.0,1.5471999645233154,1.5471999645233154
BTMD,2026-08-13 10:29:00-04:00,2026-08-13 11:07:19.006351-04:00,2239.006351,276.0,1.5199999809265137,1.5199999809265137
BTMD,2026-08-13 10:30:00-04:00,2026-08-13 11:07:19.006351-04:00,2179.006351,1087.0,1.534999966621399,1.534999966621399
BTMD,2026-08-13 10:33:00-04:00,2026-08-13 11:07:19.006351-04:00,1999.006351,322.0,1.534999966621399,1.534999966621399
BTMD,2026-08-13 10:38:00-04:00,2026-08-13 11:07:19.006351-04:00,1699.006351,0.0,1.5099999904632568,1.5099999904632568
MOBX,2026-08-13 11:01:00-04:00,2026-08-13 11:07:19.006351-04:00,319.006351,3284.0,1.6050000190734863,1.6050000190734863
MOBX,2026-08-13 11:02:00-04:00,2026-08-13 11:07:19.006351-04:00,259.006351,276.0,1.600100040435791,1.600100040435791
MOBX,2026-08-13 11:03:00-04:00,2026-08-13 11:07:19.006351-04:00,199.006351,1952.0,1.600100040435791,1.600100040435791
MOBX,2026-08-13 11:04:00-04:00,2026-08-13 11:07:19.006351-04:00,139.006351,402.0,1.6098999977111816,1.6098999977111816
MOBX,2026-08-13 11:05:00-04:00,2026-08-13 11:07:19.006351-04:00,79.006351,1765.0,1.600100040435791,1.6093000173568726
MOBX,2026-08-13 11:06:00-04:00,2026-08-13 11:07:19.006351-04:00,19.006351,0.0,1.600100040435791,1.600100040435791
INDP,2026-08-13 10:12:00-04:00,2026-08-13 11:07:39.033585-04:00,3279.033585,5396.0,1.0700000524520874,1.0700000524520874
INDP,2026-08-13 10:20:00-04:00,2026-08-13 11:07:39.033585-04:00,2799.033585,14909.0,1.0800000429153442,1.0799000263214111
INDP,2026-08-13 10:22:00-04:00,2026-08-13 11:07:39.033585-04:00,2679.033585,4547.0,1.070099949836731,1.070099949836731
INDP,2026-08-13 10:51:00-04:00,2026-08-13 11:07:39.033585-04:00,939.033585,187.0,1.0700000524520874,1.0700000524520874
INDP,2026-08-13 10:52:00-04:00,2026-08-13 11:07:39.033585-04:00,879.033585,5084.0,1.0707999467849731,1.0707999467849731
INDP,2026-08-13 11:03:00-04:00,2026-08-13 11:07:39.033585-04:00,219.033585,0.0,1.076200008392334,1.076200008392334
USIO,2026-08-13 11:02:00-04:00,2026-08-13 11:07:39.033585-04:00,279.033585,2020.0,2.630000114440918,2.5999999046325684
USIO,2026-08-13 11:03:00-04:00,2026-08-13 11:07:39.033585-04:00,219.033585,3518.0,2.5980000495910645,2.609999895095825
USIO,2026-08-13 11:04:00-04:00,2026-08-13 11:07:39.033585-04:00,159.033585,5307.0,2.606300115585327,2.5880000591278076
USIO,2026-08-13 11:05:00-04:00,2026-08-13 11:07:39.033585-04:00,99.033585,4041.0,2.5899999141693115,2.5980000495910645
USIO,2026-08-13 11:06:00-04:00,2026-08-13 11:07:39.033585-04:00,39.033585,2063.0,2.5899999141693115,2.5880000591278076
USIO,2026-08-13 11:07:00-04:00,2026-08-13 11:07:39.033585-04:00,-20.966415,0.0,2.5950000286102295,2.5950000286102295
LSTA,2026-08-13 09:30:00-04:00,2026-08-13 11:07:39.033585-04:00,5799.033585,483.0,1.190000057220459,1.190000057220459
LSTA,2026-08-13 10:13:00-04:00,2026-08-13 11:07:39.033585-04:00,3219.033585,578.0,1.1399999856948853,1.1399999856948853
LSTA,2026-08-13 10:16:00-04:00,2026-08-13 11:07:39.033585-04:00,3039.033585,123.0,1.1699999570846558,1.1699999570846558
LSTA,2026-08-13 10:23:00-04:00,2026-08-13 11:07:39.033585-04:00,2619.033585,1117.0,1.1699999570846558,1.1699999570846558
LSTA,2026-08-13 10:45:00-04:00,2026-08-13 11:07:39.033585-04:00,1299.033585,0.0,1.1399999856948853,1.1399999856948853
MOBX,2026-08-13 11:01:00-04:00,2026-08-13 11:07:39.033585-04:00,339.033585,3284.0,1.6050000190734863,1.6050000190734863
MOBX,2026-08-13 11:02:00-04:00,2026-08-13 11:07:39.033585-04:00,279.033585,276.0,1.600100040435791,1.600100040435791
MOBX,2026-08-13 11:03:00-04:00,2026-08-13 11:07:39.033585-04:00,219.033585,1952.0,1.600100040435791,1.600100040435791
MOBX,2026-08-13 11:04:00-04:00,2026-08-13 11:07:39.033585-04:00,159.033585,402.0,1.6098999977111816,1.6098999977111816
MOBX,2026-08-13 11:05:00-04:00,2026-08-13 11:07:39.033585-04:00,99.033585,1765.0,1.600100040435791,1.6093000173568726
MOBX,2026-08-13 11:06:00-04:00,2026-08-13 11:07:39.033585-04:00,39.033585,0.0,1.600100040435791,1.600100040435791
BTMD,2026-08-13 10:15:00-04:00,2026-08-13 11:07:39.033585-04:00,3099.033585,1312.0,1.5299999713897705,1.5299999713897705
BTMD,2026-08-13 10:21:00-04:00,2026-08-13 11:07:39.033585-04:00,2739.033585,1151.0,1.5471999645233154,1.5471999645233154
BTMD,2026-08-13 10:29:00-04:00,2026-08-13 11:07:39.033585-04:00,2259.033585,276.0,1.5199999809265137,1.5199999809265137
BTMD,2026-08-13 10:30:00-04:00,2026-08-13 11:07:39.033585-04:00,2199.033585,1087.0,1.534999966621399,1.534999966621399
BTMD,2026-08-13 10:33:00-04:00,2026-08-13 11:07:39.033585-04:00,2019.033585,322.0,1.534999966621399,1.534999966621399
BTMD,2026-08-13 10:38:00-04:00,2026-08-13 11:07:39.033585-04:00,1719.033585,0.0,1.5099999904632568,1.5099999904632568
LSTA,2026-08-13 09:30:00-04:00,2026-08-13 11:07:59.060157-04:00,5819.060157,483.0,1.190000057220459,1.190000057220459
LSTA,2026-08-13 10:13:00-04:00,2026-08-13 11:07:59.060157-04:00,3239.060157,578.0,1.1399999856948853,1.1399999856948853
LSTA,2026-08-13 10:16:00-04:00,2026-08-13 11:07:59.060157-04:00,3059.060157,123.0,1.1699999570846558,1.1699999570846558
LSTA,2026-08-13 10:23:00-04:00,2026-08-13 11:07:59.060157-04:00,2639.060157,1117.0,1.1699999570846558,1.1699999570846558
LSTA,2026-08-13 10:45:00-04:00,2026-08-13 11:07:59.060157-04:00,1319.060157,0.0,1.1399999856948853,1.1399999856948853
USIO,2026-08-13 11:02:00-04:00,2026-08-13 11:07:59.060157-04:00,299.060157,2020.0,2.630000114440918,2.5999999046325684
USIO,2026-08-13 11:03:00-04:00,2026-08-13 11:07:59.060157-04:00,239.060157,3518.0,2.5980000495910645,2.609999895095825
USIO,2026-08-13 11:04:00-04:00,2026-08-13 11:07:59.060157-04:00,179.060157,5307.0,2.606300115585327,2.5880000591278076
USIO,2026-08-13 11:05:00-04:00,2026-08-13 11:07:59.060157-04:00,119.060157,4041.0,2.5899999141693115,2.5980000495910645
USIO,2026-08-13 11:06:00-04:00,2026-08-13 11:07:59.060157-04:00,59.060157,2063.0,2.5899999141693115,2.5880000591278076
USIO,2026-08-13 11:07:00-04:00,2026-08-13 11:07:59.060157-04:00,-0.939843,0.0,2.5950000286102295,2.5950000286102295
BTMD,2026-08-13 10:15:00-04:00,2026-08-13 11:07:59.060157-04:00,3119.060157,1312.0,1.5299999713897705,1.5299999713897705
BTMD,2026-08-13 10:21:00-04:00,2026-08-13 11:07:59.060157-04:00,2759.060157,1151.0,1.5471999645233154,1.5471999645233154
BTMD,2026-08-13 10:29:00-04:00,2026-08-13 11:07:59.060157-04:00,2279.060157,276.0,1.5199999809265137,1.5199999809265137
BTMD,2026-08-13 10:30:00-04:00,2026-08-13 11:07:59.060157-04:00,2219.060157,1087.0,1.534999966621399,1.534999966621399
BTMD,2026-08-13 10:33:00-04:00,2026-08-13 11:07:59.060157-04:00,2039.060157,322.0,1.534999966621399,1.534999966621399
BTMD,2026-08-13 10:38:00-04:00,2026-08-13 11:07:59.060157-04:00,1739.060157,0.0,1.5099999904632568,1.5099999904632568
MOBX,2026-08-13 11:01:00-04:00,2026-08-13 11:07:59.060157-04:00,359.060157,3284.0,1.6050000190734863,1.6050000190734863
MOBX,2026-08-13 11:02:00-04:00,2026-08-13 11:07:59.060157-04:00,299.060157,276.0,1.600100040435791,1.600100040435791
MOBX,2026-08-13 11:03:00-04:00,2026-08-13 11:07:59.060157-04:00,239.060157,1952.0,1.600100040435791,1.600100040435791
MOBX,2026-08-13 11:04:00-04:00,2026-08-13 11:07:59.060157-04:00,179.060157,402.0,1.6098999977111816,1.6098999977111816
MOBX,2026-08-13 11:05:00-04:00,2026-08-13 11:07:59.060157-04:00,119.060157,1765.0,1.600100040435791,1.6093000173568726
MOBX,2026-08-13 11:06:00-04:00,2026-08-13 11:07:59.060157-04:00,59.060157,0.0,1.600100040435791,1.600100040435791
INDP,2026-08-13 10:12:00-04:00,2026-08-13 11:07:59.060157-04:00,3299.060157,5396.0,1.0700000524520874,1.0700000524520874
INDP,2026-08-13 10:20:00-04:00,2026-08-13 11:07:59.060157-04:00,2819.060157,14909.0,1.0800000429153442,1.0799000263214111
INDP,2026-08-13 10:22:00-04:00,2026-08-13 11:07:59.060157-04:00,2699.060157,4547.0,1.070099949836731,1.070099949836731
INDP,2026-08-13 10:51:00-04:00,2026-08-13 11:07:59.060157-04:00,959.060157,372.0,1.0700000524520874,1.0700000524520874
INDP,2026-08-13 10:52:00-04:00,2026-08-13 11:07:59.060157-04:00,899.060157,4899.0,1.0707999467849731,1.0707999467849731
INDP,2026-08-13 11:03:00-04:00,2026-08-13 11:07:59.060157-04:00,239.060157,0.0,1.076200008392334,1.076200008392334
INDP,2026-08-13 10:12:00-04:00,2026-08-13 11:08:19.090769-04:00,3319.090769,5396.0,1.0700000524520874,1.0700000524520874
INDP,2026-08-13 10:20:00-04:00,2026-08-13 11:08:19.090769-04:00,2839.090769,14909.0,1.0800000429153442,1.0799000263214111
INDP,2026-08-13 10:22:00-04:00,2026-08-13 11:08:19.090769-04:00,2719.090769,4547.0,1.070099949836731,1.070099949836731
INDP,2026-08-13 10:51:00-04:00,2026-08-13 11:08:19.090769-04:00,979.090769,372.0,1.0700000524520874,1.0700000524520874
INDP,2026-08-13 10:52:00-04:00,2026-08-13 11:08:19.090769-04:00,919.090769,4899.0,1.0707999467849731,1.0707999467849731
INDP,2026-08-13 11:03:00-04:00,2026-08-13 11:08:19.090769-04:00,259.090769,0.0,1.076200008392334,1.076200008392334
LSTA,2026-08-13 09:30:00-04:00,2026-08-13 11:08:19.090769-04:00,5839.090769,483.0,1.190000057220459,1.190000057220459
LSTA,2026-08-13 10:13:00-04:00,2026-08-13 11:08:19.090769-04:00,3259.090769,578.0,1.1399999856948853,1.1399999856948853
LSTA,2026-08-13 10:16:00-04:00,2026-08-13 11:08:19.090769-04:00,3079.090769,123.0,1.1699999570846558,1.1699999570846558
LSTA,2026-08-13 10:23:00-04:00,2026-08-13 11:08:19.090769-04:00,2659.090769,1117.0,1.1699999570846558,1.1699999570846558
LSTA,2026-08-13 10:45:00-04:00,2026-08-13 11:08:19.090769-04:00,1339.090769,0.0,1.1399999856948853,1.1399999856948853
BTMD,2026-08-13 10:15:00-04:00,2026-08-13 11:08:19.090769-04:00,3139.090769,1312.0,1.5299999713897705,1.5299999713897705
BTMD,2026-08-13 10:21:00-04:00,2026-08-13 11:08:19.090769-04:00,2779.090769,1151.0,1.5471999645233154,1.5471999645233154
BTMD,2026-08-13 10:29:00-04:00,2026-08-13 11:08:19.090769-04:00,2299.090769,276.0,1.5199999809265137,1.5199999809265137
BTMD,2026-08-13 10:30:00-04:00,2026-08-13 11:08:19.090769-04:00,2239.090769,1087.0,1.534999966621399,1.534999966621399
BTMD,2026-08-13 10:33:00-04:00,2026-08-13 11:08:19.090769-04:00,2059.090769,322.0,1.534999966621399,1.534999966621399
BTMD,2026-08-13 10:38:00-04:00,2026-08-13 11:08:19.090769-04:00,1759.090769,0.0,1.5099999904632568,1.5099999904632568
USIO,2026-08-13 11:02:00-04:00,2026-08-13 11:08:19.090769-04:00,319.090769,2020.0,2.630000114440918,2.5999999046325684
USIO,2026-08-13 11:03:00-04:00,2026-08-13 11:08:19.090769-04:00,259.090769,3518.0,2.5980000495910645,2.609999895095825
USIO,2026-08-13 11:04:00-04:00,2026-08-13 11:08:19.090769-04:00,199.090769,5307.0,2.606300115585327,2.5880000591278076
USIO,2026-08-13 11:05:00-04:00,2026-08-13 11:08:19.090769-04:00,139.090769,4041.0,2.5899999141693115,2.5980000495910645
USIO,2026-08-13 11:06:00-04:00,2026-08-13 11:08:19.090769-04:00,79.090769,2063.0,2.5899999141693115,2.5880000591278076
USIO,2026-08-13 11:07:00-04:00,2026-08-13 11:08:19.090769-04:00,19.090769,2977.0,2.5899999141693115,2.5950000286102295
MOBX,2026-08-13 11:02:00-04:00,2026-08-13 11:08:19.090769-04:00,319.090769,276.0,1.600100040435791,1.600100040435791
MOBX,2026-08-13 11:03:00-04:00,2026-08-13 11:08:19.090769-04:00,259.090769,1952.0,1.600100040435791,1.600100040435791
MOBX,2026-08-13 11:04:00-04:00,2026-08-13 11:08:19.090769-04:00,199.090769,402.0,1.6098999977111816,1.6098999977111816
MOBX,2026-08-13 11:05:00-04:00,2026-08-13 11:08:19.090769-04:00,139.090769,1765.0,1.600100040435791,1.6093000173568726
MOBX,2026-08-13 11:06:00-04:00,2026-08-13 11:08:19.090769-04:00,79.090769,2083.0,1.6050000190734863,1.600100040435791
MOBX,2026-08-13 11:08:00-04:00,2026-08-13 11:08:19.090769-04:00,-40.909231,0.0,1.6050000190734863,1.6050000190734863
LSTA,2026-08-13 09:30:00-04:00,2026-08-13 11:08:39.116042-04:00,5859.116042,483.0,1.190000057220459,1.190000057220459
LSTA,2026-08-13 10:13:00-04:00,2026-08-13 11:08:39.116042-04:00,3279.116042,578.0,1.1399999856948853,1.1399999856948853
LSTA,2026-08-13 10:16:00-04:00,2026-08-13 11:08:39.116042-04:00,3099.116042,123.0,1.1699999570846558,1.1699999570846558
LSTA,2026-08-13 10:23:00-04:00,2026-08-13 11:08:39.116042-04:00,2679.116042,1117.0,1.1699999570846558,1.1699999570846558
LSTA,2026-08-13 10:45:00-04:00,2026-08-13 11:08:39.116042-04:00,1359.116042,0.0,1.1399999856948853,1.1399999856948853
USIO,2026-08-13 11:03:00-04:00,2026-08-13 11:08:39.116042-04:00,279.116042,3518.0,2.5980000495910645,2.609999895095825
USIO,2026-08-13 11:04:00-04:00,2026-08-13 11:08:39.116042-04:00,219.116042,5307.0,2.606300115585327,2.5880000591278076
USIO,2026-08-13 11:05:00-04:00,2026-08-13 11:08:39.116042-04:00,159.116042,4041.0,2.5899999141693115,2.5980000495910645
USIO,2026-08-13 11:06:00-04:00,2026-08-13 11:08:39.116042-04:00,99.116042,2063.0,2.5899999141693115,2.5880000591278076
USIO,2026-08-13 11:07:00-04:00,2026-08-13 11:08:39.116042-04:00,39.116042,2977.0,2.5899999141693115,2.5950000286102295
USIO,2026-08-13 11:08:00-04:00,2026-08-13 11:08:39.116042-04:00,-20.883958,0.0,2.5799999237060547,2.5799999237060547
INDP,2026-08-13 10:12:00-04:00,2026-08-13 11:08:39.116042-04:00,3339.116042,5396.0,1.0700000524520874,1.0700000524520874
INDP,2026-08-13 10:20:00-04:00,2026-08-13 11:08:39.116042-04:00,2859.116042,14909.0,1.0800000429153442,1.0799000263214111
INDP,2026-08-13 10:22:00-04:00,2026-08-13 11:08:39.116042-04:00,2739.116042,4547.0,1.070099949836731,1.070099949836731
INDP,2026-08-13 10:51:00-04:00,2026-08-13 11:08:39.116042-04:00,999.116042,372.0,1.0700000524520874,1.0700000524520874
INDP,2026-08-13 10:52:00-04:00,2026-08-13 11:08:39.116042-04:00,939.116042,4899.0,1.0707999467849731,1.0707999467849731
INDP,2026-08-13 11:03:00-04:00,2026-08-13 11:08:39.116042-04:00,279.116042,0.0,1.076200008392334,1.076200008392334
MOBX,2026-08-13 11:02:00-04:00,2026-08-13 11:08:39.116042-04:00,339.116042,276.0,1.600100040435791,1.600100040435791
MOBX,2026-08-13 11:03:00-04:00,2026-08-13 11:08:39.116042-04:00,279.116042,1952.0,1.600100040435791,1.600100040435791
MOBX,2026-08-13 11:04:00-04:00,2026-08-13 11:08:39.116042-04:00,219.116042,402.0,1.6098999977111816,1.6098999977111816
MOBX,2026-08-13 11:05:00-04:00,2026-08-13 11:08:39.116042-04:00,159.116042,1765.0,1.600100040435791,1.6093000173568726
MOBX,2026-08-13 11:06:00-04:00,2026-08-13 11:08:39.116042-04:00,99.116042,2083.0,1.6050000190734863,1.600100040435791
MOBX,2026-08-13 11:08:00-04:00,2026-08-13 11:08:39.116042-04:00,-20.883958,0.0,1.6050000190734863,1.6050000190734863
BTMD,2026-08-13 10:15:00-04:00,2026-08-13 11:08:39.116042-04:00,3159.116042,1299.0,1.5299999713897705,1.5299999713897705
BTMD,2026-08-13 10:21:00-04:00,2026-08-13 11:08:39.116042-04:00,2799.116042,1151.0,1.5471999645233154,1.5471999645233154
BTMD,2026-08-13 10:29:00-04:00,2026-08-13 11:08:39.116042-04:00,2319.116042,276.0,1.5199999809265137,1.5199999809265137
BTMD,2026-08-13 10:30:00-04:00,2026-08-13 11:08:39.116042-04:00,2259.116042,1087.0,1.534999966621399,1.534999966621399
BTMD,2026-08-13 10:33:00-04:00,2026-08-13 11:08:39.116042-04:00,2079.116042,322.0,1.534999966621399,1.534999966621399
BTMD,2026-08-13 10:38:00-04:00,2026-08-13 11:08:39.116042-04:00,1779.116042,0.0,1.5099999904632568,1.5099999904632568
LSTA,2026-08-13 09:30:00-04:00,2026-08-13 11:08:59.144546-04:00,5879.144546,483.0,1.190000057220459,1.190000057220459
LSTA,2026-08-13 10:13:00-04:00,2026-08-13 11:08:59.144546-04:00,3299.144546,578.0,1.1399999856948853,1.1399999856948853
LSTA,2026-08-13 10:16:00-04:00,2026-08-13 11:08:59.144546-04:00,3119.144546,123.0,1.1699999570846558,1.1699999570846558
LSTA,2026-08-13 10:23:00-04:00,2026-08-13 11:08:59.144546-04:00,2699.144546,1117.0,1.1699999570846558,1.1699999570846558
LSTA,2026-08-13 10:45:00-04:00,2026-08-13 11:08:59.144546-04:00,1379.144546,0.0,1.1399999856948853,1.1399999856948853
INDP,2026-08-13 10:12:00-04:00,2026-08-13 11:08:59.144546-04:00,3359.144546,5396.0,1.0700000524520874,1.0700000524520874
INDP,2026-08-13 10:20:00-04:00,2026-08-13 11:08:59.144546-04:00,2879.144546,14909.0,1.0800000429153442,1.0799000263214111
INDP,2026-08-13 10:22:00-04:00,2026-08-13 11:08:59.144546-04:00,2759.144546,4547.0,1.070099949836731,1.070099949836731
INDP,2026-08-13 10:51:00-04:00,2026-08-13 11:08:59.144546-04:00,1019.144546,187.0,1.0700000524520874,1.0700000524520874
INDP,2026-08-13 10:52:00-04:00,2026-08-13 11:08:59.144546-04:00,959.144546,5084.0,1.0707999467849731,1.0707999467849731
INDP,2026-08-13 11:03:00-04:00,2026-08-13 11:08:59.144546-04:00,299.144546,0.0,1.076200008392334,1.076200008392334
BTMD,2026-08-13 10:15:00-04:00,2026-08-13 11:08:59.144546-04:00,3179.144546,1312.0,1.5299999713897705,1.5299999713897705
BTMD,2026-08-13 10:21:00-04:00,2026-08-13 11:08:59.144546-04:00,2819.144546,1151.0,1.5471999645233154,1.5471999645233154
BTMD,2026-08-13 10:29:00-04:00,2026-08-13 11:08:59.144546-04:00,2339.144546,276.0,1.5199999809265137,1.5199999809265137
BTMD,2026-08-13 10:30:00-04:00,2026-08-13 11:08:59.144546-04:00,2279.144546,1087.0,1.534999966621399,1.534999966621399
BTMD,2026-08-13 10:33:00-04:00,2026-08-13 11:08:59.144546-04:00,2099.144546,322.0,1.534999966621399,1.534999966621399
BTMD,2026-08-13 10:38:00-04:00,2026-08-13 11:08:59.144546-04:00,1799.144546,0.0,1.5099999904632568,1.5099999904632568
MOBX,2026-08-13 11:02:00-04:00,2026-08-13 11:08:59.144546-04:00,359.144546,276.0,1.600100040435791,1.600100040435791
MOBX,2026-08-13 11:03:00-04:00,2026-08-13 11:08:59.144546-04:00,299.144546,1952.0,1.600100040435791,1.600100040435791
MOBX,2026-08-13 11:04:00-04:00,2026-08-13 11:08:59.144546-04:00,239.144546,402.0,1.6098999977111816,1.6098999977111816
MOBX,2026-08-13 11:05:00-04:00,2026-08-13 11:08:59.144546-04:00,179.144546,1765.0,1.600100040435791,1.6093000173568726
MOBX,2026-08-13 11:06:00-04:00,2026-08-13 11:08:59.144546-04:00,119.144546,2083.0,1.6050000190734863,1.600100040435791
MOBX,2026-08-13 11:08:00-04:00,2026-08-13 11:08:59.144546-04:00,-0.8554539999999999,0.0,1.6050000190734863,1.6050000190734863
USIO,2026-08-13 11:03:00-04:00,2026-08-13 11:08:59.144546-04:00,299.144546,3518.0,2.5980000495910645,2.609999895095825
USIO,2026-08-13 11:04:00-04:00,2026-08-13 11:08:59.144546-04:00,239.144546,5307.0,2.606300115585327,2.5880000591278076
USIO,2026-08-13 11:05:00-04:00,2026-08-13 11:08:59.144546-04:00,179.144546,4041.0,2.5899999141693115,2.5980000495910645
USIO,2026-08-13 11:06:00-04:00,2026-08-13 11:08:59.144546-04:00,119.144546,2063.0,2.5899999141693115,2.5880000591278076
USIO,2026-08-13 11:07:00-04:00,2026-08-13 11:08:59.144546-04:00,59.144546,2977.0,2.5899999141693115,2.5950000286102295
USIO,2026-08-13 11:08:00-04:00,2026-08-13 11:08:59.144546-04:00,-0.8554539999999999,0.0,2.5799999237060547,2.5799999237060547
INDP,2026-08-13 10:12:00-04:00,2026-08-13 11:09:19.172295-04:00,3379.172295,5396.0,1.0700000524520874,1.0700000524520874
INDP,2026-08-13 10:20:00-04:00,2026-08-13 11:09:19.172295-04:00,2899.172295,14909.0,1.0800000429153442,1.0799000263214111
INDP,2026-08-13 10:22:00-04:00,2026-08-13 11:09:19.172295-04:00,2779.172295,4547.0,1.070099949836731,1.070099949836731
INDP,2026-08-13 10:51:00-04:00,2026-08-13 11:09:19.172295-04:00,1039.172295,187.0,1.0700000524520874,1.0700000524520874
INDP,2026-08-13 10:52:00-04:00,2026-08-13 11:09:19.172295-04:00,979.172295,5084.0,1.0707999467849731,1.0707999467849731
INDP,2026-08-13 11:03:00-04:00,2026-08-13 11:09:19.172295-04:00,319.172295,0.0,1.076200008392334,1.076200008392334
BTMD,2026-08-13 10:15:00-04:00,2026-08-13 11:09:19.172295-04:00,3199.172295,1299.0,1.5299999713897705,1.5299999713897705
BTMD,2026-08-13 10:21:00-04:00,2026-08-13 11:09:19.172295-04:00,2839.172295,1151.0,1.5471999645233154,1.5471999645233154
BTMD,2026-08-13 10:29:00-04:00,2026-08-13 11:09:19.172295-04:00,2359.172295,276.0,1.5199999809265137,1.5199999809265137
BTMD,2026-08-13 10:30:00-04:00,2026-08-13 11:09:19.172295-04:00,2299.172295,1087.0,1.534999966621399,1.534999966621399
BTMD,2026-08-13 10:33:00-04:00,2026-08-13 11:09:19.172295-04:00,2119.172295,322.0,1.534999966621399,1.534999966621399
BTMD,2026-08-13 10:38:00-04:00,2026-08-13 11:09:19.172295-04:00,1819.172295,0.0,1.5099999904632568,1.5099999904632568
LSTA,2026-08-13 09:30:00-04:00,2026-08-13 11:09:19.172295-04:00,5899.172295,483.0,1.190000057220459,1.190000057220459
LSTA,2026-08-13 10:13:00-04:00,2026-08-13 11:09:19.172295-04:00,3319.172295,578.0,1.1399999856948853,1.1399999856948853
LSTA,2026-08-13 10:16:00-04:00,2026-08-13 11:09:19.172295-04:00,3139.172295,123.0,1.1699999570846558,1.1699999570846558
LSTA,2026-08-13 10:23:00-04:00,2026-08-13 11:09:19.172295-04:00,2719.172295,1117.0,1.1699999570846558,1.1699999570846558
LSTA,2026-08-13 10:45:00-04:00,2026-08-13 11:09:19.172295-04:00,1399.172295,0.0,1.1399999856948853,1.1399999856948853
MOBX,2026-08-13 11:02:00-04:00,2026-08-13 11:09:19.172295-04:00,379.172295,276.0,1.600100040435791,1.600100040435791
MOBX,2026-08-13 11:03:00-04:00,2026-08-13 11:09:19.172295-04:00,319.172295,1952.0,1.600100040435791,1.600100040435791
MOBX,2026-08-13 11:04:00-04:00,2026-08-13 11:09:19.172295-04:00,259.172295,402.0,1.6098999977111816,1.6098999977111816
MOBX,2026-08-13 11:05:00-04:00,2026-08-13 11:09:19.172295-04:00,199.172295,1765.0,1.600100040435791,1.6093000173568726
MOBX,2026-08-13 11:06:00-04:00,2026-08-13 11:09:19.172295-04:00,139.172295,2083.0,1.6050000190734863,1.600100040435791
MOBX,2026-08-13 11:08:00-04:00,2026-08-13 11:09:19.172295-04:00,19.172295,0.0,1.6050000190734863,1.6050000190734863
USIO,2026-08-13 11:04:00-04:00,2026-08-13 11:09:19.172295-04:00,259.172295,5307.0,2.606300115585327,2.5880000591278076
USIO,2026-08-13 11:05:00-04:00,2026-08-13 11:09:19.172295-04:00,199.172295,4041.0,2.5899999141693115,2.5980000495910645
USIO,2026-08-13 11:06:00-04:00,2026-08-13 11:09:19.172295-04:00,139.172295,2063.0,2.5899999141693115,2.5880000591278076
USIO,2026-08-13 11:07:00-04:00,2026-08-13 11:09:19.172295-04:00,79.172295,2977.0,2.5899999141693115,2.5950000286102295
USIO,2026-08-13 11:08:00-04:00,2026-08-13 11:09:19.172295-04:00,19.172295,712.0,2.5799999237060547,2.5799999237060547
USIO,2026-08-13 11:09:00-04:00,2026-08-13 11:09:19.172295-04:00,-40.827705,0.0,2.5880000591278076,2.5880000591278076
BTMD,2026-08-13 10:15:00-04:00,2026-08-13 11:09:39.200851-04:00,3219.200851,1312.0,1.5299999713897705,1.5299999713897705
BTMD,2026-08-13 10:21:00-04:00,2026-08-13 11:09:39.200851-04:00,2859.200851,1151.0,1.5471999645233154,1.5471999645233154
BTMD,2026-08-13 10:29:00-04:00,2026-08-13 11:09:39.200851-04:00,2379.200851,276.0,1.5199999809265137,1.5199999809265137
BTMD,2026-08-13 10:30:00-04:00,2026-08-13 11:09:39.200851-04:00,2319.200851,1087.0,1.534999966621399,1.534999966621399
BTMD,2026-08-13 10:33:00-04:00,2026-08-13 11:09:39.200851-04:00,2139.200851,322.0,1.534999966621399,1.534999966621399
BTMD,2026-08-13 10:38:00-04:00,2026-08-13 11:09:39.200851-04:00,1839.200851,0.0,1.5099999904632568,1.5099999904632568
INDP,2026-08-13 10:12:00-04:00,2026-08-13 11:09:39.200851-04:00,3399.200851,5396.0,1.0700000524520874,1.0700000524520874
INDP,2026-08-13 10:20:00-04:00,2026-08-13 11:09:39.200851-04:00,2919.200851,14909.0,1.0800000429153442,1.0799000263214111
INDP,2026-08-13 10:22:00-04:00,2026-08-13 11:09:39.200851-04:00,2799.200851,4547.0,1.070099949836731,1.070099949836731
INDP,2026-08-13 10:51:00-04:00,2026-08-13 11:09:39.200851-04:00,1059.200851,372.0,1.0700000524520874,1.0700000524520874
INDP,2026-08-13 10:52:00-04:00,2026-08-13 11:09:39.200851-04:00,999.200851,4899.0,1.0707999467849731,1.0707999467849731
INDP,2026-08-13 11:03:00-04:00,2026-08-13 11:09:39.200851-04:00,339.200851,0.0,1.076200008392334,1.076200008392334
LSTA,2026-08-13 09:30:00-04:00,2026-08-13 11:09:39.200851-04:00,5919.200851,483.0,1.190000057220459,1.190000057220459
LSTA,2026-08-13 10:13:00-04:00,2026-08-13 11:09:39.200851-04:00,3339.200851,578.0,1.1399999856948853,1.1399999856948853
LSTA,2026-08-13 10:16:00-04:00,2026-08-13 11:09:39.200851-04:00,3159.200851,123.0,1.1699999570846558,1.1699999570846558
LSTA,2026-08-13 10:23:00-04:00,2026-08-13 11:09:39.200851-04:00,2739.200851,1117.0,1.1699999570846558,1.1699999570846558
LSTA,2026-08-13 10:45:00-04:00,2026-08-13 11:09:39.200851-04:00,1419.200851,0.0,1.1399999856948853,1.1399999856948853
USIO,2026-08-13 11:04:00-04:00,2026-08-13 11:09:39.200851-04:00,279.200851,5307.0,2.606300115585327,2.5880000591278076
USIO,2026-08-13 11:05:00-04:00,2026-08-13 11:09:39.200851-04:00,219.200851,4041.0,2.5899999141693115,2.5980000495910645
USIO,2026-08-13 11:06:00-04:00,2026-08-13 11:09:39.200851-04:00,159.200851,2063.0,2.5899999141693115,2.5880000591278076
USIO,2026-08-13 11:07:00-04:00,2026-08-13 11:09:39.200851-04:00,99.200851,2977.0,2.5899999141693115,2.5950000286102295
USIO,2026-08-13 11:08:00-04:00,2026-08-13 11:09:39.200851-04:00,39.200851,712.0,2.5799999237060547,2.5799999237060547
USIO,2026-08-13 11:09:00-04:00,2026-08-13 11:09:39.200851-04:00,-20.799149,0.0,2.5799999237060547,2.5799999237060547
MOBX,2026-08-13 11:02:00-04:00,2026-08-13 11:09:39.200851-04:00,399.200851,276.0,1.600100040435791,1.600100040435791
MOBX,2026-08-13 11:03:00-04:00,2026-08-13 11:09:39.200851-04:00,339.200851,1952.0,1.600100040435791,1.600100040435791
MOBX,2026-08-13 11:04:00-04:00,2026-08-13 11:09:39.200851-04:00,279.200851,402.0,1.6098999977111816,1.6098999977111816
MOBX,2026-08-13 11:05:00-04:00,2026-08-13 11:09:39.200851-04:00,219.200851,1765.0,1.600100040435791,1.6093000173568726
MOBX,2026-08-13 11:06:00-04:00,2026-08-13 11:09:39.200851-04:00,159.200851,2083.0,1.6050000190734863,1.600100040435791
MOBX,2026-08-13 11:08:00-04:00,2026-08-13 11:09:39.200851-04:00,39.200851,0.0,1.6050000190734863,1.6050000190734863
MOBX,2026-08-13 11:03:00-04:00,2026-08-13 11:09:59.228914-04:00,359.228914,1952.0,1.600100040435791,1.600100040435791
MOBX,2026-08-13 11:04:00-04:00,2026-08-13 11:09:59.228914-04:00,299.228914,402.0,1.6098999977111816,1.6098999977111816
MOBX,2026-08-13 11:05:00-04:00,2026-08-13 11:09:59.228914-04:00,239.228914,1765.0,1.600100040435791,1.6093000173568726
MOBX,2026-08-13 11:06:00-04:00,2026-08-13 11:09:59.228914-04:00,179.228914,2083.0,1.6050000190734863,1.600100040435791
MOBX,2026-08-13 11:08:00-04:00,2026-08-13 11:09:59.228914-04:00,59.228914,1011.0,1.6050000190734863,1.6050000190734863
MOBX,2026-08-13 11:09:00-04:00,2026-08-13 11:09:59.228914-04:00,-0.7710859999999999,0.0,1.600000023841858,1.600000023841858
BTMD,2026-08-13 10:15:00-04:00,2026-08-13 11:09:59.228914-04:00,3239.228914,1312.0,1.5299999713897705,1.5299999713897705
BTMD,2026-08-13 10:21:00-04:00,2026-08-13 11:09:59.228914-04:00,2879.228914,1151.0,1.5471999645233154,1.5471999645233154
BTMD,2026-08-13 10:29:00-04:00,2026-08-13 11:09:59.228914-04:00,2399.228914,276.0,1.5199999809265137,1.5199999809265137
BTMD,2026-08-13 10:30:00-04:00,2026-08-13 11:09:59.228914-04:00,2339.228914,1087.0,1.534999966621399,1.534999966621399
BTMD,2026-08-13 10:33:00-04:00,2026-08-13 11:09:59.228914-04:00,2159.228914,322.0,1.534999966621399,1.534999966621399
BTMD,2026-08-13 10:38:00-04:00,2026-08-13 11:09:59.228914-04:00,1859.228914,0.0,1.5099999904632568,1.5099999904632568
LSTA,2026-08-13 09:30:00-04:00,2026-08-13 11:09:59.228914-04:00,5939.228914,483.0,1.190000057220459,1.190000057220459
LSTA,2026-08-13 10:13:00-04:00,2026-08-13 11:09:59.228914-04:00,3359.228914,578.0,1.1399999856948853,1.1399999856948853
LSTA,2026-08-13 10:16:00-04:00,2026-08-13 11:09:59.228914-04:00,3179.228914,123.0,1.1699999570846558,1.1699999570846558
LSTA,2026-08-13 10:23:00-04:00,2026-08-13 11:09:59.228914-04:00,2759.228914,1117.0,1.1699999570846558,1.1699999570846558
LSTA,2026-08-13 10:45:00-04:00,2026-08-13 11:09:59.228914-04:00,1439.228914,206.0,1.1399999856948853,1.1399999856948853
INDP,2026-08-13 10:12:00-04:00,2026-08-13 11:09:59.228914-04:00,3419.228914,5396.0,1.0700000524520874,1.0700000524520874
INDP,2026-08-13 10:20:00-04:00,2026-08-13 11:09:59.228914-04:00,2939.228914,14909.0,1.0800000429153442,1.0799000263214111
INDP,2026-08-13 10:22:00-04:00,2026-08-13 11:09:59.228914-04:00,2819.228914,4547.0,1.070099949836731,1.070099949836731
INDP,2026-08-13 10:51:00-04:00,2026-08-13 11:09:59.228914-04:00,1079.228914,187.0,1.0700000524520874,1.0700000524520874
INDP,2026-08-13 10:52:00-04:00,2026-08-13 11:09:59.228914-04:00,1019.228914,5084.0,1.0707999467849731,1.0707999467849731
INDP,2026-08-13 11:03:00-04:00,2026-08-13 11:09:59.228914-04:00,359.228914,0.0,1.076200008392334,1.076200008392334
USIO,2026-08-13 11:04:00-04:00,2026-08-13 11:09:59.228914-04:00,299.228914,5307.0,2.606300115585327,2.5880000591278076
USIO,2026-08-13 11:05:00-04:00,2026-08-13 11:09:59.228914-04:00,239.228914,4041.0,2.5899999141693115,2.5980000495910645
USIO,2026-08-13 11:06:00-04:00,2026-08-13 11:09:59.228914-04:00,179.228914,2063.0,2.5899999141693115,2.5880000591278076
USIO,2026-08-13 11:07:00-04:00,2026-08-13 11:09:59.228914-04:00,119.228914,2977.0,2.5899999141693115,2.5950000286102295
USIO,2026-08-13 11:08:00-04:00,2026-08-13 11:09:59.228914-04:00,59.228914,712.0,2.5799999237060547,2.5799999237060547
USIO,2026-08-13 11:09:00-04:00,2026-08-13 11:09:59.228914-04:00,-0.7710859999999999,0.0,2.5799999237060547,2.5799999237060547
LSTA,2026-08-13 09:30:00-04:00,2026-08-13 11:10:19.256830-04:00,5959.25683,483.0,1.190000057220459,1.190000057220459
LSTA,2026-08-13 10:13:00-04:00,2026-08-13 11:10:19.256830-04:00,3379.25683,578.0,1.1399999856948853,1.1399999856948853
LSTA,2026-08-13 10:16:00-04:00,2026-08-13 11:10:19.256830-04:00,3199.25683,123.0,1.1699999570846558,1.1699999570846558
LSTA,2026-08-13 10:23:00-04:00,2026-08-13 11:10:19.256830-04:00,2779.25683,1117.0,1.1699999570846558,1.1699999570846558
LSTA,2026-08-13 10:45:00-04:00,2026-08-13 11:10:19.256830-04:00,1459.25683,0.0,1.1399999856948853,1.1399999856948853
USIO,2026-08-13 11:05:00-04:00,2026-08-13 11:10:19.256830-04:00,259.25683,4041.0,2.5899999141693115,2.5980000495910645
USIO,2026-08-13 11:06:00-04:00,2026-08-13 11:10:19.256830-04:00,199.25683,2063.0,2.5899999141693115,2.5880000591278076
USIO,2026-08-13 11:07:00-04:00,2026-08-13 11:10:19.256830-04:00,139.25683,2977.0,2.5899999141693115,2.5950000286102295
USIO,2026-08-13 11:08:00-04:00,2026-08-13 11:10:19.256830-04:00,79.25683,712.0,2.5799999237060547,2.5799999237060547
USIO,2026-08-13 11:09:00-04:00,2026-08-13 11:10:19.256830-04:00,19.25683,1887.0,2.5880000591278076,2.5799999237060547
USIO,2026-08-13 11:10:00-04:00,2026-08-13 11:10:19.256830-04:00,-40.74317,0.0,2.569999933242798,2.569999933242798
BTMD,2026-08-13 10:15:00-04:00,2026-08-13 11:10:19.256830-04:00,3259.25683,1312.0,1.5299999713897705,1.5299999713897705
BTMD,2026-08-13 10:21:00-04:00,2026-08-13 11:10:19.256830-04:00,2899.25683,1151.0,1.5471999645233154,1.5471999645233154
BTMD,2026-08-13 10:29:00-04:00,2026-08-13 11:10:19.256830-04:00,2419.25683,276.0,1.5199999809265137,1.5199999809265137
BTMD,2026-08-13 10:30:00-04:00,2026-08-13 11:10:19.256830-04:00,2359.25683,1087.0,1.534999966621399,1.534999966621399
BTMD,2026-08-13 10:33:00-04:00,2026-08-13 11:10:19.256830-04:00,2179.25683,322.0,1.534999966621399,1.534999966621399
BTMD,2026-08-13 10:38:00-04:00,2026-08-13 11:10:19.256830-04:00,1879.25683,0.0,1.5099999904632568,1.5099999904632568
INDP,2026-08-13 10:12:00-04:00,2026-08-13 11:10:19.256830-04:00,3439.25683,5396.0,1.0700000524520874,1.0700000524520874
INDP,2026-08-13 10:20:00-04:00,2026-08-13 11:10:19.256830-04:00,2959.25683,14909.0,1.0800000429153442,1.0799000263214111
INDP,2026-08-13 10:22:00-04:00,2026-08-13 11:10:19.256830-04:00,2839.25683,4547.0,1.070099949836731,1.070099949836731
INDP,2026-08-13 10:51:00-04:00,2026-08-13 11:10:19.256830-04:00,1099.25683,372.0,1.0700000524520874,1.0700000524520874
INDP,2026-08-13 10:52:00-04:00,2026-08-13 11:10:19.256830-04:00,1039.25683,4899.0,1.0707999467849731,1.0707999467849731
INDP,2026-08-13 11:03:00-04:00,2026-08-13 11:10:19.256830-04:00,379.25683,0.0,1.076200008392334,1.076200008392334
MOBX,2026-08-13 11:04:00-04:00,2026-08-13 11:10:19.256830-04:00,319.25683,402.0,1.6098999977111816,1.6098999977111816
MOBX,2026-08-13 11:05:00-04:00,2026-08-13 11:10:19.256830-04:00,259.25683,1765.0,1.600100040435791,1.6093000173568726
MOBX,2026-08-13 11:06:00-04:00,2026-08-13 11:10:19.256830-04:00,199.25683,2083.0,1.6050000190734863,1.600100040435791
MOBX,2026-08-13 11:08:00-04:00,2026-08-13 11:10:19.256830-04:00,79.25683,1011.0,1.6050000190734863,1.6050000190734863
MOBX,2026-08-13 11:09:00-04:00,2026-08-13 11:10:19.256830-04:00,19.25683,2504.0,1.600000023841858,1.600000023841858
MOBX,2026-08-13 11:10:00-04:00,2026-08-13 11:10:19.256830-04:00,-40.74317,0.0,1.6098999977111816,1.6098999977111816
USIO,2026-08-13 11:05:00-04:00,2026-08-13 11:10:39.272317-04:00,279.272317,4041.0,2.5899999141693115,2.5980000495910645
USIO,2026-08-13 11:06:00-04:00,2026-08-13 11:10:39.272317-04:00,219.272317,2063.0,2.5899999141693115,2.5880000591278076
USIO,2026-08-13 11:07:00-04:00,2026-08-13 11:10:39.272317-04:00,159.272317,2977.0,2.5899999141693115,2.5950000286102295
USIO,2026-08-13 11:08:00-04:00,2026-08-13 11:10:39.272317-04:00,99.272317,712.0,2.5799999237060547,2.5799999237060547
USIO,2026-08-13 11:09:00-04:00,2026-08-13 11:10:39.272317-04:00,39.272317,1887.0,2.5880000591278076,2.5799999237060547
USIO,2026-08-13 11:10:00-04:00,2026-08-13 11:10:39.272317-04:00,-20.727683,0.0,2.578000068664551,2.578000068664551
MOBX,2026-08-13 11:04:00-04:00,2026-08-13 11:10:39.272317-04:00,339.272317,402.0,1.6098999977111816,1.6098999977111816
MOBX,2026-08-13 11:05:00-04:00,2026-08-13 11:10:39.272317-04:00,279.272317,1765.0,1.600100040435791,1.6093000173568726
MOBX,2026-08-13 11:06:00-04:00,2026-08-13 11:10:39.272317-04:00,219.272317,2083.0,1.6050000190734863,1.600100040435791
MOBX,2026-08-13 11:08:00-04:00,2026-08-13 11:10:39.272317-04:00,99.272317,1011.0,1.6050000190734863,1.6050000190734863
MOBX,2026-08-13 11:09:00-04:00,2026-08-13 11:10:39.272317-04:00,39.272317,2504.0,1.600000023841858,1.600000023841858
MOBX,2026-08-13 11:10:00-04:00,2026-08-13 11:10:39.272317-04:00,-20.727683,0.0,1.6098999977111816,1.6098999977111816
INDP,2026-08-13 10:12:00-04:00,2026-08-13 11:10:39.272317-04:00,3459.272317,5396.0,1.0700000524520874,1.0700000524520874
INDP,2026-08-13 10:20:00-04:00,2026-08-13 11:10:39.272317-04:00,2979.272317,14909.0,1.0800000429153442,1.0799000263214111
INDP,2026-08-13 10:22:00-04:00,2026-08-13 11:10:39.272317-04:00,2859.272317,4547.0,1.070099949836731,1.070099949836731
INDP,2026-08-13 10:51:00-04:00,2026-08-13 11:10:39.272317-04:00,1119.272317,372.0,1.0700000524520874,1.0700000524520874
INDP,2026-08-13 10:52:00-04:00,2026-08-13 11:10:39.272317-04:00,1059.272317,4899.0,1.0707999467849731,1.0707999467849731
INDP,2026-08-13 11:03:00-04:00,2026-08-13 11:10:39.272317-04:00,399.272317,0.0,1.076200008392334,1.076200008392334
LSTA,2026-08-13 09:30:00-04:00,2026-08-13 11:10:39.272317-04:00,5979.272317,483.0,1.190000057220459,1.190000057220459
LSTA,2026-08-13 10:13:00-04:00,2026-08-13 11:10:39.272317-04:00,3399.272317,578.0,1.1399999856948853,1.1399999856948853
LSTA,2026-08-13 10:16:00-04:00,2026-08-13 11:10:39.272317-04:00,3219.272317,123.0,1.1699999570846558,1.1699999570846558
LSTA,2026-08-13 10:23:00-04:00,2026-08-13 11:10:39.272317-04:00,2799.272317,1117.0,1.1699999570846558,1.1699999570846558
LSTA,2026-08-13 10:45:00-04:00,2026-08-13 11:10:39.272317-04:00,1479.272317,206.0,1.1399999856948853,1.1399999856948853
BTMD,2026-08-13 10:15:00-04:00,2026-08-13 11:10:39.272317-04:00,3279.272317,1312.0,1.5299999713897705,1.5299999713897705
BTMD,2026-08-13 10:21:00-04:00,2026-08-13 11:10:39.272317-04:00,2919.272317,1151.0,1.5471999645233154,1.5471999645233154
BTMD,2026-08-13 10:29:00-04:00,2026-08-13 11:10:39.272317-04:00,2439.272317,276.0,1.5199999809265137,1.5199999809265137
BTMD,2026-08-13 10:30:00-04:00,2026-08-13 11:10:39.272317-04:00,2379.272317,1087.0,1.534999966621399,1.534999966621399
BTMD,2026-08-13 10:33:00-04:00,2026-08-13 11:10:39.272317-04:00,2199.272317,322.0,1.534999966621399,1.534999966621399
BTMD,2026-08-13 10:38:00-04:00,2026-08-13 11:10:39.272317-04:00,1899.272317,0.0,1.5099999904632568,1.5099999904632568
LSTA,2026-08-13 09:30:00-04:00,2026-08-13 11:10:59.284042-04:00,5999.284042,483.0,1.190000057220459,1.190000057220459
LSTA,2026-08-13 10:13:00-04:00,2026-08-13 11:10:59.284042-04:00,3419.284042,578.0,1.1399999856948853,1.1399999856948853
LSTA,2026-08-13 10:16:00-04:00,2026-08-13 11:10:59.284042-04:00,3239.284042,123.0,1.1699999570846558,1.1699999570846558
LSTA,2026-08-13 10:23:00-04:00,2026-08-13 11:10:59.284042-04:00,2819.284042,1117.0,1.1699999570846558,1.1699999570846558
LSTA,2026-08-13 10:45:00-04:00,2026-08-13 11:10:59.284042-04:00,1499.284042,0.0,1.1399999856948853,1.1399999856948853
INDP,2026-08-13 10:12:00-04:00,2026-08-13 11:10:59.284042-04:00,3479.284042,5396.0,1.0700000524520874,1.0700000524520874
INDP,2026-08-13 10:20:00-04:00,2026-08-13 11:10:59.284042-04:00,2999.284042,14909.0,1.0800000429153442,1.0799000263214111
INDP,2026-08-13 10:22:00-04:00,2026-08-13 11:10:59.284042-04:00,2879.284042,4547.0,1.070099949836731,1.070099949836731
INDP,2026-08-13 10:51:00-04:00,2026-08-13 11:10:59.284042-04:00,1139.284042,372.0,1.0700000524520874,1.0700000524520874
INDP,2026-08-13 10:52:00-04:00,2026-08-13 11:10:59.284042-04:00,1079.284042,4899.0,1.0707999467849731,1.0707999467849731
INDP,2026-08-13 11:03:00-04:00,2026-08-13 11:10:59.284042-04:00,419.284042,0.0,1.076200008392334,1.076200008392334
USIO,2026-08-13 11:05:00-04:00,2026-08-13 11:10:59.284042-04:00,299.284042,4041.0,2.5899999141693115,2.5980000495910645
USIO,2026-08-13 11:06:00-04:00,2026-08-13 11:10:59.284042-04:00,239.284042,2063.0,2.5899999141693115,2.5880000591278076
USIO,2026-08-13 11:07:00-04:00,2026-08-13 11:10:59.284042-04:00,179.284042,2977.0,2.5899999141693115,2.5950000286102295
USIO,2026-08-13 11:08:00-04:00,2026-08-13 11:10:59.284042-04:00,119.284042,712.0,2.5799999237060547,2.5799999237060547
USIO,2026-08-13 11:09:00-04:00,2026-08-13 11:10:59.284042-04:00,59.284042,1887.0,2.5880000591278076,2.5799999237060547
USIO,2026-08-13 11:10:00-04:00,2026-08-13 11:10:59.284042-04:00,-0.715958,0.0,2.569999933242798,2.569999933242798
MOBX,2026-08-13 11:04:00-04:00,2026-08-13 11:10:59.284042-04:00,359.284042,402.0,1.6098999977111816,1.6098999977111816
MOBX,2026-08-13 11:05:00-04:00,2026-08-13 11:10:59.284042-04:00,299.284042,1765.0,1.600100040435791,1.6093000173568726
MOBX,2026-08-13 11:06:00-04:00,2026-08-13 11:10:59.284042-04:00,239.284042,2083.0,1.6050000190734863,1.600100040435791
MOBX,2026-08-13 11:08:00-04:00,2026-08-13 11:10:59.284042-04:00,119.284042,1011.0,1.6050000190734863,1.6050000190734863
MOBX,2026-08-13 11:09:00-04:00,2026-08-13 11:10:59.284042-04:00,59.284042,2504.0,1.600000023841858,1.600000023841858
MOBX,2026-08-13 11:10:00-04:00,2026-08-13 11:10:59.284042-04:00,-0.715958,0.0,1.6098999977111816,1.6098999977111816
BTMD,2026-08-13 10:15:00-04:00,2026-08-13 11:10:59.284042-04:00,3299.284042,1312.0,1.5299999713897705,1.5299999713897705
BTMD,2026-08-13 10:21:00-04:00,2026-08-13 11:10:59.284042-04:00,2939.284042,1151.0,1.5471999645233154,1.5471999645233154
BTMD,2026-08-13 10:29:00-04:00,2026-08-13 11:10:59.284042-04:00,2459.284042,276.0,1.5199999809265137,1.5199999809265137
BTMD,2026-08-13 10:30:00-04:00,2026-08-13 11:10:59.284042-04:00,2399.284042,1087.0,1.534999966621399,1.534999966621399
BTMD,2026-08-13 10:33:00-04:00,2026-08-13 11:10:59.284042-04:00,2219.284042,322.0,1.534999966621399,1.534999966621399
BTMD,2026-08-13 10:38:00-04:00,2026-08-13 11:10:59.284042-04:00,1919.284042,0.0,1.5099999904632568,1.5099999904632568
INDP,2026-08-13 10:12:00-04:00,2026-08-13 11:11:19.305204-04:00,3499.305204,5396.0,1.0700000524520874,1.0700000524520874
INDP,2026-08-13 10:20:00-04:00,2026-08-13 11:11:19.305204-04:00,3019.305204,14909.0,1.0800000429153442,1.0799000263214111
INDP,2026-08-13 10:22:00-04:00,2026-08-13 11:11:19.305204-04:00,2899.305204,4547.0,1.070099949836731,1.070099949836731
INDP,2026-08-13 10:51:00-04:00,2026-08-13 11:11:19.305204-04:00,1159.305204,187.0,1.0700000524520874,1.0700000524520874
INDP,2026-08-13 10:52:00-04:00,2026-08-13 11:11:19.305204-04:00,1099.305204,5084.0,1.0707999467849731,1.0707999467849731
INDP,2026-08-13 11:03:00-04:00,2026-08-13 11:11:19.305204-04:00,439.305204,0.0,1.076200008392334,1.076200008392334
LSTA,2026-08-13 09:30:00-04:00,2026-08-13 11:11:19.305204-04:00,6019.305204,483.0,1.190000057220459,1.190000057220459
LSTA,2026-08-13 10:13:00-04:00,2026-08-13 11:11:19.305204-04:00,3439.305204,578.0,1.1399999856948853,1.1399999856948853
LSTA,2026-08-13 10:16:00-04:00,2026-08-13 11:11:19.305204-04:00,3259.305204,123.0,1.1699999570846558,1.1699999570846558
LSTA,2026-08-13 10:23:00-04:00,2026-08-13 11:11:19.305204-04:00,2839.305204,1117.0,1.1699999570846558,1.1699999570846558
LSTA,2026-08-13 10:45:00-04:00,2026-08-13 11:11:19.305204-04:00,1519.305204,206.0,1.1399999856948853,1.1399999856948853
LSTA,2026-08-13 11:11:00-04:00,2026-08-13 11:11:19.305204-04:00,-40.694796,0.0,1.1399999856948853,1.1399999856948853
USIO,2026-08-13 11:06:00-04:00,2026-08-13 11:11:19.305204-04:00,259.305204,2063.0,2.5899999141693115,2.5880000591278076
USIO,2026-08-13 11:07:00-04:00,2026-08-13 11:11:19.305204-04:00,199.305204,2977.0,2.5899999141693115,2.5950000286102295
USIO,2026-08-13 11:08:00-04:00,2026-08-13 11:11:19.305204-04:00,139.305204,712.0,2.5799999237060547,2.5799999237060547
USIO,2026-08-13 11:09:00-04:00,2026-08-13 11:11:19.305204-04:00,79.305204,1887.0,2.5880000591278076,2.5799999237060547
USIO,2026-08-13 11:10:00-04:00,2026-08-13 11:11:19.305204-04:00,19.305204,1511.0,2.569999933242798,2.569999933242798
USIO,2026-08-13 11:11:00-04:00,2026-08-13 11:11:19.305204-04:00,-40.694796,0.0,2.569999933242798,2.569999933242798
BTMD,2026-08-13 10:15:00-04:00,2026-08-13 11:11:19.305204-04:00,3319.305204,1312.0,1.5299999713897705,1.5299999713897705
BTMD,2026-08-13 10:21:00-04:00,2026-08-13 11:11:19.305204-04:00,2959.305204,1151.0,1.5471999645233154,1.5471999645233154
BTMD,2026-08-13 10:29:00-04:00,2026-08-13 11:11:19.305204-04:00,2479.305204,276.0,1.5199999809265137,1.5199999809265137
BTMD,2026-08-13 10:30:00-04:00,2026-08-13 11:11:19.305204-04:00,2419.305204,1087.0,1.534999966621399,1.534999966621399
BTMD,2026-08-13 10:33:00-04:00,2026-08-13 11:11:19.305204-04:00,2239.305204,322.0,1.534999966621399,1.534999966621399
BTMD,2026-08-13 10:38:00-04:00,2026-08-13 11:11:19.305204-04:00,1939.305204,0.0,1.5099999904632568,1.5099999904632568
MOBX,2026-08-13 11:04:00-04:00,2026-08-13 11:11:19.305204-04:00,379.305204,402.0,1.6098999977111816,1.6098999977111816
MOBX,2026-08-13 11:05:00-04:00,2026-08-13 11:11:19.305204-04:00,319.305204,1765.0,1.600100040435791,1.6093000173568726
MOBX,2026-08-13 11:06:00-04:00,2026-08-13 11:11:19.305204-04:00,259.305204,2083.0,1.6050000190734863,1.600100040435791
MOBX,2026-08-13 11:08:00-04:00,2026-08-13 11:11:19.305204-04:00,139.305204,1011.0,1.6050000190734863,1.6050000190734863
MOBX,2026-08-13 11:09:00-04:00,2026-08-13 11:11:19.305204-04:00,79.305204,2504.0,1.600000023841858,1.600000023841858
MOBX,2026-08-13 11:10:00-04:00,2026-08-13 11:11:19.305204-04:00,19.305204,0.0,1.6098999977111816,1.6098999977111816
INDP,2026-08-13 10:12:00-04:00,2026-08-13 11:11:39.330504-04:00,3519.330504,5396.0,1.0700000524520874,1.0700000524520874
INDP,2026-08-13 10:20:00-04:00,2026-08-13 11:11:39.330504-04:00,3039.330504,14909.0,1.0800000429153442,1.0799000263214111
INDP,2026-08-13 10:22:00-04:00,2026-08-13 11:11:39.330504-04:00,2919.330504,4547.0,1.070099949836731,1.070099949836731
INDP,2026-08-13 10:51:00-04:00,2026-08-13 11:11:39.330504-04:00,1179.330504,372.0,1.0700000524520874,1.0700000524520874
INDP,2026-08-13 10:52:00-04:00,2026-08-13 11:11:39.330504-04:00,1119.330504,4899.0,1.0707999467849731,1.0707999467849731
INDP,2026-08-13 11:03:00-04:00,2026-08-13 11:11:39.330504-04:00,459.330504,0.0,1.076200008392334,1.076200008392334
MOBX,2026-08-13 11:05:00-04:00,2026-08-13 11:11:39.330504-04:00,339.330504,1765.0,1.600100040435791,1.6093000173568726
MOBX,2026-08-13 11:06:00-04:00,2026-08-13 11:11:39.330504-04:00,279.330504,2083.0,1.6050000190734863,1.600100040435791
MOBX,2026-08-13 11:08:00-04:00,2026-08-13 11:11:39.330504-04:00,159.330504,1011.0,1.6050000190734863,1.6050000190734863
MOBX,2026-08-13 11:09:00-04:00,2026-08-13 11:11:39.330504-04:00,99.330504,2504.0,1.600000023841858,1.600000023841858
MOBX,2026-08-13 11:10:00-04:00,2026-08-13 11:11:39.330504-04:00,39.330504,5102.0,1.6098999977111816,1.6098999977111816
MOBX,2026-08-13 11:11:00-04:00,2026-08-13 11:11:39.330504-04:00,-20.669496,0.0,1.600000023841858,1.600000023841858
BTMD,2026-08-13 10:15:00-04:00,2026-08-13 11:11:39.330504-04:00,3339.330504,1299.0,1.5299999713897705,1.5299999713897705
BTMD,2026-08-13 10:21:00-04:00,2026-08-13 11:11:39.330504-04:00,2979.330504,1151.0,1.5471999645233154,1.5471999645233154
BTMD,2026-08-13 10:29:00-04:00,2026-08-13 11:11:39.330504-04:00,2499.330504,276.0,1.5199999809265137,1.5199999809265137
BTMD,2026-08-13 10:30:00-04:00,2026-08-13 11:11:39.330504-04:00,2439.330504,1087.0,1.534999966621399,1.534999966621399
BTMD,2026-08-13 10:33:00-04:00,2026-08-13 11:11:39.330504-04:00,2259.330504,322.0,1.534999966621399,1.534999966621399
BTMD,2026-08-13 10:38:00-04:00,2026-08-13 11:11:39.330504-04:00,1959.330504,0.0,1.5099999904632568,1.5099999904632568
USIO,2026-08-13 11:06:00-04:00,2026-08-13 11:11:39.330504-04:00,279.330504,2063.0,2.5899999141693115,2.5880000591278076
USIO,2026-08-13 11:07:00-04:00,2026-08-13 11:11:39.330504-04:00,219.330504,2977.0,2.5899999141693115,2.5950000286102295
USIO,2026-08-13 11:08:00-04:00,2026-08-13 11:11:39.330504-04:00,159.330504,712.0,2.5799999237060547,2.5799999237060547
USIO,2026-08-13 11:09:00-04:00,2026-08-13 11:11:39.330504-04:00,99.330504,1887.0,2.5880000591278076,2.5799999237060547
USIO,2026-08-13 11:10:00-04:00,2026-08-13 11:11:39.330504-04:00,39.330504,1511.0,2.569999933242798,2.569999933242798
USIO,2026-08-13 11:11:00-04:00,2026-08-13 11:11:39.330504-04:00,-20.669496,0.0,2.569999933242798,2.569999933242798
LSTA,2026-08-13 09:30:00-04:00,2026-08-13 11:11:39.330504-04:00,6039.330504,483.0,1.190000057220459,1.190000057220459
LSTA,2026-08-13 10:13:00-04:00,2026-08-13 11:11:39.330504-04:00,3459.330504,578.0,1.1399999856948853,1.1399999856948853
LSTA,2026-08-13 10:16:00-04:00,2026-08-13 11:11:39.330504-04:00,3279.330504,123.0,1.1699999570846558,1.1699999570846558
LSTA,2026-08-13 10:23:00-04:00,2026-08-13 11:11:39.330504-04:00,2859.330504,1117.0,1.1699999570846558,1.1699999570846558
LSTA,2026-08-13 10:45:00-04:00,2026-08-13 11:11:39.330504-04:00,1539.330504,206.0,1.1399999856948853,1.1399999856948853
LSTA,2026-08-13 11:11:00-04:00,2026-08-13 11:11:39.330504-04:00,-20.669496,0.0,1.1399999856948853,1.1399999856948853
MOBX,2026-08-13 11:05:00-04:00,2026-08-13 11:11:59.413098-04:00,359.413098,1765.0,1.600100040435791,1.6093000173568726
MOBX,2026-08-13 11:06:00-04:00,2026-08-13 11:11:59.413098-04:00,299.413098,2083.0,1.6050000190734863,1.600100040435791
MOBX,2026-08-13 11:08:00-04:00,2026-08-13 11:11:59.413098-04:00,179.413098,1011.0,1.6050000190734863,1.6050000190734863
MOBX,2026-08-13 11:09:00-04:00,2026-08-13 11:11:59.413098-04:00,119.413098,2504.0,1.600000023841858,1.600000023841858
MOBX,2026-08-13 11:10:00-04:00,2026-08-13 11:11:59.413098-04:00,59.413098,5102.0,1.6098999977111816,1.6098999977111816
MOBX,2026-08-13 11:11:00-04:00,2026-08-13 11:11:59.413098-04:00,-0.586902,0.0,1.600000023841858,1.600000023841858
LSTA,2026-08-13 09:30:00-04:00,2026-08-13 11:11:59.413098-04:00,6059.413098,483.0,1.190000057220459,1.190000057220459
LSTA,2026-08-13 10:13:00-04:00,2026-08-13 11:11:59.413098-04:00,3479.413098,578.0,1.1399999856948853,1.1399999856948853
LSTA,2026-08-13 10:16:00-04:00,2026-08-13 11:11:59.413098-04:00,3299.413098,123.0,1.1699999570846558,1.1699999570846558
LSTA,2026-08-13 10:23:00-04:00,2026-08-13 11:11:59.413098-04:00,2879.413098,1117.0,1.1699999570846558,1.1699999570846558
LSTA,2026-08-13 10:45:00-04:00,2026-08-13 11:11:59.413098-04:00,1559.413098,206.0,1.1399999856948853,1.1399999856948853
LSTA,2026-08-13 11:11:00-04:00,2026-08-13 11:11:59.413098-04:00,-0.586902,0.0,1.1399999856948853,1.1399999856948853
BTMD,2026-08-13 10:15:00-04:00,2026-08-13 11:11:59.413098-04:00,3359.413098,1312.0,1.5299999713897705,1.5299999713897705
BTMD,2026-08-13 10:21:00-04:00,2026-08-13 11:11:59.413098-04:00,2999.413098,1151.0,1.5471999645233154,1.5471999645233154
BTMD,2026-08-13 10:29:00-04:00,2026-08-13 11:11:59.413098-04:00,2519.413098,276.0,1.5199999809265137,1.5199999809265137
BTMD,2026-08-13 10:30:00-04:00,2026-08-13 11:11:59.413098-04:00,2459.413098,1087.0,1.534999966621399,1.534999966621399
BTMD,2026-08-13 10:33:00-04:00,2026-08-13 11:11:59.413098-04:00,2279.413098,322.0,1.534999966621399,1.534999966621399
BTMD,2026-08-13 10:38:00-04:00,2026-08-13 11:11:59.413098-04:00,1979.413098,0.0,1.5099999904632568,1.5099999904632568
USIO,2026-08-13 11:06:00-04:00,2026-08-13 11:11:59.413098-04:00,299.413098,2063.0,2.5899999141693115,2.5880000591278076
USIO,2026-08-13 11:07:00-04:00,2026-08-13 11:11:59.413098-04:00,239.413098,2977.0,2.5899999141693115,2.5950000286102295
USIO,2026-08-13 11:08:00-04:00,2026-08-13 11:11:59.413098-04:00,179.413098,712.0,2.5799999237060547,2.5799999237060547
USIO,2026-08-13 11:09:00-04:00,2026-08-13 11:11:59.413098-04:00,119.413098,1887.0,2.5880000591278076,2.5799999237060547
USIO,2026-08-13 11:10:00-04:00,2026-08-13 11:11:59.413098-04:00,59.413098,1511.0,2.569999933242798,2.569999933242798
USIO,2026-08-13 11:11:00-04:00,2026-08-13 11:11:59.413098-04:00,-0.586902,0.0,2.565000057220459,2.565000057220459
INDP,2026-08-13 10:12:00-04:00,2026-08-13 11:11:59.413098-04:00,3539.413098,5396.0,1.0700000524520874,1.0700000524520874
INDP,2026-08-13 10:20:00-04:00,2026-08-13 11:11:59.413098-04:00,3059.413098,14909.0,1.0800000429153442,1.0799000263214111
INDP,2026-08-13 10:22:00-04:00,2026-08-13 11:11:59.413098-04:00,2939.413098,4547.0,1.070099949836731,1.070099949836731
INDP,2026-08-13 10:51:00-04:00,2026-08-13 11:11:59.413098-04:00,1199.413098,372.0,1.0700000524520874,1.0700000524520874
INDP,2026-08-13 10:52:00-04:00,2026-08-13 11:11:59.413098-04:00,1139.413098,4899.0,1.0707999467849731,1.0707999467849731
INDP,2026-08-13 11:03:00-04:00,2026-08-13 11:11:59.413098-04:00,479.413098,0.0,1.076200008392334,1.076200008392334
BTMD,2026-08-13 10:15:00-04:00,2026-08-13 11:12:19.442971-04:00,3379.442971,1299.0,1.5299999713897705,1.5299999713897705
BTMD,2026-08-13 10:21:00-04:00,2026-08-13 11:12:19.442971-04:00,3019.442971,1151.0,1.5471999645233154,1.5471999645233154
BTMD,2026-08-13 10:29:00-04:00,2026-08-13 11:12:19.442971-04:00,2539.442971,276.0,1.5199999809265137,1.5199999809265137
BTMD,2026-08-13 10:30:00-04:00,2026-08-13 11:12:19.442971-04:00,2479.442971,1087.0,1.534999966621399,1.534999966621399
BTMD,2026-08-13 10:33:00-04:00,2026-08-13 11:12:19.442971-04:00,2299.442971,322.0,1.534999966621399,1.534999966621399
BTMD,2026-08-13 10:38:00-04:00,2026-08-13 11:12:19.442971-04:00,1999.442971,0.0,1.5099999904632568,1.5099999904632568
INDP,2026-08-13 10:12:00-04:00,2026-08-13 11:12:19.442971-04:00,3559.442971,5396.0,1.0700000524520874,1.0700000524520874
INDP,2026-08-13 10:20:00-04:00,2026-08-13 11:12:19.442971-04:00,3079.442971,14909.0,1.0800000429153442,1.0799000263214111
INDP,2026-08-13 10:22:00-04:00,2026-08-13 11:12:19.442971-04:00,2959.442971,4547.0,1.070099949836731,1.070099949836731
INDP,2026-08-13 10:51:00-04:00,2026-08-13 11:12:19.442971-04:00,1219.442971,372.0,1.0700000524520874,1.0700000524520874
INDP,2026-08-13 10:52:00-04:00,2026-08-13 11:12:19.442971-04:00,1159.442971,4899.0,1.0707999467849731,1.0707999467849731
INDP,2026-08-13 11:03:00-04:00,2026-08-13 11:12:19.442971-04:00,499.442971,0.0,1.076200008392334,1.076200008392334
USIO,2026-08-13 11:07:00-04:00,2026-08-13 11:12:19.442971-04:00,259.442971,2977.0,2.5899999141693115,2.5950000286102295
USIO,2026-08-13 11:08:00-04:00,2026-08-13 11:12:19.442971-04:00,199.442971,712.0,2.5799999237060547,2.5799999237060547
USIO,2026-08-13 11:09:00-04:00,2026-08-13 11:12:19.442971-04:00,139.442971,1887.0,2.5880000591278076,2.5799999237060547
USIO,2026-08-13 11:10:00-04:00,2026-08-13 11:12:19.442971-04:00,79.442971,1511.0,2.569999933242798,2.569999933242798
USIO,2026-08-13 11:11:00-04:00,2026-08-13 11:12:19.442971-04:00,19.442971,5848.0,2.569999933242798,2.565000057220459
USIO,2026-08-13 11:12:00-04:00,2026-08-13 11:12:19.442971-04:00,-40.557029,0.0,2.549999952316284,2.549999952316284
LSTA,2026-08-13 09:30:00-04:00,2026-08-13 11:12:19.442971-04:00,6079.442971,483.0,1.190000057220459,1.190000057220459
LSTA,2026-08-13 10:13:00-04:00,2026-08-13 11:12:19.442971-04:00,3499.442971,578.0,1.1399999856948853,1.1399999856948853
LSTA,2026-08-13 10:16:00-04:00,2026-08-13 11:12:19.442971-04:00,3319.442971,123.0,1.1699999570846558,1.1699999570846558
LSTA,2026-08-13 10:23:00-04:00,2026-08-13 11:12:19.442971-04:00,2899.442971,1117.0,1.1699999570846558,1.1699999570846558
LSTA,2026-08-13 10:45:00-04:00,2026-08-13 11:12:19.442971-04:00,1579.442971,206.0,1.1399999856948853,1.1399999856948853
LSTA,2026-08-13 11:11:00-04:00,2026-08-13 11:12:19.442971-04:00,19.442971,0.0,1.1399999856948853,1.1399999856948853
MOBX,2026-08-13 11:05:00-04:00,2026-08-13 11:12:19.442971-04:00,379.442971,1765.0,1.600100040435791,1.6093000173568726
MOBX,2026-08-13 11:06:00-04:00,2026-08-13 11:12:19.442971-04:00,319.442971,2083.0,1.6050000190734863,1.600100040435791
MOBX,2026-08-13 11:08:00-04:00,2026-08-13 11:12:19.442971-04:00,199.442971,1011.0,1.6050000190734863,1.6050000190734863
MOBX,2026-08-13 11:09:00-04:00,2026-08-13 11:12:19.442971-04:00,139.442971,2504.0,1.600000023841858,1.600000023841858
MOBX,2026-08-13 11:10:00-04:00,2026-08-13 11:12:19.442971-04:00,79.442971,5102.0,1.6098999977111816,1.6098999977111816
MOBX,2026-08-13 11:11:00-04:00,2026-08-13 11:12:19.442971-04:00,19.442971,0.0,1.600000023841858,1.600000023841858
USIO,2026-08-13 11:07:00-04:00,2026-08-13 11:12:39.470035-04:00,279.470035,2977.0,2.5899999141693115,2.5950000286102295
USIO,2026-08-13 11:08:00-04:00,2026-08-13 11:12:39.470035-04:00,219.470035,712.0,2.5799999237060547,2.5799999237060547
USIO,2026-08-13 11:09:00-04:00,2026-08-13 11:12:39.470035-04:00,159.470035,1887.0,2.5880000591278076,2.5799999237060547
USIO,2026-08-13 11:10:00-04:00,2026-08-13 11:12:39.470035-04:00,99.470035,1511.0,2.569999933242798,2.569999933242798
USIO,2026-08-13 11:11:00-04:00,2026-08-13 11:12:39.470035-04:00,39.470035,5848.0,2.569999933242798,2.565000057220459
USIO,2026-08-13 11:12:00-04:00,2026-08-13 11:12:39.470035-04:00,-20.529965,0.0,2.5599000453948975,2.5599000453948975
INDP,2026-08-13 10:12:00-04:00,2026-08-13 11:12:39.470035-04:00,3579.470035,5396.0,1.0700000524520874,1.0700000524520874
INDP,2026-08-13 10:20:00-04:00,2026-08-13 11:12:39.470035-04:00,3099.470035,14909.0,1.0800000429153442,1.0799000263214111
INDP,2026-08-13 10:22:00-04:00,2026-08-13 11:12:39.470035-04:00,2979.470035,4547.0,1.070099949836731,1.070099949836731
INDP,2026-08-13 10:51:00-04:00,2026-08-13 11:12:39.470035-04:00,1239.470035,187.0,1.0700000524520874,1.0700000524520874
INDP,2026-08-13 10:52:00-04:00,2026-08-13 11:12:39.470035-04:00,1179.470035,5084.0,1.0707999467849731,1.0707999467849731
INDP,2026-08-13 11:03:00-04:00,2026-08-13 11:12:39.470035-04:00,519.470035,0.0,1.076200008392334,1.076200008392334
BTMD,2026-08-13 10:15:00-04:00,2026-08-13 11:12:39.470035-04:00,3399.470035,1312.0,1.5299999713897705,1.5299999713897705
BTMD,2026-08-13 10:21:00-04:00,2026-08-13 11:12:39.470035-04:00,3039.470035,1151.0,1.5471999645233154,1.5471999645233154
BTMD,2026-08-13 10:29:00-04:00,2026-08-13 11:12:39.470035-04:00,2559.470035,276.0,1.5199999809265137,1.5199999809265137
BTMD,2026-08-13 10:30:00-04:00,2026-08-13 11:12:39.470035-04:00,2499.470035,1087.0,1.534999966621399,1.534999966621399
BTMD,2026-08-13 10:33:00-04:00,2026-08-13 11:12:39.470035-04:00,2319.470035,322.0,1.534999966621399,1.534999966621399
BTMD,2026-08-13 10:38:00-04:00,2026-08-13 11:12:39.470035-04:00,2019.470035,0.0,1.5099999904632568,1.5099999904632568
MOBX,2026-08-13 11:05:00-04:00,2026-08-13 11:12:39.470035-04:00,399.470035,1765.0,1.600100040435791,1.6093000173568726
MOBX,2026-08-13 11:06:00-04:00,2026-08-13 11:12:39.470035-04:00,339.470035,2083.0,1.6050000190734863,1.600100040435791
MOBX,2026-08-13 11:08:00-04:00,2026-08-13 11:12:39.470035-04:00,219.470035,1011.0,1.6050000190734863,1.6050000190734863
MOBX,2026-08-13 11:09:00-04:00,2026-08-13 11:12:39.470035-04:00,159.470035,2504.0,1.600000023841858,1.600000023841858
MOBX,2026-08-13 11:10:00-04:00,2026-08-13 11:12:39.470035-04:00,99.470035,5102.0,1.6098999977111816,1.6098999977111816
MOBX,2026-08-13 11:11:00-04:00,2026-08-13 11:12:39.470035-04:00,39.470035,0.0,1.600000023841858,1.600000023841858
LSTA,2026-08-13 09:30:00-04:00,2026-08-13 11:12:39.470035-04:00,6099.470035,483.0,1.190000057220459,1.190000057220459
LSTA,2026-08-13 10:13:00-04:00,2026-08-13 11:12:39.470035-04:00,3519.470035,578.0,1.1399999856948853,1.1399999856948853
LSTA,2026-08-13 10:16:00-04:00,2026-08-13 11:12:39.470035-04:00,3339.470035,123.0,1.1699999570846558,1.1699999570846558
LSTA,2026-08-13 10:23:00-04:00,2026-08-13 11:12:39.470035-04:00,2919.470035,1117.0,1.1699999570846558,1.1699999570846558
LSTA,2026-08-13 10:45:00-04:00,2026-08-13 11:12:39.470035-04:00,1599.470035,206.0,1.1399999856948853,1.1399999856948853
LSTA,2026-08-13 11:11:00-04:00,2026-08-13 11:12:39.470035-04:00,39.470035,0.0,1.1399999856948853,1.1399999856948853
INDP,2026-08-13 10:12:00-04:00,2026-08-13 11:12:59.498529-04:00,3599.498529,5396.0,1.0700000524520874,1.0700000524520874
INDP,2026-08-13 10:20:00-04:00,2026-08-13 11:12:59.498529-04:00,3119.498529,14909.0,1.0800000429153442,1.0799000263214111
INDP,2026-08-13 10:22:00-04:00,2026-08-13 11:12:59.498529-04:00,2999.498529,4547.0,1.070099949836731,1.070099949836731
INDP,2026-08-13 10:51:00-04:00,2026-08-13 11:12:59.498529-04:00,1259.498529,372.0,1.0700000524520874,1.0700000524520874
INDP,2026-08-13 10:52:00-04:00,2026-08-13 11:12:59.498529-04:00,1199.498529,4899.0,1.0707999467849731,1.0707999467849731
INDP,2026-08-13 11:03:00-04:00,2026-08-13 11:12:59.498529-04:00,539.498529,0.0,1.076200008392334,1.076200008392334
LSTA,2026-08-13 09:30:00-04:00,2026-08-13 11:12:59.498529-04:00,6119.498529,483.0,1.190000057220459,1.190000057220459
LSTA,2026-08-13 10:13:00-04:00,2026-08-13 11:12:59.498529-04:00,3539.498529,578.0,1.1399999856948853,1.1399999856948853
LSTA,2026-08-13 10:16:00-04:00,2026-08-13 11:12:59.498529-04:00,3359.498529,123.0,1.1699999570846558,1.1699999570846558
LSTA,2026-08-13 10:23:00-04:00,2026-08-13 11:12:59.498529-04:00,2939.498529,1117.0,1.1699999570846558,1.1699999570846558
LSTA,2026-08-13 10:45:00-04:00,2026-08-13 11:12:59.498529-04:00,1619.498529,206.0,1.1399999856948853,1.1399999856948853
LSTA,2026-08-13 11:11:00-04:00,2026-08-13 11:12:59.498529-04:00,59.498529,0.0,1.1399999856948853,1.1399999856948853
BTMD,2026-08-13 10:15:00-04:00,2026-08-13 11:12:59.498529-04:00,3419.498529,1312.0,1.5299999713897705,1.5299999713897705
BTMD,2026-08-13 10:21:00-04:00,2026-08-13 11:12:59.498529-04:00,3059.498529,1151.0,1.5471999645233154,1.5471999645233154
BTMD,2026-08-13 10:29:00-04:00,2026-08-13 11:12:59.498529-04:00,2579.498529,276.0,1.5199999809265137,1.5199999809265137
BTMD,2026-08-13 10:30:00-04:00,2026-08-13 11:12:59.498529-04:00,2519.498529,1087.0,1.534999966621399,1.534999966621399
BTMD,2026-08-13 10:33:00-04:00,2026-08-13 11:12:59.498529-04:00,2339.498529,322.0,1.534999966621399,1.534999966621399
BTMD,2026-08-13 10:38:00-04:00,2026-08-13 11:12:59.498529-04:00,2039.498529,0.0,1.5099999904632568,1.5099999904632568
USIO,2026-08-13 11:07:00-04:00,2026-08-13 11:12:59.498529-04:00,299.498529,2977.0,2.5899999141693115,2.5950000286102295
USIO,2026-08-13 11:08:00-04:00,2026-08-13 11:12:59.498529-04:00,239.498529,712.0,2.5799999237060547,2.5799999237060547
USIO,2026-08-13 11:09:00-04:00,2026-08-13 11:12:59.498529-04:00,179.498529,1887.0,2.5880000591278076,2.5799999237060547
USIO,2026-08-13 11:10:00-04:00,2026-08-13 11:12:59.498529-04:00,119.498529,1511.0,2.569999933242798,2.569999933242798
USIO,2026-08-13 11:11:00-04:00,2026-08-13 11:12:59.498529-04:00,59.498529,5848.0,2.569999933242798,2.565000057220459
USIO,2026-08-13 11:12:00-04:00,2026-08-13 11:12:59.498529-04:00,-0.501471,0.0,2.5599000453948975,2.5599000453948975
MOBX,2026-08-13 11:05:00-04:00,2026-08-13 11:12:59.498529-04:00,419.498529,1765.0,1.600100040435791,1.6093000173568726
MOBX,2026-08-13 11:06:00-04:00,2026-08-13 11:12:59.498529-04:00,359.498529,2083.0,1.6050000190734863,1.600100040435791
MOBX,2026-08-13 11:08:00-04:00,2026-08-13 11:12:59.498529-04:00,239.498529,1011.0,1.6050000190734863,1.6050000190734863
MOBX,2026-08-13 11:09:00-04:00,2026-08-13 11:12:59.498529-04:00,179.498529,2504.0,1.600000023841858,1.600000023841858
MOBX,2026-08-13 11:10:00-04:00,2026-08-13 11:12:59.498529-04:00,119.498529,5102.0,1.6098999977111816,1.6098999977111816
MOBX,2026-08-13 11:11:00-04:00,2026-08-13 11:12:59.498529-04:00,59.498529,0.0,1.600000023841858,1.600000023841858
INDP,2026-08-13 10:12:00-04:00,2026-08-13 11:13:19.534837-04:00,3619.534837,5396.0,1.0700000524520874,1.0700000524520874
INDP,2026-08-13 10:20:00-04:00,2026-08-13 11:13:19.534837-04:00,3139.534837,14909.0,1.0800000429153442,1.0799000263214111
INDP,2026-08-13 10:22:00-04:00,2026-08-13 11:13:19.534837-04:00,3019.534837,4547.0,1.070099949836731,1.070099949836731
INDP,2026-08-13 10:51:00-04:00,2026-08-13 11:13:19.534837-04:00,1279.534837,187.0,1.0700000524520874,1.0700000524520874
INDP,2026-08-13 10:52:00-04:00,2026-08-13 11:13:19.534837-04:00,1219.534837,5084.0,1.0707999467849731,1.0707999467849731
INDP,2026-08-13 11:03:00-04:00,2026-08-13 11:13:19.534837-04:00,559.534837,0.0,1.076200008392334,1.076200008392334
BTMD,2026-08-13 10:15:00-04:00,2026-08-13 11:13:19.534837-04:00,3439.534837,1312.0,1.5299999713897705,1.5299999713897705
BTMD,2026-08-13 10:21:00-04:00,2026-08-13 11:13:19.534837-04:00,3079.534837,1151.0,1.5471999645233154,1.5471999645233154
BTMD,2026-08-13 10:29:00-04:00,2026-08-13 11:13:19.534837-04:00,2599.534837,276.0,1.5199999809265137,1.5199999809265137
BTMD,2026-08-13 10:30:00-04:00,2026-08-13 11:13:19.534837-04:00,2539.534837,1087.0,1.534999966621399,1.534999966621399
BTMD,2026-08-13 10:33:00-04:00,2026-08-13 11:13:19.534837-04:00,2359.534837,322.0,1.534999966621399,1.534999966621399
BTMD,2026-08-13 10:38:00-04:00,2026-08-13 11:13:19.534837-04:00,2059.534837,0.0,1.5099999904632568,1.5099999904632568
MOBX,2026-08-13 11:06:00-04:00,2026-08-13 11:13:19.534837-04:00,379.534837,2083.0,1.6050000190734863,1.600100040435791
MOBX,2026-08-13 11:08:00-04:00,2026-08-13 11:13:19.534837-04:00,259.534837,1011.0,1.6050000190734863,1.6050000190734863
MOBX,2026-08-13 11:09:00-04:00,2026-08-13 11:13:19.534837-04:00,199.534837,2504.0,1.600000023841858,1.600000023841858
MOBX,2026-08-13 11:10:00-04:00,2026-08-13 11:13:19.534837-04:00,139.534837,5102.0,1.6098999977111816,1.6098999977111816
MOBX,2026-08-13 11:11:00-04:00,2026-08-13 11:13:19.534837-04:00,79.534837,1041.0,1.6050000190734863,1.600000023841858
MOBX,2026-08-13 11:13:00-04:00,2026-08-13 11:13:19.534837-04:00,-40.465163,0.0,1.6098999977111816,1.6098999977111816
LSTA,2026-08-13 09:30:00-04:00,2026-08-13 11:13:19.534837-04:00,6139.534837,483.0,1.190000057220459,1.190000057220459
LSTA,2026-08-13 10:13:00-04:00,2026-08-13 11:13:19.534837-04:00,3559.534837,578.0,1.1399999856948853,1.1399999856948853
LSTA,2026-08-13 10:16:00-04:00,2026-08-13 11:13:19.534837-04:00,3379.534837,123.0,1.1699999570846558,1.1699999570846558
LSTA,2026-08-13 10:23:00-04:00,2026-08-13 11:13:19.534837-04:00,2959.534837,1117.0,1.1699999570846558,1.1699999570846558
LSTA,2026-08-13 10:45:00-04:00,2026-08-13 11:13:19.534837-04:00,1639.534837,206.0,1.1399999856948853,1.1399999856948853
LSTA,2026-08-13 11:11:00-04:00,2026-08-13 11:13:19.534837-04:00,79.534837,0.0,1.1399999856948853,1.1399999856948853
USIO,2026-08-13 11:08:00-04:00,2026-08-13 11:13:19.534837-04:00,259.534837,712.0,2.5799999237060547,2.5799999237060547
USIO,2026-08-13 11:09:00-04:00,2026-08-13 11:13:19.534837-04:00,199.534837,1887.0,2.5880000591278076,2.5799999237060547
USIO,2026-08-13 11:10:00-04:00,2026-08-13 11:13:19.534837-04:00,139.534837,1511.0,2.569999933242798,2.569999933242798
USIO,2026-08-13 11:11:00-04:00,2026-08-13 11:13:19.534837-04:00,79.534837,5848.0,2.569999933242798,2.565000057220459
USIO,2026-08-13 11:12:00-04:00,2026-08-13 11:13:19.534837-04:00,19.534837,4901.0,2.56030011177063,2.5599000453948975
USIO,2026-08-13 11:13:00-04:00,2026-08-13 11:13:19.534837-04:00,-40.465163,0.0,2.5399999618530273,2.5399999618530273
LSTA,2026-08-13 09:30:00-04:00,2026-08-13 11:13:39.563059-04:00,6159.563059,483.0,1.190000057220459,1.190000057220459
LSTA,2026-08-13 10:13:00-04:00,2026-08-13 11:13:39.563059-04:00,3579.563059,578.0,1.1399999856948853,1.1399999856948853
LSTA,2026-08-13 10:16:00-04:00,2026-08-13 11:13:39.563059-04:00,3399.563059,123.0,1.1699999570846558,1.1699999570846558
LSTA,2026-08-13 10:23:00-04:00,2026-08-13 11:13:39.563059-04:00,2979.563059,1117.0,1.1699999570846558,1.1699999570846558
LSTA,2026-08-13 10:45:00-04:00,2026-08-13 11:13:39.563059-04:00,1659.563059,206.0,1.1399999856948853,1.1399999856948853
LSTA,2026-08-13 11:11:00-04:00,2026-08-13 11:13:39.563059-04:00,99.563059,0.0,1.1399999856948853,1.1399999856948853
BTMD,2026-08-13 10:15:00-04:00,2026-08-13 11:13:39.563059-04:00,3459.563059,1312.0,1.5299999713897705,1.5299999713897705
BTMD,2026-08-13 10:21:00-04:00,2026-08-13 11:13:39.563059-04:00,3099.563059,1151.0,1.5471999645233154,1.5471999645233154
BTMD,2026-08-13 10:29:00-04:00,2026-08-13 11:13:39.563059-04:00,2619.563059,276.0,1.5199999809265137,1.5199999809265137
BTMD,2026-08-13 10:30:00-04:00,2026-08-13 11:13:39.563059-04:00,2559.563059,1087.0,1.534999966621399,1.534999966621399
BTMD,2026-08-13 10:33:00-04:00,2026-08-13 11:13:39.563059-04:00,2379.563059,322.0,1.534999966621399,1.534999966621399
BTMD,2026-08-13 10:38:00-04:00,2026-08-13 11:13:39.563059-04:00,2079.563059,0.0,1.5099999904632568,1.5099999904632568
MOBX,2026-08-13 11:06:00-04:00,2026-08-13 11:13:39.563059-04:00,399.563059,2083.0,1.6050000190734863,1.600100040435791
MOBX,2026-08-13 11:08:00-04:00,2026-08-13 11:13:39.563059-04:00,279.563059,1011.0,1.6050000190734863,1.6050000190734863
MOBX,2026-08-13 11:09:00-04:00,2026-08-13 11:13:39.563059-04:00,219.563059,2504.0,1.600000023841858,1.600000023841858
MOBX,2026-08-13 11:10:00-04:00,2026-08-13 11:13:39.563059-04:00,159.563059,5102.0,1.6098999977111816,1.6098999977111816
MOBX,2026-08-13 11:11:00-04:00,2026-08-13 11:13:39.563059-04:00,99.563059,1041.0,1.6050000190734863,1.600000023841858
MOBX,2026-08-13 11:13:00-04:00,2026-08-13 11:13:39.563059-04:00,-20.436941,0.0,1.6098999977111816,1.6098999977111816
USIO,2026-08-13 11:08:00-04:00,2026-08-13 11:13:39.563059-04:00,279.563059,712.0,2.5799999237060547,2.5799999237060547
USIO,2026-08-13 11:09:00-04:00,2026-08-13 11:13:39.563059-04:00,219.563059,1887.0,2.5880000591278076,2.5799999237060547
USIO,2026-08-13 11:10:00-04:00,2026-08-13 11:13:39.563059-04:00,159.563059,1511.0,2.569999933242798,2.569999933242798
USIO,2026-08-13 11:11:00-04:00,2026-08-13 11:13:39.563059-04:00,99.563059,5848.0,2.569999933242798,2.565000057220459
USIO,2026-08-13 11:12:00-04:00,2026-08-13 11:13:39.563059-04:00,39.563059,4901.0,2.56030011177063,2.5599000453948975
USIO,2026-08-13 11:13:00-04:00,2026-08-13 11:13:39.563059-04:00,-20.436941,0.0,2.5399999618530273,2.5399999618530273
INDP,2026-08-13 10:12:00-04:00,2026-08-13 11:13:39.563059-04:00,3639.563059,5396.0,1.0700000524520874,1.0700000524520874
INDP,2026-08-13 10:20:00-04:00,2026-08-13 11:13:39.563059-04:00,3159.563059,14909.0,1.0800000429153442,1.0799000263214111
INDP,2026-08-13 10:22:00-04:00,2026-08-13 11:13:39.563059-04:00,3039.563059,4547.0,1.070099949836731,1.070099949836731
INDP,2026-08-13 10:51:00-04:00,2026-08-13 11:13:39.563059-04:00,1299.563059,372.0,1.0700000524520874,1.0700000524520874
INDP,2026-08-13 10:52:00-04:00,2026-08-13 11:13:39.563059-04:00,1239.563059,4899.0,1.0707999467849731,1.0707999467849731
INDP,2026-08-13 11:03:00-04:00,2026-08-13 11:13:39.563059-04:00,579.563059,0.0,1.076200008392334,1.076200008392334
MOBX,2026-08-13 11:06:00-04:00,2026-08-13 11:13:59.592074-04:00,419.592074,2083.0,1.6050000190734863,1.600100040435791
MOBX,2026-08-13 11:08:00-04:00,2026-08-13 11:13:59.592074-04:00,299.592074,1011.0,1.6050000190734863,1.6050000190734863
MOBX,2026-08-13 11:09:00-04:00,2026-08-13 11:13:59.592074-04:00,239.592074,2504.0,1.600000023841858,1.600000023841858
MOBX,2026-08-13 11:10:00-04:00,2026-08-13 11:13:59.592074-04:00,179.592074,5102.0,1.6098999977111816,1.6098999977111816
MOBX,2026-08-13 11:11:00-04:00,2026-08-13 11:13:59.592074-04:00,119.592074,1041.0,1.6050000190734863,1.600000023841858
MOBX,2026-08-13 11:13:00-04:00,2026-08-13 11:13:59.592074-04:00,-0.407926,0.0,1.6098999977111816,1.6098999977111816
BTMD,2026-08-13 10:15:00-04:00,2026-08-13 11:13:59.592074-04:00,3479.592074,1312.0,1.5299999713897705,1.5299999713897705
BTMD,2026-08-13 10:21:00-04:00,2026-08-13 11:13:59.592074-04:00,3119.592074,1151.0,1.5471999645233154,1.5471999645233154
BTMD,2026-08-13 10:29:00-04:00,2026-08-13 11:13:59.592074-04:00,2639.592074,276.0,1.5199999809265137,1.5199999809265137
BTMD,2026-08-13 10:30:00-04:00,2026-08-13 11:13:59.592074-04:00,2579.592074,1087.0,1.534999966621399,1.534999966621399
BTMD,2026-08-13 10:33:00-04:00,2026-08-13 11:13:59.592074-04:00,2399.592074,322.0,1.534999966621399,1.534999966621399
BTMD,2026-08-13 10:38:00-04:00,2026-08-13 11:13:59.592074-04:00,2099.592074,0.0,1.5099999904632568,1.5099999904632568
INDP,2026-08-13 10:12:00-04:00,2026-08-13 11:13:59.592074-04:00,3659.592074,5396.0,1.0700000524520874,1.0700000524520874
INDP,2026-08-13 10:20:00-04:00,2026-08-13 11:13:59.592074-04:00,3179.592074,14909.0,1.0800000429153442,1.0799000263214111
INDP,2026-08-13 10:22:00-04:00,2026-08-13 11:13:59.592074-04:00,3059.592074,4547.0,1.070099949836731,1.070099949836731
INDP,2026-08-13 10:51:00-04:00,2026-08-13 11:13:59.592074-04:00,1319.592074,187.0,1.0700000524520874,1.0700000524520874
INDP,2026-08-13 10:52:00-04:00,2026-08-13 11:13:59.592074-04:00,1259.592074,5084.0,1.0707999467849731,1.0707999467849731
INDP,2026-08-13 11:03:00-04:00,2026-08-13 11:13:59.592074-04:00,599.592074,0.0,1.076200008392334,1.076200008392334
LSTA,2026-08-13 09:30:00-04:00,2026-08-13 11:13:59.592074-04:00,6179.592074,483.0,1.190000057220459,1.190000057220459
LSTA,2026-08-13 10:13:00-04:00,2026-08-13 11:13:59.592074-04:00,3599.592074,578.0,1.1399999856948853,1.1399999856948853
LSTA,2026-08-13 10:16:00-04:00,2026-08-13 11:13:59.592074-04:00,3419.592074,123.0,1.1699999570846558,1.1699999570846558
LSTA,2026-08-13 10:23:00-04:00,2026-08-13 11:13:59.592074-04:00,2999.592074,1117.0,1.1699999570846558,1.1699999570846558
LSTA,2026-08-13 10:45:00-04:00,2026-08-13 11:13:59.592074-04:00,1679.592074,206.0,1.1399999856948853,1.1399999856948853
LSTA,2026-08-13 11:11:00-04:00,2026-08-13 11:13:59.592074-04:00,119.592074,0.0,1.1399999856948853,1.1399999856948853
USIO,2026-08-13 11:08:00-04:00,2026-08-13 11:13:59.592074-04:00,299.592074,712.0,2.5799999237060547,2.5799999237060547
USIO,2026-08-13 11:09:00-04:00,2026-08-13 11:13:59.592074-04:00,239.592074,1887.0,2.5880000591278076,2.5799999237060547
USIO,2026-08-13 11:10:00-04:00,2026-08-13 11:13:59.592074-04:00,179.592074,1511.0,2.569999933242798,2.569999933242798
USIO,2026-08-13 11:11:00-04:00,2026-08-13 11:13:59.592074-04:00,119.592074,5848.0,2.569999933242798,2.565000057220459
USIO,2026-08-13 11:12:00-04:00,2026-08-13 11:13:59.592074-04:00,59.592074,4901.0,2.56030011177063,2.5599000453948975
USIO,2026-08-13 11:13:00-04:00,2026-08-13 11:13:59.592074-04:00,-0.407926,0.0,2.5399999618530273,2.5399999618530273
BTMD,2026-08-13 10:15:00-04:00,2026-08-13 11:14:19.619871-04:00,3499.619871,1299.0,1.5299999713897705,1.5299999713897705
BTMD,2026-08-13 10:21:00-04:00,2026-08-13 11:14:19.619871-04:00,3139.619871,1151.0,1.5471999645233154,1.5471999645233154
BTMD,2026-08-13 10:29:00-04:00,2026-08-13 11:14:19.619871-04:00,2659.619871,276.0,1.5199999809265137,1.5199999809265137
BTMD,2026-08-13 10:30:00-04:00,2026-08-13 11:14:19.619871-04:00,2599.619871,1087.0,1.534999966621399,1.534999966621399
BTMD,2026-08-13 10:33:00-04:00,2026-08-13 11:14:19.619871-04:00,2419.619871,322.0,1.534999966621399,1.534999966621399
BTMD,2026-08-13 10:38:00-04:00,2026-08-13 11:14:19.619871-04:00,2119.619871,0.0,1.5099999904632568,1.5099999904632568
LSTA,2026-08-13 09:30:00-04:00,2026-08-13 11:14:19.619871-04:00,6199.619871,483.0,1.190000057220459,1.190000057220459
LSTA,2026-08-13 10:13:00-04:00,2026-08-13 11:14:19.619871-04:00,3619.619871,578.0,1.1399999856948853,1.1399999856948853
LSTA,2026-08-13 10:16:00-04:00,2026-08-13 11:14:19.619871-04:00,3439.619871,123.0,1.1699999570846558,1.1699999570846558
LSTA,2026-08-13 10:23:00-04:00,2026-08-13 11:14:19.619871-04:00,3019.619871,1117.0,1.1699999570846558,1.1699999570846558
LSTA,2026-08-13 10:45:00-04:00,2026-08-13 11:14:19.619871-04:00,1699.619871,206.0,1.1399999856948853,1.1399999856948853
LSTA,2026-08-13 11:11:00-04:00,2026-08-13 11:14:19.619871-04:00,139.619871,0.0,1.1399999856948853,1.1399999856948853
INDP,2026-08-13 10:12:00-04:00,2026-08-13 11:14:19.619871-04:00,3679.619871,5396.0,1.0700000524520874,1.0700000524520874
INDP,2026-08-13 10:20:00-04:00,2026-08-13 11:14:19.619871-04:00,3199.619871,14909.0,1.0800000429153442,1.0799000263214111
INDP,2026-08-13 10:22:00-04:00,2026-08-13 11:14:19.619871-04:00,3079.619871,4547.0,1.070099949836731,1.070099949836731
INDP,2026-08-13 10:51:00-04:00,2026-08-13 11:14:19.619871-04:00,1339.619871,372.0,1.0700000524520874,1.0700000524520874
INDP,2026-08-13 10:52:00-04:00,2026-08-13 11:14:19.619871-04:00,1279.619871,4899.0,1.0707999467849731,1.0707999467849731
INDP,2026-08-13 11:03:00-04:00,2026-08-13 11:14:19.619871-04:00,619.619871,0.0,1.076200008392334,1.076200008392334
USIO,2026-08-13 11:09:00-04:00,2026-08-13 11:14:19.619871-04:00,259.619871,1887.0,2.5880000591278076,2.5799999237060547
USIO,2026-08-13 11:10:00-04:00,2026-08-13 11:14:19.619871-04:00,199.619871,1511.0,2.569999933242798,2.569999933242798
USIO,2026-08-13 11:11:00-04:00,2026-08-13 11:14:19.619871-04:00,139.619871,5848.0,2.569999933242798,2.565000057220459
USIO,2026-08-13 11:12:00-04:00,2026-08-13 11:14:19.619871-04:00,79.619871,4901.0,2.56030011177063,2.5599000453948975
USIO,2026-08-13 11:13:00-04:00,2026-08-13 11:14:19.619871-04:00,19.619871,4006.0,2.549999952316284,2.5399999618530273
USIO,2026-08-13 11:14:00-04:00,2026-08-13 11:14:19.619871-04:00,-40.380129,0.0,2.5399999618530273,2.5399999618530273
MOBX,2026-08-13 11:06:00-04:00,2026-08-13 11:14:19.619871-04:00,439.619871,2083.0,1.6050000190734863,1.600100040435791
MOBX,2026-08-13 11:08:00-04:00,2026-08-13 11:14:19.619871-04:00,319.619871,1011.0,1.6050000190734863,1.6050000190734863
MOBX,2026-08-13 11:09:00-04:00,2026-08-13 11:14:19.619871-04:00,259.619871,2504.0,1.600000023841858,1.600000023841858
MOBX,2026-08-13 11:10:00-04:00,2026-08-13 11:14:19.619871-04:00,199.619871,5102.0,1.6098999977111816,1.6098999977111816
MOBX,2026-08-13 11:11:00-04:00,2026-08-13 11:14:19.619871-04:00,139.619871,1041.0,1.6050000190734863,1.600000023841858
MOBX,2026-08-13 11:13:00-04:00,2026-08-13 11:14:19.619871-04:00,19.619871,0.0,1.6098999977111816,1.6098999977111816
LSTA,2026-08-13 09:30:00-04:00,2026-08-13 11:14:39.652956-04:00,6219.652956,483.0,1.190000057220459,1.190000057220459
LSTA,2026-08-13 10:13:00-04:00,2026-08-13 11:14:39.652956-04:00,3639.652956,578.0,1.1399999856948853,1.1399999856948853
LSTA,2026-08-13 10:16:00-04:00,2026-08-13 11:14:39.652956-04:00,3459.652956,123.0,1.1699999570846558,1.1699999570846558
LSTA,2026-08-13 10:23:00-04:00,2026-08-13 11:14:39.652956-04:00,3039.652956,1117.0,1.1699999570846558,1.1699999570846558
LSTA,2026-08-13 10:45:00-04:00,2026-08-13 11:14:39.652956-04:00,1719.652956,206.0,1.1399999856948853,1.1399999856948853
LSTA,2026-08-13 11:11:00-04:00,2026-08-13 11:14:39.652956-04:00,159.652956,0.0,1.1399999856948853,1.1399999856948853
BTMD,2026-08-13 10:15:00-04:00,2026-08-13 11:14:39.652956-04:00,3519.652956,1312.0,1.5299999713897705,1.5299999713897705
BTMD,2026-08-13 10:21:00-04:00,2026-08-13 11:14:39.652956-04:00,3159.652956,1151.0,1.5471999645233154,1.5471999645233154
BTMD,2026-08-13 10:29:00-04:00,2026-08-13 11:14:39.652956-04:00,2679.652956,276.0,1.5199999809265137,1.5199999809265137
BTMD,2026-08-13 10:30:00-04:00,2026-08-13 11:14:39.652956-04:00,2619.652956,1087.0,1.534999966621399,1.534999966621399
BTMD,2026-08-13 10:33:00-04:00,2026-08-13 11:14:39.652956-04:00,2439.652956,322.0,1.534999966621399,1.534999966621399
BTMD,2026-08-13 10:38:00-04:00,2026-08-13 11:14:39.652956-04:00,2139.652956,0.0,1.5099999904632568,1.5099999904632568
MOBX,2026-08-13 11:08:00-04:00,2026-08-13 11:14:39.652956-04:00,339.652956,1011.0,1.6050000190734863,1.6050000190734863
MOBX,2026-08-13 11:09:00-04:00,2026-08-13 11:14:39.652956-04:00,279.652956,2504.0,1.600000023841858,1.600000023841858
MOBX,2026-08-13 11:10:00-04:00,2026-08-13 11:14:39.652956-04:00,219.652956,5102.0,1.6098999977111816,1.6098999977111816
MOBX,2026-08-13 11:11:00-04:00,2026-08-13 11:14:39.652956-04:00,159.652956,1041.0,1.6050000190734863,1.600000023841858
MOBX,2026-08-13 11:13:00-04:00,2026-08-13 11:14:39.652956-04:00,39.652956,136.0,1.6098999977111816,1.6098999977111816
MOBX,2026-08-13 11:14:00-04:00,2026-08-13 11:14:39.652956-04:00,-20.347044,0.0,1.6050000190734863,1.6050000190734863
INDP,2026-08-13 10:12:00-04:00,2026-08-13 11:14:39.652956-04:00,3699.652956,5396.0,1.0700000524520874,1.0700000524520874
INDP,2026-08-13 10:20:00-04:00,2026-08-13 11:14:39.652956-04:00,3219.652956,14909.0,1.0800000429153442,1.0799000263214111
INDP,2026-08-13 10:22:00-04:00,2026-08-13 11:14:39.652956-04:00,3099.652956,4547.0,1.070099949836731,1.070099949836731
INDP,2026-08-13 10:51:00-04:00,2026-08-13 11:14:39.652956-04:00,1359.652956,187.0,1.0700000524520874,1.0700000524520874
INDP,2026-08-13 10:52:00-04:00,2026-08-13 11:14:39.652956-04:00,1299.652956,5084.0,1.0707999467849731,1.0707999467849731
INDP,2026-08-13 11:03:00-04:00,2026-08-13 11:14:39.652956-04:00,639.652956,0.0,1.076200008392334,1.076200008392334
USIO,2026-08-13 11:09:00-04:00,2026-08-13 11:14:39.652956-04:00,279.652956,1887.0,2.5880000591278076,2.5799999237060547
USIO,2026-08-13 11:10:00-04:00,2026-08-13 11:14:39.652956-04:00,219.652956,1511.0,2.569999933242798,2.569999933242798
USIO,2026-08-13 11:11:00-04:00,2026-08-13 11:14:39.652956-04:00,159.652956,5848.0,2.569999933242798,2.565000057220459
USIO,2026-08-13 11:12:00-04:00,2026-08-13 11:14:39.652956-04:00,99.652956,4901.0,2.56030011177063,2.5599000453948975
USIO,2026-08-13 11:13:00-04:00,2026-08-13 11:14:39.652956-04:00,39.652956,4006.0,2.549999952316284,2.5399999618530273
USIO,2026-08-13 11:14:00-04:00,2026-08-13 11:14:39.652956-04:00,-20.347044,0.0,2.5204999446868896,2.5204999446868896
BTMD,2026-08-13 10:15:00-04:00,2026-08-13 11:14:59.679544-04:00,3539.679544,1299.0,1.5299999713897705,1.5299999713897705
BTMD,2026-08-13 10:21:00-04:00,2026-08-13 11:14:59.679544-04:00,3179.679544,1151.0,1.5471999645233154,1.5471999645233154
BTMD,2026-08-13 10:29:00-04:00,2026-08-13 11:14:59.679544-04:00,2699.679544,276.0,1.5199999809265137,1.5199999809265137
BTMD,2026-08-13 10:30:00-04:00,2026-08-13 11:14:59.679544-04:00,2639.679544,1087.0,1.534999966621399,1.534999966621399
BTMD,2026-08-13 10:33:00-04:00,2026-08-13 11:14:59.679544-04:00,2459.679544,322.0,1.534999966621399,1.534999966621399
BTMD,2026-08-13 10:38:00-04:00,2026-08-13 11:14:59.679544-04:00,2159.679544,0.0,1.5099999904632568,1.5099999904632568
LSTA,2026-08-13 09:30:00-04:00,2026-08-13 11:14:59.679544-04:00,6239.679544,483.0,1.190000057220459,1.190000057220459
LSTA,2026-08-13 10:13:00-04:00,2026-08-13 11:14:59.679544-04:00,3659.679544,578.0,1.1399999856948853,1.1399999856948853
LSTA,2026-08-13 10:16:00-04:00,2026-08-13 11:14:59.679544-04:00,3479.679544,123.0,1.1699999570846558,1.1699999570846558
LSTA,2026-08-13 10:23:00-04:00,2026-08-13 11:14:59.679544-04:00,3059.679544,1117.0,1.1699999570846558,1.1699999570846558
LSTA,2026-08-13 10:45:00-04:00,2026-08-13 11:14:59.679544-04:00,1739.679544,206.0,1.1399999856948853,1.1399999856948853
LSTA,2026-08-13 11:11:00-04:00,2026-08-13 11:14:59.679544-04:00,179.679544,0.0,1.1399999856948853,1.1399999856948853
USIO,2026-08-13 11:09:00-04:00,2026-08-13 11:14:59.679544-04:00,299.679544,1887.0,2.5880000591278076,2.5799999237060547
USIO,2026-08-13 11:10:00-04:00,2026-08-13 11:14:59.679544-04:00,239.679544,1511.0,2.569999933242798,2.569999933242798
USIO,2026-08-13 11:11:00-04:00,2026-08-13 11:14:59.679544-04:00,179.679544,5848.0,2.569999933242798,2.565000057220459
USIO,2026-08-13 11:12:00-04:00,2026-08-13 11:14:59.679544-04:00,119.679544,4901.0,2.56030011177063,2.5599000453948975
USIO,2026-08-13 11:13:00-04:00,2026-08-13 11:14:59.679544-04:00,59.679544,4006.0,2.549999952316284,2.5399999618530273
USIO,2026-08-13 11:14:00-04:00,2026-08-13 11:14:59.679544-04:00,-0.32045599999999996,0.0,2.5204999446868896,2.5204999446868896
MOBX,2026-08-13 11:08:00-04:00,2026-08-13 11:14:59.679544-04:00,359.679544,1011.0,1.6050000190734863,1.6050000190734863
MOBX,2026-08-13 11:09:00-04:00,2026-08-13 11:14:59.679544-04:00,299.679544,2504.0,1.600000023841858,1.600000023841858
MOBX,2026-08-13 11:10:00-04:00,2026-08-13 11:14:59.679544-04:00,239.679544,5102.0,1.6098999977111816,1.6098999977111816
MOBX,2026-08-13 11:11:00-04:00,2026-08-13 11:14:59.679544-04:00,179.679544,1041.0,1.6050000190734863,1.600000023841858
MOBX,2026-08-13 11:13:00-04:00,2026-08-13 11:14:59.679544-04:00,59.679544,136.0,1.6098999977111816,1.6098999977111816
MOBX,2026-08-13 11:14:00-04:00,2026-08-13 11:14:59.679544-04:00,-0.32045599999999996,0.0,1.6050000190734863,1.6050000190734863
INDP,2026-08-13 10:12:00-04:00,2026-08-13 11:14:59.679544-04:00,3719.679544,5396.0,1.0700000524520874,1.0700000524520874
INDP,2026-08-13 10:20:00-04:00,2026-08-13 11:14:59.679544-04:00,3239.679544,14909.0,1.0800000429153442,1.0799000263214111
INDP,2026-08-13 10:22:00-04:00,2026-08-13 11:14:59.679544-04:00,3119.679544,4547.0,1.070099949836731,1.070099949836731
INDP,2026-08-13 10:51:00-04:00,2026-08-13 11:14:59.679544-04:00,1379.679544,187.0,1.0700000524520874,1.0700000524520874
INDP,2026-08-13 10:52:00-04:00,2026-08-13 11:14:59.679544-04:00,1319.679544,5084.0,1.0707999467849731,1.0707999467849731
INDP,2026-08-13 11:03:00-04:00,2026-08-13 11:14:59.679544-04:00,659.679544,0.0,1.076200008392334,1.076200008392334
LSTA,2026-08-13 09:30:00-04:00,2026-08-13 11:15:19.706676-04:00,6259.706676,483.0,1.190000057220459,1.190000057220459
LSTA,2026-08-13 10:13:00-04:00,2026-08-13 11:15:19.706676-04:00,3679.706676,578.0,1.1399999856948853,1.1399999856948853
LSTA,2026-08-13 10:16:00-04:00,2026-08-13 11:15:19.706676-04:00,3499.706676,123.0,1.1699999570846558,1.1699999570846558
LSTA,2026-08-13 10:23:00-04:00,2026-08-13 11:15:19.706676-04:00,3079.706676,1117.0,1.1699999570846558,1.1699999570846558
LSTA,2026-08-13 10:45:00-04:00,2026-08-13 11:15:19.706676-04:00,1759.706676,206.0,1.1399999856948853,1.1399999856948853
LSTA,2026-08-13 11:11:00-04:00,2026-08-13 11:15:19.706676-04:00,199.706676,0.0,1.1399999856948853,1.1399999856948853
INDP,2026-08-13 10:12:00-04:00,2026-08-13 11:15:19.706676-04:00,3739.706676,5396.0,1.0700000524520874,1.0700000524520874
INDP,2026-08-13 10:20:00-04:00,2026-08-13 11:15:19.706676-04:00,3259.706676,14909.0,1.0800000429153442,1.0799000263214111
INDP,2026-08-13 10:22:00-04:00,2026-08-13 11:15:19.706676-04:00,3139.706676,4547.0,1.070099949836731,1.070099949836731
INDP,2026-08-13 10:51:00-04:00,2026-08-13 11:15:19.706676-04:00,1399.706676,187.0,1.0700000524520874,1.0700000524520874
INDP,2026-08-13 10:52:00-04:00,2026-08-13 11:15:19.706676-04:00,1339.706676,5084.0,1.0707999467849731,1.0707999467849731
INDP,2026-08-13 11:03:00-04:00,2026-08-13 11:15:19.706676-04:00,679.706676,0.0,1.076200008392334,1.076200008392334
USIO,2026-08-13 11:10:00-04:00,2026-08-13 11:15:19.706676-04:00,259.706676,1511.0,2.569999933242798,2.569999933242798
USIO,2026-08-13 11:11:00-04:00,2026-08-13 11:15:19.706676-04:00,199.706676,5848.0,2.569999933242798,2.565000057220459
USIO,2026-08-13 11:12:00-04:00,2026-08-13 11:15:19.706676-04:00,139.706676,4901.0,2.56030011177063,2.5599000453948975
USIO,2026-08-13 11:13:00-04:00,2026-08-13 11:15:19.706676-04:00,79.706676,4006.0,2.549999952316284,2.5399999618530273
USIO,2026-08-13 11:14:00-04:00,2026-08-13 11:15:19.706676-04:00,19.706676,9812.0,2.5399999618530273,2.5204999446868896
USIO,2026-08-13 11:15:00-04:00,2026-08-13 11:15:19.706676-04:00,-40.293324,0.0,2.5299999713897705,2.5299999713897705
MOBX,2026-08-13 11:08:00-04:00,2026-08-13 11:15:19.706676-04:00,379.706676,1011.0,1.6050000190734863,1.6050000190734863
MOBX,2026-08-13 11:09:00-04:00,2026-08-13 11:15:19.706676-04:00,319.706676,2504.0,1.600000023841858,1.600000023841858
MOBX,2026-08-13 11:10:00-04:00,2026-08-13 11:15:19.706676-04:00,259.706676,5102.0,1.6098999977111816,1.6098999977111816
MOBX,2026-08-13 11:11:00-04:00,2026-08-13 11:15:19.706676-04:00,199.706676,1041.0,1.6050000190734863,1.600000023841858
MOBX,2026-08-13 11:13:00-04:00,2026-08-13 11:15:19.706676-04:00,79.706676,136.0,1.6098999977111816,1.6098999977111816
MOBX,2026-08-13 11:14:00-04:00,2026-08-13 11:15:19.706676-04:00,19.706676,0.0,1.6050000190734863,1.6050000190734863
BTMD,2026-08-13 10:15:00-04:00,2026-08-13 11:15:19.706676-04:00,3559.706676,1312.0,1.5299999713897705,1.5299999713897705
BTMD,2026-08-13 10:21:00-04:00,2026-08-13 11:15:19.706676-04:00,3199.706676,1151.0,1.5471999645233154,1.5471999645233154
BTMD,2026-08-13 10:29:00-04:00,2026-08-13 11:15:19.706676-04:00,2719.706676,276.0,1.5199999809265137,1.5199999809265137
BTMD,2026-08-13 10:30:00-04:00,2026-08-13 11:15:19.706676-04:00,2659.706676,1087.0,1.534999966621399,1.534999966621399
BTMD,2026-08-13 10:33:00-04:00,2026-08-13 11:15:19.706676-04:00,2479.706676,322.0,1.534999966621399,1.534999966621399
BTMD,2026-08-13 10:38:00-04:00,2026-08-13 11:15:19.706676-04:00,2179.706676,0.0,1.5099999904632568,1.5099999904632568
INDP,2026-08-13 10:12:00-04:00,2026-08-13 11:15:39.733419-04:00,3759.733419,5396.0,1.0700000524520874,1.0700000524520874
INDP,2026-08-13 10:20:00-04:00,2026-08-13 11:15:39.733419-04:00,3279.733419,14909.0,1.0800000429153442,1.0799000263214111
INDP,2026-08-13 10:22:00-04:00,2026-08-13 11:15:39.733419-04:00,3159.733419,4547.0,1.070099949836731,1.070099949836731
INDP,2026-08-13 10:51:00-04:00,2026-08-13 11:15:39.733419-04:00,1419.733419,187.0,1.0700000524520874,1.0700000524520874
INDP,2026-08-13 10:52:00-04:00,2026-08-13 11:15:39.733419-04:00,1359.733419,5084.0,1.0707999467849731,1.0707999467849731
INDP,2026-08-13 11:03:00-04:00,2026-08-13 11:15:39.733419-04:00,699.733419,0.0,1.076200008392334,1.076200008392334
BTMD,2026-08-13 10:15:00-04:00,2026-08-13 11:15:39.733419-04:00,3579.733419,1312.0,1.5299999713897705,1.5299999713897705
BTMD,2026-08-13 10:21:00-04:00,2026-08-13 11:15:39.733419-04:00,3219.733419,1151.0,1.5471999645233154,1.5471999645233154
BTMD,2026-08-13 10:29:00-04:00,2026-08-13 11:15:39.733419-04:00,2739.733419,276.0,1.5199999809265137,1.5199999809265137
BTMD,2026-08-13 10:30:00-04:00,2026-08-13 11:15:39.733419-04:00,2679.733419,1087.0,1.534999966621399,1.534999966621399
BTMD,2026-08-13 10:33:00-04:00,2026-08-13 11:15:39.733419-04:00,2499.733419,322.0,1.534999966621399,1.534999966621399
BTMD,2026-08-13 10:38:00-04:00,2026-08-13 11:15:39.733419-04:00,2199.733419,0.0,1.5099999904632568,1.5099999904632568
LSTA,2026-08-13 09:30:00-04:00,2026-08-13 11:15:39.733419-04:00,6279.733419,483.0,1.190000057220459,1.190000057220459
LSTA,2026-08-13 10:13:00-04:00,2026-08-13 11:15:39.733419-04:00,3699.733419,578.0,1.1399999856948853,1.1399999856948853
LSTA,2026-08-13 10:16:00-04:00,2026-08-13 11:15:39.733419-04:00,3519.733419,123.0,1.1699999570846558,1.1699999570846558
LSTA,2026-08-13 10:23:00-04:00,2026-08-13 11:15:39.733419-04:00,3099.733419,1117.0,1.1699999570846558,1.1699999570846558
LSTA,2026-08-13 10:45:00-04:00,2026-08-13 11:15:39.733419-04:00,1779.733419,206.0,1.1399999856948853,1.1399999856948853
LSTA,2026-08-13 11:11:00-04:00,2026-08-13 11:15:39.733419-04:00,219.733419,0.0,1.1399999856948853,1.1399999856948853
MOBX,2026-08-13 11:08:00-04:00,2026-08-13 11:15:39.733419-04:00,399.733419,1011.0,1.6050000190734863,1.6050000190734863
MOBX,2026-08-13 11:09:00-04:00,2026-08-13 11:15:39.733419-04:00,339.733419,2504.0,1.600000023841858,1.600000023841858
MOBX,2026-08-13 11:10:00-04:00,2026-08-13 11:15:39.733419-04:00,279.733419,5102.0,1.6098999977111816,1.6098999977111816
MOBX,2026-08-13 11:11:00-04:00,2026-08-13 11:15:39.733419-04:00,219.733419,1041.0,1.6050000190734863,1.600000023841858
MOBX,2026-08-13 11:13:00-04:00,2026-08-13 11:15:39.733419-04:00,99.733419,136.0,1.6098999977111816,1.6098999977111816
MOBX,2026-08-13 11:14:00-04:00,2026-08-13 11:15:39.733419-04:00,39.733419,0.0,1.6050000190734863,1.6050000190734863
USIO,2026-08-13 11:10:00-04:00,2026-08-13 11:15:39.733419-04:00,279.733419,1511.0,2.569999933242798,2.569999933242798
USIO,2026-08-13 11:11:00-04:00,2026-08-13 11:15:39.733419-04:00,219.733419,5848.0,2.569999933242798,2.565000057220459
USIO,2026-08-13 11:12:00-04:00,2026-08-13 11:15:39.733419-04:00,159.733419,4901.0,2.56030011177063,2.5599000453948975
USIO,2026-08-13 11:13:00-04:00,2026-08-13 11:15:39.733419-04:00,99.733419,4006.0,2.549999952316284,2.5399999618530273
USIO,2026-08-13 11:14:00-04:00,2026-08-13 11:15:39.733419-04:00,39.733419,9812.0,2.5399999618530273,2.5204999446868896
USIO,2026-08-13 11:15:00-04:00,2026-08-13 11:15:39.733419-04:00,-20.266581,0.0,2.5250000953674316,2.5250000953674316
USIO,2026-08-13 11:10:00-04:00,2026-08-13 11:15:59.755504-04:00,299.755504,1511.0,2.569999933242798,2.569999933242798
USIO,2026-08-13 11:11:00-04:00,2026-08-13 11:15:59.755504-04:00,239.755504,5848.0,2.569999933242798,2.565000057220459
USIO,2026-08-13 11:12:00-04:00,2026-08-13 11:15:59.755504-04:00,179.755504,4901.0,2.56030011177063,2.5599000453948975
USIO,2026-08-13 11:13:00-04:00,2026-08-13 11:15:59.755504-04:00,119.755504,4006.0,2.549999952316284,2.5399999618530273
USIO,2026-08-13 11:14:00-04:00,2026-08-13 11:15:59.755504-04:00,59.755504,9812.0,2.5399999618530273,2.5204999446868896
USIO,2026-08-13 11:15:00-04:00,2026-08-13 11:15:59.755504-04:00,-0.24449600000000005,0.0,2.5299999713897705,2.5299999713897705
BTMD,2026-08-13 10:15:00-04:00,2026-08-13 11:15:59.755504-04:00,3599.755504,1312.0,1.5299999713897705,1.5299999713897705
BTMD,2026-08-13 10:21:00-04:00,2026-08-13 11:15:59.755504-04:00,3239.755504,1151.0,1.5471999645233154,1.5471999645233154
BTMD,2026-08-13 10:29:00-04:00,2026-08-13 11:15:59.755504-04:00,2759.755504,276.0,1.5199999809265137,1.5199999809265137
BTMD,2026-08-13 10:30:00-04:00,2026-08-13 11:15:59.755504-04:00,2699.755504,1087.0,1.534999966621399,1.534999966621399
BTMD,2026-08-13 10:33:00-04:00,2026-08-13 11:15:59.755504-04:00,2519.755504,322.0,1.534999966621399,1.534999966621399
BTMD,2026-08-13 10:38:00-04:00,2026-08-13 11:15:59.755504-04:00,2219.755504,0.0,1.5099999904632568,1.5099999904632568
MOBX,2026-08-13 11:08:00-04:00,2026-08-13 11:15:59.755504-04:00,419.755504,1011.0,1.6050000190734863,1.6050000190734863
MOBX,2026-08-13 11:09:00-04:00,2026-08-13 11:15:59.755504-04:00,359.755504,2504.0,1.600000023841858,1.600000023841858
MOBX,2026-08-13 11:10:00-04:00,2026-08-13 11:15:59.755504-04:00,299.755504,5102.0,1.6098999977111816,1.6098999977111816
MOBX,2026-08-13 11:11:00-04:00,2026-08-13 11:15:59.755504-04:00,239.755504,1041.0,1.6050000190734863,1.600000023841858
MOBX,2026-08-13 11:13:00-04:00,2026-08-13 11:15:59.755504-04:00,119.755504,136.0,1.6098999977111816,1.6098999977111816
MOBX,2026-08-13 11:14:00-04:00,2026-08-13 11:15:59.755504-04:00,59.755504,0.0,1.6050000190734863,1.6050000190734863
INDP,2026-08-13 10:12:00-04:00,2026-08-13 11:15:59.755504-04:00,3779.755504,5396.0,1.0700000524520874,1.0700000524520874
INDP,2026-08-13 10:20:00-04:00,2026-08-13 11:15:59.755504-04:00,3299.755504,14909.0,1.0800000429153442,1.0799000263214111
INDP,2026-08-13 10:22:00-04:00,2026-08-13 11:15:59.755504-04:00,3179.755504,4547.0,1.070099949836731,1.070099949836731
INDP,2026-08-13 10:51:00-04:00,2026-08-13 11:15:59.755504-04:00,1439.755504,372.0,1.0700000524520874,1.0700000524520874
INDP,2026-08-13 10:52:00-04:00,2026-08-13 11:15:59.755504-04:00,1379.755504,4899.0,1.0707999467849731,1.0707999467849731
INDP,2026-08-13 11:03:00-04:00,2026-08-13 11:15:59.755504-04:00,719.755504,0.0,1.076200008392334,1.076200008392334
LSTA,2026-08-13 09:30:00-04:00,2026-08-13 11:15:59.755504-04:00,6299.755504,483.0,1.190000057220459,1.190000057220459
LSTA,2026-08-13 10:13:00-04:00,2026-08-13 11:15:59.755504-04:00,3719.755504,578.0,1.1399999856948853,1.1399999856948853
LSTA,2026-08-13 10:16:00-04:00,2026-08-13 11:15:59.755504-04:00,3539.755504,123.0,1.1699999570846558,1.1699999570846558
LSTA,2026-08-13 10:23:00-04:00,2026-08-13 11:15:59.755504-04:00,3119.755504,1117.0,1.1699999570846558,1.1699999570846558
LSTA,2026-08-13 10:45:00-04:00,2026-08-13 11:15:59.755504-04:00,1799.755504,206.0,1.1399999856948853,1.1399999856948853
LSTA,2026-08-13 11:11:00-04:00,2026-08-13 11:15:59.755504-04:00,239.755504,0.0,1.1399999856948853,1.1399999856948853
BTMD,2026-08-13 10:15:00-04:00,2026-08-13 11:16:19.782030-04:00,3619.78203,1312.0,1.5299999713897705,1.5299999713897705
BTMD,2026-08-13 10:21:00-04:00,2026-08-13 11:16:19.782030-04:00,3259.78203,1151.0,1.5471999645233154,1.5471999645233154
BTMD,2026-08-13 10:29:00-04:00,2026-08-13 11:16:19.782030-04:00,2779.78203,276.0,1.5199999809265137,1.5199999809265137
BTMD,2026-08-13 10:30:00-04:00,2026-08-13 11:16:19.782030-04:00,2719.78203,1087.0,1.534999966621399,1.534999966621399
BTMD,2026-08-13 10:33:00-04:00,2026-08-13 11:16:19.782030-04:00,2539.78203,322.0,1.534999966621399,1.534999966621399
BTMD,2026-08-13 10:38:00-04:00,2026-08-13 11:16:19.782030-04:00,2239.78203,0.0,1.5099999904632568,1.5099999904632568
INDP,2026-08-13 10:12:00-04:00,2026-08-13 11:16:19.782030-04:00,3799.78203,5396.0,1.0700000524520874,1.0700000524520874
INDP,2026-08-13 10:20:00-04:00,2026-08-13 11:16:19.782030-04:00,3319.78203,14909.0,1.0800000429153442,1.0799000263214111
INDP,2026-08-13 10:22:00-04:00,2026-08-13 11:16:19.782030-04:00,3199.78203,4547.0,1.070099949836731,1.070099949836731
INDP,2026-08-13 10:51:00-04:00,2026-08-13 11:16:19.782030-04:00,1459.78203,372.0,1.0700000524520874,1.0700000524520874
INDP,2026-08-13 10:52:00-04:00,2026-08-13 11:16:19.782030-04:00,1399.78203,4899.0,1.0707999467849731,1.0707999467849731
INDP,2026-08-13 11:03:00-04:00,2026-08-13 11:16:19.782030-04:00,739.78203,0.0,1.076200008392334,1.076200008392334
MOBX,2026-08-13 11:08:00-04:00,2026-08-13 11:16:19.782030-04:00,439.78203,1011.0,1.6050000190734863,1.6050000190734863
MOBX,2026-08-13 11:09:00-04:00,2026-08-13 11:16:19.782030-04:00,379.78203,2504.0,1.600000023841858,1.600000023841858
MOBX,2026-08-13 11:10:00-04:00,2026-08-13 11:16:19.782030-04:00,319.78203,5102.0,1.6098999977111816,1.6098999977111816
MOBX,2026-08-13 11:11:00-04:00,2026-08-13 11:16:19.782030-04:00,259.78203,1041.0,1.6050000190734863,1.600000023841858
MOBX,2026-08-13 11:13:00-04:00,2026-08-13 11:16:19.782030-04:00,139.78203,136.0,1.6098999977111816,1.6098999977111816
MOBX,2026-08-13 11:14:00-04:00,2026-08-13 11:16:19.782030-04:00,79.78203,0.0,1.6050000190734863,1.6050000190734863
USIO,2026-08-13 11:11:00-04:00,2026-08-13 11:16:19.782030-04:00,259.78203,5848.0,2.569999933242798,2.565000057220459
USIO,2026-08-13 11:12:00-04:00,2026-08-13 11:16:19.782030-04:00,199.78203,4901.0,2.56030011177063,2.5599000453948975
USIO,2026-08-13 11:13:00-04:00,2026-08-13 11:16:19.782030-04:00,139.78203,4006.0,2.549999952316284,2.5399999618530273
USIO,2026-08-13 11:14:00-04:00,2026-08-13 11:16:19.782030-04:00,79.78203,9812.0,2.5399999618530273,2.5204999446868896
USIO,2026-08-13 11:15:00-04:00,2026-08-13 11:16:19.782030-04:00,19.78203,2854.0,2.5299999713897705,2.5299999713897705
USIO,2026-08-13 11:16:00-04:00,2026-08-13 11:16:19.782030-04:00,-40.21797,0.0,2.5380001068115234,2.5380001068115234
LSTA,2026-08-13 09:30:00-04:00,2026-08-13 11:16:19.782030-04:00,6319.78203,483.0,1.190000057220459,1.190000057220459
LSTA,2026-08-13 10:13:00-04:00,2026-08-13 11:16:19.782030-04:00,3739.78203,578.0,1.1399999856948853,1.1399999856948853
LSTA,2026-08-13 10:16:00-04:00,2026-08-13 11:16:19.782030-04:00,3559.78203,123.0,1.1699999570846558,1.1699999570846558
LSTA,2026-08-13 10:23:00-04:00,2026-08-13 11:16:19.782030-04:00,3139.78203,1117.0,1.1699999570846558,1.1699999570846558
LSTA,2026-08-13 10:45:00-04:00,2026-08-13 11:16:19.782030-04:00,1819.78203,206.0,1.1399999856948853,1.1399999856948853
LSTA,2026-08-13 11:11:00-04:00,2026-08-13 11:16:19.782030-04:00,259.78203,0.0,1.1399999856948853,1.1399999856948853
INDP,2026-08-13 10:12:00-04:00,2026-08-13 11:16:39.811415-04:00,3819.811415,5396.0,1.0700000524520874,1.0700000524520874
INDP,2026-08-13 10:20:00-04:00,2026-08-13 11:16:39.811415-04:00,3339.811415,14909.0,1.0800000429153442,1.0799000263214111
INDP,2026-08-13 10:22:00-04:00,2026-08-13 11:16:39.811415-04:00,3219.811415,4547.0,1.070099949836731,1.070099949836731
INDP,2026-08-13 10:51:00-04:00,2026-08-13 11:16:39.811415-04:00,1479.811415,187.0,1.0700000524520874,1.0700000524520874
INDP,2026-08-13 10:52:00-04:00,2026-08-13 11:16:39.811415-04:00,1419.811415,5084.0,1.0707999467849731,1.0707999467849731
INDP,2026-08-13 11:03:00-04:00,2026-08-13 11:16:39.811415-04:00,759.811415,0.0,1.076200008392334,1.076200008392334
USIO,2026-08-13 11:11:00-04:00,2026-08-13 11:16:39.811415-04:00,279.811415,5848.0,2.569999933242798,2.565000057220459
USIO,2026-08-13 11:12:00-04:00,2026-08-13 11:16:39.811415-04:00,219.811415,4901.0,2.56030011177063,2.5599000453948975
USIO,2026-08-13 11:13:00-04:00,2026-08-13 11:16:39.811415-04:00,159.811415,4006.0,2.549999952316284,2.5399999618530273
USIO,2026-08-13 11:14:00-04:00,2026-08-13 11:16:39.811415-04:00,99.811415,9812.0,2.5399999618530273,2.5204999446868896
USIO,2026-08-13 11:15:00-04:00,2026-08-13 11:16:39.811415-04:00,39.811415,2854.0,2.5299999713897705,2.5299999713897705
USIO,2026-08-13 11:16:00-04:00,2026-08-13 11:16:39.811415-04:00,-20.188585,0.0,2.5399999618530273,2.5399999618530273
LSTA,2026-08-13 09:30:00-04:00,2026-08-13 11:16:39.811415-04:00,6339.811415,483.0,1.190000057220459,1.190000057220459
LSTA,2026-08-13 10:13:00-04:00,2026-08-13 11:16:39.811415-04:00,3759.811415,578.0,1.1399999856948853,1.1399999856948853
LSTA,2026-08-13 10:16:00-04:00,2026-08-13 11:16:39.811415-04:00,3579.811415,123.0,1.1699999570846558,1.1699999570846558
LSTA,2026-08-13 10:23:00-04:00,2026-08-13 11:16:39.811415-04:00,3159.811415,1117.0,1.1699999570846558,1.1699999570846558
LSTA,2026-08-13 10:45:00-04:00,2026-08-13 11:16:39.811415-04:00,1839.811415,206.0,1.1399999856948853,1.1399999856948853
LSTA,2026-08-13 11:11:00-04:00,2026-08-13 11:16:39.811415-04:00,279.811415,0.0,1.1399999856948853,1.1399999856948853
MOBX,2026-08-13 11:09:00-04:00,2026-08-13 11:16:39.811415-04:00,399.811415,2504.0,1.600000023841858,1.600000023841858
MOBX,2026-08-13 11:10:00-04:00,2026-08-13 11:16:39.811415-04:00,339.811415,5102.0,1.6098999977111816,1.6098999977111816
MOBX,2026-08-13 11:11:00-04:00,2026-08-13 11:16:39.811415-04:00,279.811415,1041.0,1.6050000190734863,1.600000023841858
MOBX,2026-08-13 11:13:00-04:00,2026-08-13 11:16:39.811415-04:00,159.811415,136.0,1.6098999977111816,1.6098999977111816
MOBX,2026-08-13 11:14:00-04:00,2026-08-13 11:16:39.811415-04:00,99.811415,1248.0,1.6050000190734863,1.6050000190734863
MOBX,2026-08-13 11:16:00-04:00,2026-08-13 11:16:39.811415-04:00,-20.188585,0.0,1.600100040435791,1.600100040435791
BTMD,2026-08-13 10:15:00-04:00,2026-08-13 11:16:39.811415-04:00,3639.811415,1312.0,1.5299999713897705,1.5299999713897705
BTMD,2026-08-13 10:21:00-04:00,2026-08-13 11:16:39.811415-04:00,3279.811415,1151.0,1.5471999645233154,1.5471999645233154
BTMD,2026-08-13 10:29:00-04:00,2026-08-13 11:16:39.811415-04:00,2799.811415,276.0,1.5199999809265137,1.5199999809265137
BTMD,2026-08-13 10:30:00-04:00,2026-08-13 11:16:39.811415-04:00,2739.811415,1087.0,1.534999966621399,1.534999966621399
BTMD,2026-08-13 10:33:00-04:00,2026-08-13 11:16:39.811415-04:00,2559.811415,322.0,1.534999966621399,1.534999966621399
BTMD,2026-08-13 10:38:00-04:00,2026-08-13 11:16:39.811415-04:00,2259.811415,0.0,1.5099999904632568,1.5099999904632568
