symbol,name,exchange,last_close,last_volume
AACB,Artius II Acquisition Inc. - Class A Ordinary Shares,NASDAQ,10.5600004196167,333.0
AACI,Armada Acquisition Corp. III - Class A Ordinary Share,NASDAQ,10.0,491.0
AACO,Abony Acquisition Corp. I - Class A Ordinary Share,NASDAQ,9.9399995803833,0.0
AACP,Apogee Acquisition Corp - Class A Ordinary Shares,NASDAQ,10.010000228881836,14628.0
AAME,Atlantic American Corporation - Common Stock,NASDAQ,1.5499999523162842,9993.0
AARD,"Aardvark Therapeutics, Inc. - Common Stock",NASDAQ,7.519999980926514,195173.0
ABAT,American Battery Technology Company - Common Stock,NASDAQ,2.319999933242798,2982716.0
ABCL,AbCellera Biologics Inc. - Common Shares,NASDAQ,5.920000076293945,4206781.0
ABEO,Abeona Therapeutics Inc. - Common Stock,NASDAQ,6.800000190734863,713758.0
ABLV,Able View Global Inc. - Class B Ordinary Shares,NASDAQ,0.722000002861023,30244.0
ABOS,"Acumen Pharmaceuticals, Inc. - Common Stock",NASDAQ,2.240000009536743,295383.0
ABR,Arbor Realty Trust Common Stock,NYSE,5.170000076293945,3589903.0
ABSI,Absci Corporation - Common Stock,NASDAQ,8.399999618530273,2056225.0
ABTC,American Bitcoin Corp. - Class A Common Stock,NASDAQ,6.539999961853027,1528649.0
ABTS,Abits Group Inc - Ordinary Shares,NASDAQ,1.4900000095367432,438362.0
ABUS,Arbutus Biopharma Corporation - Common Stock,NASDAQ,4.619999885559082,1701734.0
ABVC,"ABVC BioPharma, Inc. - Common Stock",NASDAQ,1.0099999904632568,113281.0
ABX,"Abacus Global Management, Inc. Class A Common Stock",NYSE,10.5600004196167,366526.0
ACAA,Averin Capital Acquisition Corp. - Class A Ordinary Shares,NASDAQ,10.0,43905.0
ACB,Aurora Cannabis Inc. - Common Shares,NASDAQ,2.9100000858306885,2306741.0
ACCL,Acco Group Holdings Limited - Class A Ordinary Shares,NASDAQ,2.880000114440918,125578.0
ACCO,Acco Brands Corporation Common Stock,NYSE,4.360000133514404,739049.0
ACDC,ProFrac Holding Corp. - Class A Common Stock,NASDAQ,4.505000114440918,3972749.0
ACEL,"Accel Entertainment, Inc. ",NYSE,12.430000305175781,414786.0
ACET,"Adicet Bio, Inc. - Common Stock",NASDAQ,9.15999984741211,43206.0
ACGC,ACP Holdings Acquisition Corp. - Class A Ordinary Shares,NASDAQ,9.979999542236328,2900.0
ACH,"Accendra Health, Inc. Common Stock",NYSE,2.9600000381469727,997868.0
ACHR,Archer Aviation Inc. Class A Common Stock,NYSE,5.199999809265137,22215073.0
ACHV,"Achieve Life Sciences, Inc.  - Common Shares",NASDAQ,6.659999847412109,878003.0
ACI,"Albertsons Companies, Inc. Class A Common Stock",NYSE,11.850000381469727,7984861.0
ACIC,American Coastal Insurance Corporation - Common Stock,NASDAQ,10.949999809265137,242519.0
ACIU,AC Immune SA - Common Stock,NASDAQ,2.2899999618530273,144514.0
ACOG,Alpha Cognition Inc. - Common Stock,NASDAQ,8.520000457763672,92371.0
ACON,"Aclarion, Inc. - Common Stock",NASDAQ,2.359999895095825,23260.0
ACR,ACRES Commercial Realty Corp. Common Stock,NYSE,14.739999771118164,45344.0
ACRE,Ares Commercial Real Estate Corporation Common Stock,NYSE,4.699999809265137,721618.0
ACRS,"Aclaris Therapeutics, Inc. - Common Stock",NASDAQ,6.360000133514404,5668529.0
ACRV,"Acrivon Therapeutics, Inc. - Common Stock",NASDAQ,1.6399999856948853,316702.0
ACTG,Acacia Research Corporation - Common Stock,NASDAQ,4.539999961853027,679878.0
ACTU,"Actuate Therapeutics, Inc. - Common stock",NASDAQ,1.1299999952316284,175594.0
ACVA,ACV Auctions Inc. Class A Common Stock,NYSE,7.679999828338623,2633514.0
ACXP,"Acurx Pharmaceuticals, Inc. - Common Stock",NASDAQ,1.4700000286102295,44312.0
ADAC,American Drive Acquisition Company - Class A Ordinary Shares,NASDAQ,10.100000381469727,0.0
ADAG,"Adagene Inc. - ADS, each representing 1.25 ordinary shares",NASDAQ,4.230000019073486,434083.0
ADAM,"Adamas Trust, Inc. - Common Stock",NASDAQ,9.4399995803833,634212.0
ADCT,ADC Therapeutics SA Common Shares,NYSE,1.0700000524520874,970753.0
ADGM,"Adagio Medical Holdings, Inc - Common Stock",NASDAQ,0.7390000224113464,11530214.0
ADIL,"Adial Pharmaceuticals, Inc - Common Stock",NASDAQ,4.050000190734863,94941.0
ADMA,ADMA Biologics Inc - Common Stock,NASDAQ,9.260000228881836,3675872.0
ADSE,ADS-TEC ENERGY PLC - Ordinary Shares,NASDAQ,11.569999694824219,3365.0
ADT,ADT Inc. Common Stock,NYSE,7.699999809265137,9278900.0
ADTN,"ADTRAN Holdings, Inc. - Common Stock",NASDAQ,7.909999847412109,2935499.0
ADVB,Advanced Biomed Inc. - Common Stock,NASDAQ,7.940000057220459,281641.0
AEAQ,Activate Energy Acquisition Corp. - Class A Ordinary Share,NASDAQ,10.029999732971191,0.0
AEBI,Aebi Schmidt Holding AG - Common Stock,NASDAQ,13.100000381469727,228105.0
AEC,Anfield Energy Inc. - Common Shares,NASDAQ,4.130000114440918,54940.0
AEG,Aegon Ltd. New York Registry Shares,NYSE,9.5,5559734.0
AEHL,Antelope Enterprise Holdings Limited - Class A Ordinary Shares,NASDAQ,0.33000001311302185,1469931.0
AEI,Alset Inc. - Common Stock,NASDAQ,1.090000033378601,2103.0
AEMD,"Aethlon Medical, Inc. - Common Stock",NASDAQ,3.25,151136.0
AENT,Alliance Entertainment Holding Corporation - common stock,NASDAQ,5.570000171661377,25838.0
AERT,"Aeries Technology, Inc. - Class A Ordinary Share",NASDAQ,6.400000095367432,3756.0
AES,The AES Corporation Common Stock,NYSE,14.699999809265137,5881200.0
AESI,Atlas Energy Solutions Inc. Common Stock,NYSE,10.670000076293945,3755835.0
AESP,Aeon Acquisition I Corp. - Class A Ordinary Shares,NASDAQ,9.930000305175781,178900.0
AEXA,American Exceptionalism Acquisition Corp. A Class A Ordinary Shares,NYSE,11.529999732971191,34092.0
AEYE,"AudioEye, Inc. - Common Stock",NASDAQ,5.940000057220459,35605.0
AFCG,Advanced Flower Capital Inc. - Common Stock,NASDAQ,2.7799999713897705,85604.0
AFJK,"Aimei Health Technology Co., Ltd - Ordinary Share",NASDAQ,12.050000190734863,2910.0
AFRI,Forafric Global PLC - Ordinary Shares,NASDAQ,10.489999771118164,10210.0
AFYA,Afya Limited - Class A Common Shares,NASDAQ,13.630000114440918,78716.0
AGBK,AGI Inc Class A Common Shares,NYSE,6.880000114440918,375751.0
AGEN,Agenus Inc. - Common Stock,NASDAQ,7.78000020980835,1448204.0
AGMB,AgomAb Therapeutics NV - ADRs representing one common share.,NASDAQ,14.319999694824219,28960.0
AGMH,AGM Group Holdings Inc. - Class A Ordinary Shares,NASDAQ,0.9950000047683716,53095.0
AGNC,AGNC Investment Corp. - Common Stock,NASDAQ,10.670000076293945,14784683.0
AGNT,"AGNT, Inc. - Common Stock",NASDAQ,4.050000190734863,1575561.0
AGPU,Axe Compute Inc. - Common Stock,NASDAQ,9.1899995803833,266103.0
AGRO,Adecoagro S.A. Common Shares,NYSE,9.289999961853027,608295.0
AGRZ,Agroz Inc. - Class A Ordinary Shares,NASDAQ,0.31470000743865967,154817.0
AHCO,AdaptHealth Corp.  - Common Stock,NASDAQ,6.494999885559082,9959888.0
AHMA,Ambitions Enterprise Management Co. L.L.C - Class A Ordinary Shares,NASDAQ,1.7100000381469727,102941.0
AHRT,"AH Realty Trust, Inc. Common Stock",NYSE,6.940000057220459,573227.0
AHT,Ashford Hospitality Trust Inc Common Stock,NYSE,3.240000009536743,15823.0
AI,"C3.ai, Inc. Class A Common Stock",NYSE,9.90999984741211,2518836.0
AIAI,AIAI Holdings Corporation - Class A common stock,NASDAQ,4.179999828338623,274614.0
AIBZ,Bitzero Holdings Inc. - Common Shares,NASDAQ,7.230000019073486,272579.0
AIDX,"20/20 Biolabs, Inc. - Common Stock",NASDAQ,0.44130000472068787,66368.0
AIFA,"All In FutureTech Alliance, Inc. - Common Stock",NASDAQ,1.690000057220459,10382.0
AIFC,AI Financial Corporation - Common Stock,NASDAQ,0.42100000381469727,1072876.0
AIFF,"Firefly Neuroscience, Inc.  - Common Stock",NASDAQ,1.149999976158142,960245.0
AIHS,Senmiao Technology Limited - Common Stock,NASDAQ,1.4500000476837158,2440.0
AIIA,AI Infrastructure Acquisition Corp. Class A Ordinary Shares,NYSE,10.1899995803833,9878.0
AIIO,Robo.ai Inc. - Class B Ordinary Shares,NASDAQ,2.9800000190734863,470485.0
AIIR,Air Global PLC - Ordinary shares,NASDAQ,6.309999942779541,7492.0
AIMD,"Ainos, Inc. - Common Stock",NASDAQ,1.4199999570846558,20613.0
AIOS,AIOS Tech Inc. - Class A Common Shares,NASDAQ,12.100000381469727,10091.0
AIOT,"PowerFleet, Inc. - Common Stock",NASDAQ,4.21999979019165,874018.0
AIRE,reAlpha Tech Corp. - Common Stock,NASDAQ,1.4800000190734863,18499.0
AIRG,"Airgain, Inc. - Common Stock",NASDAQ,5.71999979019165,67415.0
AIRJ,AirJoule Technologies Corporation - Class A Common Stock,NASDAQ,5.949999809265137,2813638.0
AIRO,"AIRO Group Holdings, Inc. - Common Stock",NASDAQ,7.610000133514404,305150.0
AIRS,"AirSculpt Technologies, Inc. - Common Stock",NASDAQ,4.949999809265137,256851.0
AISP,"Airship AI Holdings, Inc - Class A Common Stock",NASDAQ,1.909999966621399,259921.0
AIV,Apartment Investment and Management Company Common Stock,NYSE,2.6500000953674316,668209.0
AIXC,"AIxCrypto Holdings, Inc. - Common Stock",NASDAQ,0.7710999846458435,24123.0
AKA,a.k.a. Brands Holding Corp. Common Stock,NYSE,11.3100004196167,5740.0
AKAN,Akanda Corp. - Common Shares,NASDAQ,5.03000020980835,49980.0
AKBA,"Akebia Therapeutics, Inc. - Common Stock",NASDAQ,1.2899999618530273,2973752.0
ALDF,Aldel Financial II Inc. - Class A Ordinary Shares,NASDAQ,10.729999542236328,0.0
ALDX,"Aldeyra Therapeutics, Inc. - Common Stock",NASDAQ,1.600000023841858,821559.0
ALEC,"Alector, Inc. - Common Stock",NASDAQ,1.4900000095367432,390940.0
ALF,Centurion Acquisition Corp. - Class A Ordinary Shares,NASDAQ,10.8100004196167,115.0
ALGS,"Aligos Therapeutics, Inc. - Common stock",NASDAQ,4.739999771118164,71165.0
ALHC,"Alignment Healthcare, Inc. - Common Stock",NASDAQ,13.680000305175781,5719816.0
ALIS,Calisa Acquisition Corp - Ordinary shares,NASDAQ,10.170000076293945,1038.0
ALIT,"Alight, Inc. Class A Common Stock",NYSE,14.430000305175781,1438637.0
ALLO,"Allogene Therapeutics, Inc. - Common Stock",NASDAQ,1.9500000476837158,5012582.0
ALLR,"Allarity Therapeutics, Inc. - Common stock",NASDAQ,1.3300000429153442,107090.0
ALLT,Allot Ltd. - Ordinary Shares,NASDAQ,7.869999885559082,213991.0
ALM,Almonty Industries Inc. - Common Shares,NASDAQ,13.3100004196167,4935747.0
ALOY,REalloys Inc. - Common Stock,NASDAQ,9.699999809265137,3922669.0
ALP,Alpha Compute Corp  - Common Stock,NASDAQ,0.18410000205039978,1656571.0
ALPS,ALPS Group Inc - Ordinary Share,NASDAQ,0.4025000035762787,7429.0
ALPX,Alpex Acquisition Corporation - Class A Ordinary Shares,NASDAQ,9.890000343322754,387.0
ALT,"Altimmune, Inc. - Common Stock",NASDAQ,3.0299999713897705,3032854.0
ALTG,Alta Equipment Group Inc. Class A Common Stock,NYSE,7.480000019073486,123514.0
ALTI,"AlTi Global, Inc. - Class A Common Stock",NASDAQ,4.619999885559082,1556581.0
ALTO,"Alto Ingredients, Inc. - Common Stock",NASDAQ,5.059999942779541,2302567.0
ALUB,Alussa Energy Acquisition Corp. II Class A Ordinary Shares,NYSE,10.109999656677246,110200.0
ALVO,Alvotech - Ordinary Shares,NASDAQ,3.759999990463257,739436.0
ALXO,ALX Oncology Holdings Inc. - Common Stock,NASDAQ,1.9199999570846558,592511.0
ALZN,"Alzamend Neuro, Inc. - Common Stock",NASDAQ,1.4299999475479126,41172.0
AMAN,Amanat Acquisition Corp - Class A Ordinary Shares,NASDAQ,10.449999809265137,64767.0
AMBP,Ardagh Metal Packaging S.A. Ordinary Shares,NYSE,5.090000152587891,2152551.0
AMC,"AMC Entertainment Holdings, Inc. Class A Common Stock",NYSE,2.6700000762939453,24737649.0
AMCI,AMC Robotics Corporation - Common Stock,NASDAQ,4.809999942779541,144653.0
AMCX,AMC Global Media Inc. - Class A Common Stock,NASDAQ,12.029999732971191,1327676.0
AMIX,"Autonomix Medical, Inc. - Common Stock",NASDAQ,12.100000381469727,13994377.0
AMOD,"Alpha Modus Holdings, Inc. - Class A Common Stock",NASDAQ,4.389999866485596,73439.0
AMPG,"Amplitech Group, Inc. - Common Stock",NASDAQ,5.380000114440918,1233542.0
AMPL,"Amplitude, Inc. - Class A Common Stock",NASDAQ,10.010000228881836,2237095.0
AMPX,"Amprius Technologies, Inc. Common Stock",NYSE,11.720000267028809,11331190.0
AMPY,Amplify Energy Corp. Common Stock,NYSE,3.880000114440918,459515.0
AMSS,AMASS Brands Inc. - Common Stock,NASDAQ,1.2300000190734863,58125.0
AMST,Amesite Inc. - Common Stock,NASDAQ,0.9707000255584717,118418.0
AMTX,"Aemetis, Inc - Common Stock",NASDAQ,1.5499999523162842,2153854.0
AMWL,American Well Corporation Class A Common Stock,NYSE,13.020000457763672,453954.0
ANGH,Anghami Inc. - Ordinary Shares,NASDAQ,3.2799999713897705,75270.0
ANGI,Angi Inc. - Class A Common Stock,NASDAQ,4.784999847412109,2006021.0
ANGX,"Angel Studios, Inc. Class A Common Stock",NYSE,4.239999771118164,2334579.0
ANIX,"Anixa Biosciences, Inc. - Common Stock",NASDAQ,3.4100000858306885,181309.0
ANNA,"AleAnna, Inc. - Class A Common Stock",NASDAQ,2.440000057220459,134105.0
ANNX,"Annexon, Inc. - common stock",NASDAQ,5.369999885559082,1759142.0
ANPA,Rich Sparkle Holdings Limited - Ordinary Shares,NASDAQ,4.900000095367432,25004.0
ANSC,Agriculture & Natural Solutions Acquisition Corporation - Class A Ordinary Shares,NASDAQ,11.449999809265137,626600.0
ANTA,Antalpha Platform Holding Company - Class A Ordinary Shares,NASDAQ,4.0,22307.0
ANTX,"AN2 Therapeutics, Inc. - Common Stock",NASDAQ,5.840000152587891,142044.0
ANVS,"Annovis Bio, Inc. Common Stock",NYSE,1.8700000047683716,1082552.0
ANY,Sphere 3D Corp. - Common Shares,NASDAQ,2.2799999713897705,402926.0
AOMR,"Angel Oak Mortgage REIT, Inc. Common Stock",NYSE,8.890000343322754,106861.0
AOUT,"American Outdoor Brands, Inc. - Common Stock",NASDAQ,12.569999694824219,27443.0
AP,Ampco-Pittsburgh Corporation Common Stock,NYSE,9.4399995803833,71087.0
APAC,StoneBridge Acquisition II Corporation - Class A Ordinary Shares,NASDAQ,10.199999809265137,25123.0
API,"Agora, Inc. - ADS",NASDAQ,4.130000114440918,229835.0
APMC,AmperCap Acquisition Company - Ordinary Shares,NASDAQ,9.90999984741211,146000.0
APPS,"Digital Turbine, Inc. - Common Stock",NASDAQ,13.170000076293945,20530810.0
APRE,"Aprea Therapeutics, Inc. - Common Stock",NASDAQ,0.6209999918937683,63767.0
APUR,Aperture AC - Class A Ordinary Shares,NASDAQ,9.960000038146973,0.0
APVO,Aptevo Therapeutics Inc. - Common Stock,NASDAQ,4.190000057220459,3461.0
APWC,"Asia Pacific Wire & Cable Corporation Limited  - Common shares, Par value .01 per share",NASDAQ,1.6100000143051147,4330.0
APXT,Apex Treasury Corporation - Class A Ordinary Share,NASDAQ,10.100000381469727,203200.0
APYX,Apyx Medical Corporation - Common Stock,NASDAQ,4.139999866485596,18682.0
AQB,"AquaBounty Technologies, Inc. - Common Stock",NASDAQ,0.9898999929428101,43096.0
AQMS,"Aqua Metals, Inc. - Common Stock",NASDAQ,2.6700000762939453,82907.0
AQN,Algonquin Power & Utilities Corp. Common Shares,NYSE,5.769999980926514,2460698.0
AQST,"Aquestive Therapeutics, Inc. - Common Stock",NASDAQ,3.755000114440918,1460869.0
ARAI,Arrive AI Inc. - Common Stock,NASDAQ,0.24040000140666962,354692.0
ARAY,Accuray Incorporated - Common Stock,NASDAQ,0.2743000090122223,690768.0
ARBB,ARB IOT Group Limited - Ordinary Shares,NASDAQ,4.289999961853027,2575.0
ARBE,Arbe Robotics Ltd. - Ordinary Shares,NASDAQ,0.7063999772071838,770591.0
ARCI,Archimedes Tech SPAC Partners III Co. - Ordinary Share,NASDAQ,10.15999984741211,1220.0
ARCL,ARC Group Acquisition I Corp - Class A Ordinary Shares,NASDAQ,9.949999809265137,0.0
ARCO,Arcos Dorados Holdings Inc. Class A Shares,NYSE,8.470000267028809,845947.0
ARCT,Arcturus Therapeutics Holdings Inc. - Common Stock,NASDAQ,6.260000228881836,448578.0
ARDT,"Ardent Health, Inc. Common Stock",NYSE,11.15999984741211,939628.0
ARDX,"Ardelyx, Inc. - Common Stock",NASDAQ,4.909999847412109,3100442.0
AREC,American Resources Corporation - Class A Common Stock,NASDAQ,2.140000104904175,2527139.0
ARHS,"Arhaus, Inc. - Class A Common Stock",NASDAQ,8.229999542236328,4243304.0
ARI,"Apollo Commercial Real Estate Finance, Inc",NYSE,6.659999847412109,1673622.0
ARKO,ARKO Corp. - Common Stock,NASDAQ,7.360000133514404,930290.0
ARKR,Ark Restaurants Corp. - Common Stock,NASDAQ,5.599999904632568,1180.0
ARL,"American Realty Investors, Inc. Common Stock",NYSE,14.989999771118164,6045.0
ARQ,"Arq, Inc. - Common Stock",NASDAQ,2.049999952316284,174214.0
ARRY,"Array Technologies, Inc. - Common Stock",NASDAQ,5.639999866485596,9036441.0
ARTC,Art Technology Acquisition Corp. - Class A Ordinary Shares,NASDAQ,9.970000267028809,0.0
ARTL,"Artelo Biosciences, Inc. - Common Stock",NASDAQ,0.7512999773025513,113709.0
ARTV,"Artiva Biotherapeutics, Inc. - Common Stock",NASDAQ,11.59000015258789,541997.0
ARTW,"Art's-Way Manufacturing Co., Inc. - Common Stock",NASDAQ,2.2049999237060547,6928.0
ARVN,"Arvinas, Inc. - Common Stock",NASDAQ,8.399999618530273,1542032.0
ARX,Accelerant Holdings Class A Common Shares,NYSE,12.260000228881836,1164659.0
ASAN,"Asana, Inc. Class A Common Stock",NYSE,8.880000114440918,4026627.0
ASBP,"Aspire Biopharma Holdings, Inc.  - Common Stock",NASDAQ,7.260000228881836,10190.0
ASLE,AerSale Corporation - Common Stock,NASDAQ,6.440000057220459,241153.0
ASPC,A SPAC III Acquisition Corp. - Class A Ordinary Shares,NASDAQ,10.550000190734863,390.0
ASPI,ASP Isotopes Inc. - Common Stock,NASDAQ,4.050000190734863,4694249.0
ASPN,"Aspen Aerogels, Inc. Common Stock",NYSE,5.010000228881836,987025.0
ASPS,Altisource Portfolio Solutions S.A. - Common Stock,NASDAQ,5.590000152587891,20427.0
ASRV,AmeriServ Financial Inc. - Common Stock,NASDAQ,4.619999885559082,34547.0
ASST,"Strive, Inc. - Class A Common Stock",NASDAQ,12.449999809265137,2129210.0
ASTC,Astrotech Corporation - Common Stock,NASDAQ,9.109999656677246,3904682.0
ASTI,"Ascent Solar Technologies, Inc - Common Stock",NASDAQ,3.240000009536743,502711.0
ASTL,Algoma Steel Group Inc. - Common Shares,NASDAQ,4.460000038146973,1459445.0
ASUR,Asure Software Inc - Common Stock,NASDAQ,8.600000381469727,103213.0
ATAI,AtaiBeckley Inc. - Common Stock,NASDAQ,7.21999979019165,9508924.0
ATCX,Atlas Critical Minerals Corporation - Common Stock,NASDAQ,2.6500000953674316,6673.0
ATEC,"Alphatec Holdings, Inc. - Common Stock",NASDAQ,9.569999694824219,5137408.0
ATER,"Aterian, Inc. - Common Stock",NASDAQ,0.5056999921798706,110125.0
ATGL,Alpha Technology Group Limited - Class A Ordinary Shares,NASDAQ,7.400000095367432,1219.0
ATHR,"Aether Holdings, Inc. - Common Stock",NASDAQ,3.859999895095825,1026.0
ATII,Archimedes Tech SPAC Partners II Co. - Ordinary Shares,NASDAQ,10.729999542236328,137819.0
ATLX,Atlas Lithium Corporation - Common Stock,NASDAQ,2.9700000286102295,168091.0
ATOM,Atomera Incorporated - Common Stock,NASDAQ,5.239999771118164,965146.0
ATOS,"Atossa Therapeutics, Inc. - Common Stock",NASDAQ,2.390000104904175,35257.0
ATPC,Agape ATP Corporation - Common Stock,NASDAQ,2.5,105938.0
ATRA,"Atara Biotherapeutics, Inc. - Common Stock",NASDAQ,8.539999961853027,32268.0
ATXG,Addentax Group Corp. - Common Stock,NASDAQ,3.259999990463257,7839.0
ATYR,"aTyr Pharma, Inc. - Common Stock",NASDAQ,0.5289999842643738,455804.0
AUC,ATIF Holdings Limited - Ordinary Shares,NASDAQ,6.53000020980835,969.0
AUDC,AudioCodes Ltd. - Ordinary Shares,NASDAQ,9.880000114440918,160249.0
AUID,authID Inc. - Common Stock,NASDAQ,0.7289000153541565,72412.0
AUNA,Auna SA Class A Ordinary Shares,NYSE,5.210000038146973,143131.0
AUR,"Aurora Innovation, Inc.  - Class A Common Stock",NASDAQ,6.690000057220459,23179145.0
AURA,"Aura Biosciences, Inc. - Common Stock",NASDAQ,7.179999828338623,314809.0
AURE,Aurelion Inc.  - Class A Ordinary Shares,NASDAQ,1.7799999713897705,10164.0
AUUD,Auddia Inc. - Common Stock,NASDAQ,1.0299999713897705,67188.0
AVAH,Aveanna Healthcare Holdings Inc. - Common Stock,NASDAQ,9.329999923706055,1805288.0
AVAT,Avalanche Treasury Corporation - Class A Common Stock,NASDAQ,0.34209999442100525,233821.0
AVD,American Vanguard Corporation Common Stock ($0.10 Par Value),NYSE,2.559999942779541,114820.0
AVIR,"Atea Pharmaceuticals, Inc. - common stock",NASDAQ,4.75,256383.0
AVO,"Mission Produce, Inc. - Common Stock",NASDAQ,12.149999618530273,2486992.0
AVPT,"AvePoint, Inc. - Class A Common Stock",NASDAQ,13.399999618530273,1961839.0
AVR,Anteris Technologies Global Corp. - Common Stock,NASDAQ,8.050000190734863,576086.0
AVTR,"Avantor, Inc. Common Stock",NYSE,13.359999656677246,8095307.0
AVX,Avax One Technology Ltd. - Common Shares,NASDAQ,3.140000104904175,8673.0
AVXL,Anavex Life Sciences Corp. - Common Stock,NASDAQ,3.200000047683716,1154145.0
AWRE,"Aware, Inc. - Common Stock",NASDAQ,1.274999976158142,48409.0
AXG,Solowin Holdings - Class A Ordinary Share,NASDAQ,2.7799999713897705,279445.0
AXIN,Axiom Intelligence Acquisition Corp 1 - Class A Ordinary Shares,NASDAQ,10.270000457763672,22548.0
AYTU,"Aytu BioPharma, Inc.  - Common Stock",NASDAQ,2.299999952316284,49800.0
AZ,A2Z Cust2Mate Solutions Corp. - Common Shares,NASDAQ,6.03000020980835,191677.0
AZI,Autozi Internet Technology (Global) Ltd. - Class A Ordinary Shares,NASDAQ,1.0099999904632568,134841.0
AZIO,"Azio AI Holdings, Inc. - Common stock",NASDAQ,1.6200000047683716,174305.0
BACC,Blue Acquisition Corp. - Class A Ordinary Shares,NASDAQ,10.489999771118164,652.0
BAER,"Bridger Aerospace Group Holdings, Inc. - Common Stock",NASDAQ,1.7799999713897705,922772.0
BAFN,BayFirst Financial Corp. - Common Stock,NASDAQ,6.235000133514404,25301.0
BAK,Braskem SA ADR,NYSE,2.259999990463257,1256271.0
BALY,Bally's Corporation Common Stock,NYSE,14.010000228881836,45598.0
BANL,CBL International Limited - Class B Ordinary Shares,NASDAQ,3.940000057220459,126596.0
BAOS,Baosheng Media Group Holdings Limited - Ordinary shares,NASDAQ,0.5770000219345093,38304.0
BARK,"BARK, Inc. Class A Common Stock",NYSE,9.289999961853027,25241.0
BB,BlackBerry Limited Common Stock,NYSE,8.729999542236328,9357854.0
BBAI,"BigBear.ai, Inc. Common Stock",NYSE,3.0299999713897705,18466764.0
BBBY,"Bed Bath & Beyond, Inc. Common Stock",NYSE,4.619999885559082,8625109.0
BBCP,"Concrete Pumping Holdings, Inc.  - Common Stock",NASDAQ,9.739999771118164,122519.0
BBCQ,Bleichroeder Acquisition Corp. II - Class A Ordinary Shares,NASDAQ,10.210000038146973,22234.0
BBDC,"Barings BDC, Inc. Common Stock",NYSE,8.420000076293945,644541.0
BBLG,Bone Biologics Corp - Common Stock,NASDAQ,0.9800000190734863,44857.0
BBNX,"Beta Bionics, Inc. - Common Stock",NASDAQ,13.90999984741211,896535.0
BBOT,"BridgeBio Oncology Therapeutics, Inc. - Common Stock",NASDAQ,8.960000038146973,146173.0
BCAB,"BioAtla, Inc. - Common Stock",NASDAQ,3.325000047683716,44455.0
BCAR,D. Boral ARC Acquisition I Corp. - Class A Ordinary Shares,NASDAQ,4.400000095367432,54825.0
BCBP,"BCB Bancorp, Inc. (NJ) - Common Stock",NASDAQ,8.760000228881836,344977.0
BCDA,"BioCardia, Inc. - Common Stock",NASDAQ,0.949999988079071,805312.0
BCG,"Binah Capital Group, Inc. - Common Stock",NASDAQ,1.4800000190734863,7597.0
BCRX,"BioCryst Pharmaceuticals, Inc. - Common Stock",NASDAQ,9.069999694824219,6050802.0
BCSF,"Bain Capital Specialty Finance, Inc. Common Stock",NYSE,12.680000305175781,220633.0
BCSS,Bain Capital GSS Investment Corp. Class A Ordinary Shares,NYSE,10.210000038146973,41061.0
BCTX,BriaCell Therapeutics Corp. - Common Shares,NASDAQ,3.5,208645.0
BCX,BlackRock Resources Common Shares of Beneficial Interest,NYSE,11.989999771118164,114678.0
BDCI,BTC Development Corp. - Class A Ordinary Shares,NASDAQ,10.09000015258789,5900.0
BDJ,Blackrock Enhanced Equity Dividend Trust,NYSE,9.8100004196167,432996.0
BDMD,Baird Medical Investment Holdings Ltd - Ordinary Share,NASDAQ,1.0700000524520874,24066.0
BDN,Brandywine Realty Trust Common Stock,NYSE,3.200000047683716,2069961.0
BDTX,"Black Diamond Therapeutics, Inc. - Common Stock",NASDAQ,1.7899999618530273,383357.0
BEAG,Bold Eagle Acquisition Corp. - Class A Ordinary Shares,NASDAQ,10.670000076293945,3200.0
BEAT,"Heartbeam, Inc. - Common Stock",NASDAQ,0.49869999289512634,382641.0
BEBE,TGE Value Creative Solutions Corp Class A Ordinary Shares,NYSE,9.979999542236328,0.0
BEEM,Beam Global - Common Stock,NASDAQ,1.1200000047683716,288092.0
BEEP,Mobile Infrastructure Corporation - Common Stock,NASDAQ,2.0999999046325684,260962.0
BENF,Beneficient - Class A Common Stock,NASDAQ,3.140000104904175,7486.0
BFLY,"Butterfly Network, Inc. Class A Common Stock",NYSE,8.420000076293945,5070354.0
BFRG,"Bullfrog AI Holdings, Inc. - Common Stock",NASDAQ,0.6209999918937683,132981.0
BFRI,Biofrontera Inc. - Common Stock,NASDAQ,1.2400000095367432,150664.0
BGC,"BGC Group, Inc. - Class A Common Stock",NASDAQ,10.960000038146973,2169466.0
BGDE,"Big Digital Energy, Inc. - Common Stock",NASDAQ,6.074999809265137,26448.0
BGIN,Bgin Blockchain Limited - Class A Ordinary Shares,NASDAQ,1.7000000476837158,2140.0
BGL,Blue Gold Limited - Class A ordinary shares,NASDAQ,0.18310000002384186,1056165.0
BGLC,BioNexus Gene Lab Corp - Common stock,NASDAQ,1.5399999618530273,4048.0
BGM,BGM Group Ltd. - Class A Ordinary Shares,NASDAQ,0.2971000075340271,53096.0
BGMS,"Bio Green Med Solution, Inc. - Common Stock",NASDAQ,1.0399999618530273,91417.0
BGS,"B&G Foods, Inc. Common Stock",NYSE,3.5199999809265137,3260329.0
BGSF,"BGSF, Inc. Common Stock",NYSE,5.639999866485596,8040.0
BGT,BlackRock Floating Rate Income Trust,NYSE,10.899999618530273,178798.0
BGY,Blackrock Enhanced International Dividend Trust,NYSE,5.800000190734863,379561.0
BHAV,BHAV Acquisition Corp - Class A Ordinary Shares,NASDAQ,9.989999771118164,240.0
BHC,Bausch Health Companies Inc. Common Stock,NYSE,6.289999961853027,3955606.0
BHK,Blackrock Core Bond Trust,NYSE,9.050000190734863,338935.0
BHR,Braemar Hotels & Resorts Inc. Common Stock,NYSE,2.049999952316284,376972.0
BHST,BioHarvest Sciences Inc. - Common Stock,NASDAQ,2.259999990463257,47336.0
BHV,BlackRock Virginia Municipal Bond Trust,NYSE,12.550000190734863,1007.0
BHVN,Biohaven Ltd. Common Shares ,NYSE,13.630000114440918,1021893.0
BIAF,"bioAffinity Technologies, Inc. - Common Stock",NASDAQ,0.5297999978065491,279935.0
BID,Tribeca Strategic Acquisition Corp. - Class A Ordinary Shares,NASDAQ,9.850000381469727,13900.0
BIII,Black Spade Acquisition III Co Class A Ordinary Shares,NYSE,9.949999809265137,42000.0
BIOA,"BioAge Labs, Inc. - Common Stock",NASDAQ,10.979999542236328,1110387.0
BIOT,Instinct Bio Technical Company Holdings Inc. - Common stock,NASDAQ,0.429500013589859,556728.0
BIOX,Bioceres Crop Solutions Corp. - Ordinary Shares,NASDAQ,0.36399999260902405,109994.0
BIRD,"Smartbird, Inc. - Class A Common Stock",NASDAQ,2.3299999237060547,274069.0
BIT,BlackRock Multi-Sector Income Trust Common Shares of Beneficial Interest,NYSE,12.289999961853027,194400.0
BIVI,BioVie Inc. - Common stock,NASDAQ,2.0399999618530273,242692.0
BIXI,Bitcoin Infrastructure Acquisition Corp Ltd. - Class A Ordinary Shares,NASDAQ,10.039999961853027,134.0
BIYA,Baiya International Group Inc.  - Ordinary Shares,NASDAQ,2.859999895095825,1523828.0
BJDX,"Bluejay Diagnostics, Inc. - Common Stock",NASDAQ,1.2400000095367432,89052275.0
BKD,Brookdale Senior Living Inc. Common Stock,NYSE,14.430000305175781,2724205.0
BKHA,Black Hawk Acquisition Corporation - Class A Ordinary Shares,NASDAQ,11.779999732971191,0.0
BKKT,"Bakkt, Inc. Class A Common Stock",NYSE,7.389999866485596,617705.0
BKT,BlackRock Income Trust Inc. (The),NYSE,10.470000267028809,87975.0
BKYI,"BIO-key International, Inc. - Common Stock",NASDAQ,4.039999961853027,14740.0
BLDP,"Ballard Power Systems, Inc. - Common Shares",NASDAQ,2.640000104904175,5772587.0
BLIN,"Bridgeline Digital, Inc. - Common Stock",NASDAQ,1.190000057220459,9301.0
BLIV,BeLive Holdings - ordinary shares,NASDAQ,2.359999895095825,0.0
BLMN,"Bloomin' Brands, Inc. - Common Stock",NASDAQ,11.850000381469727,10599113.0
BLND,"Blend Labs, Inc. Class A Common Stock",NYSE,2.009999990463257,1828039.0
BLNE,"Beeline Holdings, Inc. - Common Stock",NASDAQ,1.0099999904632568,100087.0
BLNK,Blink Charging Co. - Common Stock,NASDAQ,0.5540000200271606,1345113.0
BLRK,Bluerock Acquisition Corp. - Class A Ordinary Shares,NASDAQ,10.0600004196167,28040.0
BLUW,Blue Water Acquisition Corp. III - Class A Ordinary Shares,NASDAQ,10.369999885559082,257.0
BLW,Blackrock Limited Duration Income Trust,NYSE,12.569999694824219,133451.0
BLZR,Trailblazer Acquisition Corp. - Class A Ordinary Shares,NASDAQ,10.154999732971191,4300.0
BMBL,Bumble Inc. - common stock,NASDAQ,3.0399999618530273,4244912.0
BMEA,"Biomea Fusion, Inc. - Common Stock",NASDAQ,1.2599999904632568,396382.0
BMGL,Basel Medical Group Ltd - ordinary shares,NASDAQ,5.599999904632568,1120.0
BMHL,Bluemount Holdings Limited - Class B Ordinary Shares,NASDAQ,5.590000152587891,600.0
BMM,Blue Moon Metals Inc. - Common Shares,NASDAQ,6.03000020980835,126363.0
BMR,Beamr Imaging Ltd. - Ordinary Share,NASDAQ,1.2899999618530273,221737.0
BMRA,"Biomerica, Inc. - Common Stock",NASDAQ,1.6200000047683716,1185.0
BNAI,Brand Engagement Network Inc. - Common Stock,NASDAQ,13.15999984741211,112172.0
BNC,CEA Industries Inc. - Common Stock,NASDAQ,2.509999990463257,67433.0
BNED,"Barnes & Noble Education, Inc Common Stock",NYSE,12.680000305175781,113660.0
BNGO,"Bionano Genomics, Inc. - Common Stock",NASDAQ,1.0700000524520874,77911.0
BNKK,"Bonk, Inc. - Common Stock",NASDAQ,1.0499999523162842,52447.0
BNRG,Brenmiller Energy Ltd - Ordinary Shares,NASDAQ,0.4153999984264374,219043.0
BNTC,Benitec Biopharma Inc. - Common Stock,NASDAQ,12.6899995803833,95145.0
BNZI,"Banzai International, Inc. - Class A Common Stock",NASDAQ,1.7699999809265137,78934.0
BOC,Boston Omaha Corporation Class A Common Stock,NYSE,14.5,101039.0
BODI,"The Beachbody Company, Inc. - Class A Common Stock",NASDAQ,10.9399995803833,18460.0
BOE,Blackrock Enhanced Global Dividend Trust Common Shares of Beneficial Interest,NYSE,12.3100004196167,112997.0
BOF,BranchOut Food Inc. - Common Stock,NASDAQ,4.190000057220459,10071.0
BOLD,"Boundless Bio, Inc. - Common Stock",NASDAQ,2.799999952316284,526235.0
BOLT,"Bolt Biotherapeutics, Inc. - Common Stock",NASDAQ,3.950000047683716,8559.0
BON,Bon Natural Life Limited - Class A Ordinary Shares,NASDAQ,1.0499999523162842,3495.0
BOOM,DMC Global Inc. - Common Stock,NASDAQ,7.28000020980835,248053.0
BORR,Borr Drilling Limited Common Shares,NYSE,3.890000104904175,5328235.0
BOSC,B.O.S. Better Online Solutions - Ordinary Shares,NASDAQ,4.5,28555.0
BOXL,Boxlight Corporation - Class A Common Stock,NASDAQ,3.0799999237060547,22677.0
BPAC,Blueport Acquisition Ltd - Class A Ordinary Shares,NASDAQ,10.15999984741211,10414.0
BRAG,Bragg Gaming Group Inc. - Common Shares,NASDAQ,1.7000000476837158,2055.0
BRAI,Braiin Limited - Common Stock,NASDAQ,5.650000095367432,27471.0
BRBI,BRBI BR Partners S.A. - ADSs,NASDAQ,11.449999809265137,0.0
BRBR,"BellRing Brands, Inc. Common Stock ",NYSE,12.609999656677246,4526630.0
BRCB,"Black Rock Coffee Bar, Inc. - Class A Common Stock",NASDAQ,8.520000457763672,227662.0
BRCC,BRC Inc. Class A Common Stock,NYSE,1.0099999904632568,853596.0
BREZ,Breeze Acquisition Corp. II - Ordinary Shares,NASDAQ,9.960000038146973,0.0
BRFH,Barfresh Food Group Inc. - Common Stock,NASDAQ,1.7699999809265137,6427.0
BRID,Bridgford Foods Corporation - Common Stock,NASDAQ,6.230000019073486,1417.0
BRKH,Burtech Acquisition Corp II - Class A Ordinary Shares,NASDAQ,9.9399995803833,56011.0
BRLS,Borealis Foods Inc. - Class A Common Shares,NASDAQ,0.8720999956130981,3735.0
BRLT,"Brilliant Earth Group, Inc. - Class A Common Stock",NASDAQ,1.0399999618530273,60334.0
BRR,"ProCap Financial, Inc. - Common Stock",NASDAQ,1.7300000190734863,251796.0
BRT,BRT Apartments Corp. (MD) Common Stock,NYSE,14.180000305175781,47654.0
BRTX,"BioRestorative Therapies, Inc. - Common Stock",NASDAQ,0.20999999344348907,146878.0
BSAA,BEST SPAC I Acquisition Corp. - Class A Ordinary Shares,NASDAQ,11.399999618530273,4761.0
BSBK,Bogota Financial Corp. - Common Stock,NASDAQ,8.9399995803833,18562.0
BSIN,Big Sky Industrial Inc. - Common Stock,NASDAQ,1.2000000476837158,1242449.0
BTAI,"BioXcel Therapeutics, Inc. - Common Stock",NASDAQ,0.8406000137329102,317336.0
BTBD,"BT Brands, Inc. - Common Stock",NASDAQ,1.2000000476837158,29666.0
BTBT,"Bit Digital, Inc. - Ordinary Share",NASDAQ,1.3799999952316284,21172533.0
BTCS,BTCS Inc. - Common Stock,NASDAQ,1.100000023841858,726047.0
BTCT,BTC Digital Ltd. - Ordinary Shares,NASDAQ,0.54339998960495,87457.0
BTDR,Bitdeer Technologies Group - Ordinary Shares,NASDAQ,11.0600004196167,11542102.0
BTE,Baytex Energy Corp Common Shares,NYSE,4.090000152587891,21767205.0
BTGO,"BitGo Holdings, Inc. Class A Common Stock",NYSE,5.0,915000.0
BTMD,Biote Corp. - Class A common stock,NASDAQ,2.259999990463257,78131.0
BTOC,Armlogi Holding Corp. - common stock,NASDAQ,0.27709999680519104,158529.0
BTOG,Bit Origin Limited - Class A Ordinary Shares,NASDAQ,0.7940999865531921,324884.0
BTQ,BTQ Technologies Corp. - Common Stock,NASDAQ,4.03000020980835,1451166.0
BTTC,Black Titan Corp - Ordinary Shares,NASDAQ,0.7664999961853027,14598.0
BTX,BlackRock Technology and Private Equity Term Trust Common Shares of Beneficial Interest,NYSE,8.520000457763672,383300.0
BTZ,BlackRock Credit Allocation Income Trust,NYSE,10.020000457763672,378112.0
BULL,Webull Corporation - Class A Ordinary Shares,NASDAQ,7.380000114440918,6343505.0
BUR,Burford Capital Limited Ordinary Shares,NYSE,4.269999980926514,1151302.0
BVC,BitVentures Limited - Ordinary Share,NASDAQ,10.800000190734863,31102.0
BW,"Babcock & Wilcox Enterprises, Inc. Common Stock",NYSE,9.520000457763672,1669840.0
BWEN,"Broadwind, Inc. - Common Stock",NASDAQ,4.510000228881836,595308.0
BWIV,Blue Water Acquisition Corp. IV Class A Ordinary Shares,NYSE,9.90999984741211,0.0
BXBL,"BOXABL, Inc.  - Common stock",NASDAQ,4.440000057220459,164341.0
BXMT,"Blackstone Mortgage Trust, Inc. Common Stock",NYSE,13.9399995803833,4595885.0
BYAH,"Park Ha Biological Technology Co., Ltd. - Class A Ordinary Shares",NASDAQ,0.33009999990463257,339925.0
BYFC,Broadway Financial Corporation - Class A Common Stock,NASDAQ,10.619999885559082,1503.0
BYND,"Beyond Meat, Inc. - Common stock",NASDAQ,0.6100999712944031,24028021.0
BYRN,"Byrna Technologies, Inc. - Common Stock",NASDAQ,4.670000076293945,471465.0
BYSI,"BeyondSpring, Inc. - Ordinary Shares",NASDAQ,0.9757999777793884,26659.0
BZAI,"Blaize Holdings, Inc. - Common Stock",NASDAQ,0.9351000189781189,2318099.0
BZFD,"BuzzFeed, Inc. - Class A Common Stock",NASDAQ,1.1100000143051147,528756.0
CAAS,"China Automotive Systems, Inc. - Ordinary Share",NASDAQ,4.349999904632568,11708.0
CABA,"Cabaletta Bio, Inc. - Common Stock",NASDAQ,2.7100000381469727,10221715.0
CABR,"Caring Brands, Inc. - Common Stock",NASDAQ,1.559999942779541,11716.0
CADL,"Candel Therapeutics, Inc. - Common Stock",NASDAQ,10.460000038146973,746199.0
CAES,"Cantor Equity Partners VII, Inc. - Class A Ordinary Shares",NASDAQ,10.09000015258789,16100.0
CAII,Collective Acquisition Corp. II - Class A Ordinary Shares,NASDAQ,9.954999923706055,177.0
CAL,"Caleres, Inc. Common Stock",NYSE,14.319999694824219,527530.0
CALC,"CalciMedica, Inc. - Common Stock",NASDAQ,0.7409999966621399,229261.0
CAMP,CAMP4 Therapeutics Corporation - Common Stock,NASDAQ,4.010000228881836,84195.0
CANG,Cango Inc. Class A Ordinary Shares,NYSE,1.600000023841858,60633.0
CAPN,Cayson Acquisition Corp - Ordinary Shares,NASDAQ,11.100000381469727,0.0
CAPR,"Capricor Therapeutics, Inc. - Common Stock",NASDAQ,3.930000066757202,3653828.0
CAPS,Capstone Holding Corp. - Common Stock,NASDAQ,0.2529999911785126,157739.0
CAQ,Cambridge Acquisition Corp. - Class A Ordinary Shares,NASDAQ,9.9399995803833,5020.0
CARL,"Carlsmed, Inc. - Common Stock",NASDAQ,13.5600004196167,171249.0
CARS,Cars.com Inc. Common Stock ,NYSE,11.84000015258789,694609.0
CAST,"FreeCast, Inc. - Class A common stock",NASDAQ,1.2100000381469727,224978.0
CATO,Cato Corporation (The) Class A Common Stock,NYSE,3.430000066757202,35738.0
CBAT,CBAK Energy Technology Limited - Ordinary Shares,NASDAQ,0.4950000047683716,673617.0
CBUS,"Cibus, Inc. - Class A Common Stock",NASDAQ,1.9299999475479126,163278.0
CC,Chemours Company (The) Common Stock,NYSE,14.59000015258789,9621094.0
CCAP,"Crescent Capital BDC, Inc. - Common Stock",NASDAQ,11.279999732971191,181595.0
CCAQ,Collective Acquisition Corp. - Class A ordinary shares,NASDAQ,10.48900032043457,0.0
CCC,CCC Intelligent Solutions Holdings Inc. - Common Stock,NASDAQ,6.460000038146973,7113176.0
CCCC,"C4 Therapeutics, Inc. - Common Stock",NASDAQ,3.619999885559082,2553139.0
CCCT,Columbus Circle Capital Corp III - Class A Ordinary Shares,NASDAQ,9.850000381469727,400097.0
CCG,Cheche Group Inc. - Class A Ordinary Shares,NASDAQ,14.270000457763672,65871.0
CCHH,CCH Holdings Ltd - Class A Ordinary Shares,NASDAQ,1.2899999618530273,25981.0
CCII,Cohen Circle Acquisition Corp. II - Class A Ordinary Shares,NASDAQ,10.329999923706055,230496.0
CCLD,"CareCloud, Inc. - Common Stock",NASDAQ,2.5399999618530273,564077.0
CCO,"Clear Channel Outdoor Holdings, Inc. Common Stock",NYSE,2.4200000762939453,4888921.0
CCOI,"Cogent Communications Holdings, Inc. - Common Stock",NASDAQ,12.869999885559082,1408462.0
CCTG,CCSC Technology International Holdings Limited - Class A Ordinary Shares,NASDAQ,0.6464999914169312,95810.0
CCU,"Compania Cervecerias Unidas, S.A. Common Stock",NYSE,11.6899995803833,66933.0
CD,Chaince Digital Holdings Inc. - American Ordinary Shares,NASDAQ,3.0399999618530273,99291.0
CDIO,Cardio Diagnostics Holdings Inc. - Common stock,NASDAQ,1.75,24807.0
CDLX,"Cardlytics, Inc. - Common Stock",NASDAQ,4.090000152587891,71341.0
CDRO,"Codere Online Luxembourg, S.A. - Ordinary Shares",NASDAQ,8.895000457763672,33064.0
CDT,CDT Equity Inc. - Common Stock,NASDAQ,3.5899999141693115,321462.0
CDTG,CDT Environmental Technology Investment Holdings Limited - ordinary shares,NASDAQ,1.5199999809265137,1107635.0
CDXS,"Codexis, Inc. - Common Stock",NASDAQ,1.4500000476837158,776969.0
CDZI,"Cadiz, Inc. - Common Stock",NASDAQ,3.25,347393.0
CELU,Celularity Inc. - Class A Common Stock,NASDAQ,0.7342000007629395,9536.0
CELZ,"Creative Medical Technology Holdings, Inc. - Common Stock",NASDAQ,0.6687999963760376,416054.0
CENN,Cenntro Inc. - Common Stock,NASDAQ,3.450000047683716,4921.0
CEPF,"Cantor Equity Partners IV, Inc. - Class A Ordinary Shares",NASDAQ,10.375900268554688,2345.0
CEPL,"Capstone Energy Plus, Inc. - Common Stock",NASDAQ,7.760000228881836,175177.0
CEPO,"Cantor Equity Partners I, Inc. - Class A Ordinary Shares",NASDAQ,10.649999618530273,39306.0
CEPS,"Cantor Equity Partners VI, Inc. - Class A Ordinary Shares",NASDAQ,10.399999618530273,0.0
CEPV,"Cantor Equity Partners V, Inc. - Class A Ordinary Shares",NASDAQ,10.40999984741211,3380.0
CERS,Cerus Corporation - Common Stock,NASDAQ,2.2699999809265137,3256909.0
CERT,"Certara, Inc. - Common Stock",NASDAQ,8.010000228881836,3401585.0
CETX,Cemtrex Inc. - Common Stock,NASDAQ,2.890000104904175,37190.0
CETY,"Clean Energy Technologies, Inc. - Common Stock",NASDAQ,0.8949999809265137,18668.0
CFFN,"Capitol Federal Financial, Inc. - Common Stock",NASDAQ,9.09000015258789,768799.0
CGC,Canopy Growth Corporation - Common Shares,NASDAQ,0.9316999912261963,1536977.0
CGEN,Compugen Ltd. - Ordinary Shares,NASDAQ,2.2799999713897705,238648.0
CGNT,Cognyte Software Ltd. - Ordinary Shares,NASDAQ,9.130000114440918,819461.0
CGTL,Creative Global Technology Holdings Limited - Class A Ordinary Shares,NASDAQ,3.9700000286102295,7901.0
CGTX,"Cognition Therapeutics, Inc. - Common Stock",NASDAQ,1.059999942779541,646704.0
CHAI,"Core AI Holdings, Inc. - Common Shares",NASDAQ,0.3497999906539917,842099.0
CHAR,Charlton Aria Acquisition Corporation - Class A Ordinary Shares,NASDAQ,10.890000343322754,285603.0
CHEC,Chenghe Acquisition III Co. - Class A Ordinary Shares,NASDAQ,10.229999542236328,129011.0
CHGA,Change Agents Corporation  - Common Stock,NASDAQ,0.2013999968767166,234849.0
CHGG,"Chegg, Inc. Common Stock",NYSE,1.0299999713897705,1846028.0
CHMI,Cherry Hill Mortgage Investment Corporation Common Stock,NYSE,2.440000057220459,1029963.0
CHNR,"China Natural Resources, Inc. - Common Shares",NASDAQ,4.014999866485596,7849.0
CHPG,ChampionsGate Acquisition Corporation - Class A Ordinary Share,NASDAQ,10.420000076293945,0.0
CHPT,"ChargePoint Holdings, Inc. Common Stock",NYSE,5.809999942779541,229680.0
CHR,"Cheer Holding, Inc.  - Class A Ordinary Share",NASDAQ,1.7999999523162842,45417.0
CHRS,"Coherus Oncology, Inc. - Common Stock",NASDAQ,1.4500000476837158,808089.0
CHSN,Chanson International Holding - Class A Ordinary Shares,NASDAQ,1.0299999713897705,51126.0
CIA,"Citizens, Inc. Class A Common Stock ($1.00 Par)",NYSE,4.650000095367432,40415.0
CIGL,Concorde International Group Ltd - Class A Ordinary Shares,NASDAQ,0.5906000137329102,209740.0
CIIT,"Tianci International, Inc. - Common Stock",NASDAQ,3.6700000762939453,35568.0
CIM,Chimera Investment Corporation Common Stock,NYSE,11.850000381469727,1943762.0
CING,Cingulate Inc. - Common Stock,NASDAQ,4.940000057220459,130177.0
CINT,CI&T Inc Class A Common Shares,NYSE,3.559999942779541,48995.0
CION,CION Investment Corporation Common Stock,NYSE,6.230000019073486,520517.0
CIRC,"Circle8 Group, Inc. - Common Stock",NASDAQ,0.6776999831199646,481335.0
CISO,"CISO Global, Inc. - Common Stock",NASDAQ,0.2685000002384186,85998.0
CISS,C3is Inc. - Common Stock,NASDAQ,0.10849999636411667,571606207.0
CJMB,Callan JMB Inc. - Common Stock,NASDAQ,1.2999999523162842,427973.0
CLAR,Clarus Corporation - Common Stock,NASDAQ,3.359999895095825,64694.0
CLB,Core Laboratories Inc. Common Stock,NYSE,10.949999809265137,418158.0
CLBK,"Columbia Financial, Inc. - Common Stock",NASDAQ,10.770000457763672,3653256.0
CLBR,Colombier Acquisition Corp. III Class A Ordinary Shares,NYSE,10.279999732971191,209197.0
CLDT,Chatham Lodging Trust (REIT) Common Shares of Beneficial Interest,NYSE,13.380000114440918,195642.0
CLF,Cleveland-Cliffs Inc. Common Stock,NYSE,12.649999618530273,15947215.0
CLGN,CollPlant Biotechnologies Ltd. - Ordinary Shares,NASDAQ,0.3100999891757965,51042.0
CLIK,Click Holdings Limited - Ordinary Share,NASDAQ,1.3899999856948853,19123.0
CLIR,ClearSign Technologies Corporation - Common Stock,NASDAQ,3.890000104904175,4522.0
CLNE,Clean Energy Fuels Corp. - Common Stock,NASDAQ,1.8799999952316284,1189988.0
CLNN,Clene Inc. - Common Stock,NASDAQ,5.380000114440918,46489.0
CLOV,"Clover Health Investments, Corp.  - Class A Common stock",NASDAQ,4.139999866485596,3881307.0
CLPR,Clipper Realty Inc. Common Stock,NYSE,2.7300000190734863,50141.0
CLPS,CLPS Incorporation - Common Stock,NASDAQ,0.870199978351593,318.0
CLPT,ClearPoint Neuro Inc. - Common Stock,NASDAQ,13.15999984741211,625657.0
CLRB,"Cellectar Biosciences, Inc. - Common Stock",NASDAQ,2.5199999809265137,23848.0
CLRO,"ClearOne, Inc. - Common Stock",NASDAQ,3.680000066757202,19437.0
CLSK,"CleanSpark, Inc. - Common Stock",NASDAQ,13.5,16639445.0
CLVT,Clarivate Plc Ordinary Shares,NYSE,1.940000057220459,7292198.0
CLWT,Euro Tech Holdings Company Limited - Ordinary Shares,NASDAQ,1.4900000095367432,10494.0
CLYM,"Climb Bio, Inc. - Common Stock",NASDAQ,12.470000267028809,1101072.0
CMCT,Creative Media  - Common Stock,NASDAQ,4.489999771118164,23594.0
CMII,Columbus Circle Capital Corp II - Class A Ordinary Shares,NASDAQ,10.029999732971191,23910.0
CMND,Clearmind Medicine Inc. - Common Shares,NASDAQ,1.7599999904632568,131907.0
CMPS,COMPASS Pathways Plc - American Depository Shares,NASDAQ,13.579999923706055,7642111.0
CMPX,"Compass Therapeutics, Inc. - Common Stock",NASDAQ,1.8899999856948853,4238333.0
CMRC,"Commerce.com, Inc. - Series 1 Common Stock",NASDAQ,3.4100000858306885,926518.0
CMRE,Costamare Inc. Common Stock $0.0001 par value,NYSE,14.6899995803833,287007.0
CMTG,"Claros Mortgage Trust, Inc. Common Stock",NYSE,1.7000000476837158,711636.0
CMTL,Comtech Telecommunications Corp. - Common Stock,NASDAQ,1.7200000286102295,497321.0
CNCK,Coincheck Group N.V. - Ordinary Shares,NASDAQ,2.259999990463257,75467.0
CNDT,Conduent Incorporated - Common Stock,NASDAQ,1.7200000286102295,798439.0
CNET,ZW Data Action Technologies Inc. - Common Stock,NASDAQ,1.440000057220459,84731.0
CNEY,CN Energy Group Inc. - Class A Ordinary Shares,NASDAQ,0.6355000138282776,203758.0
CNH,CNH Industrial N.V. Common Shares,NYSE,10.789999961853027,14560269.0
CNNE,"Cannae Holdings, Inc. Common Stock",NYSE,14.890000343322754,454289.0
CNSP,"CNS Pharmaceuticals, Inc. - Common Stock",NASDAQ,5.400000095367432,2746.0
CNTB,Connect Biopharma Holdings Limited - Ordinary Shares,NASDAQ,2.180000066757202,528055.0
CNTN,"Canton Strategic Holdings, Inc. - Common Stock",NASDAQ,1.899999976158142,650480.0
CNTX,Context Therapeutics Inc. - Common Stock,NASDAQ,0.6930000185966492,1711802.0
CNTY,"Century Casinos, Inc. - Common Stock",NASDAQ,1.190000057220459,81902.0
CNVS,Cineverse Corp. - Class A Common Stock,NASDAQ,2.680000066757202,33183.0
CNXU,Conexeu Sciences Inc. - Common Stock,NASDAQ,8.989999771118164,165823.0
COCH,"Envoy Medical, Inc. - Class A Common Stock",NASDAQ,0.6840000152587891,125110.0
COCP,"Cocrystal Pharma, Inc. - Common Stock",NASDAQ,1.0199999809265137,66653.0
CODA,"Coda Octopus Group, Inc. - Common stock",NASDAQ,10.329999923706055,44138.0
CODI,D/B/A Compass Diversified Holdings Shares of Beneficial Interest,NYSE,10.850000381469727,514057.0
CODX,"Co-Diagnostics, Inc. - Common Stock",NASDAQ,1.5099999904632568,145996.0
COLA,Columbus Acquisition Corp - Ordinary Shares,NASDAQ,10.6850004196167,982.0
COLD,"Americold Realty Trust, Inc. Common Stock",NYSE,14.029999732971191,3507143.0
COMP,"Compass, Inc. Class A Common Stock",NYSE,12.829999923706055,27892093.0
COOT,Australian Oilseeds Holdings Limited - Ordinary Shares,NASDAQ,0.38580000400543213,6654.0
COPL,Copley Acquisition Corp Ordinary Shares,NYSE,10.479999542236328,330431.0
COSM,Cosmos Health Inc. - Common Stock,NASDAQ,0.21480000019073486,1837839.0
COTY,Coty Inc. Class A Common Stock,NYSE,2.8299999237060547,5275873.0
COUR,"Coursera, Inc. Common Stock",NYSE,5.809999942779541,4531375.0
COYA,"Coya Therapeutics, Inc. - Common Stock",NASDAQ,4.550000190734863,99628.0
CPIX,Cumberland Pharmaceuticals Inc. - Common Stock,NASDAQ,7.550000190734863,166873.0
CPOP,"Pop Culture Group Co., Ltd - Class A Ordinary Shares",NASDAQ,0.3319999873638153,228898.0
CPSH,CPS Technologies Corp. - Common Stock,NASDAQ,4.349999904632568,322383.0
CPSS,"Consumer Portfolio Services, Inc. - Common Stock",NASDAQ,9.180000305175781,12826.0
CRAC,Crown Reserve Acquisition Corp. I - Class A Ordinary Shares,NASDAQ,10.152000427246094,0.0
CRAN,Crane Harbor Acquisition Corp. II - Class A Ordinary Shares,NASDAQ,10.140000343322754,50209.0
CRAQ,Cal Redwood Acquisition Corp. - Class A Ordinary Shares,NASDAQ,10.350000381469727,0.0
CRBP,"Corbus Pharmaceuticals Holdings, Inc. - Common Stock",NASDAQ,9.569999694824219,233129.0
CRBU,"Caribou Biosciences, Inc. - Common Stock",NASDAQ,1.6100000143051147,1096552.0
CRCT,"Cricut, Inc. - Class A common stock",NASDAQ,6.070000171661377,3152730.0
CRDF,"Cardiff Oncology, Inc. - Common Stock",NASDAQ,0.9549999833106995,628010.0
CRDL,Cardiol Therapeutics Inc. - Class A Common Shares,NASDAQ,1.340000033378601,1064336.0
CRE,Cre8 Enterprise Limited - Class A Ordinary Shares,NASDAQ,2.5850000381469727,5443.0
CREX,"Creative Realities, Inc. - Common Stock",NASDAQ,3.049999952316284,11420.0
CRGO,Freightos Limited - Ordinary shares,NASDAQ,1.2599999904632568,39029.0
CRGY,Crescent Energy Company Class A Common Stock,NYSE,10.979999542236328,5908593.0
CRIS,"Curis, Inc. - Common Stock",NASDAQ,4.545000076293945,54497.0
CRK,"Comstock Resources, Inc. Common Stock",NYSE,12.960000038146973,1452879.0
CRMD,CorMedix Inc. - Common Stock,NASDAQ,7.409999847412109,595503.0
CRML,Critical Metals Corp. - Ordinary Shares,NASDAQ,6.679999828338623,6122933.0
CRMT,"America's Car-Mart, Inc. - Common Stock",NASDAQ,3.4100000858306885,128563.0
CRNC,Cerence Inc. - Common Stock,NASDAQ,9.220000267028809,506022.0
CRNT,Ceragon Networks Ltd. - Ordinary Shares,NASDAQ,2.2300000190734863,370899.0
CRON,Cronos Group Inc. - Common Share,NASDAQ,2.7200000286102295,1705927.0
CRSR,"Corsair Gaming, Inc. - Common Stock",NASDAQ,11.199999809265137,2342520.0
CRT,Cross Timbers Royalty Trust Common Stock,NYSE,10.170000076293945,34780.0
CRVO,CervoMed Inc. - Common Stock,NASDAQ,2.809999942779541,268755.0
CRVS,"Corvus Pharmaceuticals, Inc. - Common Stock",NASDAQ,13.930000305175781,713305.0
CRWS,"Crown Crafts, Inc. - Common Stock",NASDAQ,2.9800000190734863,134714.0
CSAI,"Cloudastructure, Inc. - Class A Common Stock",NASDAQ,4.920000076293945,263027.0
CSAN,Cosan S.A. ADS,NYSE,3.0399999618530273,859584.0
CSBR,"Champions Oncology, Inc. - Common Stock",NASDAQ,5.300000190734863,14552.0
CSHR,CoinShares PLC - Ordinary Shares,NASDAQ,4.900000095367432,186523.0
CSPI,CSP Inc. - Common Stock,NASDAQ,8.119999885559082,3788.0
CSTE,Caesarstone Ltd. - Ordinary Shares,NASDAQ,2.319999933242798,121389.0
CTAA,ClearThink 1 Acquisition Corp. - Class A Ordinary Shares,NASDAQ,9.90999984741211,2031.0
CTKB,"Cytek Biosciences, Inc. - Common Stock",NASDAQ,4.179999828338623,986161.0
CTMX,"CytomX Therapeutics, Inc. - Common Stock",NASDAQ,3.3499999046325684,1995224.0
CTNT,Cheetah Net Supply Chain Service Inc. - Class A Common Stock,NASDAQ,1.899999976158142,173052.0
CTOR,"Citius Oncology, Inc.  - Common Stock",NASDAQ,0.7850000262260437,1023190.0
CTOS,"Custom Truck One Source, Inc. Common Stock",NYSE,11.029999732971191,935710.0
CTRM,Castor Maritime Inc. - Common Shares,NASDAQ,2.0799999237060547,25593.0
CTSO,Cytosorbents Corporation - Common Stock,NASDAQ,0.3847000002861023,27409.0
CTW,CTW - Class A Ordinary Shares,NASDAQ,2.380000114440918,20789.0
CTXR,"Citius Pharmaceuticals, Inc. - Common Stock",NASDAQ,0.7809000015258789,4951559.0
CUB,Lionheart Holdings - Class A Ordinary Shares,NASDAQ,10.859999656677246,15919.0
CULP,"Culp, Inc. - Common Shares",NASDAQ,3.5,7319.0
CUPR,Cuprina Holdings (Cayman) Limited - Class A Ordinary shares,NASDAQ,3.5799999237060547,20294.0
CURI,CuriosityStream Inc.  - Class A Common Stock,NASDAQ,2.609999895095825,267743.0
CURR,Currenc Group Inc. - Ordinary Shares,NASDAQ,3.2699999809265137,109346.0
CURV,Torrid Holdings Inc. Common Stock,NYSE,2.5899999141693115,109509.0
CURX,Curanex Pharmaceuticals Inc - Common Stock,NASDAQ,0.19580000638961792,149314.0
CV,"CapsoVision, Inc. - Common Stock",NASDAQ,6.769999980926514,138956.0
CVGI,"Commercial Vehicle Group, Inc. - Common Stock",NASDAQ,3.799999952316284,919689.0
CVKD,"Cadrenal Therapeutics, Inc. - Common Stock",NASDAQ,1.9600000381469727,32014.0
CVRX,"CVRx, Inc. - Common Stock",NASDAQ,5.579999923706055,173017.0
CVV,CVD Equipment Corporation - Common Stock,NASDAQ,8.1899995803833,124213.0
CWD,CaliberCos Inc. - Class A Common Stock,NASDAQ,0.4422999918460846,277224.0
CWH,"Camping World Holdings, Inc. Class A Common Stock",NYSE,6.489999771118164,1794994.0
CWK,Cushman & Wakefield Ltd. Common Shares,NYSE,14.029999732971191,2467756.0
CX,"Cemex, S.A.B. de C.V. Sponsored ADR",NYSE,11.550000190734863,8114739.0
CXAI,CXApp Inc. - Class A Common Stock,NASDAQ,0.14159999787807465,2600675.0
CXDO,"Crexendo, Inc. - Common Stock",NASDAQ,6.625,997896.0
CXII,Churchill Capital Corp XII - Class A Ordinary Shares,NASDAQ,10.704999923706055,6278.0
CXM,"Sprinklr, Inc. Class A Common Stock",NYSE,6.710000038146973,4090989.0
CYAB,"Cyabra, Inc. - Common Stock",NASDAQ,0.3190000057220459,1114088.0
CYCN,"Cyclerion Therapeutics, Inc. - Common Stock",NASDAQ,3.549999952316284,39955.0
CYCU,"Cycurion, Inc. - Common Stock",NASDAQ,0.7759000062942505,7413062.0
CYN,Cyngn Inc. - Common stock,NASDAQ,1.1200000047683716,58790.0
CYPH,Cypherpunk Technologies Inc. - Common Stock,NASDAQ,0.7329999804496765,1118656.0
DAAQ,Digital Asset Acquisition Corp. - Class A Ordinary shares,NASDAQ,8.300000190734863,8256.0
DAIC,"CID HoldCo, Inc. - Common Stock",NASDAQ,0.7509999871253967,143844.0
DAIO,Data I/O Corporation - Common Stock,NASDAQ,3.0,11143.0
DARE,"Dare Bioscience, Inc. - Common Stock",NASDAQ,1.340000033378601,56194.0
DBCA,D. Boral Acquisition I Corp. - Class A Ordinary Shares,NASDAQ,9.989999771118164,6107.0
DBI,Designer Brands Inc. Class A Common Stock,NYSE,6.670000076293945,317357.0
DCGO,DocGo Inc. - Common Stock,NASDAQ,0.6277999877929688,310359.0
DCH,Dauch Corporation Common Stock,NYSE,6.0,2117589.0
DCOY,Decoy Therapeutics Inc. - Common Stock,NASDAQ,4.190000057220459,15179.0
DCTH,"Delcath Systems, Inc. - Common Stock",NASDAQ,12.630000114440918,420729.0
DCX,Digital Currency X Technology Inc. - Class A Ordinary Shares,NASDAQ,1.0399999618530273,50748.0
DDD,3D Systems Corporation Common Stock,NYSE,3.569999933242798,6893434.0
DDI,"DoubleDown Interactive Co., Ltd. - American Depository Shares",NASDAQ,11.930000305175781,63392.0
DEC,Diversified Energy Company Common Stock,NYSE,13.09000015258789,611951.0
DEFT,"Defi Technologies, Inc. - Common Stock",NASDAQ,0.47999998927116394,1593815.0
DEI,"Douglas Emmett, Inc. Common Stock",NYSE,11.800000190734863,3244287.0
DERM,Journey Medical Corporation - Common Stock,NASDAQ,6.400000095367432,148082.0
DETX,"Liberty Defense Holdings, Ltd. - Common Shares",NASDAQ,3.0999999046325684,10695.0
DFDV,DeFi Development Corp. - Common Stock,NASDAQ,2.799999952316284,538673.0
DFH,"Dream Finders Homes, Inc. Class A Common Stock",NYSE,14.819999694824219,456926.0
DFLI,Dragonfly Energy Holdings Corp - Common Stock,NASDAQ,1.159999966621399,525878.0
DFSC,"DEFSEC Technologies Inc. - common stock, no R/S concurrent with offering",NASDAQ,1.2300000190734863,53470.0
DGAC,Disciplined Growth Acquisition Corporation Class A Ordinary Shares,NYSE,9.960000038146973,150800.0
DGNX,Diginex Limited - Ordinary Shares,NASDAQ,1.3899999856948853,523483.0
DGXX,Digi Power X Inc. - Common Subordinate Voting Shares,NASDAQ,3.75,4421043.0
DH,Definitive Healthcare Corp. - Class A Common Stock,NASDAQ,0.6674000024795532,174119.0
DHC,Diversified Healthcare Trust  - Common Shares of Beneficial Interest,NASDAQ,9.15999984741211,3315903.0
DHX,"DHI Group, Inc. Common Stock",NYSE,4.179999828338623,106013.0
DIBS,"1stdibs.com, Inc. - Common Stock",NASDAQ,4.929999828338623,222600.0
DJT,Trump Media & Technology Group Corp. - Common Stock,NASDAQ,9.960000038146973,4137768.0
DKI,DarkIris Inc. - Class A Ordinary Shares,NASDAQ,3.6649999618530273,2200.0
DLHC,DLH Holdings Corp. - Common Stock,NASDAQ,4.840000152587891,11093.0
DLPN,"Dolphin Entertainment, Inc. - Common Stock",NASDAQ,1.1100000143051147,25976.0
DLTH,Duluth Holdings Inc. - Class B Common Stock,NASDAQ,4.119999885559082,38963.0
DLXY,Delixy Holdings Limited - Class A Ordinary Shares,NASDAQ,0.37700000405311584,27450.0
DMAA,Drugs Made In America Acquisition Corp. - Ordinary Shares,NASDAQ,10.710000038146973,0.0
DMAC,DiaMedica Therapeutics Inc. - Common Stock,NASDAQ,6.664999961853027,125736.0
DMII,Drugs Made In America Acquisition II Corp. - Ordinary Shares,NASDAQ,10.109999656677246,400.0
DMRC,Digimarc Corporation - Common Stock,NASDAQ,7.46999979019165,99946.0
DNA,"Ginkgo Bioworks Holdings, Inc. Class A Common Stock",NYSE,9.369999885559082,844833.0
DNMX,Dynamix Corporation III - Class A Ordinary Shares,NASDAQ,10.024999618530273,12900.0
DNOW,DNOW Inc. Common Stock,NYSE,14.220000267028809,1694295.0
DNUT,"Krispy Kreme, Inc. - Common Stock",NASDAQ,3.0999999046325684,3996998.0
DOGZ,Dogness (International) Corporation - Class A Common Stock,NASDAQ,0.9498000144958496,12054.0
DOLE,Dole plc Ordinary Shares,NYSE,13.770000457763672,611537.0
DOMH,Dominari Holdings Inc. - Common Stock,NASDAQ,2.4700000286102295,44217.0
DOMO,"Domo, Inc. - Class B Common Stock",NASDAQ,3.799999952316284,570857.0
DOUG,Douglas Elliman Inc. Common Stock,NYSE,1.75,117587.0
DPRO,Draganfly Inc. - Common Shares,NASDAQ,4.360000133514404,511743.0
DPU,Top KingWin Ltd - Class A Ordinary Shares,NASDAQ,1.809999942779541,3540.0
DRCT,"Direct Digital Holdings, Inc. - Class A Common Stock",NASDAQ,2.7699999809265137,10515.0
DRDB,Roman DBDR Acquisition Corp. II - Ordinary shares,NASDAQ,10.59000015258789,3500.0
DRH,Diamondrock Hospitality Company - Common Stock,NASDAQ,13.260000228881836,2456339.0
DRIO,DarioHealth Corp. - Common Stock,NASDAQ,7.659999847412109,17005.0
DRMA,"Dermata Therapeutics, Inc. - Common Stock",NASDAQ,1.1699999570846558,64109.0
DRTS,Alpha Tau Medical Ltd. - Ordinary Shares,NASDAQ,13.260000228881836,342061.0
DRVN,Driven Brands Holdings Inc. - Common Stock,NASDAQ,14.609999656677246,737181.0
DSAC,Daedalus Special Acquisition Corp. - Class A Ordinary Shares,NASDAQ,10.170000076293945,37765.0
DSGN,"Design Therapeutics, Inc. - Common Stock",NASDAQ,13.569999694824219,462816.0
DSP,Viant Technology Inc. - common stock,NASDAQ,12.3100004196167,276792.0
DSWL,"Deswell Industries, Inc. - Common Shares",NASDAQ,3.2616000175476074,2675.0
DSX,Diana Shipping inc. common stock,NYSE,2.549999952316284,1018893.0
DSY,Big Tree Cloud Holdings Limited - Class A Ordinary Shares,NASDAQ,3.3399999141693115,31630.0
DTCX,"Datacentrex, Inc. - Common Stock",NASDAQ,1.9600000381469727,68181.0
DTI,Drilling Tools International Corporation  - Common Stock,NASDAQ,2.309999942779541,114755.0
DTIL,"Precision BioSciences, Inc. - Common Stock",NASDAQ,7.46999979019165,266302.0
DTSQ,DT Cloud Star Acquisition Corporation - Ordinary Shares,NASDAQ,11.270000457763672,1830.0
DTSS,Datasea Intelligent Technology Ltd. - Class A Ordinary Shares,NASDAQ,0.8342000246047974,5649.0
DTST,Data Storage Corporation - Common Stock,NASDAQ,3.1600000858306885,11043.0
DUKR,DUKE Robotics Corp. - Common Stock,NASDAQ,5.400000095367432,6725.0
DUO,Fangdd Network Group Ltd. - Class A Ordinary Shares,NASDAQ,0.5968000292778015,3846.0
DUOT,"Duos Technologies Group, Inc. - Common Stock",NASDAQ,8.960000038146973,358227.0
DV,"DoubleVerify Holdings, Inc. Common Stock",NYSE,11.989999771118164,1599408.0
DVLT,Datavault AI Inc. - Common Stock,NASDAQ,0.2824999988079071,155328192.0
DWSN,Dawson Geophysical Company - Common Stock,NASDAQ,4.429999828338623,62659.0
DWTX,"Dogwood Therapeutics, Inc.  - Common Stock",NASDAQ,1.8300000429153442,11954.0
DX,"Dynex Capital, Inc. Common Stock",NYSE,12.850000381469727,4243984.0
DXC,DXC Technology Company Common Stock ,NYSE,11.119999885559082,3615026.0
DXLG,"Destination XL Group, Inc. - Common Stock",NASDAQ,0.5551999807357788,9622.0
DXST,Decent Holding Inc. - Class A Ordinary Shares,NASDAQ,2.5899999141693115,218098.0
DYAI,"Dyadic International, Inc. - Common Stock",NASDAQ,0.9695000052452087,475360.0
DYNC,Dynamix Corporation - Class A Ordinary Share,NASDAQ,10.854999542236328,7977.0
DYOR,Insight Digital Partners II - Class A Ordinary Shares,NASDAQ,10.098999977111816,1000.0
EAF,GrafTech International Ltd. Common Stock,NYSE,7.670000076293945,244938.0
EARN,Ellington Credit Company Common Shares of Beneficial Interest,NYSE,4.269999980926514,334455.0
EBON,Ebang International Holdings Inc. - Class A Ordinary Shares,NASDAQ,1.840000033378601,3118.0
EBS,Emergent BioSolutions Inc. Common Stock,NYSE,7.539999961853027,382118.0
ECC,Eagle Point Credit Company Common Share of Beneficial Interest,NYSE,3.859999895095825,769139.0
ECOR,"electroCore, Inc. - Common Stock",NASDAQ,6.53000020980835,25878.0
ECVT,Ecovyst Inc. Common Stock,NYSE,11.449999809265137,1673416.0
ECX,ECARX Holdings Inc. - Class A Ordinary shares,NASDAQ,1.159999966621399,1490440.0
EDBL,Edible Garden AG Incorporated - Common Stock,NASDAQ,1.9800000190734863,390646.0
EDIT,"Editas Medicine, Inc. - Common Stock",NASDAQ,2.75,1916835.0
EDSA,"Edesa Biotech, Inc. - Common Shares",NASDAQ,5.170000076293945,31066.0
EDTK,Skillful Craftsman Education Technology Limited - Ordinary Share,NASDAQ,0.949999988079071,19904.0
EDUC,Educational Development Corporation - Common Stock,NASDAQ,1.3799999952316284,118457.0
EEIQ,EpicQuest Education Group International Limited - Common Stock,NASDAQ,2.430000066757202,21038.0
EFC,Ellington Financial Inc. Common Stock ,NYSE,13.239999771118164,844808.0
EFOI,"Energy Focus, Inc. - Common Stock",NASDAQ,3.109999895095825,5132.0
EFT,Eaton Vance Floating Rate Income Trust Common Shares of Beneficial Interest,NYSE,10.800000190734863,268753.0
EGAN,eGain Corporation - Common Stock,NASDAQ,7.230000019073486,69190.0
EGHA,EGH Acquisition Corp. - Class A ordinary shares,NASDAQ,10.335000038146973,200.0
EGHT,8x8 Inc - Common stock,NASDAQ,2.309999942779541,2655307.0
EGY,"VAALCO Energy, Inc.  Common Stock",NYSE,5.150000095367432,853857.0
EH,EHang Holdings Limited - ADS,NASDAQ,5.349999904632568,318337.0
EHGO,Eshallgo Inc. - Class A Ordinary Shares,NASDAQ,1.9500000476837158,141895.0
EHLD,Euroholdings Ltd. - Common Stock,NASDAQ,8.069999694824219,3753.0
EHTH,"eHealth, Inc. - Common Stock",NASDAQ,1.2599999904632568,419723.0
EIC,Eagle Point Income Company Inc. Common Stock,NYSE,9.949999809265137,110788.0
EIKN,"Eikon Therapeutics, Inc. - Common Stock",NASDAQ,9.550000190734863,264911.0
EJH,E-Home Household Service Holdings Limited - Ordinary shares,NASDAQ,1.2999999523162842,14285.0
ELAB,PMGC Holdings Inc. - Common Stock,NASDAQ,0.9797999858856201,123532.0
ELBM,Electra Battery Materials Corporation - Common Stock,NASDAQ,0.5950000286102295,466772.0
ELDN,"Eledon Pharmaceuticals, Inc. - Common Stock",NASDAQ,3.440000057220459,763364.0
ELOG,Eastern International Ltd. - Ordinary Shares,NASDAQ,0.7429999709129333,656.0
ELPW,Elong Power Holding Limited - Class A Ordinary Shares,NASDAQ,0.14100000262260437,14800087.0
ELSE,"Electro-Sensors, Inc. - Common Stock",NASDAQ,7.740099906921387,0.0
ELTK,Eltek Ltd. - Ordinary Shares,NASDAQ,9.130000114440918,99699.0
ELTX,"Elicio Therapeutics, Inc. - Common Stock",NASDAQ,3.190000057220459,341803.0
ELUT,"Elutia, Inc. - Class A Common Stock",NASDAQ,0.871999979019165,39023.0
ELVA,Electrovaya Inc. - Common Shares,NASDAQ,9.3100004196167,624322.0
ELWT,"Elauwit Connection, Inc. - Common Stock",NASDAQ,8.40999984741211,10571.0
EMAT,Evolution Metals & Technologies Corp. - Common Stock,NASDAQ,2.7300000190734863,288901.0
EMBC,Embecta Corp. - Common Stock,NASDAQ,3.569999933242798,1090543.0
EMIS,Emmis Acquisition Corp. - Class A Ordinary Share,NASDAQ,10.220000267028809,100.0
EMPD,Empery Digital Inc. - Common stock,NASDAQ,2.8499999046325684,267840.0
ENGN,enGene Therapeutics Inc. - Common Stock,NASDAQ,1.7999999523162842,156064.0
ENGS,Energys Group Limited - Ordinary Shares,NASDAQ,2.6600000858306885,3016120.0
ENHA,Enhanced Group Inc. Class A Common Stock,NYSE,2.680000066757202,136338.0
ENLV,Enlivex Ltd. - Ordinary Shares,NASDAQ,2.180000066757202,279483.0
ENSC,"Ensysce Biosciences, Inc. - Common Stock",NASDAQ,0.3619999885559082,7565164.0
ENTA,"Enanta Pharmaceuticals, Inc. - Common Stock",NASDAQ,13.220000267028809,225736.0
ENTX,Entera Bio Ltd. - Ordinary Shares,NASDAQ,2.809999942779541,307644.0
ENVB,"Enveric Biosciences, Inc.  - Common Stock",NASDAQ,1.6699999570846558,410638.0
ENVX,Enovix Corporation - Common Stock,NASDAQ,4.289999961853027,5118212.0
EOLS,"Evolus, Inc. - Common Stock",NASDAQ,6.179999828338623,1148605.0
EOSE,"Eos Energy Enterprises, Inc. - Common Stock",NASDAQ,3.819999933242798,48459911.0
EPOW,E-Power Inc. - Class A Ordinary Shares,NASDAQ,0.42100000381469727,5252.0
EPRX,Eupraxia Pharmaceuticals Inc. - Common Stock,NASDAQ,6.480000019073486,96249.0
EPSM,Epsium Enterprise Limited - Class A Ordinary Shares,NASDAQ,1.4049999713897705,11196.0
EPSN,Epsilon Energy Ltd. - Common Shares,NASDAQ,5.440000057220459,107493.0
EQ,"Equillium, Inc. - Common Stock",NASDAQ,2.190000057220459,322231.0
EQS,"Equus Total Return, Inc. Common Stock",NYSE,1.1799999475479126,2021.0
ERII,"Energy Recovery, Inc. - Common Stock",NASDAQ,8.859999656677246,882213.0
ERNA,Ernexa Therapeutics Inc. - Common Stock,NASDAQ,4.099999904632568,85609.0
EROC,"ERock, Inc. Class A Common Stock",NYSE,10.729999542236328,1240406.0
ESLA,"Estrella Immunopharma, Inc. - Common Stock",NASDAQ,0.746999979019165,99369.0
ESRT,"Empire State Realty Trust, Inc. Class A Common Stock",NYSE,4.889999866485596,1756521.0
ETS,Elite Express Holding Inc. - Class A Common Stock,NASDAQ,1.100000023841858,174997.0
EU,enCore Energy Corp. - Common Stock,NASDAQ,1.149999976158142,2252832.0
EURK,Eureka Acquisition Corp - Class A Ordinary Share,NASDAQ,11.899999618530273,12100.0
EVAC,EQV Ventures Acquisition Corp. II Class A Ordinary Shares,NYSE,10.260000228881836,2000.0
EVC,Entravision Communications Corporation Common Stock,NYSE,11.600000381469727,1379933.0
EVCM,EverCommerce Inc. - Common Stock,NASDAQ,11.850000381469727,105091.0
EVEX,"Eve Holding, Inc. Common Stock",NYSE,2.6600000858306885,1471859.0
EVF,Eaton Vance Senior Income Trust Common Stock,NYSE,4.989999771118164,14505.0
EVGN,Evogene Ltd. - Ordinary Shares,NASDAQ,0.6309999823570251,141906.0
EVGO,EVgo Inc. - Common Stock,NASDAQ,1.5299999713897705,9654934.0
EVH,"Evolent Health, Inc Class A Common Stock",NYSE,3.0799999237060547,2744718.0
EVLV,"Evolv Technologies Holdings, Inc. - Class A Common Stock",NASDAQ,5.985000133514404,1409183.0
EVMN,"Evommune, Inc. Common Stock",NYSE,13.020000457763672,595446.0
EVN,Eaton Vance Municipal Income Trust Common Stock,NYSE,10.5,115168.0
EVOX,Evolution Global Acquisition Corp - Class A Ordinary Shares,NASDAQ,10.069999694824219,300.0
EVTL,Vertical Aerospace Ltd. Ordinary Shares,NYSE,1.2999999523162842,2009914.0
EXFY,"Expensify, Inc. - Class A Common Stock",NASDAQ,2.0199999809265137,573490.0
EXK,Endeavour Silver Corporation Ordinary Shares (Canada),NYSE,8.960000038146973,7221376.0
EXOZ,eXoZymes Inc. - Common Stock,NASDAQ,5.440000057220459,8395.0
EXYN,"Exyn Technologies, Inc. - Common Stock",NASDAQ,2.0199999809265137,191993.0
EYPT,"EyePoint, Inc. - Common Stock",NASDAQ,12.25,2449109.0
EZGO,EZGO Technologies Ltd. - Ordinary Shares,NASDAQ,0.932699978351593,19058.0
EZRA,"Reliance Global Group, Inc. - Common Stock",NASDAQ,2.380000114440918,632812.0
F,Ford Motor Company Common Stock,NYSE,14.130000114440918,36430932.0
FABC,"Fabric.AI, Inc. - Common Stock",NASDAQ,2.740000009536743,261116.0
FAC,Factorial Energy Inc. - Class A Common Stock,NASDAQ,6.170000076293945,401318.0
FACT,FACT II Acquisition Corp. - Class A Ordinary Shares,NASDAQ,10.65999984741211,640.0
FAMI,"Farmmi, Inc. - Class A Ordinary Shares",NASDAQ,0.1599999964237213,2835224.0
FATE,"Fate Therapeutics, Inc. - Common Stock",NASDAQ,2.5999999046325684,3383423.0
FATN,"FatPipe, Inc. - common stock",NASDAQ,6.610000133514404,119611.0
FBGL,FBS Global Limited - Ordinary Shares,NASDAQ,0.41029998660087585,326296.0
FBIO,"Fortress Biotech, Inc. - Common Stock",NASDAQ,2.7899999618530273,679665.0
FBLG,"FibroBiologics, Inc. - Common Stock",NASDAQ,0.8679999709129333,162807.0
FBRT,"Franklin BSP Realty Trust, Inc. Common Stock",NYSE,7.550000190734863,880020.0
FBYD,"Falcon's Beyond Global, Inc. - Class A Common Stock",NASDAQ,9.600000381469727,211052.0
FCBM,"First Carolina Financial Services, Inc. Common Stock",NYSE,12.600000381469727,68140.0
FCHL,Fitness Champs Holdings Limited - Ordinary Shares,NASDAQ,1.2599999904632568,78576.0
FCRS,FutureCrest Acquisition Corp. Class A Ordinary Shares,NYSE,10.258999824523926,1811.0
FCUV,Focus Universal Inc. - Common Stock,NASDAQ,10.210000038146973,294537.0
FDMT,"4D Molecular Therapeutics, Inc. - Common Stock",NASDAQ,10.279999732971191,660038.0
FEAM,"5E Advanced Materials, Inc. - Common Stock",NASDAQ,1.3600000143051147,113755.0
FEBO,Fenbo Holdings Limited - Class A Ordinary Shares,NASDAQ,0.8100000023841858,4143.0
FEED,"ENvue Medical, Inc. - Common Stock",NASDAQ,0.38999998569488525,243304.0
FEMY,Femasys Inc. - Common Stock,NASDAQ,3.009999990463257,30408.0
FENC,Fennec Pharmaceuticals Inc. - Common Stock,NASDAQ,10.520000457763672,153415.0
FERA,Fifth Era Acquisition Corp I - Class A Ordinary Shares,NASDAQ,10.45009994506836,129886.0
FF,FutureFuel Corp.  Common shares,NYSE,4.949999809265137,142865.0
FFAI,Faraday Future Intelligent Electric Inc. - Class A Common Stock,NASDAQ,4.849999904632568,600978.0
FGBI,"First Guaranty Bancshares, Inc. - Common Stock",NASDAQ,9.399999618530273,8275.0
FGI,FGI Industries Ltd. - Ordinary Shares,NASDAQ,4.480000019073486,14029.0
FGII,FG Imperii Acquisition Corp. - Class A Ordinary Shares,NASDAQ,9.970000267028809,100111.0
FGL,Founder Group Limited - Class A Ordinary Shares,NASDAQ,0.8331999778747559,8717290.0
FGNX,FG Nexus Inc. - Common Stock,NASDAQ,7.820000171661377,61972.0
FHTX,Foghorn Therapeutics Inc. - Common Stock,NASDAQ,4.880000114440918,158839.0
FIEE,"FiEE, Inc - Common Stock",NASDAQ,3.1500000953674316,50589.0
FIGS,"FIGS, Inc. Class A Common Stock",NYSE,10.920000076293945,1741499.0
FIGX,FIGX Capital Acquisition Corp. - Class A ordinary share,NASDAQ,10.270000457763672,5029.0
FINS,Angel Oak Financial Strategies Income Term Trust Common Shares of Beneficial Interest,NYSE,12.5,55892.0
FINW,FinWise Bancorp - Common Stock,NASDAQ,14.100000381469727,24257.0
FIP,FTAI Infrastructure Inc. - Common Stock,NASDAQ,3.4100000858306885,2479530.0
FIRY,Firy Inc. Class A Common Stock,NYSE,9.880000114440918,253865.0
FISN,"Deep Fission, Inc. - Common Stock",NASDAQ,8.699999809265137,422797.0
FKWL,Franklin Wireless Corp. - common stock,NASDAQ,2.25,16872.0
FLD,"Fold Holdings, Inc. - Class A Common Stock",NASDAQ,0.4641999900341034,68767.0
FLG,"Flagstar Bank, N.A. Common Stock",NYSE,14.300000190734863,2483196.0
FLL,"Full House Resorts, Inc. - Common Stock",NASDAQ,2.2200000286102295,65449.0
FLNA,"Filana Therapeutics, Inc. - Common Stock",NASDAQ,0.9598000049591064,171730.0
FLNC,"Fluence Energy, Inc. - Class A Common Stock",NASDAQ,14.229999542236328,13255448.0
FLNT,"Fluent, Inc. - Common Stock",NASDAQ,3.484999895095825,5868.0
FLO,"Flowers Foods, Inc. Common Stock",NYSE,7.389999866485596,3421224.0
FLUX,"Flux Power Holdings, Inc. - Common Stock",NASDAQ,0.5389000177383423,95523.0
FLWS,"1-800-FLOWERS.COM, Inc. - Class A Common Stock",NASDAQ,4.130000114440918,265075.0
FLYE,"Fly-E Group, Inc. - Common Stock",NASDAQ,1.7400000095367432,34426.0
FLZH,"Flash Sports & Media Holdings, Inc. - Common Stock",NASDAQ,1.4700000286102295,4876759.0
FMAC,Future Money Acquisition Corporation - Ordinary Shares,NASDAQ,10.029999732971191,225.0
FMC,FMC Corporation Common Stock,NYSE,10.779999732971191,2647172.0
FMFC,Kandal M Venture Limited - Class A ordinary Shares,NASDAQ,0.30720001459121704,2283238.0
FMST,Foremost Clean Energy Ltd. - Common Shares,NASDAQ,1.4800000190734863,98401.0
FNGR,"FingerMotion, Inc. - common stock",NASDAQ,0.29089999198913574,6715629.0
FNKO,"Funko, Inc. - Class A Common Stock",NASDAQ,5.630000114440918,655991.0
FNUC,Frontier Nuclear and Minerals Inc. - Common Shares,NASDAQ,1.6799999475479126,136607.0
FNWB,First Northwest Bancorp - Common Stock,NASDAQ,11.109999656677246,21422.0
FOFO,"Hang Feng Technology Innovation Co., Ltd. - Ordinary Shares",NASDAQ,2.5999999046325684,10849.0
FORR,"Forrester Research, Inc. - Common Stock",NASDAQ,11.630000114440918,140183.0
FOSL,"Fossil Group, Inc. - Common Stock",NASDAQ,5.909999847412109,836248.0
FOXX,Foxx Development Holdings Inc. - Common Stock,NASDAQ,2.6500000953674316,2022.0
FPH,"Five Point Holdings, LLC Class A Common Shares",NYSE,5.159999847412109,246400.0
FPI,Farmland Partners Inc. Common Stock,NYSE,9.880000114440918,405547.0
FRGT,"Freight Technologies, Inc. - Ordinary Shares",NASDAQ,3.4200000762939453,12098.0
FRMI,Fermi Inc. - Common Stock,NASDAQ,6.190000057220459,11327958.0
FRMM,"Forum Markets, Incorporated - Common Stock",NASDAQ,6.230000019073486,249986.0
FRNM,"Freenome, Inc. - Common stock",NASDAQ,10.90999984741211,1224393.0
FRSH,Freshworks Inc. - Class A Common Stock,NASDAQ,11.520000457763672,9754634.0
FRTT,Fort Technology Inc. - Common Shares,NASDAQ,0.979200005531311,201075.0
FSHP,Flag Ship Acquisition Corp. - Ordinary Shares,NASDAQ,11.1850004196167,0.0
FSK,FS KKR Capital Corp. Common Stock,NYSE,11.039999961853027,2638347.0
FSM,Fortuna Mining Corp. Common Shares,NYSE,9.600000381469727,8443477.0
FT,Franklin Universal Trust Common Stock,NYSE,7.889999866485596,50655.0
FTCI,"FTC Solar, Inc. - Common Stock",NASDAQ,2.950000047683716,424943.0
FTEK,"Fuel Tech, Inc. - Common Stock",NASDAQ,1.4500000476837158,160312.0
FTFT,Future FinTech Group Inc. - Common Stock,NASDAQ,0.8440999984741211,92493.0
FTHA,Forefront Tech Holdings Acquisition Corp - Class A Ordinary Shares,NASDAQ,9.949999809265137,520.0
FTHM,Fathom Holdings Inc. - Common Stock,NASDAQ,0.7376999855041504,291720.0
FTLF,"FitLife Brands, Inc. - Common Stock",NASDAQ,10.210000038146973,4031.0
FTRA,FutureCorp Space Acquisition 1 Class A Ordinary Shares,NYSE,9.859999656677246,238.0
FTRK,FAST TRACK GROUP - Ordinary shares,NASDAQ,0.31049999594688416,54328.0
FTW,Presidio Production Company Class A Common Stock,NYSE,11.390000343322754,87879.0
FUBO,FuboTV Inc. Class A Common Stock,NYSE,10.65999984741211,3633150.0
FUFU,BitFuFu Inc. - Class A Ordinary Shares,NASDAQ,1.2799999713897705,55808.0
FULC,"Fulcrum Therapeutics, Inc. - Common Stock",NASDAQ,3.7699999809265137,1251558.0
FUSE,Fusemachines Inc. - Common stock,NASDAQ,0.8600000143051147,1446056.0
FVAV,Fortress Value Acquisition Corp. V - Class A Ordinary Shares,NASDAQ,10.15999984741211,0.0
FVN,Future Vision II Acquisition Corporation - Ordinary Shares,NASDAQ,10.789999961853027,95150.0
FVRR,"Fiverr International Ltd. Ordinary Shares, no par value",NYSE,9.449999809265137,569057.0
FWAC,Futurewave Acquisition Corporation - Ordinary Shares,NASDAQ,9.890000343322754,1037404.0
FWDI,"Forward Industries, Inc. - Common Stock",NASDAQ,4.230000019073486,531589.0
FWRG,"First Watch Restaurant Group, Inc. - Common Stock",NASDAQ,12.859999656677246,1459764.0
FXAC,FortuneX Acquisition Corporation - Ordinary shares,NASDAQ,10.024999618530273,131.0
FXHO,UTime Limited - Class A Ordinary Shares,NASDAQ,9.359999656677246,7536.0
GAB,"Gabelli Equity Trust, Inc. (The) Common Stock",NYSE,5.710000038146973,739066.0
GAIA,"Gaia, Inc. - Class A Common Stock",NASDAQ,1.899999976158142,29722.0
GALT,Galectin Therapeutics Inc. - Common Stock,NASDAQ,3.0899999141693115,353603.0
GAME,"GameSquare Holdings, Inc. - Common stock",NASDAQ,0.36000001430511475,364362.0
GANX,"Gain Therapeutics, Inc. - Common Stock",NASDAQ,1.7999999523162842,293753.0
GASS,"StealthGas, Inc. - common stock",NASDAQ,8.5600004196167,99630.0
GAUZ,Gauzy Ltd. - Ordinary Shares,NASDAQ,0.2506999969482422,209308.0
GBAB,Guggenheim Taxable Municipal Bond & Investment Grade Debt Trust Common Shares of Beneficial Interest,NYSE,13.949999809265137,71726.0
GBTG,"Global Business Travel Group, Inc. Class A Common Stock",NYSE,9.430000305175781,1732247.0
GCGR,General Catalyst Global Resilience Merger Corp. - Class A Ordinary Shares,NASDAQ,10.149999618530273,45529.0
GCL,GCL Global Holdings Ltd - Ordinary Shares,NASDAQ,0.5002999901771545,225732.0
GCMG,GCM Grosvenor Inc. - Class A Common Stock,NASDAQ,13.430000305175781,417272.0
GCTK,"GlucoTrack, Inc. - Common Stock",NASDAQ,0.5249999761581421,4558945.0
GCTS,"GCT Semiconductor Holding, Inc. Common Stock",NYSE,2.2699999809265137,2414271.0
GDC,GD Culture Group Limited - Common Stock,NASDAQ,1.649999976158142,166953.0
GDEV,GDEV Inc. - Ordinary Shares,NASDAQ,13.300000190734863,148922.0
GDHG,Golden Heaven Group Holdings Ltd.  - Class A Ordinary Shares,NASDAQ,1.3000999689102173,10328.0
GDOT,"Green Dot Corporation Class A Common Stock, $0.001 par value",NYSE,13.479999542236328,485240.0
GDRX,"GoodRx Holdings, Inc. - Class A Common Stock",NASDAQ,3.2699999809265137,2047801.0
GDTC,CytoMed Therapeutics Limited - Ordinary Shares,NASDAQ,0.8399999737739563,29520.0
GDYN,"Grid Dynamics Holdings, Inc. - Class A Common Stock",NASDAQ,7.389999866485596,2418150.0
GEG,"Great Elm Group, Inc.  - Common Stock",NASDAQ,2.1600000858306885,18475.0
GELS,Gelteq Limited - Ordinary Shares,NASDAQ,0.5641000270843506,53098.0
GEMI,"Gemini Space Station, Inc. - Class A Common Stock",NASDAQ,4.03000020980835,777955.0
GENB,"Generate Biomedicines, Inc. - Common Stock",NASDAQ,14.489999771118164,440627.0
GENI,Genius Sports Limited Ordinary Shares,NYSE,8.329999923706055,14917480.0
GENK,"GEN Restaurant Group, Inc. - Class A Common Stock",NASDAQ,2.069999933242798,12222.0
GEOS,Geospace Technologies Corporation - Common Stock,NASDAQ,7.349999904632568,73192.0
GERN,Geron Corporation - Common Stock,NASDAQ,1.6299999952316284,35935499.0
GETY,"Getty Images Holdings, Inc. Class A Common Stock",NYSE,0.47519999742507935,1836890.0
GEVO,"Gevo, Inc. - Common Stock",NASDAQ,1.5299999713897705,3106215.0
GFAI,"Guardforce AI Co., Limited - Ordinary Shares",NASDAQ,0.3352999985218048,99664.0
GFR,Greenfire Resources Ltd. Common Shares,NYSE,5.849999904632568,154384.0
GFUZ,General Fusion Group Ltd. - Common Shares,NASDAQ,9.359999656677246,222731.0
GGB,Gerdau S.A. Common Stock,NYSE,5.139999866485596,20036713.0
GGR,Gogoro Inc. - Ordinary Shares,NASDAQ,2.680000066757202,14084.0
GGRP,"The Glimpse Group, Inc. - Common Stock",NASDAQ,0.8980000019073486,12758.0
GGT,"Gabelli Multi-Media Trust, Inc. (The) Common Stock",NYSE,4.150000095367432,155542.0
GIFT,"Giftify, Inc. - Common Stock",NASDAQ,0.9140999913215637,118631.0
GIGM,GigaMedia Limited - Ordinary Shares,NASDAQ,1.4249999523162842,17012.0
GILT,Gilat Satellite Networks Ltd. - Ordinary Shares,NASDAQ,11.619999885559082,1058104.0
GIPR,Generation Income Properties Inc. - Common stock,NASDAQ,0.7656000256538391,99847.0
GITS,"Global Interactive Technologies, Inc. Common Stock - Common Stock",NASDAQ,1.9700000286102295,22246.0
GIW,GigCapital8 Corp. - Class A Ordinary Shares,NASDAQ,10.109999656677246,0.0
GIX,GigCapital9 Corp. - Class A Ordinary Share,NASDAQ,9.949999809265137,4623.0
GJH,Synthetic Fixed-Income Securities Inc 6.375% (STRATS) Cl A-1,NYSE,9.350000381469727,4379.0
GLAS,Glass House Brands Inc. Subordinate Voting Shares,NYSE,9.260000228881836,628736.0
GLBS,Globus Maritime Limited - Common Stock,NASDAQ,2.9600000381469727,46463.0
GLE,Global Engine Group Holding Limited - Class A Ordinary Shares,NASDAQ,0.32010000944137573,147416.0
GLED,GalaxyEdge Acquisition Corporation Ordinary Shares,NYSE,9.949999809265137,9743.0
GLMD,Galmed Pharmaceuticals Ltd. - Ordinary Shares,NASDAQ,0.5799999833106995,22691.0
GLND,Greenland Energy Company - Common Stock,NASDAQ,2.25,299123.0
GLOO,"Gloo Holdings, Inc. - Common Stock",NASDAQ,3.359999895095825,123527.0
GLSI,"Greenwich LifeSciences, Inc. - Common stock",NASDAQ,14.390000343322754,81251.0
GLXG,Galaxy Payroll Group Limited - Class A Ordinary Shares,NASDAQ,0.9789000153541565,54409.0
GMEX,GMEX ROBOTICS CORPORATION - Class A Ordinary Shares,NASDAQ,1.309999942779541,145515.0
GMHS,Gamehaus Holdings Inc. - Class A Ordinary Shares,NASDAQ,0.8199999928474426,6589.0
GMM,Global Mofy AI Limited  - Class A Ordinary Shares,NASDAQ,2.950000047683716,222594.0
GMRS,GMR Solutions Inc. Class A Common Stock,NYSE,12.229999542236328,164410.0
GNE,Genie Energy Ltd. Class B Common Stock Stock,NYSE,14.119999885559082,75269.0
GNL,"Global Net Lease, Inc. Common Stock",NYSE,8.619999885559082,2464289.0
GNLN,"Greenlane Holdings, Inc. - Class A Common Stock",NASDAQ,1.940000057220459,21823.0
GNLX,Genelux Corporation - Common Stock,NASDAQ,2.509999990463257,946406.0
GNPX,"Genprex, Inc. - Common Stock",NASDAQ,4.440000057220459,97544.0
GNSS,Genasys Inc. - Common Stock,NASDAQ,1.7300000190734863,77122.0
GNT,"GAMCO Natural Resources, Gold & Income Trust",NYSE,8.350000381469727,95203.0
GNW,Genworth Financial Inc Common Stock,NYSE,9.6899995803833,2459639.0
GO,Grocery Outlet Holding Corp. - Common Stock,NASDAQ,9.859999656677246,2530897.0
GOAI,Eva Live Inc. - Common Stock,NASDAQ,1.809999942779541,28359.0
GOGO,Gogo Inc. - Common Stock,NASDAQ,4.460000038146973,1635376.0
GOOD,Gladstone Commercial Corporation - Real Estate Investment Trust,NASDAQ,12.239999771118164,591291.0
GOOS,Canada Goose Holdings Inc. Subordinate Voting Shares,NYSE,8.819999694824219,1064603.0
GOSS,"Gossamer Bio, Inc. - Common Stock",NASDAQ,0.1776999980211258,7822688.0
GOVX,"GeoVax Labs, Inc. - Common Stock",NASDAQ,0.7418000102043152,132042.0
GP,GreenPower Motor Company Inc. - Common Shares,NASDAQ,1.4900000095367432,154264.0
GPAC,General Purpose Acquisition Corp. - Class A Ordinary Shares,NASDAQ,10.020000457763672,5000.0
GPAT,GP-Act III Acquisition Corp. - Class A Ordinary Share,NASDAQ,11.100000381469727,582.0
GPK,Graphic Packaging Holding Company,NYSE,11.899999618530273,5199703.0
GPMT,Granite Point Mortgage Trust Inc. Common Stock,NYSE,1.5,194410.0
GPRK,Geopark Ltd Common Shares,NYSE,9.489999771118164,234047.0
GPRO,"GoPro, Inc. - Class A Common Stock",NASDAQ,0.7214999794960022,4109129.0
GRAB,Grab Holdings Limited - Class A Ordinary Shares,NASDAQ,3.740000009536743,65634343.0
GRAN,Grande Group Limited - Class A Ordinary Shares,NASDAQ,1.5,0.0
GRCE,"Grace Therapeutics, Inc. - Common Stock",NASDAQ,2.140000104904175,640800.0
GRDX,GridAI Technologies Corp.  - Common Stock,NASDAQ,2.7699999809265137,215005.0
GRI,"GRI Bio, Inc. - Common Stock",NASDAQ,1.5299999713897705,22217.0
GRML,Greenland Mines Ltd - Common Stock,NASDAQ,0.18930000066757202,2492590.0
GRNQ,Greenpro Capital Corp. - Common Stock,NASDAQ,1.1347999572753906,5574.0
GRNT,"Granite Ridge Resources, Inc. Common Stock",NYSE,4.630000114440918,477540.0
GROV,"Grove Collaborative Holdings, Inc. Class A Common Stock",NYSE,1.1100000143051147,14002.0
GROW,"U.S. Global Investors, Inc. - Class A Common Stock",NASDAQ,3.049999952316284,8402.0
GRRR,Gorilla Technology Group Inc. - Ordinary shares,NASDAQ,12.0,800852.0
GRSD,Grandstand Limited - Ordinary Shares,NASDAQ,2.009999990463257,181118.0
GRWG,GrowGeneration Corp. - Common Stock,NASDAQ,1.4800000190734863,229378.0
GRX,The Gabelli Healthcare & Wellness Trust Common Shares of Beneficial Interest,NYSE,9.75,10865.0
GSBD,"Goldman Sachs BDC, Inc. Common Stock",NYSE,8.829999923706055,610622.0
GSHR,Gesher Acquisition Corp. II - Class A Ordinary Shares,NASDAQ,10.520000457763672,0.0
GSIT,"GSI Technology, Inc. - Common Stock",NASDAQ,6.53000020980835,546158.0
GSM,Ferroglobe PLC - Ordinary Shares,NASDAQ,4.150000095367432,5746178.0
GSRF,GSR IV Acquisition Corp. - Class A ordinary share,NASDAQ,10.170000076293945,130.0
GSRV,GSR V Acquisition Corp. - Class A ordinary shares,NASDAQ,9.850000381469727,0.0
GSUN,Golden Sun Technology Group Limited - Class A Ordinary Shares,NASDAQ,0.6154000163078308,878802.0
GT,The Goodyear Tire & Rubber Company - Common Stock,NASDAQ,6.940000057220459,7911111.0
GTBP,"GT Biopharma, Inc. - Common Stock",NASDAQ,0.3174999952316284,232234.0
GTEC,Greenland Technologies Holding Corporation - Class A Ordinary Shares,NASDAQ,0.5378999710083008,20095.0
GTEN,"Gores Holdings X, Inc. - Class A ordinary shares",NASDAQ,10.5,1350402.0
GTERA,Globa Terra Acquisition Corporation - Class A Ordinary Shares,NASDAQ,10.390000343322754,4172.0
GTIM,Good Times Restaurants Inc. - Common Stock,NASDAQ,1.4199999570846558,15443.0
GTM,ZoomInfo Technologies Inc. - Common Stock,NASDAQ,3.6600000858306885,11049947.0
GTN,"Gray Media, Inc. Common Stock",NYSE,4.349999904632568,1068567.0
GUAC,Berto Acquisition Corp. II - Ordinary Shares,NASDAQ,9.970000267028809,3000.0
GURE,"Gulf Resources, Inc. - Common Stock",NASDAQ,3.0399999618530273,2849.0
GUT,Gabelli Utility Trust (The) Common Stock,NYSE,6.360000133514404,155413.0
GUTS,"Fractyl Health, Inc. - Common Stock",NASDAQ,0.6850000023841858,1424441.0
GVH,Globavend Holdings Limited - Ord Shares,NASDAQ,0.8799999952316284,568334.0
GWAV,"Greenwave Technology Solutions, Inc. - Common Stock",NASDAQ,3.5199999809265137,85385.0
GWH,"ESS Tech, Inc. Common Stock",NYSE,0.7289999723434448,162640.0
GWRS,"Global Water Resources, Inc. - common stock",NASDAQ,7.320000171661377,42638.0
GXAI,Gaxos.ai Inc. - Common Stock,NASDAQ,0.8600000143051147,146749.0
GYGY,"Game Your Game, Inc. - Common Stock",NASDAQ,3.259999990463257,312895.0
GYRE,"Gyre Therapeutics, Inc. - Common Stock",NASDAQ,6.230000019073486,35043.0
GYRO,"Gyrodyne , LLC - Common Stock",NASDAQ,5.46999979019165,1000.0
HACQ,HCM IV Acquisition Corp. - Class A Ordinary Share,NASDAQ,10.0600004196167,0.0
HAFN,Hafnia Limited Common Shares,NYSE,7.269999980926514,1048190.0
HAIN,"The Hain Celestial Group, Inc. - Common Stock",NASDAQ,0.5568000078201294,834666.0
HAO,Haoxi Health Technology Limited - Class A Ord Share,NASDAQ,0.16099999845027924,1287014.0
HAVA,Harvard Ave Acquisition Corporation - Class A Ordinary Share,NASDAQ,10.149999618530273,2211.0
HBIO,"Harvard Bioscience, Inc. - Common Stock",NASDAQ,6.369999885559082,14145.0
HBNB,Hotel101 Global Holdings Corp. - Class A Ordinary Shares,NASDAQ,5.489999771118164,0.0
HCAC,Hall Chadwick Acquisition Corp. - Class A Ordinary Shares,NASDAQ,10.079899787902832,616.0
HCAI,"Huachen AI Parking Management Technology Holding Co., Ltd. - Class A Ordinary Shares",NASDAQ,4.570000171661377,87482.0
HCAT,"Health Catalyst, Inc - Common stock",NASDAQ,2.390000104904175,908492.0
HCHL,Happy City Holdings Limited - Class A Ordinary shares,NASDAQ,3.9600000381469727,0.0
HCIC,Hennessy Capital Investment Corp. VIII - Class A Ordinary Shares,NASDAQ,9.979999542236328,0.0
HCKT,"The Hackett Group, Inc. - Common Stock",NASDAQ,11.510000228881836,571955.0
HCMA,HCM III Acquisition Corp. - Class A Ordinary Share,NASDAQ,10.270000457763672,113.0
HCTI,"Healthcare Triangle, Inc. - Common Stock",NASDAQ,1.0800000429153442,61479.0
HCWB,HCW Biologics Inc. - Common Stock,NASDAQ,3.430000066757202,47051.0
HDRN,"Hadron Energy, Inc. - Common Stock",NASDAQ,1.6799999475479126,74410.0
HDSN,"Hudson Technologies, Inc. - Common Stock",NASDAQ,6.21999979019165,370339.0
HE,"Hawaiian Electric Industries, Inc. Common Stock",NYSE,12.59000015258789,1336304.0
HELP,Cybin Inc. - Common Stock,NASDAQ,10.529999732971191,2794788.0
HFFG,HF Foods Group Inc. - Common Stock,NASDAQ,1.4600000381469727,95897.0
HGBL,Heritage Global Inc. - Common Stock,NASDAQ,1.0399999618530273,720888.0
HGTY,"Hagerty, Inc. Class A Common Stock",NYSE,13.520000457763672,448334.0
HHS,"Harte Hanks, Inc. - Common Stock",NASDAQ,2.259999990463257,9114.0
HIHO,Highway Holdings Limited - Common Stock,NASDAQ,1.090000033378601,52860.0
HIND,"Vyome Holdings, Inc. - Common Stock",NASDAQ,2.140000104904175,9690.0
HIT,"Health In Tech, Inc. - Class A Common Stock",NASDAQ,1.159999966621399,19879.0
HITI,High Tide Inc. - Common Shares,NASDAQ,2.2699999809265137,339166.0
HIVE,HIVE Digital Technologies Ltd - Common Shares,NASDAQ,2.8399999141693115,16582114.0
HKIT,Hitek Global Inc. - Class A Ordinary Share,NASDAQ,2.9000000953674316,22156.0
HKPD,"Cellyan Biotechnology Co., Ltd  - Class A Ordinary Shares",NASDAQ,0.41019999980926514,91273.0
HLF,Herbalife Ltd. Common Shares,NYSE,12.600000381469727,2149470.0
HLIT,Harmonic Inc. - Common Stock,NASDAQ,11.979999542236328,1016254.0
HLLY,Holley Inc. Common Stock,NYSE,3.0399999618530273,1744956.0
HLMN,Hillman Solutions Corp. - Common Stock,NASDAQ,9.220000267028809,2415215.0
HLP,Hongli Group Inc. - Class A Ordinary Shares,NASDAQ,1.309999942779541,37745.0
HLX,"Helix Energy Solutions Group, Inc. Common Stock",NYSE,9.319999694824219,1614606.0
HLXC,Helix Acquisition Corp. III - Class A Ordinary Shares,NASDAQ,10.569999694824219,118096.0
HMR,Heidmar Maritime Holdings Corp. - Common Stock,NASDAQ,1.1799999475479126,38563.0
HNNA,"Hennessy Advisors, Inc. - Common Stock",NASDAQ,9.854999542236328,2178.0
HNRG,Hallador Energy Company - Common Stock,NASDAQ,14.770000457763672,980680.0
HNST,"The Honest Company, Inc. - Common Stock",NASDAQ,3.8499999046325684,1020268.0
HODO,House of Doge Inc. - Common Stock,NASDAQ,0.6220999956130981,147300.0
HOFT,Hooker Furnishings Corporation - Common Stock,NASDAQ,14.770000457763672,45637.0
HOLO,MicroCloud Hologram Inc. - Ordinary Shares,NASDAQ,1.5399999618530273,206090.0
HOPE,"Hope Bancorp, Inc. - Common Stock",NASDAQ,14.270000457763672,1214394.0
HOUR,"Hour Loop, Inc. - common stock",NASDAQ,1.8273999691009521,8365.0
HOVR,New Horizon Aircraft Ltd. - Class A Ordinary Shares,NASDAQ,1.909999966621399,2583544.0
HOWL,"Werewolf Therapeutics, Inc. - Common Stock",NASDAQ,0.4020000100135803,262278.0
HPAI,Helport AI Limited - Ordinary Shares,NASDAQ,0.4871000051498413,103558.0
HPK,"HighPeak Energy, Inc. - Common Stock",NASDAQ,6.71999979019165,489101.0
HPP,"Hudson Pacific Properties, Inc. Common Stock",NYSE,14.970000267028809,1265711.0
HQI,"HireQuest, Inc. - Common Stock",NASDAQ,12.8100004196167,5720.0
HRTX,"Heron Therapeutics, Inc.   - Common Stock",NASDAQ,0.504800021648407,1317158.0
HRZN,Horizon Technology Finance Corporation - Common Stock,NASDAQ,4.380000114440918,1159358.0
HSCS,HeartSciences Inc. - Common Stock,NASDAQ,2.2799999713897705,71929.0
HSDT,Solana Company - Class A Common Stock,NASDAQ,1.7200000286102295,146444.0
HTCO,High-Trend International Group - Class A Ordinary Shares,NASDAQ,3.4200000762939453,57959.0
HTCR,"Heartcore Enterprises, Inc. - Common Stock",NASDAQ,2.630000114440918,31519.0
HTLD,"Heartland Express, Inc. - Common Stock",NASDAQ,12.550000190734863,613871.0
HTLM,HomesToLife Ltd - Ordinary Shares,NASDAQ,1.8938000202178955,1135.0
HTOO,Fusion Fuel Green PLC - Ordinary Shares,NASDAQ,2.447000026702881,18738.0
HTZ,"Hertz Global Holdings, Inc - Common Stock",NASDAQ,1.559999942779541,25748536.0
HUBC,Hub Cyber Security Ltd. - Ordinary Shares,NASDAQ,0.8526999950408936,436847.0
HUDI,"Huadi International Group Co., Ltd. - Ordinary Shares",NASDAQ,0.6700000166893005,10034.0
HUHU,HUHUTECH International Group Inc. - Ordinary Shares,NASDAQ,5.519999980926514,6570.0
HUMA,"Humacyte, Inc. - Common Stock",NASDAQ,0.7287999987602234,2039260.0
HUN,Huntsman Corporation Common Stock,NYSE,10.140000343322754,3004985.0
HURA,"TuHURA Biosciences, Inc. - Common Stock",NASDAQ,2.0899999141693115,132886.0
HVII,Hennessy Capital Investment Corp. VII - Ordinary Shares,NASDAQ,10.510000228881836,5078.0
HVMC,Highview Merger Corp. - Class A Ordinary Share,NASDAQ,10.199999809265137,0.0
HWH,HWH International Inc. - Common Stock,NASDAQ,1.4500000476837158,3212.0
HXHX,Haoxin Holdings Limited - Class A Ordinary Shares,NASDAQ,0.4805000126361847,6988.0
HYFM,"Hydrofarm Holdings Group, Inc. - Common Stock",NASDAQ,1.6200000047683716,5163967.0
HYFT,MindWalk Holdings Corp. - Common Stock,NASDAQ,1.3200000524520874,105187.0
HYPD,"Hyperion DeFi, Inc. - Common Stock",NASDAQ,2.7300000190734863,216531.0
HYPR,"Hyperfine, Inc.  - Class A Common Stock",NASDAQ,0.9800000190734863,670538.0
IACO,Idea Acquisition Corp. - Class A Ordinary Shares,NASDAQ,9.9399995803833,1000.0
IACQ,Irenic Acquisition Corp. - Class A Ordinary Shares,NASDAQ,9.970000267028809,670.0
IBAC,IB Acquisition Corp. - Common Stock,NASDAQ,10.819999694824219,2200.0
IBG,Innovation Beverage Group Limited - Ordinary Shares,NASDAQ,0.9298999905586243,1740.0
IBIO,"iBio, Inc. - Common Stock",NASDAQ,1.399999976158142,301368.0
ICCC,ImmuCell Corporation - Common Stock,NASDAQ,10.75,15090.0
ICCM,IceCure Medical Ltd. - Ordinary Shares,NASDAQ,3.2100000381469727,71479.0
ICL,ICL Group Ltd. Ordinary Shares,NYSE,5.230000019073486,1333648.0
ICMB,"Investcorp Credit Management BDC, Inc. - Common Stock",NASDAQ,0.8259999752044678,58427.0
ICON,Icon Energy Corp. - Common stock,NASDAQ,1.0199999809265137,27214.0
ICU,SeaStar Medical Holding Corporation - Common Stock,NASDAQ,3.0199999809265137,83380.0
IDAC,Iron Dome Acquisition I Corp. - Class A Ordinary Shares,NASDAQ,9.979999542236328,0.0
IDAI,T Stamp Inc. - Class A Common Stock,NASDAQ,3.0199999809265137,18187.0
IDN,"Intellicheck, Inc. - Common Stock",NASDAQ,3.815000057220459,121687.0
IEAG,Infinite Eagle Acquisition Corp. - Class A Ordinary Shares,NASDAQ,10.210000038146973,300.0
IFBD,"Infobird Co., Ltd - Ordinary Shares",NASDAQ,1.0199999809265137,15458.0
IFRX,InflaRx N.V. - Common Stock,NASDAQ,1.7699999809265137,708073.0
IGAC,Invest Green Acquisition Corporation - Class A Ordinary Shares,NASDAQ,10.020000457763672,0.0
IHRT,"iHeartMedia, Inc. - Class A Common Stock",NASDAQ,3.809999942779541,273734.0
IHS,IHS Holding Limited Ordinary Shares,NYSE,8.180000305175781,533991.0
III,"Information Services Group, Inc. - Common Stock",NASDAQ,4.260000228881836,206320.0
IIM,Invesco Value Municipal Income Trust Common Stock,NYSE,12.579999923706055,73034.0
IKT,"Inhibikase Therapeutics, Inc. - Common Stock",NASDAQ,2.4000000953674316,1106389.0
ILAG,Intelligent Living Application Group Inc. - Ordinary Shares,NASDAQ,3.130000114440918,862.0
ILLR,Triller Group Inc. - Common Stock,NASDAQ,1.149999976158142,223321.0
ILLU,Illumination Acquisition Corp I - Class A Ordinary Shares,NASDAQ,9.920000076293945,0.0
ILPT,Industrial Logistics Properties Trust - Common Shares of Beneficial Interest,NASDAQ,8.75,325774.0
IMA,"ImageneBio, Inc. - Common Stock",NASDAQ,5.75,7511.0
IMCC,IM Cannabis Corp. - Common Shares,NASDAQ,0.125,800875.0
IMDX,Insight Molecular Diagnostics Inc. - Common Stock,NASDAQ,5.0,107136.0
IMMR,Immersion Corporation - Common Stock,NASDAQ,7.670000076293945,573688.0
IMMX,"Immix Biopharma, Inc. - Common Stock",NASDAQ,9.539999961853027,1301554.0
IMNN,"Imunon, Inc. - Common Stock",NASDAQ,1.590000033378601,44696.0
IMPP,Imperial Petroleum Inc. - Common Shares,NASDAQ,4.630000114440918,404737.0
IMRX,Immuneering Corporation - Class A Common Stock,NASDAQ,4.389999866485596,502414.0
IMSR,Terrestrial Energy Inc. - Common Stock,NASDAQ,5.349999904632568,1337254.0
IMTE,Integrated Media Technology Limited - Ordinary Shares,NASDAQ,0.48899999260902405,5454.0
IMTX,Immatics N.V. - Ordinary Shares,NASDAQ,9.770000457763672,665109.0
IMUX,"Immunic, Inc.  - Common Stock",NASDAQ,14.010000228881836,241213.0
IMXI,"International Money Express, Inc. - Common Stock",NASDAQ,12.279999732971191,303325.0
INAB,"IN8bio, Inc. - Common Stock",NASDAQ,0.9887999892234802,38069.0
INAC,Indigo Acquisition Corp. - Ordinary Shares,NASDAQ,10.300000190734863,3400.0
INBS,Intelligent Bio Solutions Inc.  - Common Stock,NASDAQ,1.7899999618530273,34668.0
INCR,Intercure Ltd. - ordinary shares,NASDAQ,0.95169997215271,3672.0
INDI,"indie Semiconductor, Inc. - Class A Common Stock",NASDAQ,3.390000104904175,4651341.0
INDP,"Indaptus Therapeutics, Inc. - Common Stock",NASDAQ,1.3300000429153442,113875.0
INEO,INNEOVA Holdings Limited - Class A Ordinary Shares,NASDAQ,0.6305999755859375,11915.0
INFQ,"Infleqtion, Inc. Common Stock",NYSE,10.850000381469727,5388295.0
INGN,"Inogen, Inc - Common Stock",NASDAQ,6.559999942779541,267953.0
INHD,Inno Holdings Inc. - Common Stock,NASDAQ,8.899999618530273,544246.0
INKT,"MiNK Therapeutics, Inc. - Common Stock",NASDAQ,11.699999809265137,14904.0
INLF,INLIF LIMITED - Class A Ordinary shares,NASDAQ,6.269999980926514,60197032.0
INM,InMed Pharmaceuticals Inc. - Common Shares,NASDAQ,1.399999976158142,116133.0
INMB,INmune Bio Inc. - Common stock,NASDAQ,1.899999976158142,485596.0
INN,"Summit Hotel Properties, Inc. Common Stock",NYSE,6.820000171661377,572662.0
INNV,InnovAge Holding Corp. - Common Stock,NASDAQ,11.09000015258789,164561.0
INO,"Inovio Pharmaceuticals, Inc. - Common Stock",NASDAQ,0.6769999861717224,2236301.0
INR,"Infinity Natural Resources, Inc. Class A Common Stock",NYSE,12.760000228881836,154797.0
INSE,"Inspired Entertainment, Inc. - Common Stock",NASDAQ,6.949999809265137,127787.0
INSG,Inseego Corp. - Common Stock,NASDAQ,7.429999828338623,493393.0
INTJ,Intelligent Group Limited - Class A Ordinary Shares,NASDAQ,2.699899911880493,5203.0
INTR,Inter & Co. Inc. - Class A Common Shares,NASDAQ,5.710000038146973,7948392.0
INTS,"Intensity Therapeutics, Inc. - Common Stock",NASDAQ,4.199999809265137,64595.0
INTZ,Intrusion Inc. - Common Stock,NASDAQ,0.7689999938011169,88797.0
INV,"Innventure, Inc. - Common Stock",NASDAQ,3.4200000762939453,1294491.0
INVE,"Identiv, Inc. - Common Stock",NASDAQ,2.5999999046325684,375962.0
INVZ,Innoviz Technologies Ltd. - Ordinary shares,NASDAQ,0.4011000096797943,8538287.0
IOTR,iOThree Limited - Ordinary Shares,NASDAQ,2.869999885559082,15066.0
IOVA,"Iovance Biotherapeutics, Inc. - Common Stock",NASDAQ,4.340000152587891,15479678.0
IPCX,Inflection Point Acquisition Corp. III - Class A ordinary shares,NASDAQ,4.619999885559082,83890.0
IPDN,"Professional Diversity Network, Inc. - Common Stock",NASDAQ,0.42590001225471497,18240.0
IPEX,Inflection Point Acquisition Corp. - Class A Ordinary Shares,NASDAQ,10.520000457763672,83224.0
IPFX,Inflection Point Acquisition Corp. VI - Class A Ordinary Shares,NASDAQ,10.140000343322754,1895.0
IPM,Intelligent Protection Management Corp.  - Common Stock,NASDAQ,1.850000023841858,3357.0
IPSC,"Century Therapeutics, Inc. - Common Stock",NASDAQ,1.9600000381469727,831991.0
IPST,"IP Strategy Holdings, Inc. - Common Stock",NASDAQ,2.240000009536743,12010.0
IPVV,"InterPrivate Investment Partners V, Inc. - Class A Ordinary Shares",NASDAQ,9.8100004196167,200.0
IPW,iPower Inc. - Common Stock,NASDAQ,0.36480000615119934,4783997.0
IPWR,Ideal Power Inc. - Common Stock,NASDAQ,4.190000057220459,238075.0
IQI,Invesco Quality Municipal Income Trust Common Stock,NYSE,9.979999542236328,122958.0
IQST,iQSTEL Inc. - Common Stock,NASDAQ,1.0800000429153442,299313.0
IRAB,Iris Acquisition Corp II Class A Ordinary Shares,NYSE,9.930000305175781,0.0
IRD,"Opus Genetics, Inc. - Common Stock",NASDAQ,3.7799999713897705,869702.0
IRHO,Iron Horse Acquisitions II Corp. - Common Stock,NASDAQ,10.010000228881836,67190.0
IRIX,IRIDEX Corporation - Common Stock,NASDAQ,0.8440999984741211,35326.0
IRWD,"Ironwood Pharmaceuticals, Inc. - Class A Common Stock",NASDAQ,4.150000095367432,2186469.0
ISNR,Snow Rothschild Acquisition Corp. - Class A Ordinary Shares,NASDAQ,9.920000076293945,112.0
ISPC,iSpecimen Inc. - Common Stock,NASDAQ,1.9199999570846558,55602.0
ISPR,Ispire Technology Inc. - Common Stock,NASDAQ,1.590000033378601,67893.0
ITG,"ITG, Inc. - Class A Common Stock",NASDAQ,12.930000305175781,127596.0
ITHA,ITHAX Acquisition Corp III - Class A Ordinary Shares,NASDAQ,10.0,8700.0
ITOC,iTonic Holdings Ltd - Class A Ordinary Shares,NASDAQ,0.28999999165534973,63086.0
IVA,Inventiva S.A. - American Depository Shares,NASDAQ,4.71999979019165,705980.0
IVDA,"Iveda Solutions, Inc. - Common Stock",NASDAQ,0.29409998655319214,623725.0
IVF,"INVO Fertility, Inc. - Common Stock",NASDAQ,1.0750000476837158,58955.0
IVR,INVESCO MORTGAGE CAPITAL INC Common Stock,NYSE,7.429999828338623,1723832.0
IVVD,"Invivyd, Inc. - Common Stock",NASDAQ,0.6043999791145325,3575633.0
IXHL,Incannex Healthcare Inc. - Common Stock,NASDAQ,3.0799999237060547,76839.0
IZEA,"IZEA Worldwide, Inc. - Common Stock",NASDAQ,3.5199999809265137,12081.0
IZM,ICZOOM Group Inc. - Class A Ordinary Shares,NASDAQ,0.25999999046325684,52888.0
JACS,Jackson Acquisition Company II Class A Ordinary Shares,NYSE,10.704999923706055,0.0
JAGX,"Jaguar Health, Inc. - Common Stock",NASDAQ,1.0549999475479126,162699.0
JATT,JATT II Acquisition Corp - Ordinary Shares,NASDAQ,12.0600004196167,0.0
JBDI,JBDI Holdings Limited - Ordinary Shares,NASDAQ,1.3300000429153442,5653.0
JBGS,JBG SMITH Properties Common Shares ,NYSE,12.199999809265137,983759.0
JBI,"Janus International Group, Inc. Common Stock",NYSE,5.639999866485596,651521.0
JBLU,JetBlue Airways Corporation - Common Stock,NASDAQ,6.360000133514404,23078388.0
JBS,JBS N.V. Class A Common Shares,NYSE,13.699999809265137,2906515.0
JCSE,JE Cleantech Holdings Limited - Ordinary Shares,NASDAQ,1.4500000476837158,2609.0
JCTC,Jewett-Cameron Trading Company - Common Shares,NASDAQ,2.7699999809265137,5868.0
JDZG,JIADE LIMITED - Class A Ordinary Shares,NASDAQ,3.7899999618530273,2619779.0
JELD,"JELD-WEN Holding, Inc. Common Stock",NYSE,1.809999942779541,2288630.0
JEM,707 Cayman Holdings Limited - Ordinary Shares,NASDAQ,5.050000190734863,77892.0
JENA,Jena Acquisition Corporation II Class A Ordinary Shares,NYSE,10.390000343322754,0.0
JFB,JFB Construction Holdings - Class A Common Stock,NASDAQ,4.46999979019165,238004.0
JHI,John Hancock Investors Trust Common Stock,NYSE,13.279999732971191,9740.0
JHS,John Hancock Income Securities Trust Common Stock,NYSE,10.899999618530273,11653.0
JL,J-Long Group Limited - Class A Ordinary Shares,NASDAQ,5.619999885559082,2195.0
JLHL,Julong Holding Limited - Class A Ordinary Shares,NASDAQ,9.350000381469727,32935084.0
JOBY,"Joby Aviation, Inc. Common Stock",NYSE,7.800000190734863,27346524.0
JRSH,"Jerash Holdings (US), Inc. - Common Stock",NASDAQ,4.800000190734863,30642.0
JRVR,"James River Group Holdings, Inc. - Common Stock",NASDAQ,4.699999809265137,118288.0
JSPR,"Jasper Therapeutics, Inc. - Class A Common Stock",NASDAQ,0.6599000096321106,335199.0
JTAI,Jet.AI Inc. - Common Stock,NASDAQ,2.119999885559082,106853.0
JUNS,"Jupiter Neurosciences, Inc. - Common Stock",NASDAQ,0.07699999958276749,6534568.0
JVA,"Coffee Holding Co., Inc. - Common Stock",NASDAQ,3.490000009536743,128928.0
JWEL,Jowell Global Ltd. - Ordinary Shares,NASDAQ,1.6449999809265137,3624.0
JXG,JX Luxventure Group Inc. - Common Stock,NASDAQ,7.090000152587891,200.0
JYD,Jayud Global Logistics Limited - Class A Ordinary Shares,NASDAQ,0.8518999814987183,21949.0
JYNT,The Joint Corp. - Common Stock,NASDAQ,8.329999923706055,66937.0
JZXN,"Jiuzi Holdings, Inc. - Ordinary Shares",NASDAQ,1.6100000143051147,452947.0
KALA,"KALA BIO, Inc. - Common Stock",NASDAQ,0.7009999752044678,39388.0
KAZR,Skyline Builders Group Holding Limited - Class A Ordinary Shares,NASDAQ,2.130000114440918,65702.0
KBDC,"Kayne Anderson BDC, Inc. Common Stock",NYSE,13.6899995803833,253971.0
KBON,Karbon Capital Partners Corp. - Class A Ordinary Shares,NASDAQ,10.079999923706055,0.0
KBSX,FST Corp. - Ordinary Shares,NASDAQ,1.0598000288009644,22781.0
KCHV,Kochav Defense Acquisition Corp. - Class A Ordinary Shares,NASDAQ,10.420000076293945,1070.0
KD,"Kyndryl Holdings, Inc. Common Stock",NYSE,13.899999618530273,8777080.0
KDK,"Kodiak AI, Inc. - Common Stock",NASDAQ,4.230000019073486,989925.0
KEEL,Keel Infrastructure Corp. - Common Stock,NASDAQ,3.930000066757202,21477383.0
KEP,Korea Electric Power Corporation Common Stock,NYSE,12.359999656677246,526372.0
KEYY,Keystone Acquisition Corp. - Class A Ordinary Shares,NASDAQ,9.869999885559082,5000.0
KFFB,Kentucky First Federal Bancorp - Common Stock,NASDAQ,5.579999923706055,807.0
KFII,K&F Growth Acquisition Corp. II - Class A Ordinary shares,NASDAQ,10.609999656677246,121.0
KG,"Kestrel Group, Ltd. - Common Stock",NASDAQ,8.800000190734863,5888.0
KGEI,Kolibri Global Energy Inc. - Common stock,NASDAQ,4.840000152587891,162522.0
KIDZ,KIDZ AI Inc. - Class B Common Stock,NASDAQ,0.4359999895095825,1941484.0
KITT,"Nauticus Robotics, Inc. - Common stock",NASDAQ,1.0099999904632568,232540.0
KLC,"KinderCare Learning Companies, Inc. Common Stock",NYSE,5.28000020980835,384405.0
KLRS,"Kalaris Therapeutics, Inc.  - Common Stock",NASDAQ,4.190000057220459,26393.0
KLTR,"Kaltura, Inc. - Common Stock",NASDAQ,1.8899999856948853,13760349.0
KLXE,"KLX Energy Services Holdings, Inc.  - Common Stock",NASDAQ,2.049999952316284,77413.0
KMDA,Kamada Ltd. - Ordinary Shares,NASDAQ,7.179999828338623,92373.0
KMRK,K-Tech Solutions Company Limited - Class A Ordinary Shares,NASDAQ,1.2100000381469727,264032.0
KNDI,"Kandi Technologies Group, Inc. - Ordinary Shares",NASDAQ,0.6952000260353088,48166.0
KODK,Eastman Kodak Company Common New,NYSE,9.859999656677246,2305291.0
KOPN,Kopin Corporation - Common Stock,NASDAQ,3.950000047683716,3009266.0
KOS,Kosmos Energy Ltd. Common Shares (DE),NYSE,2.3499999046325684,17087558.0
KOSS,Koss Corporation - Common Stock,NASDAQ,3.7300000190734863,15420.0
KOYN,CSLM Digital Asset Acquisition Corp III - Class A Ordinary Shares,NASDAQ,10.220000267028809,512.0
KPET,KPET Ultra Paceline Corporation Class A Ordinary Shares,NYSE,10.050000190734863,0.0
KPLT,"Katapult Holdings, Inc. - Common Stock",NASDAQ,6.340000152587891,12844.0
KPRX,"Kiora Pharmaceuticals, Inc.  - Common Stock",NASDAQ,2.5399999618530273,17107.0
KPTI,Karyopharm Therapeutics Inc. - Common Stock,NASDAQ,1.909999966621399,2347047.0
KRAQ,KRAKacquisition Corp - Class A Ordinary Shares,NASDAQ,9.989999771118164,13300.0
KREF,KKR Real Estate Finance Trust Inc. Common Stock,NYSE,7.21999979019165,784356.0
KRMD,"KORU Medical Systems, Inc. - Common Stock",NASDAQ,4.130000114440918,122813.0
KRNY,Kearny Financial - Common Stock,NASDAQ,9.680000305175781,601956.0
KRO,Kronos Worldwide Inc Common Stock,NYSE,6.210000038146973,420789.0
KROS,"Keros Therapeutics, Inc. - common stock",NASDAQ,9.994999885559082,330604.0
KRRO,"Korro Bio, Inc. - Common Stock",NASDAQ,11.5,105533.0
KRSP,Rice Acquisition Corporation 3 Class A Ordinary Shares,NYSE,10.470000267028809,5083.0
KSCP,"Knightscope, Inc. - Class A Common Stock",NASDAQ,1.5700000524520874,1015879.0
KTCC,Key Tronic Corporation - Common Stock,NASDAQ,4.070000171661377,12351.0
KTF,DWS Municipal Income Trust,NYSE,8.960000038146973,279328.0
KTTA,Pasithea Therapeutics Corp. - Common Stock,NASDAQ,0.44999998807907104,216160.0
KTWO,K2 Capital Acquisition Corporation - Class A Ordinary Share,NASDAQ,9.960000038146973,400.0
KURA,"Kura Oncology, Inc. - Common Stock",NASDAQ,9.199999809265137,1247806.0
KUST,"Kustom Entertainment, Inc. - Common Stock",NASDAQ,1.399999976158142,838794.0
KVAC,Keen Vision Acquisition Corporation - Ordinary Shares,NASDAQ,11.89015007019043,6001.0
KVHI,"KVH Industries, Inc. - Common Stock",NASDAQ,9.720000267028809,158362.0
KWM,"K Wave Media, Ltd. - Ordinary Shares",NASDAQ,2.25,258676.0
KWY,Kingsway Corporation Common Stock,NYSE,9.15999984741211,52296.0
KXIN,Kaixin Holdings - Ordinary Shares,NASDAQ,5.0,10300.0
KYIV,Kyivstar Group Ltd. - Common Shares,NASDAQ,13.220000267028809,404111.0
KYNB,"Kyntra Bio, Inc. - Common Stock",NASDAQ,6.989999771118164,7297.0
KYTX,"Kyverna Therapeutics, Inc. - Common Stock",NASDAQ,7.639999866485596,566414.0
LAB,Standard BioTools Inc. - Common Stock,NASDAQ,0.7840999960899353,2153294.0
LABT,Lakewood-Amedex Biotherapeutics Inc. - Common Stock,NASDAQ,2.309999942779541,161891.0
LAC,Lithium Americas Corp. Common Shares,NYSE,3.0899999141693115,8296828.0
LADR,Ladder Capital Corp Class A Common Stock,NYSE,9.479999542236328,1121216.0
LAES,SEALSQ Corp - Ordinary Shares,NASDAQ,2.4600000381469727,7262061.0
LAFA,LaFayette Acquisition Corp. - Ordinary Share,NASDAQ,10.119999885559082,1014.0
LAKE,"Lakeland Industries, Inc. - Common Stock",NASDAQ,12.4399995803833,31308.0
LAND,Gladstone Land Corporation - Common Stock,NASDAQ,8.199999809265137,716485.0
LANV,Lanvin Group Holdings Limited Ordinary Shares,NYSE,1.2599999904632568,148679.0
LAR,Lithium Argentina AG Common Shares,NYSE,6.349999904632568,1132130.0
LASE,Laser Photonics Corporation - Common Stock,NASDAQ,1.100000023841858,1862019.0
LATA,Galata Acquisition Corp. II - Class A Ordinary Shares,NASDAQ,10.140000343322754,5300.0
LAW,"CS Disco, Inc. Common Stock",NYSE,4.050000190734863,259871.0
LAWR,"Robot Consulting Co., Ltd. - ADS",NASDAQ,3.75,0.0
LBGJ,Li Bang International Corporation Inc. - Class A Ordinary Shares,NASDAQ,3.5399999618530273,313959.0
LBTYA,Liberty Global Ltd. - Class A Common Shares,NASDAQ,10.569999694824219,2228026.0
LBTYB,Liberty Global Ltd. - Class B Common Shares,NASDAQ,12.199999809265137,0.0
LBTYK,Liberty Global Ltd. - Class C Common Shares,NASDAQ,10.289999961853027,2020789.0
LCCC,Lakeshore Acquisition III Corp. - Ordinary Shares,NASDAQ,10.479999542236328,0.0
LCFY,Locafy Limited - Ordinary Share,NASDAQ,2.3299999237060547,10764.0
LCID,"Lucid Group, Inc. - Common Stock",NASDAQ,6.699999809265137,21256433.0
LCUT,"Lifetime Brands, Inc. - Common Stock",NASDAQ,8.420000076293945,88444.0
LDI,"loanDepot, Inc. Class A Common Stock",NYSE,1.0399999618530273,2131166.0
LE,"Lands' End, Inc. - Common Stock",NASDAQ,12.789999961853027,128850.0
LEDS,SemiLEDS Corporation - Common Stock,NASDAQ,2.0899999141693115,32149.0
LEE,"Lee Enterprises, Incorporated - Common Stock",NASDAQ,7.96999979019165,65859.0
LEG,"Leggett & Platt, Incorporated Common Stock",NYSE,10.25,1594610.0
LENZ,"LENZ Therapeutics, Inc. - Common Stock",NASDAQ,5.269999980926514,961381.0
LEO,"BNY Mellon Strategic Municipals, Inc. Common Stock",NYSE,6.159999847412109,451585.0
LESL,"Leslie's, Inc. - Common Stock",NASDAQ,1.3600000143051147,626032.0
LEXX,Lexaria Bioscience Corp. - Common Stock,NASDAQ,5.670000076293945,72229.0
LFAC,Leapfrog Acquisition Corporation - Class A Ordinary Shares,NASDAQ,10.050000190734863,300.0
LFCR,"Lifecore Biomedical, Inc. - Common Stock",NASDAQ,4.440000057220459,143462.0
LFMD,"LifeMD, Inc. - Common Stock",NASDAQ,3.680000066757202,1714821.0
LFST,"LifeStance Health Group, Inc. - Common Stock",NASDAQ,10.369999885559082,4335332.0
LFT,"Lument Finance Trust, Inc. Common Stock",NYSE,0.6498000025749207,447247.0
LFVN,Lifevantage Corporation - Common Stock,NASDAQ,6.659999847412109,53941.0
LFWD,Lifeward Ltd. - Ordinary Shares,NASDAQ,7.250100135803223,4995.0
LGCL,Lucas GC Limited - Class A Ordinary Shares,NASDAQ,1.350000023841858,231827.0
LGO,Largo Inc. - Common Shares,NASDAQ,0.7020999789237976,436004.0
LGVN,Longeveron Inc. - Class A Common stock,NASDAQ,0.7271000146865845,226953.0
LHAI,Linkhome Holdings Inc. - Common stock,NASDAQ,0.8240000009536743,119940.0
LHSW,Lianhe Sowell International Group Ltd - Class A Ordinary Shares,NASDAQ,2.6600000858306885,46086.0
LICN,Lichen International Limited - Class A Ordinary Shares,NASDAQ,1.1200000047683716,73503.0
LIDR,"AEye, Inc. - Class A Common Stock",NASDAQ,1.2599999904632568,1649314.0
LIEN,"Chicago Atlantic BDC, Inc. - Common Stock",NASDAQ,9.350000381469727,48806.0
LILA,Liberty Latin America Ltd. - Class A Common Stock,NASDAQ,8.380000114440918,653784.0
LILAK,Liberty Latin America Ltd. - Class C Common Stock,NASDAQ,8.260000228881836,1085290.0
LIMN,"Liminatus Pharma, Inc. - Class A Common Stock",NASDAQ,0.10499999672174454,2741914.0
LINK,"Interlink Electronics, Inc. - Common Stock",NASDAQ,4.545000076293945,8143.0
LION,Lionsgate Studios Corp Common Shares,NYSE,12.979999542236328,1427466.0
LIQT,"LiqTech International, Inc. - Common Stock",NASDAQ,0.6600000262260437,136727.0
LITS,"Lite Strategy, Inc. - Common Stock",NASDAQ,0.9553999900817871,93162.0
LIVE,Live Ventures Incorporated - Common Stock,NASDAQ,9.59000015258789,7915.0
LKSP,Lake Superior Acquisition Corp. - Class A Ordinary Shares,NASDAQ,10.170000076293945,1700.0
LMNR,Limoneira Co - Common Stock,NASDAQ,13.710000038146973,45822.0
LMRI,"Lumexa Imaging Holdings, Inc. - Common Stock",NASDAQ,11.300000190734863,300935.0
LNAI,Lunai Bioworks Inc. - Common Stock,NASDAQ,2.4800000190734863,101437.0
LND,Brasilagro Brazilian Agric Real Estate Co Sponsored ADR (Brazil),NYSE,3.609999895095825,20044.0
LNKS,Linkers Industries Limited - Class A Ordinary Shares,NASDAQ,1.0499999523162842,126677.0
LNSR,"LENSAR, Inc. - Common Stock",NASDAQ,5.829999923706055,14865.0
LNZA,"LanzaTech Global, Inc. - Common Stock",NASDAQ,6.400000095367432,21003.0
LOAN,"Manhattan Bridge Capital, Inc - Common Stock",NASDAQ,4.130000114440918,47282.0
LOBO,LOBO TECHNOLOGIES LTD. - Class A Ordinary Shares,NASDAQ,0.7229999899864197,16441.0
LOCL,Local Bounti Corporation Common Stock,NYSE,1.0299999713897705,4196.0
LOMA,Loma Negra Compania Industrial Argentina Sociedad Anonima ADS,NYSE,11.170000076293945,185632.0
LONA,"LeonaBio, Inc. - Common Stock",NASDAQ,7.679999828338623,7817.0
LOOP,"Loop Industries, Inc. - Common Stock",NASDAQ,0.6861000061035156,59535.0
LPAA,Launch One Acquisition Corp. - Class A Ordinary Shares,NASDAQ,10.739999771118164,500.0
LPBB,Launch Two Acquisition Corp. - Class A Ordinary Shares,NASDAQ,10.770000457763672,8630.0
LPCN,Lipocine Inc. - Common Stock,NASDAQ,2.1700000762939453,56187.0
LPCV,Launchpad Cadenza Acquisition Corp I - Class A Ordinary Share,NASDAQ,10.0,1800.0
LPL,"LG Display Co, Ltd AMERICAN DEPOSITORY SHARES",NYSE,3.259999990463257,3203054.0
LPSN,"LivePerson, Inc. - Common Stock",NASDAQ,2.115000009536743,441885.0
LPTH,"LightPath Technologies, Inc. - Class A Common Stock",NASDAQ,11.989999771118164,1454534.0
LRHC,La Rosa Holdings Corp. - Common Stock,NASDAQ,0.826200008392334,98301.0
LRMR,"Larimar Therapeutics, Inc. - Common Stock",NASDAQ,4.099999904632568,1268709.0
LSAK,"Lesaka Technologies, Inc. - Common Stock",NASDAQ,4.75,171631.0
LSE,"Leishen Energy Holding Co., Ltd. - Class A Ordinary Shares",NASDAQ,4.599999904632568,438.0
LSH,Lakeside Holding Limited - Common Stock,NASDAQ,0.6930000185966492,122173300.0
LSPD,Lightspeed Commerce Inc. Subordinate Voting Shares,NYSE,10.350000381469727,1044842.0
LSTA,"Lisata Therapeutics, Inc. - Common Stock",NASDAQ,1.1200000047683716,55167.0
LTBR,Lightbridge Corporation - Common Stock,NASDAQ,8.960000038146973,749037.0
LTGR,Long Table Growth Corp. - Class A Ordinary Shares,NASDAQ,9.9399995803833,140.0
LTRN,Lantern Pharma Inc. - Common Stock,NASDAQ,2.799999952316284,42528.0
LTRX,"Lantronix, Inc. - Common Stock",NASDAQ,5.889999866485596,645029.0
LUCD,Lucid Diagnostics Inc. - Common Stock,NASDAQ,1.0,2287197.0
LUCK,Lucky Strike Entertainment Corporation Class A Common Stock,NYSE,6.789999961853027,58438.0
LUCY,"Innovative Eyewear, Inc. - Common Stock",NASDAQ,0.7135000228881836,104807.0
LUMN,"Lumen Technologies, Inc. Common Stock",NYSE,6.079999923706055,27711100.0
LUNG,Pulmonx Corporation - Common Stock,NASDAQ,1.9800000190734863,545621.0
LUNR,"Intuitive Machines, Inc. - Class A Common Stock",NASDAQ,13.989999771118164,8414519.0
LVO,"LiveOne, Inc. - Common Stock",NASDAQ,4.150000095367432,76632.0
LVWR,"LiveWire Group, Inc. Common Stock",NYSE,1.2400000095367432,807017.0
LWAC,LightWave Acquisition Corp. - Class A Ordinary Shares,NASDAQ,10.289999961853027,0.0
LWLG,"Lightwave Logic, Inc. - Common Stock",NASDAQ,7.269999980926514,2991655.0
LXEO,"Lexeo Therapeutics, Inc. - Common Stock",NASDAQ,4.449999809265137,906734.0
LXRX,"Lexicon Pharmaceuticals, Inc. - Common Stock",NASDAQ,2.450000047683716,3938822.0
LXU,"LSB Industries, Inc. Common Stock",NYSE,9.6899995803833,755369.0
LYEL,"Lyell Immunopharma, Inc. - Common Stock",NASDAQ,13.449999809265137,482692.0
LZ,"LegalZoom.com, Inc. - Common Stock",NASDAQ,8.100000381469727,2208630.0
LZM,Lifezone Metals Limited Ordinary Shares,NYSE,3.950000047683716,470937.0
LZMH,LZ Technology Holdings Limited - Class B Ordinary Shares,NASDAQ,1.2300000190734863,12173.0
MACI,Melar Acquisition Corp. I - Class A Ordinary Shares,NASDAQ,10.954999923706055,400.0
MAGH,Magnitude International Ltd - Ordinary Shares,NASDAQ,6.760000228881836,0.0
MAGN,Magnera Corporation Common Stock,NYSE,13.539999961853027,256242.0
MAKO,Mako Mining Corp - Common Stock,NASDAQ,8.199999809265137,192823.0
MAMK,MaxsMaking Inc. - Class A Ordinary Shares,NASDAQ,13.0,0.0
MAMO,Massimo Group - Common Stock,NASDAQ,1.090000033378601,118160.0
MARA,"MARA Holdings, Inc. - Common Stock",NASDAQ,11.239999771118164,27040908.0
MASK,3 E Network Technology Group Ltd - Class A Ordinary Shares,NASDAQ,1.4700000286102295,71199.0
MASS,908 Devices Inc. - Common Stock,NASDAQ,8.40999984741211,243678.0
MAT,"Mattel, Inc. - Common Stock",NASDAQ,14.460000038146973,8393755.0
MATH,Metalpha Technology Holding Limited - Ordinary Shares,NASDAQ,0.9241999983787537,13735.0
MATV,"Mativ Holdings, Inc. Common Stock",NYSE,9.569999694824219,378233.0
MAX,"MediaAlpha, Inc. Class A Common Stock",NYSE,12.329999923706055,828591.0
MB,MasterBeef Group - Ordinary Shares,NASDAQ,4.090000152587891,1500.0
MBAI,Check-Cap Ltd. - Ordinary Share,NASDAQ,1.2999999523162842,188330.0
MBC,"MasterBrand, Inc. Common Stock",NYSE,9.140000343322754,2011292.0
MBI,MBIA Inc. Common Stock,NYSE,5.309999942779541,311072.0
MBIO,"Mustang Bio, Inc. - Common Stock",NASDAQ,0.5968999862670898,6677.0
MBLY,Mobileye Global Inc. - Class A Common Stock,NASDAQ,8.449999809265137,4229149.0
MBOT,Microbot Medical Inc.  - Common Stock,NASDAQ,1.850000023841858,462421.0
MBRX,"Moleculin Biotech, Inc. - Common Stock",NASDAQ,0.38999998569488525,1427104.0
MBVI,M3-Brigade Acquisition VI Corp. - Class A Ordinary Shares,NASDAQ,10.199999809265137,100.0
MCAH,Mountain Crest Acquisition 6 Corp. - Ordinary Shares,NASDAQ,9.960000038146973,100.0
MCGA,Yorkville Acquisition Corp. - Class A Ordinary Share,NASDAQ,10.229999542236328,38296.0
MCHX,"Marchex, Inc. - Class B Common Stock",NASDAQ,1.8200000524520874,10976.0
MCRB,"Seres Therapeutics, Inc. - Common Stock",NASDAQ,5.005000114440918,141604.0
MDAI,"Spectral AI, Inc. - Class A Common Stock",NASDAQ,1.6299999952316284,213991.0
MDBH,"MDB Capital Holdings, LLC - Class A common ",NASDAQ,3.0950000286102295,342.0
MDCX,Medicus Pharma Ltd. - Common Stock,NASDAQ,0.29679998755455017,1641835.0
MDIA,Mediaco Holding Inc. - Class A Common Stock,NASDAQ,1.0299999713897705,11821.0
MDRR,"Medalist Diversified, Inc. - Common Stock",NASDAQ,12.170000076293945,111770.0
MDWD,MediWound Ltd. - Ordinary Shares,NASDAQ,14.1899995803833,65376.0
MDXG,"MiMedx Group, Inc - Common Stock",NASDAQ,4.159999847412109,1466714.0
MDXH,MDxHealth SA - Ordinary Shares,NASDAQ,0.4336000084877014,121426.0
MED,MEDIFAST INC Common Stock,NYSE,12.279999732971191,347349.0
MEDS,"DataMeds AI, Inc. - Common Stock",NASDAQ,2.799999952316284,582096.0
MEGL,Magic Empire Global Limited - Class A Ordinary Shares,NASDAQ,1.2200000286102295,11508.0
MENS,Jyong Biotech Ltd. - Ordinary shares,NASDAQ,2.049999952316284,52153.0
MERC,Mercer International Inc. - Common Stock,NASDAQ,0.6769000291824341,138812.0
MESH,Meshflow Acquisition Corp. - Class A Ordinary Shares,NASDAQ,10.03499984741211,885.0
METC,"Ramaco Resources, Inc. - Class A Common Stock",NASDAQ,9.239999771118164,3279522.0
METCB,"Ramaco Resources, Inc. - Class B Common Stock",NASDAQ,6.340000152587891,59649.0
MEVO,M Evo Global Acquisition Corp II - Class A Ordinary Shares,NASDAQ,9.960000038146973,0.0
MF,MindForge Inc. - Class A Ordinary Shares,NASDAQ,9.359999656677246,120461.0
MFA,"MFA Financial, Inc.",NYSE,9.0600004196167,2964464.0
MFG,"Mizuho Financial Group, Inc. Sponosred ADR (Japan)",NYSE,10.699999809265137,4293834.0
MFI,mF International Limited - Class A Ordinary Shares,NASDAQ,7.929999828338623,201.0
MFIN,Medallion Financial Corp. - Common Stock,NASDAQ,10.789999961853027,76356.0
MGIH,Millennium Group International Holdings Limited - Ordinary Shares,NASDAQ,1.5,16474.0
MGN,Megan Holdings Limited - Class A Ordinary Shares,NASDAQ,0.14069999754428864,14597218.0
MGNX,"MacroGenics, Inc. - Common Stock",NASDAQ,3.9000000953674316,258484.0
MGRX,"Mangoceuticals, Inc. - Common Stock",NASDAQ,0.4255000054836273,2405793.0
MGTX,MeiraGTx Holdings plc - Ordinary Shares,NASDAQ,12.550000190734863,416553.0
MGX,"Metagenomi Therapeutics, Inc. - Common Stock",NASDAQ,1.215000033378601,77144.0
MH,"McGraw Hill, Inc. Common Stock",NYSE,11.670000076293945,244600.0
MIMI,Mint Incorporation Limited - Class A Ordinary Shares,NASDAQ,1.909999966621399,470181.0
MIND,"MIND Technology, Inc. - Common Stock",NASDAQ,5.28000020980835,86953.0
MIRA,"MIRA Pharmaceuticals, Inc. - Common Stock",NASDAQ,0.6577000021934509,69512.0
MIST,Milestone Pharmaceuticals Inc. - Common Shares,NASDAQ,1.1449999809265137,599699.0
MITT,"TPG Mortgage Investment Trust, Inc. Common Stock",NYSE,7.03000020980835,124981.0
MKDW,MKDWELL Tech Inc. - Ordinary Shares,NASDAQ,11.5447998046875,831.0
MKLY,McKinley Acquisition Corporation - Class A Ordinary Shares,NASDAQ,10.21500015258789,18460.0
MKZR,"MacKenzie Realty Capital, Inc. - Common Stock",NASDAQ,1.5299999713897705,75666.0
MLAA,Mountain Lake Acquisition Corp. II - Class A Ordinary Shares,NASDAQ,9.970000267028809,7900.0
MLCI,Mount Logan Capital Inc. - Common Stock,NASDAQ,2.940000057220459,15470.0
MLEC,Moolec Science SA - Ordinary Shares,NASDAQ,7.099999904632568,889.0
MLGO,"MicroAlgo, Inc. - Ordinary Shares",NASDAQ,4.03000020980835,12688.0
MMTX,Miluna Acquisition Corp - Class A Ordinary Shares,NASDAQ,10.100000381469727,1821.0
MNDO,MIND C.T.I. Ltd. - Ordinary Shares,NASDAQ,1.0700000524520874,42316.0
MNDR,Mobile-health Network Solutions - Class A Ordinary Shares,NASDAQ,1.6799999475479126,160444.0
MNKD,MannKind Corporation - Common Stock,NASDAQ,4.099999904632568,6676798.0
MNOV,"MediciNova, Inc. - Common Stock",NASDAQ,1.3300000429153442,13235.0
MNRO,"Monro, Inc.  - Common Stock",NASDAQ,13.149999618530273,872183.0
MNTK,"Montauk Renewables, Inc. - Common Stock",NASDAQ,1.7100000381469727,170857.0
MNTN,"MNTN, Inc. Class A Common Stock",NYSE,10.430000305175781,2313178.0
MNTS,Momentus Inc. - Class A Common Stock,NASDAQ,4.239999771118164,1837574.0
MNY,MoneyHero Limited - Class A Ordinary Shares,NASDAQ,0.9298999905586243,4423.0
MOB,Mobilicom Limited - Ordinary Shares,NASDAQ,5.619999885559082,166953.0
MOBI,"Mobia Medical, Inc. - Common Stock",NASDAQ,12.25,80913.0
MOBX,"Mobix Labs, Inc. - Class A Common Stock",NASDAQ,1.7599999904632568,226327.0
MODD,"Modular Medical, Inc. - common stock",NASDAQ,2.009999990463257,146318.0
MOVE,"Corvex, Inc. - Common Stock",NASDAQ,12.15999984741211,284910.0
MPAA,"Motorcar Parts of America, Inc. - Common Stock",NASDAQ,13.880000114440918,60779.0
MPLT,"MapLight Therapeutics, Inc. - Common Stock",NASDAQ,12.920000076293945,879888.0
MPT,"Medical Properties Trust, Inc. common stock",NYSE,4.659999847412109,2283824.0
MRDN,Meridian Holdings Inc. - Common Stock,NASDAQ,14.010000228881836,54761.0
MRKR,"Marker Therapeutics, Inc. - Common Stock",NASDAQ,1.1399999856948853,102986.0
MRLN,"Merlin, Inc. - Common Stock",NASDAQ,4.150000095367432,830799.0
MRNO,Murano Global Investments PLC - Ordinary Shares,NASDAQ,0.22599999606609344,122865.0
MRTN,"Marten Transport, Ltd. - Common Stock",NASDAQ,14.930000305175781,744559.0
MRVI,"Maravai LifeSciences Holdings, Inc. - Class A common stock",NASDAQ,6.409999847412109,1177213.0
MSAI,"MultiSensor AI Holdings, Inc. - Common Stock",NASDAQ,5.260000228881836,8446.0
MSGM,Motorsport Games Inc. - Class A Common Stock,NASDAQ,4.460000038146973,34749.0
MSGY,Masonglory Limited - Ordinary Shares,NASDAQ,0.2680000066757202,339599.0
MSLE,Satellos Bioscience Inc. - Common Stock,NASDAQ,10.010000228881836,30206.0
MSS,Maison Solutions Inc. - Class A Common Stock,NASDAQ,1.4800000190734863,277093.0
MTAL,Metals Acquisition Corp. II Class A Ordinary Shares,NYSE,10.1899995803833,43246.0
MTC,"MMTec, Inc. - Common Shares",NASDAQ,3.1500000953674316,10703.0
MTEK,Maris-Tech Ltd. - ordinary shares,NASDAQ,1.159999966621399,12870.0
MTEN,Mingteng International Corporation Inc. - Class A Ordinary Shares,NASDAQ,0.9988999962806702,81235.0
MTEX,"Mannatech, Incorporated - Common Stock",NASDAQ,5.070000171661377,6700.0
MTNE,CH4 Natural Solutions Corporation Class A Ordinary Shares,NYSE,9.869999885559082,100.0
MTR,Mesa Royalty Trust Common Stock,NYSE,2.8499999046325684,4594.0
MTRX,Matrix Service Company - Common Stock,NASDAQ,11.550000190734863,216952.0
MTVA,MetaVia Inc.  - Common Stock,NASDAQ,1.4900000095367432,46386.0
MTW,"Manitowoc Company, Inc. (The) Common Stock",NYSE,14.25,171757.0
MUZE,Muzero Acquisition Corp - Class A Ordinary Shares,NASDAQ,9.960000038146973,2200.0
MVIS,"MicroVision, Inc. - Common Stock",NASDAQ,3.174999952316284,1254117.0
MVST,"Microvast Holdings, Inc. - Common Stock",NASDAQ,0.8431000113487244,9649826.0
MWYN,"Marwynn Holdings, Inc. - Common stock",NASDAQ,0.7290999889373779,193156.0
MX,Magnachip Semiconductor Corporation Common Stock,NYSE,3.6700000762939453,871487.0
MXCT,"MaxCyte, Inc. - Common Stock",NASDAQ,1.0700000524520874,496080.0
MYGN,"Myriad Genetics, Inc. - Common Stock",NASDAQ,3.1500000953674316,3690182.0
MYPS,"PLAYSTUDIOS, Inc.  - Class A Common Stock",NASDAQ,0.7389000058174133,192299.0
MYSE,"Myseum.AI, Inc. - Common Stock",NASDAQ,2.3399999141693115,58667.0
MYSZ,"My Size, Inc. - Common Stock",NASDAQ,0.385699987411499,8674.0
MYX,Maywood Acquisition Corp. 2 - Class A Ordinary Share,NASDAQ,9.960000038146973,0.0
MZYX,MOZAYYX Acquisition Corp. Class A Ordinary Shares,NYSE,9.920000076293945,121.0
NABL,"N-able, Inc. Common Stock",NYSE,4.989999771118164,1246709.0
NAGE,"Niagen Bioscience, Inc. - Common Stock",NASDAQ,2.9600000381469727,1814070.0
NAII,"Natural Alternatives International, Inc. - Common Stock",NASDAQ,2.259999990463257,26417.0
NAKA,Nakamoto Inc. - Common Stock,NASDAQ,4.849999904632568,43869.0
NAMM,Namib Minerals - Ordinary Shares,NASDAQ,1.4900000095367432,911817.0
NAT,Nordic American Tankers Limited Common Stock,NYSE,6.130000114440918,2034180.0
NAUT,"Nautilus Biotechnology, Inc. - Common Stock",NASDAQ,0.9300000071525574,853542.0
NAVI,Navient Corporation - Common Stock,NASDAQ,9.0600004196167,827067.0
NB,NioCorp Developments Ltd. - Common Stock,NASDAQ,5.019999980926514,3891279.0
NBRG,Newbridge Acquisition Limited - Class A Ordinary Share,NASDAQ,9.970000267028809,8900.0
NCDL,Nuveen Churchill Direct Lending Corp. Common Stock,NYSE,12.5,180864.0
NCEL,NewcelX Ltd. - Ordinary Shares,NASDAQ,3.559999942779541,5969.0
NCI,Neo-Concept International Group Holdings Limited - Class A Ordinary Shares,NASDAQ,11.760000228881836,818553.0
NCMI,"National CineMedia, Inc. - Common Stock",NASDAQ,4.090000152587891,307637.0
NCO,Southern Cross Acquisition I Corp. - Ordinary Shares,NASDAQ,9.850000381469727,225065.0
NCPL,Netcapital Inc. - Common Stock,NASDAQ,0.40950000286102295,28675.0
NCRA,"Nocera, Inc. - common stock",NASDAQ,1.8300000429153442,143510.0
NCT,Intercont (Cayman) Limited - Class A Ordinary shares,NASDAQ,3.4600000381469727,1052364.0
NCTY,The9 Limited - American Depository Shares,NASDAQ,4.989999771118164,236671.0
NDRA,ENDRA Life Sciences Inc. - Common Stock,NASDAQ,4.539999961853027,20231.0
NEOG,Neogen Corporation - Common Stock,NASDAQ,11.399999618530273,3253687.0
NEON,Neonode Inc. - Common Stock,NASDAQ,0.9101999998092651,106123.0
NEOV,NeoVolta Inc. - Common Stock,NASDAQ,2.869999885559082,3484801.0
NEPH,"Nephros, Inc. - Common Stock",NASDAQ,3.5799999237060547,2210.0
NERV,"Minerva Neurosciences, Inc - Common Stock",NASDAQ,4.349999904632568,115990.0
NEUP,Neuphoria Therapeutics Inc. - Common Stock,NASDAQ,3.950000047683716,40897.0
NEXA,Nexa Resources S.A. Common Shares,NYSE,14.050000190734863,1148698.0
NEXM,NexMetals Mining Corp. - Common Stock,NASDAQ,2.2899999618530273,13390.0
NEXN,Nexxen International Ltd. - Ordinary Shares,NASDAQ,10.470000267028809,451353.0
NEXR,Nexera Technologies Ltd - Ordinary Shares,NASDAQ,2.549999952316284,1392526.0
NEXT,NextDecade Corporation - Common Stock,NASDAQ,6.420000076293945,2239487.0
NFE,New Fortress Energy Inc. - Class A Common Stock,NASDAQ,0.33410000801086426,675288.0
NGEN,NervGen Pharma Corp. - Common stock,NASDAQ,1.6799999475479126,596434.0
NHIC,NewHold Investment Corp III - Class A Ordinary shares,NASDAQ,10.680000305175781,15227.0
NHIV,NewHold Investment Corp IV - Class A Ordinary Shares,NASDAQ,10.15999984741211,0.0
NHTC,Natural Health Trends Corp. - Common Stock,NASDAQ,1.6100000143051147,172810.0
NIKI,"Niki BioSolutions, Inc. - Common Stock",NASDAQ,9.390000343322754,34549.0
NIQ,NIQ Global Intelligence plc Ordinary Shares,NYSE,11.65999984741211,887311.0
NIVF,NewGenIvf Group Limited - Class A Ordinary Shares,NASDAQ,0.6207000017166138,220531.0
NIXX,"Nixxy, Inc. - Common Stock",NASDAQ,0.534500002861023,555605.0
NKLR,Terra Innovatum Global N.V. - Ordinary shares,NASDAQ,5.760000228881836,533214.0
NKTX,"Nkarta, Inc. - Common Stock",NASDAQ,2.200000047683716,806229.0
NL,"NLI Holdings, Inc. Common Stock",NYSE,5.75,42493.0
NLOP,Net Lease Office Properties Common Shares of Beneficial Interest,NYSE,11.869999885559082,129547.0
NMAD,"Nomad Power Solutions, Inc. - Common Stock",NASDAQ,3.890000104904175,324092.0
NMAX,"Newsmax, Inc. Class B Common Stock",NYSE,8.40999984741211,547255.0
NMFC,New Mountain Finance Corporation - Common Stock,NASDAQ,7.349999904632568,671486.0
NMG,Nouveau Monde Graphite Inc. Common Shares,NYSE,1.3600000143051147,365310.0
NMP,NMP Acquisition Corp. - Class A Ordinary Shares,NASDAQ,10.300000190734863,0.0
NMRA,"Neumora Therapeutics, Inc. - Common Stock",NASDAQ,1.6100000143051147,653916.0
NMTC,NeuroOne Medical Technologies Corporation - Common Stock,NASDAQ,1.649999976158142,83500.0
NN,NextNav Inc. - Common stock,NASDAQ,14.824999809265137,3414130.0
NNBR,"NN, Inc. - Common Stock",NASDAQ,3.9000000953674316,1775708.0
NNNN,Anbio Biotechnology - Class A Ordinary Shares,NASDAQ,10.149999618530273,17027.0
NNOX,NANO-X IMAGING LTD - Ordinary Shares,NASDAQ,1.0,1026750.0
NOA,North American Construction Group Ltd. Common Shares (no par),NYSE,14.319999694824219,83461.0
NOEM,CO2 Energy Transition Corp. - Common Stock,NASDAQ,10.720000267028809,130890.0
NOMA,NOMADAR Corp. - Class A Common Stock,NASDAQ,2.859999895095825,1727.0
NOMD,Nomad Foods Limited Ordinary Shares,NYSE,11.8100004196167,678912.0
NPAC,New Providence Acquisition Corp. III - Ordinary Shares,NASDAQ,10.420100212097168,600.0
NPCE,"Neuropace, Inc. - Common Stock",NASDAQ,13.699999809265137,274077.0
NPKI,NPK International Inc. Common Stock,NYSE,13.579999923706055,642998.0
NPT,Texxon Holding Limited - Ordinary shares,NASDAQ,3.869999885559082,95012.0
NPWR,NET Power Inc. Class A Common Stock,NYSE,1.5199999809265137,590375.0
NRDS,"NerdWallet, Inc. - Class A Common Stock",NASDAQ,9.079999923706055,743152.0
NRDY,Nerdy Inc. Class A Common Stock,NYSE,0.8299999833106995,101936.0
NRGV,"Energy Vault Holdings, Inc. Common Stock",NYSE,3.009999990463257,2988705.0
NRSN,NeuroSense Therapeutics Ltd. - Ordinary Shares,NASDAQ,0.5418000221252441,289399.0
NRT,North European Oil Royality Trust Common Stock,NYSE,8.680000305175781,39946.0
NRXP,"NRX Pharmaceuticals, Inc. - Common Stock",NASDAQ,3.055000066757202,672823.0
NSPR,InspireMD Inc. - Common Stock,NASDAQ,0.7200000286102295,39043.0
NSTS,"NSTS Bancorp, Inc. - Common Stock",NASDAQ,13.8100004196167,14547.0
NSYS,Nortech Systems Incorporated - Common Stock,NASDAQ,14.100000381469727,6025.0
NTCL,NETCLASS TECHNOLOGY INC - Class A Ordinary Shares,NASDAQ,2.819999933242798,35751.0
NTHI,"NeOnc Technologies Holdings, Inc. - Common Stock",NASDAQ,3.5,17628.0
NTIC,Northern Technologies International Corporation - Common Stock,NASDAQ,8.479999542236328,486.0
NTLA,"Intellia Therapeutics, Inc. - Common Stock",NASDAQ,10.970000267028809,4683702.0
NTRB,Nutriband Inc. - Common Stock,NASDAQ,2.880000114440918,14070.0
NTRP,"NextTrip, Inc. - Common Stock",NASDAQ,1.7000000476837158,37938.0
NTSK,"Netskope, Inc. - Class A Common Stock",NASDAQ,14.079999923706055,4944008.0
NTWK,NETSOL Technologies Inc. - Common Stock,NASDAQ,4.28000020980835,7444.0
NTWO,Newbury Street II Acquisition Corp - Class A Ordinary Shares,NASDAQ,10.720100402832031,614.0
NTZ,"Natuzzi, S.p.A.",NYSE,1.340000033378601,342.0
NU,Nu Holdings Ltd. Class A Ordinary Shares,NYSE,14.479999542236328,56827631.0
NUAI,"New Era Energy & Digital, Inc. - Common Stock",NASDAQ,5.179999828338623,4125873.0
NUCL,Eagle Nuclear Energy Corp. - Common stock,NASDAQ,6.71999979019165,591194.0
NUS,"Nu Skin Enterprises, Inc. Common Stock",NYSE,5.21999979019165,368950.0
NUTR,Nusatrip Incorporated - Common Stock,NASDAQ,9.0,0.0
NUVB,Nuvation Bio Inc. Class A Common Stock,NYSE,6.369999885559082,4894778.0
NUWE,"Nuwellis, Inc. - Common Stock",NASDAQ,1.7100000381469727,1045031.0
NVAX,"Novavax, Inc. - Common Stock",NASDAQ,7.699999809265137,3354991.0
NVNI,Nvni Group Limited - Ordinary Shares,NASDAQ,1.090000033378601,44575.0
NVNO,enVVeno Medical Corporation - Common Stock,NASDAQ,11.069999694824219,1392.0
NVTS,Navitas Semiconductor Corporation - Common Stock,NASDAQ,12.350000381469727,11129662.0
NVX,NOVONIX Limited - American Depository Shares,NASDAQ,0.39980000257492065,78872.0
NWAX,New America Acquisition I Corp. Class A Common Stock,NYSE,10.13860034942627,2443.0
NWL,Newell Brands Inc. - Common Stock,NASDAQ,6.170000076293945,12624939.0
NWTG,"Newton Golf Company, Inc. - Common Stock",NASDAQ,1.0499999523162842,4914.0
NXDR,"Nextdoor Holdings, Inc. Class A Common Stock",NYSE,2.450000047683716,6216966.0
NXDT,NexPoint Diversified Real Estate Trust Common Stock,NYSE,4.519999980926514,163024.0
NXE,Nexgen Energy Ltd. Common Shares,NYSE,10.039999961853027,3374192.0
NXGL,"NexGel, Inc - Common Stock",NASDAQ,0.41100001335144043,55289.0
NXL,"Nexalin Technology, Inc. - Common Stock",NASDAQ,0.3402000069618225,115343.0
NXP,Nuveen Select Tax Free Income Portfolio Common Stock,NYSE,14.220000267028809,89921.0
NXPL,NextPlat Corp - Common Stock,NASDAQ,6.030799865722656,4375.0
NXTC,"NextCure, Inc. - Common Stock",NASDAQ,5.25,229707.0
NXTS,Nexentis Technologies Inc. - Common Stock,NASDAQ,1.850000023841858,49699.0
NXTT,Next Technology Holding Inc. - Ordinary Shares,NASDAQ,0.0917000025510788,48791682.0
NXXT,"NextNRG, Inc. - Common Stock",NASDAQ,0.27959999442100525,1475815.0
NYC,American Strategic Investment Co. Class A Common Stock,NYSE,8.789999961853027,10554.0
NYXH,Nyxoah SA - Ordinary Shares,NASDAQ,1.409999966621399,125833.0
OABI,"OmniAb, Inc. - Common Stock",NASDAQ,2.0299999713897705,438705.0
OACC,Oaktree Acquisition Corp. III Life Sciences - Class A Ordinary Share,NASDAQ,10.739999771118164,0.0
OBA,Oxley Bridge Acquisition Limited - Class A Ordinary Shares,NASDAQ,10.279999732971191,6514.0
OBAI,"Our Bond, Inc. - Common Stock",NASDAQ,0.490200012922287,491303.0
OBDC,Blue Owl Capital Corporation Common Stock,NYSE,10.970000267028809,4512107.0
OBIO,"Orchestra BioMed Holdings, Inc. - Ordinary Shares",NASDAQ,4.21999979019165,147692.0
OCG,Oriental Culture Holding LTD - Ordinary Shares,NASDAQ,1.649999976158142,42958.0
OCGN,"Ocugen, Inc. - Common Stock",NASDAQ,1.2799999713897705,6183650.0
OCS,Oculis Holding AG - Ordinary shares,NASDAQ,12.069999694824219,165993.0
OCUL,"Ocular Therapeutix, Inc. - Common Stock",NASDAQ,8.5,1554199.0
ODYS,Odysight.ai Inc. - Common Stock,NASDAQ,4.429999828338623,3514.0
OEC,Orion S.A. Common Shares,NYSE,6.559999942779541,317745.0
OFAL,OFA Group - Class A Ordinary Shares,NASDAQ,0.7964000105857849,156556.0
OFIX,Orthofix Medical Inc.  - Common Stock,NASDAQ,10.420000076293945,1190355.0
OGG,Osisko Gold Group Inc. Common Shares,NYSE,2.700000047683716,4897183.0
OGI,Organigram Global Inc. - Common Shares,NASDAQ,0.9740999937057495,163572.0
OGN,Organon & Co. Common Stock ,NYSE,13.569999694824219,1822132.0
OHAC,Oceanhawk Acquisition Corp. - Class A Ordinary Shares,NASDAQ,9.930000305175781,50200.0
OI,"O-I Glass, Inc. Common Stock",NYSE,7.46999979019165,2358993.0
OIM,OneIM Acquisition Corp. - Class A Ordinary Shares,NASDAQ,10.109999656677246,0.0
OIO,OIO Group - Ordinary Shares,NASDAQ,1.840000033378601,100637.0
OIS,"Oil States International, Inc. Common Stock",NYSE,8.329999923706055,591497.0
OKUR,"OnKure Therapeutics, Inc. - Class A Common Stock",NASDAQ,4.159999847412109,249938.0
OKYO,OKYO Pharma Limited - Ordinary Shares,NASDAQ,1.5700000524520874,65258.0
OLB,"The OLB Group, Inc. - Common Stock",NASDAQ,0.30300000309944153,170523.0
OLMA,"Olema Pharmaceuticals, Inc. - Common Stock",NASDAQ,11.579999923706055,711924.0
OLOX,Olenox Industries Inc. - Common Stock,NASDAQ,4.690000057220459,48048.0
OM,"Outset Medical, Inc. - Common Stock",NASDAQ,5.119999885559082,95317.0
OMER,Omeros Corporation - Common Stock,NASDAQ,12.649999618530273,1089290.0
OMEX,"Odyssey Marine Exploration, Inc. - Common Stock",NASDAQ,0.743399977684021,168226.0
OMH,Ohmyhome Limited - Class A Ordinary Shares,NASDAQ,0.11999999731779099,26474155.0
OMSE,OMS Energy Technologies Inc. - Ordinary Shares,NASDAQ,4.304999828338623,2445.0
ONCH,1RT Acquisition Corp. - Class A Ordinary Share,NASDAQ,10.260000228881836,269999.0
ONCO,"Onconetix, Inc.  - Common Stock",NASDAQ,1.0049999952316284,318708.0
ONCY,Oncolytics Biotech Inc. - Common Stock,NASDAQ,0.7972000241279602,427610.0
ONDS,Ondas Inc - Common Stock,NASDAQ,8.869999885559082,106584354.0
ONEG,OneConstruction Group Limited - Ordinary Shares,NASDAQ,1.0499999523162842,42373.0
ONEW,OneWater Marine Inc. - Class A Common Stock,NASDAQ,12.520000457763672,45961.0
ONFO,Onfolio Holdings Inc. - Common Stock,NASDAQ,0.07259999960660934,225832562.0
ONL,Orion Properties Inc. Common Stock,NYSE,2.6600000858306885,176666.0
ONMD,OneMedNet Corp - Class A Common Stock,NASDAQ,0.6455000042915344,332838.0
OPAD,Offerpad Solutions Inc. Class A Common Stock,NYSE,4.610000133514404,49245.0
OPAL,OPAL Fuels Inc. - Class A Common Stock,NASDAQ,2.359999895095825,101330.0
OPEN,Opendoor Technologies Inc  - Common Stock,NASDAQ,3.759999990463257,61012579.0
OPFI,OppFi Inc. Class A Common Stock,NYSE,9.789999961853027,357374.0
OPK,"Opko Health, Inc. - Common Stock",NASDAQ,1.350000023841858,2677289.0
OPRT,Oportun Financial Corporation - common stock,NASDAQ,6.059999942779541,454290.0
OPRX,OptimizeRx Corporation - Common Stock,NASDAQ,6.929999828338623,228262.0
OPTH,Optimi Health Corp. - Common Shares,NASDAQ,5.050000190734863,41918.0
OPTU,"Optimum Communications, Inc. Class A common stock",NYSE,0.7840999960899353,2086338.0
OPTX,"Syntec Optics Holdings, Inc. - Class A Common Stock",NASDAQ,7.659999847412109,378695.0
OPXS,"Optex Systems Holdings, Inc. - Common Stock",NASDAQ,12.119999885559082,27445.0
ORBS,Eightco Holdings Inc. - Common Stock,NASDAQ,0.6708999872207642,4062668.0
ORC,"Orchid Island Capital, Inc. Common Stock",NYSE,6.420000076293945,4775446.0
ORGO,Organogenesis Holdings Inc.  - Class A ,NASDAQ,2.369999885559082,655993.0
ORIC,"Oric Pharmaceuticals, Inc. - Common Stock",NASDAQ,12.930000305175781,2125292.0
ORIO,Orion Digital Corp. - Common Shares,NASDAQ,0.6575000286102295,41528.0
ORIQ,Origin Investment Corp I - Ordinary Shares,NASDAQ,10.34000015258789,0.0
ORKT,Orangekloud Technology Inc. - Class A Ordinary Shares,NASDAQ,1.0199999809265137,20861.0
ORMP,Oramed Pharmaceuticals Inc. - Common Stock,NASDAQ,4.320000171661377,161936.0
ORN,"Orion Group Holdings, Inc. Common",NYSE,10.329999923706055,698920.0
OSG,"Octave Specialty Group, Inc. Common Stock",NYSE,5.679999828338623,159570.0
OSRH,"OSR Health, Inc. - Common Stock",NASDAQ,0.4422000050544739,123290.0
OSS,"One Stop Systems, Inc. - Common Stock",NASDAQ,13.119999885559082,2482318.0
OST,"Ostin Technology Group Co., Ltd. - Class A Ordinary Shares",NASDAQ,1.6950000524520874,0.0
OSUR,"OraSure Technologies, Inc. - Common Stock",NASDAQ,4.150000095367432,239292.0
OTAI,Starlink AI Acquisition Corporation Ordinary Shares,NYSE,10.0,4486.0
OTF,Blue Owl Technology Finance Corp. Common Stock,NYSE,10.420000076293945,2603899.0
OTGA,OTG Acquisition Corp. I - Class A Ordinary Share,NASDAQ,10.199999809265137,32545.0
OTLK,"Outlook Therapeutics, Inc. - Common Stock",NASDAQ,1.0299999713897705,5125243.0
OVID,Ovid Therapeutics Inc. - Common Stock,NASDAQ,2.619999885559082,2236253.0
OWL,Blue Owl Capital Inc. Class A Common Stock,NYSE,11.550000190734863,19940267.0
OWLS,OBOOK Holdings Inc. - Class A Common Shares,NASDAQ,5.429999828338623,10488.0
OWLT,"Owlet, Inc. Class A Common Stock",NYSE,5.5,168900.0
OXBR,Oxbridge Re Holdings Limited - Ordinary Shares,NASDAQ,1.5499999523162842,725.0
OYSE,Oyster Enterprises II Acquisition Corp - Class A Ordinary Shares,NASDAQ,10.329999923706055,500.0
PAAC,Proem Acquisition Corp I - Ordinary Shares,NASDAQ,9.9399995803833,2035.0
PACB,"Pacific Biosciences of California, Inc. - Common Stock",NASDAQ,1.2999999523162842,11124454.0
PACH,Pioneer Acquisition I Corp - Class A Ordinary Shares,NASDAQ,10.279999732971191,5026.0
PACK,Ranpak Holdings Corp Class A Common Stock,NYSE,5.5,293090.0
PAGS,PagSeguro Digital Ltd. Class A Common Shares,NYSE,9.399999618530273,1533419.0
PAII,Pyrophyte Acquisition Corp. II Class A Ordinary Shares,NYSE,10.229999542236328,3310.0
PAL,"Proficient Auto Logistics, Inc. - Common Stock",NASDAQ,7.039999961853027,87788.0
PALI,"Palisade Bio, Inc. - Common Stock",NASDAQ,2.119999885559082,1973916.0
PALO,Paloma Acquisition Corp I - Class A Ordinary Shares,NASDAQ,9.930000305175781,0.0
PAMT,PAMT CORP - Common Stock,NASDAQ,14.390000343322754,28117.0
PANL,Pangaea Logistics Solutions Ltd. - Common Stock,NASDAQ,7.239999771118164,214157.0
PASG,"Passage Bio, Inc. - Common Stock",NASDAQ,4.610000133514404,11356.0
PASW,"Ping An Biomedical Co., Ltd. - Class A Ordinary Shares",NASDAQ,0.12890000641345978,150110.0
PATH,"UiPath, Inc. Class A Common Stock",NYSE,13.819999694824219,71316872.0
PAVM,PAVmed Inc. - Common Stock,NASDAQ,5.039999961853027,6386.0
PAVS,Paranovus Entertainment Technology Ltd. - Class A Ordinary Shares,NASDAQ,4.909999847412109,47189.0
PAX,Patria Investments Limited - Class A Common Shares,NASDAQ,11.34000015258789,1170799.0
PAYO,Payoneer Global Inc. - Common Stock,NASDAQ,7.119999885559082,3561721.0
PAYS,"Paysign, Inc. - Common Stock",NASDAQ,9.59000015258789,709920.0
PBK,PowerBank Corporation - Common Stock,NASDAQ,0.5048999786376953,516175.0
PBM,Psyence Biomedical Ltd. - Common Shares,NASDAQ,3.2899999618530273,60382.0
PBYI,Puma Biotechnology Inc - Common Stock,NASDAQ,7.989999771118164,227447.0
PC,Premium Catering (Holdings) Limited - Ordinary Shares,NASDAQ,9.399999618530273,0.0
PCAP,ProCap Acquisition Corp - Class A Ordinary Shares,NASDAQ,10.319999694824219,624.0
PCSA,"Processa Pharmaceuticals, Inc. - Common Stock",NASDAQ,2.190000057220459,65401.0
PCT,"PureCycle Technologies, Inc. - Common stock",NASDAQ,6.869999885559082,3908453.0
PCYO,Pure Cycle Corporation - Common Stock,NASDAQ,10.569999694824219,45738.0
PD,"PagerDuty, Inc. Common Stock",NYSE,11.220000267028809,756727.0
PDCC,Pearl Diver Credit Company Inc. Common Stock,NYSE,8.890000343322754,460.0
PDM,"Piedmont Realty Trust, Inc. Class A Common Stock",NYSE,9.65999984741211,672417.0
PDSB,PDS Biotechnology Corporation - Common Stock,NASDAQ,0.7267000079154968,142483.0
PDYN,Palladyne AI Corp. - Common stock,NASDAQ,5.96999979019165,876430.0
PECE,Peace Acquisition Corp - Ordinary Shares,NASDAQ,9.930000305175781,10000.0
PEPG,PepGen Inc. - Common Stock,NASDAQ,1.9800000190734863,667858.0
PERF,Perfect Corp. Class A Ordinary Share,NYSE,1.909999966621399,141163.0
PERI,Perion Network Ltd - Ordinary Shares,NASDAQ,9.619999885559082,258188.0
PETS,"PetMed Express, Inc. - Common Stock",NASDAQ,1.9700000286102295,23520.0
PETZ,"TDH Holdings, Inc. - Common Shares",NASDAQ,1.2000000476837158,3527.0
PEW,GrabAGun Digital Holdings Inc. Common Stock,NYSE,2.630000114440918,266372.0
PFAI,Pinnacle Food Group Limited - Class A Common Shares,NASDAQ,2.1401000022888184,6802.0
PFLT,PennantPark Floating Rate Capital Ltd. Common Stock,NYSE,7.099999904632568,903626.0
PFSA,"Profusa, Inc. - Common Stock",NASDAQ,0.9409000277519226,63231.0
PGAC,Pantages Capital Acquisition Corporation - Class A Ordinary Shares,NASDAQ,10.680000305175781,0.0
PGEN,"Precigen, Inc. - Common Stock",NASDAQ,6.889999866485596,16846074.0
PHAR,"Pharming Group N.V. - ADS, each representing 10 ordinary shares",NASDAQ,10.675000190734863,5049.0
PHAT,"Phathom Pharmaceuticals, Inc. - Common Stock",NASDAQ,8.229999542236328,1582383.0
PHIO,Phio Pharmaceuticals Corp. - Common Stock,NASDAQ,1.0700000524520874,54576.0
PHR,"Phreesia, Inc. Common Stock",NYSE,11.489999771118164,468689.0
PHUN,"Phunware, Inc. - Common Stock",NASDAQ,2.240000009536743,104779.0
PICS,PicS N.V. - Class A Common Shares,NASDAQ,13.369999885559082,185878.0
PIII,P3 Health Partners Inc. - Class A Common Stock,NASDAQ,10.170000076293945,17505.0
PIM,Franklin Master Intermediate Income Trust Shares of Beneficial Interest,NYSE,3.130000114440918,42689.0
PK,Park Hotels & Resorts Inc. Common Stock ,NYSE,14.9399995803833,2368864.0
PLAY,"Dave & Buster's Entertainment, Inc. - Common Stock",NASDAQ,10.449999809265137,1949707.0
PLBL,Polibeli Group Ltd - Class A Ordinary Shares,NASDAQ,6.159999847412109,62160.0
PLBY,"Playboy, Inc. - Common Stock",NASDAQ,1.159999966621399,1236490.0
PLCE,"Children's Place, Inc. (The) - Common Stock",NASDAQ,2.609999895095825,55012.0
PLMK,Plum Acquisition Corp. IV - Class A Ordinary Shares,NASDAQ,10.579999923706055,194.0
PLRX,"Pliant Therapeutics, Inc. - Common Stock",NASDAQ,1.0499999523162842,152612.0
PLRZ,Polyrizon Ltd. - Ordinary Shares,NASDAQ,11.25,26560.0
PLSM,Pulsenmore Ltd. - Ordinary Shares,NASDAQ,3.5399999618530273,25518.0
PLTK,Playtika Holding Corp. - Common Stock,NASDAQ,3.890000104904175,1033603.0
PLUG,"Plug Power, Inc. - Common Stock",NASDAQ,2.0999999046325684,35481399.0
PLUN,Plutonian Acquisition Corp II Class A Ordinary Shares,NYSE,9.980400085449219,291.0
PLUR,Pluri Inc. - Common Stock,NASDAQ,1.7400000095367432,61052.0
PLUT,Plutus Financial Group Limited - Ordinary Shares,NASDAQ,2.7629001140594482,885.0
PLYX,"Polaryx Therapeutics, Inc. - Common Stock",NASDAQ,2.240000009536743,42009.0
PMA,Ming Shing Group Holdings Limited - Ordinary Shares,NASDAQ,1.3600000143051147,78997.0
PMAX,Powell Max Limited - Class A Ordinary Shares,NASDAQ,1.5499999523162842,25914.0
PMCB,"PharmaCyte  Biotech, Inc. - Common Stock",NASDAQ,0.5899999737739563,22270.0
PMEC,Primech Holdings Ltd. - Ordinary Shares,NASDAQ,0.44999998807907104,20263.0
PMM,Franklin Managed Municipal Income Trust Shares of Beneficial Interest,NYSE,6.260000228881836,108300.0
PMN,ProMIS Neurosciences Inc. - Common Shares,NASDAQ,13.479999542236328,45627.0
PMT,PennyMac Mortgage Investment Trust Common Shares of Beneficial Interest,NYSE,9.449999809265137,893239.0
PMTR,Perimeter Acquisition Corp. I - Class A Ordinary Shares,NASDAQ,10.390999794006348,1601.0
PMVP,"PMV Pharmaceuticals, Inc. - Common Stock",NASDAQ,1.1699999570846558,134647.0
PN,PN Smart Energy Limited - Class A Ordinary Shares,NASDAQ,6.889999866485596,202249.0
PNBK,Patriot National Bancorp Inc. - Common Stock,NASDAQ,1.149999976158142,140179.0
PNNT,PennantPark Investment Corporation Common Stock,NYSE,3.4800000190734863,297614.0
POCI,"Precision Optics Corporation, Inc. - Common stock",NASDAQ,4.300000190734863,63062.0
PODC,"PodcastOne, Inc. - Common Stock",NASDAQ,3.4600000381469727,26245.0
POET,POET Technologies Inc. - Common Shares,NASDAQ,8.09000015258789,9598462.0
POLA,"Polar Power, Inc. - Common Stock",NASDAQ,1.7799999713897705,75941.0
POLE,Andretti Acquisition Corp. II - Class A Ordinary Shares,NASDAQ,10.819999694824219,4491.0
PONO,"Pono Capital Four, Inc. - Class A Ordinary Shares",NASDAQ,9.970000267028809,0.0
POWW,Outdoor Holding Company - Common Stock,NASDAQ,2.1700000762939453,231921.0
PPCB,"Propanc Biopharma, Inc. - Common Stock",NASDAQ,1.1799999475479126,574022.0
PPHC,"Public Policy Holding Company, Inc. - Common Stock",NASDAQ,11.020000457763672,92705.0
PPSI,"Pioneer Power Solutions, Inc. - Common Stock",NASDAQ,3.049999952316284,100114.0
PPT,Franklin Premier Income Trust Shares of Beneficial Interest,NYSE,3.4200000762939453,80931.0
PRFX,PRF Technologies Ltd. - Ordinary Shares,NASDAQ,1.100000023841858,40248.0
PRGO,Perrigo Company plc Ordinary Shares,NYSE,13.270000457763672,7400684.0
PRHI,"Presurance Holdings, Inc. - Common Stock",NASDAQ,5.050000190734863,5553.0
PRLD,Prelude Therapeutics Incorporated - Common Stock,NASDAQ,4.539999961853027,155655.0
PRME,"Prime Medicine, Inc. - Common Stock",NASDAQ,3.0799999237060547,3141854.0
PROF,Profound Medical Corp. - common stock,NASDAQ,7.989999771118164,98795.0
PROK,ProKidney Corp. - Class A Ordinary Shares,NASDAQ,1.6699999570846558,604625.0
PROP,Prairie Operating Co. - Common Stock,NASDAQ,0.7293000221252441,1873492.0
PRPL,"Purple Innovation, Inc. - Common Stock",NASDAQ,9.260000228881836,14782.0
PRQR,ProQR Therapeutics N.V. - Ordinary Shares,NASDAQ,1.9700000286102295,1300521.0
PRSO,Peraso Inc. - Common Stock,NASDAQ,0.7099999785423279,198843.0
PRTA,Prothena Corporation plc - Ordinary Shares,NASDAQ,8.489999771118164,479365.0
PRTH,"Priority Technology Holdings, Inc. - Common Stock",NASDAQ,6.659999847412109,248725.0
PRTS,"CarParts.com, Inc. - Common Stock",NASDAQ,5.670000076293945,18878.0
PRZO,ParaZero Technologies Ltd. - Ordinary Shares,NASDAQ,0.5548999905586243,314927.0
PSBD,Palmer Square Capital BDC Inc. Common Stock,NYSE,9.970000267028809,118926.0
PSFE,Paysafe Limited Common Shares,NYSE,8.029999732971191,274518.0
PSHG,Performance Shipping Inc. - Common Shares,NASDAQ,1.7400000095367432,10417.0
PSIG,PS International Group Ltd. - Ordinary Shares,NASDAQ,1.190000057220459,66031.0
PSKY,Paramount Skydance Corporation - Class B Common Stock,NASDAQ,8.760000228881836,18986930.0
PSNL,"Personalis, Inc. - Common Stock",NASDAQ,13.520000457763672,1458676.0
PSNY,Polestar Automotive Holding UK Limited - Class A ADS,NASDAQ,14.729999542236328,109012.0
PSNYW,Polestar Automotive Holding UK Limited - Class C-1 ADS (ADW),NASDAQ,2.4000000953674316,3499.0
PSQH,"PSQ Holdings, Inc. Class A Common Stock",NYSE,4.150000095367432,55282.0
PSTV,"PLUS THERAPEUTICS, Inc. - Common Stock",NASDAQ,4.0,137437.0
PTAC,Patriot Acquisition Corp. - Class A Ordinary Shares,NASDAQ,9.9399995803833,242539.0
PTEN,"Patterson-UTI Energy, Inc. - Common Stock",NASDAQ,9.539999961853027,8513320.0
PTLE,PTL LTD - Class A Ordinary Shares,NASDAQ,10.390000343322754,3455.0
PTLO,Portillo's Inc. - Class A Common Stock,NASDAQ,4.670000076293945,1281293.0
PTN,"Palatin Technologies, Inc. - Common Stock",NASDAQ,7.940000057220459,8018.0
PTON,"Peloton Interactive, Inc. - Common Stock",NASDAQ,6.519999980926514,10504619.0
PTOR,Praetorian Acquisition Corp. - Class A Ordinary Shares,NASDAQ,9.930000305175781,2480.0
PUBM,"PubMatic, Inc. - Class A Common Stock",NASDAQ,13.510000228881836,517701.0
PULM,"Pulmatrix, Inc. - Common Stock",NASDAQ,1.649999976158142,3915.0
PUMP,ProPetro Holding Corp. Common Stock,NYSE,11.0,2124218.0
PURR,Hyperliquid Strategies Inc - Common Stock,NASDAQ,6.820000171661377,6716582.0
PUSA,Aureus Greenway Holdings Inc. - Common Stock,NASDAQ,3.069999933242798,191845.0
PWCM,"PowerCompute, Inc. - Common Stock",NASDAQ,1.5499999523162842,1641542.0
PWRL,Powerlaw Corp. - Common Stock,NASDAQ,11.1899995803833,103513.0
PXLW,"Pixelworks, Inc. - Common Stock",NASDAQ,6.380000114440918,10965.0
PXS,Pyxis Tankers Inc. - Common Stock,NASDAQ,4.804999828338623,9224.0
PYPD,PolyPid Ltd. - Ordinary Shares,NASDAQ,4.599999904632568,134230.0
PYXS,"Pyxis Oncology, Inc. - Common Stock",NASDAQ,3.130000114440918,667500.0
QADR,QDRO Acquisition Corp. - Class A Ordinary Shares,NASDAQ,9.960000038146973,526.0
QCLS,"Q/C Technologies, Inc. - Common Stock",NASDAQ,2.950000047683716,115889.0
QETA,Quetta Acquisition Corporation - Common Stock,NASDAQ,11.739999771118164,0.0
QH,Quhuo Limited - Class A Ordinary Shares,NASDAQ,4.59499979019165,16620.0
QLEP,Quantum Leap Acquisition Corp Class A Ordinary Shares,NYSE,10.0,86173.0
QMCO,Quantum Corporation - Common Stock,NASDAQ,11.579999923706055,472064.0
QMLS,"QumulusAI, Inc. - Common Stock",NASDAQ,6.039999961853027,370075.0
QNTM,Quantum Biopharma Ltd. - Class B Subordinate Voting Shares,NASDAQ,2.9000000953674316,91018.0
QRED,QuasarEdge Acquisition Corporation Ordinary Shares,NYSE,10.0,23509.0
QRHC,Quest Resource Holding Corporation - Common Stock,NASDAQ,1.2599999904632568,29254.0
QS,QuantumScape Corporation - Common Stock,NASDAQ,5.519999980926514,13029407.0
QSEA,Quartzsea Acquisition Corporation - Ordinary Shares,NASDAQ,10.619999885559082,51000.0
QSI,Quantum-Si Incorporated - Class A Common Stock,NASDAQ,0.7565000057220459,2466558.0
QTEX,QTREX Quantum Ltd. - Ordinary Shares,NASDAQ,1.0800000429153442,1665203.0
QTI,"QT Imaging Holdings, Inc. - Common Stock",NASDAQ,2.740000009536743,26188.0
QTRX,Quanterix Corporation - Common Stock,NASDAQ,3.759999990463257,383838.0
QUAD,"Quad Graphics, Inc Class A Common Stock",NYSE,10.260000228881836,417510.0
QUBT,Quantum Computing Inc. - Common Stock,NASDAQ,8.880000114440918,5974398.0
QUCY,Quantum Cyber N.V. - Ordinary Shares,NASDAQ,1.4500000476837158,941491.0
QUIK,QuickLogic Corporation - Common Stock,NASDAQ,13.819999694824219,181628.0
QUMS,Quantumsphere Acquisition Corp. - Ordinary Shares,NASDAQ,10.289999961853027,8025.0
QXL,Quantum X Labs Inc. - Common Stock,NASDAQ,4.565000057220459,85634.0
RAC,Rithm Acquisition Corp. Class A Ordinary Shares,NYSE,10.479900360107422,6103.0
RACD,Research Alliance Corporation IV - Class A Ordinary Shares,NASDAQ,11.214699745178223,3236.0
RAIL,"Freightcar America, Inc. - Common Stock",NASDAQ,7.909999847412109,230465.0
RAIN,"Rain Enhancement Technologies Holdco, Inc. - Class A Common Stock",NASDAQ,1.2599999904632568,1315853.0
RANG,Range Capital Acquisition Corp. - Ordinary Shares,NASDAQ,10.710000038146973,531.0
RANI,"Rani Therapeutics Holdings, Inc. - Class A Common Stock",NASDAQ,0.7799999713897705,741315.0
RAVE,"Rave Restaurant Group, Inc. - Common Stock",NASDAQ,3.200000047683716,27674.0
RAY,Raytech Holding Limited - Ordinary Shares,NASDAQ,2.9200000762939453,32193.0
RAYA,Erayak Power Solution Group Inc. - Class A Ordinary Shares,NASDAQ,2.4200000762939453,20442.0
RBBN,Ribbon Communications Inc.  - Common Stock,NASDAQ,2.1500000953674316,739304.0
RBKB,"Rhinebeck Bancorp, Inc. - Common Stock",NASDAQ,12.15999984741211,159252.0
RBNE,Robin Energy Ltd. - Common Stock,NASDAQ,2.4200000762939453,47795.0
RC,Ready Capital Corporation Common Stock,NYSE,1.5399999618530273,626947.0
RCAT,"Red Cat Holdings, Inc. - Common Stock",NASDAQ,8.65999984741211,9609296.0
RCEL,"Avita Medical, Inc. - Common Stock",NASDAQ,4.46999979019165,169276.0
RCKT,"Rocket Pharmaceuticals, Inc. - Common Stock",NASDAQ,3.5,1976829.0
RCON,"Recon Technology, Ltd. - Class A Ordinary Shares",NASDAQ,0.06360000371932983,92774904.0
RCT,RedCloud Holdings plc - Ordinary Shares,NASDAQ,0.1979999989271164,492854.0
RDAC,Rising Dragon Acquisition Corp. - Ordinary Shares,NASDAQ,6.119999885559082,1000.0
RDAG,Republic Digital Acquisition Company - Class A Ordinary Shares,NASDAQ,10.359999656677246,1200.0
RDCM,Radcom Ltd. - Ordinary Shares,NASDAQ,10.010000228881836,138127.0
RDGT,"Ridgetech, Inc. - Ordinary Shares",NASDAQ,0.7102000117301941,209451.0
RDI,Reading International Inc - Class A Non-voting Common Stock,NASDAQ,1.5,134708.0
RDIB,Reading International Inc - Class B Voting Common Stock,NASDAQ,8.989999771118164,98872.0
RDNW,"RideNow Group, Inc. - Class B Common Stock",NASDAQ,6.710000038146973,34727.0
RDW,Redwire Corporation Common Stock,NYSE,10.720000267028809,14306081.0
RDY,Dr. Reddy's Laboratories Ltd Common Stock,NYSE,12.140000343322754,2102704.0
RDZN,"Roadzen, Inc. - Ordinary Shares",NASDAQ,1.2699999809265137,153971.0
REAL,"The RealReal, Inc. - Common Stock",NASDAQ,12.649999618530273,3406807.0
REAX,"The Real Brokerage, Inc. - Common Shares",NASDAQ,1.7300000190734863,2876054.0
REBN,"Reborn Coffee, Inc. - Common Stock",NASDAQ,1.399999976158142,35942.0
RECT,Rectitude Holdings Ltd - Ordinary Shares,NASDAQ,1.2799999713897705,47371.0
REFI,"Chicago Atlantic Real Estate Finance, Inc. - Common Stock",NASDAQ,9.930000305175781,158614.0
REFR,Research Frontiers Incorporated - Common Stock,NASDAQ,0.4740000069141388,18774.0
REKR,"Rekor Systems, Inc. - Common Stock",NASDAQ,0.6407999992370605,747821.0
RENT,"Rent the Runway, Inc. - Class A Common Stock",NASDAQ,3.5299999713897705,49300.0
RENX,RenX Enterprises Corp. - Common Stock,NASDAQ,1.9700000286102295,9094.0
REPL,"Replimune Group, Inc. - Common Stock",NASDAQ,11.829999923706055,2833350.0
RES,"RPC, Inc. Common Stock",NYSE,5.789999961853027,1245966.0
RETO,"ReTo Eco-Solutions, Inc. - Class A Shares",NASDAQ,2.9000000953674316,0.0
REVB,"Revelation Biosciences, Inc. - Common Stock",NASDAQ,1.149999976158142,22532.0
RFAI,RF Acquisition Corp II - Ordinary Shares,NASDAQ,11.100000381469727,1545.0
RFAM,RF Acquisition Corp III - Ordinary Shares,NASDAQ,9.890000343322754,300.0
RFIL,"RF Industries, Ltd. - Common Stock",NASDAQ,13.359999656677246,186702.0
RFL,"Rafael Holdings, Inc. Class B Common Stock",NYSE,2.0299999713897705,119084.0
RGC,Regencell Bioscience Holdings Limited - Ordinary Shares,NASDAQ,5.869999885559082,251598.0
RGNX,REGENXBIO Inc. - Common Stock,NASDAQ,10.5,1508771.0
RGP,"Resources Connection, Inc. - Common Stock",NASDAQ,4.449999809265137,439309.0
RIBB,Ribbon Acquisition Corp - Class A Ordinary Shares,NASDAQ,10.819999694824219,0.0
RIG,Transocean Ltd (Switzerland) Common Stock,NYSE,5.139999866485596,28214395.0
RILY,"BRC Group Holdings, Inc. - Common Stock",NASDAQ,7.409999847412109,544764.0
RIME,"Algorhythm Holdings, Inc. - Common Stock",NASDAQ,0.4036000072956085,186997.0
RITM,Rithm Capital Corp. Common Stock,NYSE,10.100000381469727,5390782.0
RITR,Reitar Logtech Holdings Limited - Ordinary shares,NASDAQ,0.2619999945163727,711647884.0
RKDA,"Arcadia Biosciences, Inc. - Common Stock",NASDAQ,0.7032999992370605,49226.0
RKT,"Rocket Companies, Inc. Class A Common Stock",NYSE,13.859999656677246,15361708.0
RKTO,Rocket One Inc. - Common Stock,NASDAQ,0.7998999953269958,282778.0
RLJ,RLJ Lodging Trust Common Shares of Beneficial Interest $0.01 par value,NYSE,12.319999694824219,1229718.0
RLMD,"Relmada Therapeutics, Inc. - Common Stock",NASDAQ,5.440000057220459,823175.0
RMAX,"RE/MAX Holdings, Inc. Class A Common Stock",NYSE,9.699999809265137,240003.0
RMCF,"Rocky Mountain Chocolate Factory, Inc. - Common Stock",NASDAQ,0.8402000069618225,9027.0
RMCO,Royalty Management Holding Corporation - Class A Common Stock,NASDAQ,2.440000057220459,10978.0
RMNI,"Rimini Street, Inc. - Common Stock",NASDAQ,4.789999961853027,276590.0
RMSG,Real Messenger Corporation - Ordinary Shares,NASDAQ,0.37400001287460327,83881.0
RMT,"Royce Micro-Cap Trust, Inc. Common Stock",NYSE,14.149999618530273,135580.0
RMTI,"Rockwell Medical, Inc. - Common Stock",NASDAQ,7.260000228881836,17315.0
RNA,"Atrium Therapeutics, Inc. - Common Stock",NASDAQ,11.739999771118164,170753.0
RNAC,"Cartesian Therapeutics, Inc. - Common Stock",NASDAQ,8.350000381469727,111899.0
RNAZ,"TransCode Therapeutics, Inc. - Common Stock",NASDAQ,4.25,8015.0
RNGT,Range Capital Acquisition Corp II - Class A Ordinary Shares,NASDAQ,10.12600040435791,12300.0
RNTX,"Rein Therapeutics, Inc. - Common Stock",NASDAQ,0.7143999934196472,1093980.0
RNW,ReNew Energy Global plc - Class A Shares,NASDAQ,6.110000133514404,956939.0
RNXT,"RenovoRx, Inc. - Common Stock",NASDAQ,1.059999942779541,316705.0
ROC,Rank One Computing Corporation - Common stock,NASDAQ,4.949999809265137,24996.0
ROMA,Roma Green Finance Limited - Class A Ordinary Shares,NASDAQ,8.88010025024414,2064.0
RPAY,Repay Holdings Corporation - Class A Common Stock,NASDAQ,4.0,250235.0
RPC,"Ridgepost Capital, Inc. Class A Common Stock",NYSE,8.890000343322754,601913.0
RPD,"Rapid7, Inc. - Common Stock",NASDAQ,10.859999656677246,2485829.0
RPGL,Republic Power Group Limited - Class A Ordinary Shares,NASDAQ,1.850000023841858,24731.0
RPID,"Rapid Micro Biosystems, Inc. - Class A Common Stock",NASDAQ,2.109999895095825,25115.0
RPT,Rithm Property Trust Inc. Common stock,NYSE,12.270000457763672,45479.0
RR,Richtech Robotics Inc. - Class B Common Stock,NASDAQ,1.5499999523162842,3481188.0
RREV,RRE Ventures Acquisition Corp. - Class A Ordinary Shares,NASDAQ,9.899999618530273,0.0
RRGB,"Red Robin Gourmet Burgers, Inc. - Common Stock",NASDAQ,8.170000076293945,214851.0
RSKD,Riskified Ltd. Class A Ordinary Shares,NYSE,5.239999771118164,391680.0
RSSS,"Research Solutions, Inc - Common Stock",NASDAQ,2.2100000381469727,17173.0
RSVR,"Reservoir Media, Inc.. - Common Stock",NASDAQ,10.255000114440918,50964.0
RTAC,Renatus Tactical Acquisition Corp I - Class A Ordinary Shares,NASDAQ,10.5,22394.0
RUBI,Rubico Inc. - Common Stock,NASDAQ,2.390000104904175,164170.0
RUM,RUM Group Inc. - Class A Common Stock,NASDAQ,6.190000057220459,1634021.0
RUN,Sunrun Inc. - Common Stock,NASDAQ,10.489999771118164,10488751.0
RVSB,Riverview Bancorp Inc - Common Stock,NASDAQ,5.400000095367432,38479.0
RVSN,Rail Vision Ltd. - Ordinary Shares,NASDAQ,4.368000030517578,5680.0
RWAY,Runway Growth Finance Corp. - Common Stock,NASDAQ,5.75,498948.0
RWT,"Redwood Trust, Inc. Common Stock",NYSE,4.570000171661377,1438604.0
RXRX,"Recursion Pharmaceuticals, Inc. - Class A Common Stock",NASDAQ,3.1700000762939453,17325997.0
RXST,"RxSight, Inc. - Common Stock",NASDAQ,6.289999961853027,894432.0
RXT,"Rackspace Technology, Inc. - Common Stock",NASDAQ,4.75,5077476.0
RYAM,Rayonier Advanced Materials Inc. Common Stock,NYSE,9.670000076293945,2432543.0
RYET,Ruanyun Edai Technology Inc. - Ordinary shares,NASDAQ,1.0700000524520874,18467.0
RYOJ,"rYojbaba Co., Ltd. - Common Shares",NASDAQ,5.03000020980835,22634.0
RZLT,"Rezolute, Inc. - Common Stock (NV)",NASDAQ,4.679999828338623,1371859.0
RZLV,Rezolve AI PLC - Ordinary Shares,NASDAQ,2.7100000381469727,15818143.0
SAAQ,Space Asset Acquisition Corp. - Class A Ordinary Shares,NASDAQ,10.149999618530273,5098.0
SABR,Sabre Corporation - Common Stock,NASDAQ,2.119999885559082,6602785.0
SABS,"SAB Biotherapeutics, Inc. - Common Stock",NASDAQ,3.7699999809265137,278450.0
SAC,Safeguard Acquisition Corp. Class A Ordinary Shares,NYSE,10.100000381469727,33780.0
SAFX,"XCF Global, Inc. - Class A Common Stock",NASDAQ,0.36059999465942383,1905390.0
SAGT,SAGTEC GLOBAL LIMITED - Class A Ordinary shares,NASDAQ,0.7825999855995178,223065.0
SAGU,Shreya Acquisition Group Class A Ordinary Shares,NYSE,9.930000305175781,120.0
SAMG,Silvercrest Asset Management Group Inc. - Common Stock,NASDAQ,10.130000114440918,43161.0
SAN,"Banco Santander, S.A. Sponsored ADR (Spain)",NYSE,14.640000343322754,28644042.0
SANA,"Sana Biotechnology, Inc. - Common Stock",NASDAQ,3.509999990463257,2991668.0
SANG,Sangoma Technologies Corporation - Common Shares,NASDAQ,3.990000009536743,375.0
SATL,Satellogic Inc. - Class A Common Stock,NASDAQ,4.820000171661377,12505296.0
SB,"Safe Bulkers, Inc Common Stock ($0.001 par value)",NYSE,7.639999866485596,431975.0
SBC,SBC Medical Group Holdings Incorporated - Common Stock,NASDAQ,3.049999952316284,89592.0
SBET,"Sharplink, Inc. - Common Stock",NASDAQ,6.360000133514404,4661731.0
SBFM,Sunshine Biopharma Inc. - Common stock,NASDAQ,1.3300000429153442,253205.0
SBGI,"Sinclair, Inc. - Class A Common Stock",NASDAQ,13.90999984741211,475929.0
SBSW,D/B/A Sibanye-Stillwater Limited ADS,NYSE,9.920000076293945,7235262.0
SBXD,SilverBox Corp IV Class A Ordinary Shares,NYSE,10.854999542236328,46219.0
SBXE,SilverBox Corp V Class A Ordinary Shares,NYSE,10.109999656677246,20000.0
SCII,SC II Acquisition Corp. - Class A ordinary share,NASDAQ,10.109999656677246,0.0
SCKT,"Socket Mobile, Inc. - Common Stock",NASDAQ,0.3959999978542328,67285.0
SCLX,Scilex Holding Company - Common Stock,NASDAQ,6.519999980926514,49115.0
SCM,Stellus Capital Investment Corporation Common Stock,NYSE,8.079999923706055,242242.0
SCNX,"Scienture Holdings, Inc. - Common Stock",NASDAQ,0.3889999985694885,143586.0
SCOR,"comScore, Inc. - Common Stock",NASDAQ,7.579999923706055,5046.0
SCPQ,Social Commerce Partners Corporation - Class A Ordinary Shares,NASDAQ,10.0,0.0
SCWO,374Water Inc. - common stock,NASDAQ,2.255000114440918,34899.0
SCYX,"SCYNEXIS, Inc. - Common Stock",NASDAQ,5.159999847412109,95980.0
SCZM,Santacruz Silver Mining Ltd. - Common Shares,NASDAQ,7.960000038146973,625086.0
SD,"SandRidge Energy, Inc. Common Stock",NYSE,13.199999809265137,280162.0
SDA,SunCar Technology Group Inc. - Ordinary Shares,NASDAQ,0.8029999732971191,82309.0
SDHI,Siddhi Acquisition Corp - Class A Common stock,NASDAQ,10.479999542236328,100.0
SDOT,Sadot Group Inc. - Common Stock,NASDAQ,13.369999885559082,83249.0
SDST,Stardust Power Inc. - Common Stock,NASDAQ,0.6306999921798706,731119.0
SEAT,Vivid Seats Inc. - Class A common stock,NASDAQ,8.020000457763672,87851.0
SECZ,Securitize Corp. Common Stock,NYSE,7.389999866485596,441515.0
SEED,Origin Agritech Limited - Ordinary Shares,NASDAQ,1.059999942779541,8119460.0
SEER,"Seer, Inc. - Class A Common Stock",NASDAQ,2.190000057220459,154507.0
SEGG,Sports Entertainment Gaming Global Corporation  - Common Stock,NASDAQ,2.6500000953674316,103832.0
SELF,"Global Self Storage, Inc. - Common Stock",NASDAQ,5.139999866485596,35369.0
SENS,"Senseonics Holdings, Inc. - Common Stock",NASDAQ,5.179999828338623,462920.0
SERA,"Sera Prognostics, Inc. - Class A Common Stock",NASDAQ,2.0,57975.0
SERV,Serve Robotics Inc. - Common Stock,NASDAQ,5.659999847412109,3452682.0
SES,SES AI Corporation Class A Common Stock,NYSE,0.5112000107765198,16197371.0
SEV,Aptera Motors Corp. - Class B Common Stock,NASDAQ,2.055000066757202,783780.0
SEVN,Seven Hills Realty Trust  - Common Stock,NASDAQ,7.730000019073486,115266.0
SFHG,Samfine Creation Holdings Group Limited - Class A Ordinary Share,NASDAQ,2.3299999237060547,7209.0
SFIX,"Stitch Fix, Inc. - Class A Common Stock",NASDAQ,4.119999885559082,1601631.0
SFL,SFL Corporation Ltd,NYSE,11.869999885559082,977371.0
SFWL,Shengfeng Development Limited - Class A Ordinary Shares,NASDAQ,0.9061999917030334,53776.0
SG,"Sweetgreen, Inc. Class A Common Stock",NYSE,6.099999904632568,7341921.0
SGA,"Saga Communications, Inc. - Class A Common Stock",NASDAQ,9.395000457763672,10992.0
SGC,"Superior Group of Companies, Inc. - Common Stock",NASDAQ,13.829999923706055,64469.0
SGHC,Super Group (SGHC) Limited Ordinary Shares,NYSE,13.109999656677246,4927518.0
SGHT,"Sight Sciences, Inc. - Common Stock",NASDAQ,5.550000190734863,448828.0
SGLY,Singularity Future Technology Ltd. - Common Stock,NASDAQ,6.590000152587891,97139.0
SGML,Sigma Lithium Corporation - common shares,NASDAQ,10.550000190734863,1644696.0
SGMT,Sagimet Biosciences Inc. - Series A Common Stock,NASDAQ,8.640000343322754,2133819.0
SGU,Star Group L.P. Common Stock,NYSE,12.850000381469727,38723.0
SHEN,Shenandoah Telecommunications Co - Common Stock,NASDAQ,13.0,400210.0
SHFS,"SHF Holdings, Inc. - Class A Common Stock",NASDAQ,0.18700000643730164,283155.0
SHIM,Shimmick Corporation - Common Stock,NASDAQ,4.179999828338623,35246.0
SHLS,"Shoals Technologies Group, Inc. - Class A Common Stock",NASDAQ,8.680000305175781,8462627.0
SHMD,SCHMID Group N.V. - Class A Ordinary Shares,NASDAQ,4.440000057220459,230896.0
SHO,"Sunstone Hotel Investors, Inc. Sunstone Hotel Investors, Inc. Common Shares",NYSE,11.680000305175781,2048788.0
SHOT,RMG ML Sports Holdings - Class A Ordinary Shares,NASDAQ,9.800000190734863,0.0
SHPH,"Shuttle Pharmaceuticals Holdings, Inc. - common stock",NASDAQ,4.599999904632568,1544624.0
SID,Companhia Siderurgica Nacional S.A. Common Stock,NYSE,0.9817000031471252,3920851.0
SIDU,"Sidus Space, Inc. - Class A Common Stock",NASDAQ,2.069999933242798,5577609.0
SIEB,Siebert Financial Corp. - Common Stock,NASDAQ,1.6100000143051147,6402.0
SIGA,SIGA Technologies Inc. - Common Stock,NASDAQ,3.1500000953674316,406729.0
SILO,"Silo Pharma, Inc. - Common Stock",NASDAQ,4.610000133514404,6516.0
SIMA,SIM Acquisition Corp. I - Class A Ordinary Shares,NASDAQ,10.9399995803833,300.0
SIND,Sinda Ltd. Common Stock,NYSE,14.739999771118164,58573.0
SINT,"SiNtx Technologies, Inc. - Common Stock",NASDAQ,1.7400000095367432,33149.0
SITC,SITE Centers Corp. Common Stock,NYSE,3.2799999713897705,1264720.0
SJ,Scienjoy Holding Corporation - Class A Ordinary Shares,NASDAQ,0.9890000224113464,26798.0
SJT,San Juan Basin Royalty Trust Common Stock,NYSE,2.4600000381469727,224724.0
SKIL,Skillsoft Corp. Class A Common Stock,NYSE,8.40999984741211,47698.0
SKIN,SkinHealth Systems Inc. - Class A Common Stock,NASDAQ,0.7052000164985657,324593.0
SKK,SKK Holdings Limited - Class A Ordinary Shares,NASDAQ,4.732999801635742,2732.0
SKYA,"SkyAI, Inc. - Common Stock",NASDAQ,1.2799999713897705,84556.0
SKYE,"Skye Bioscience, Inc. - Common Stock",NASDAQ,0.5616999864578247,105573.0
SKYH,Sky Harbour Group Corporation Class A Common Stock,NYSE,11.029999732971191,88298.0
SKYQ,Sky Quarry Inc. - Common Stock,NASDAQ,4.0,1376058.0
SKYX,SKYX Platforms Corp. - Common Stock,NASDAQ,1.149999976158142,577163.0
SLBT,SL Science Holding Limited - Ordinary Shares,NASDAQ,2.799999952316284,95940.0
SLDB,Solid Biosciences Inc. - Common Stock,NASDAQ,8.729999542236328,873615.0
SLDP,"Solid Power, Inc. - Class A Common Stock",NASDAQ,2.140000104904175,5745693.0
SLE,"Super League Enterprise, Inc. - Common Stock",NASDAQ,2.609999895095825,11231.0
SLGB,Smart Logistics Global Limited - Class A Ordinary Shares,NASDAQ,0.5436000227928162,501977.0
SLMT,Brera Holdings PLC - Class B Ordinary Shares,NASDAQ,4.230000019073486,39878.0
SLN,Silence Therapeutics Plc - American Depository Share,NASDAQ,11.239999771118164,450243.0
SLNG,"Stabilis Solutions, Inc. - Common Stock",NASDAQ,4.659999847412109,9759.0
SLNH,"Soluna Holdings, Inc. - Common Stock",NASDAQ,1.1799999475479126,4732938.0
SLQT,"SelectQuote, Inc. Common Stock",NYSE,0.691100001335144,355541.0
SLS,"SELLAS Life Sciences Group, Inc.  - Common Stock",NASDAQ,11.859999656677246,5605021.0
SLSN,"Solesence, Inc. - Common stock",NASDAQ,1.0700000524520874,20217.0
SLXN,Silexion Therapeutics Corp - Ordinary Shares,NASDAQ,1.7999999523162842,35236.0
SMHI,SEACOR Marine Holdings Inc. Common Stock ,NYSE,9.449999809265137,87170.0
SMMT,Summit Therapeutics Inc.  - Common Stock,NASDAQ,13.529999732971191,3031858.0
SMPL,The Simply Good Foods Company - Common Stock,NASDAQ,11.180000305175781,1478353.0
SMR,NuScale Power Corporation Class A Common Stock,NYSE,9.380000114440918,27874438.0
SMRT,"SmartRent, Inc. Class A Common Stock",NYSE,1.2999999523162842,7235433.0
SMSI,"Smith Micro Software, Inc. - Common Stock",NASDAQ,2.859999895095825,15991.0
SMTK,"SmartKem, Inc. - Common Stock",NASDAQ,0.16899999976158142,1423363.0
SMWB,Similarweb Ltd. Ordinary Shares,NYSE,7.440000057220459,285180.0
SMXT,Solarmax Technology Inc. - Common Stock,NASDAQ,0.3889999985694885,182605.0
SNAL,"Snail, Inc. - Class A Common Stock",NASDAQ,4.190000057220459,130476.0
SNAP,Snap Inc. Class A Common Stock,NYSE,5.329999923706055,70319918.0
SND,"Smart Sand, Inc. - Common Stock",NASDAQ,4.179999828338623,329680.0
SNDL,SNDL Inc. - Common Shares,NASDAQ,1.2100000381469727,1225388.0
SNES,"SenesTech, Inc. - Common Stock",NASDAQ,1.6299999952316284,121468.0
SNFCA,Security National Financial Corporation - Class A Common Stock,NASDAQ,9.470000267028809,19319.0
SNGX,"Soligenix, Inc. - Common Stock",NASDAQ,0.3828999996185303,99349.0
SNOA,"Sonoma Pharmaceuticals, Inc. - Common Stock",NASDAQ,1.1299999952316284,153234.0
SNT,Senstar Technologies Corporation - Common Shares,NASDAQ,1.9800000190734863,8975.0
SNTG,Sentage Holdings Inc. - Class A Ordinary Shares,NASDAQ,1.75,20379.0
SNTI,"Senti Biosciences Holdings, Inc. - Common Stock",NASDAQ,0.37299999594688416,72587.0
SNWV,"SANUWAVE Health, Inc. - Common Stock",NASDAQ,5.96999979019165,52117.0
SNYR,Synergy CHC Corp. - Common Stock,NASDAQ,0.1695999950170517,358431.0
SOBR,"SOBR Safe, Inc. - Common Stock",NASDAQ,0.5389999747276306,216326.0
SOC,Sable Offshore Corp. Common Stock,NYSE,4.630000114440918,4406173.0
SOCA,Solarius Capital Acquisition Corp. - Class A Ordinary Share,NASDAQ,10.319999694824219,100.0
SONM,"DNA X, Inc. - Common Stock",NASDAQ,3.990000009536743,8606.0
SOPH,SOPHiA GENETICS SA - Ordinary Shares,NASDAQ,6.300000190734863,721093.0
SORA,AsiaStrategy - Ordinary Shares,NASDAQ,2.309999942779541,18890.0
SORN,Soren Acquisition Corp. - Class A Ordinary Shares,NASDAQ,9.960000038146973,0.0
SOS,SOS Limited Class A Ordinary Shares,NYSE,0.7839499711990356,47933.0
SOTK,Sono-Tek Corporation - Common Stock,NASDAQ,5.389999866485596,66440.0
SOUL,Soulpower Acquisition Corporation Class A Ordinary Shares,NYSE,10.399999618530273,12700.0
SOUN,"SoundHound AI, Inc. - Class A Common Stock",NASDAQ,6.429999828338623,20831554.0
SOWG,Sow Good Inc. - Common Stock,NASDAQ,3.380000114440918,3113.0
SPAI,Safe Pro Group Inc. - Common Stock,NASDAQ,4.369999885559082,66372.0
SPCB,"SuperCom, Ltd. - Ordinary Shares",NASDAQ,10.710000038146973,23054.0
SPCE,"Virgin Galactic Holdings, Inc. Common Stock",NYSE,2.890000104904175,5976548.0
SPEG,Silver Pegasus Acquisition Corp - Class A Ordinary Shares,NASDAQ,10.34000015258789,600.0
SPHL,Springview Holdings Ltd - Ordinary shares,NASDAQ,2.6500000953674316,4584.0
SPIR,"Spire Global, Inc. Class A Common Stock",NYSE,12.899999618530273,485369.0
SPKL,Spark I Acquisition Corp. - Class A Ordinary Share,NASDAQ,11.710000038146973,12932.0
SPMC,"Sound Point Meridian Capital, Inc. Common Stock",NYSE,10.479999542236328,11509.0
SPOK,"Spok Holdings, Inc. - Common Stock",NASDAQ,11.239999771118164,225908.0
SPPL,SIMPPLE LTD. - Ordinary Shares,NASDAQ,2.0199999809265137,530062.0
SPRC,SciSparc Ltd. - Ordinary Shares,NASDAQ,6.889999866485596,136586.0
SPRO,"Spero Therapeutics, Inc. - Common Stock",NASDAQ,1.2599999904632568,574325.0
SPRU,Spruce Power Holding Corporation Class A Common Stock,NYSE,2.390000104904175,53665.0
SPRY,"ARS Pharmaceuticals, Inc. - Common Stock",NASDAQ,5.360000133514404,2541749.0
SPT,"Sprout Social, Inc - Class A Common Stock",NASDAQ,8.630000114440918,673140.0
SPWH,"Sportsman's Warehouse Holdings, Inc. - Common Stock",NASDAQ,1.1799999475479126,205022.0
SPWR,SunPower Inc. - Common Stock,NASDAQ,0.2676999866962433,5730944.0
SQFT,"Presidio Property Trust, Inc. - Class A Common Stock",NASDAQ,2.299999952316284,2590.0
SRAD,Sportradar Group AG - Class A Ordinary Shares,NASDAQ,12.649999618530273,6378050.0
SRFM,Surf Air Mobility Inc. Common Stock,NYSE,0.8271999955177307,2123394.0
SRG,Seritage Growth Properties Class A Common Stock,NYSE,2.4700000286102295,66391.0
SRI,"Stoneridge, Inc. Common Stock",NYSE,7.460000038146973,82192.0
SRL,Scully Royalty Ltd.,NYSE,5.789999961853027,10951.0
SRTA,"Strata Critical Medical, Inc. - Class A Common Stock",NASDAQ,5.849999904632568,2478467.0
SRTS,"Sensus Healthcare, Inc. - Common Stock",NASDAQ,2.940000057220459,6467.0
SSAC,SPACSphere Acquisition Corp. - Class A Ordinary Shares,NASDAQ,10.029999732971191,404.0
SSBI,Summit State Bank - Common Stock,NASDAQ,13.350000381469727,1387.0
SSEA,Starry Sea Acquisition Corp - Ordinary Shares,NASDAQ,10.279999732971191,129.0
SSII,SS Innovations International Inc. - Common Stock,NASDAQ,3.8499999046325684,109202.0
SSM,Sono Group N.V. - Ordinary Shares,NASDAQ,3.5999999046325684,1396.0
SSP,E.W. Scripps Company (The) - Class A Common Stock,NASDAQ,2.869999885559082,349856.0
SST,"System1, Inc. Class A Common Stock",NYSE,1.6799999475479126,62899.0
SSTI,"SoundThinking, Inc. - Common Stock",NASDAQ,7.860000133514404,67816.0
SSTK,"Shutterstock, Inc. Common Stock",NYSE,6.239999771118164,1482629.0
SSYS,"Stratasys, Ltd. - Common Stock",NASDAQ,8.960000038146973,472639.0
STAK,STAK Inc. - Class A Ordinary Shares,NASDAQ,1.8899999856948853,1103775.0
STDN,"Standard Nuclear, Inc. Class A Common Stock",NYSE,8.229999542236328,255151.0
STEM,"Stem, Inc. Class A Common Stock",NYSE,5.800000190734863,65940.0
STEX,Streamex Corp. - Common Stock,NASDAQ,0.7251999974250793,498172.0
STFS,Star Fashion Culture Holdings Limited - Class A Ordinary Shares,NASDAQ,3.6500000953674316,29334.0
STGW,Stagwell Inc. - Class A Common Stock,NASDAQ,8.850000381469727,2687115.0
STHO,Star Holdings - Shares of Beneficial Interest,NASDAQ,9.380000114440918,8293.0
STI,"Solidion Technology, Inc. - Common Stock",NASDAQ,6.420000076293945,87266.0
STIM,"Neuronetics, Inc. - Common Stock",NASDAQ,2.3499999046325684,1439040.0
STKE,Sol Strategies Inc. - Common Shares,NASDAQ,1.0399999618530273,61018.0
STKS,"The ONE Group Hospitality, Inc. - Common Stock",NASDAQ,1.7799999713897705,27735.0
STLA,Stellantis N.V. Common Shares,NYSE,5.630000114440918,17722122.0
STNE,StoneCo Ltd. - Class A Common Share,NASDAQ,11.170000076293945,2993637.0
STRR,"Star Equity Holdings, Inc. - Common Stock",NASDAQ,11.520000457763672,27090.0
STTK,"Shattuck Labs, Inc. - Common Stock",NASDAQ,7.369999885559082,957527.0
STUB,"StubHub Holdings, Inc. Class A Common Stock",NYSE,9.119999885559082,3842874.0
SUGP,SU Group Holdings Limited - Class A Ordinary Shares,NASDAQ,0.3824000060558319,654386.0
SUIG,Sui Group Holdings Limited - Common Stock,NASDAQ,0.8986999988555908,230980.0
SUJA,"Suja Life, Inc. - Class A Common Stock",NASDAQ,6.135000228881836,3355838.0
SUMA,SUMA Acquisition Corporation - Class A Ordinary Shares,NASDAQ,9.880000114440918,0.0
SUNE,"SUNation Energy, Inc. - Common Stock",NASDAQ,2.619999885559082,177862.0
SUNS,"Sunrise Realty Trust, Inc. - Common Stock",NASDAQ,7.71999979019165,65627.0
SUPX,SuperX AI Technology Limited - Ordinary Shares,NASDAQ,7.0,216486.0
SURG,"SurgePays, Inc. - Common Stock",NASDAQ,0.22339999675750732,376296.0
SVAQ,Silicon Valley Acquisition Corp. - Class A Ordinary Shares,NASDAQ,10.020000457763672,10426.0
SVC,Service Properties Trust - Common Shares of Beneficial Interest,NASDAQ,7.880000114440918,1825510.0
SVCC,Stellar V Capital Corp. - Class A Ordinary Shares,NASDAQ,10.640000343322754,0.0
SVCO,"Silvaco Group, Inc. - Common Stock",NASDAQ,8.300000190734863,327446.0
SVIV,Spring Valley Acquisition Corp. IV - Class A Ordinary Shares,NASDAQ,10.199999809265137,78800.0
SVRA,"Savara, Inc. - Common Stock",NASDAQ,5.510000228881836,1584095.0
SVRN,OceanPal Inc. - Common Stock,NASDAQ,6.070000171661377,4785.0
SVV,"Savers Value Village, Inc. Common Stock",NYSE,10.899999618530273,963665.0
SWAG,"Stran & Company, Inc. - Common Stock",NASDAQ,1.9500000476837158,40976.0
SWBI,"Smith & Wesson Brands, Inc. - Common Stock",NASDAQ,14.710000038146973,367014.0
SWIM,"Latham Group, Inc. - Common Stock",NASDAQ,7.300000190734863,3696575.0
SWVL,Swvl Holdings Corp - Ordinary Shares,NASDAQ,1.399999976158142,8810.0
SXC,"SunCoke Energy, Inc. Common Stock",NYSE,9.619999885559082,1593565.0
SXTC,"China SXT Pharmaceuticals, Inc. - Class A Ordinary Shares",NASDAQ,0.06700000166893005,159953353.0
SXTP,"60 Degrees Pharmaceuticals, Inc. - Common Stock",NASDAQ,1.2200000286102295,94620.0
SY,So-Young International Inc. - American Depository Shares,NASDAQ,2.0899999141693115,244381.0
SYPR,"Sypris Solutions, Inc. - Common Stock",NASDAQ,2.075000047683716,16288.0
SZZL,Sizzle Acquisition Corp. II - Class A ordinary shares,NASDAQ,10.380000114440918,46812.0
TAC,TransAlta Corporation Ordinary Shares,NYSE,12.670000076293945,1127240.0
TACH,Titan Acquisition Corp. - Class A Ordinary Shares,NASDAQ,10.442000389099121,500.0
TACO,Berto Acquisition Corp. - Ordinary Shares,NASDAQ,10.479999542236328,9770.0
TACT,TransAct Technologies Incorporated - Common Stock,NASDAQ,5.639999866485596,29784.0
TALK,"Talkspace, Inc. - Common Stock",NASDAQ,5.21999979019165,1103023.0
TALO,"Talos Energy, Inc. Common Stock",NYSE,14.180000305175781,3705629.0
TANH,Tantech Holdings Ltd. - Class A Common Shares,NASDAQ,0.41429999470710754,286007.0
TAOP,Taoping Inc. - Ordinary Shares,NASDAQ,0.7680000066757202,6186.0
TAOX,Tao Synergies Inc. - Common Stock,NASDAQ,3.490000009536743,130045.0
TARA,"Protara Therapeutics, Inc.  - Common Stock",NASDAQ,4.0,478397.0
TASK,"TaskUs, Inc. - Class A Common Stock",NASDAQ,6.320000171661377,448955.0
TAVI,Tavia Acquisition Corp. - Ordinary Shares,NASDAQ,10.699999809265137,0.0
TBCH,Turtle Beach Corporation - Common Stock,NASDAQ,13.539999961853027,310036.0
TBI,"TrueBlue, Inc. Common Stock",NYSE,9.899999618530273,947346.0
TBLA,Taboola.com Ltd. - Ordinary Shares,NASDAQ,3.8350000381469727,9230872.0
TCRT,"Alaunos Therapeutics, Inc. - Common Stock",NASDAQ,2.0199999809265137,11324.0
TCRX,"TScan Therapeutics, Inc. - Common Stock",NASDAQ,0.7799999713897705,298474.0
TCX,Tucows Inc. - Common Stock,NASDAQ,14.119999885559082,80177.0
TDAC,Translational Development Acquisition Corp. - Ordinary Shares,NASDAQ,10.845000267028809,46540.0
TDAY,"USA TODAY Co., Inc. Common Stock",NYSE,8.65999984741211,1527206.0
TDIC,Dreamland Limited - Class A Ordinary Shares,NASDAQ,2.619999885559082,68763.0
TDOC,"Teladoc Health, Inc. Common Stock",NYSE,6.929999828338623,4867113.0
TDTH,Trident Digital Tech Holdings Ltd - Class B Ordinary Shares,NASDAQ,2.450000047683716,9997.0
TDUP,ThredUp Inc. - Class A Common Stock,NASDAQ,6.28000020980835,2323889.0
TDWD,Tailwind 2.0 Acquisition Corp. - Class A Ordinary Shares,NASDAQ,10.0600004196167,25009.0
TE,T1 Energy Inc. Common Stock,NYSE,5.46999979019165,43765109.0
TEAD,Teads Holding Co. - Common Stock,NASDAQ,0.8270000219345093,193924.0
TELA,"TELA Bio, Inc. - Common stock",NASDAQ,0.9150000214576721,168129.0
TELO,"Telomir Pharmaceuticals, Inc. - Common Stock",NASDAQ,1.1799999475479126,74637.0
TENX,"Tenax Therapeutics, Inc. - Common Stock",NASDAQ,13.050000190734863,2066142.0
TEO,Telecom Argentina SA,NYSE,13.760000228881836,107304.0
TG,Tredegar Corporation Common Stock,NYSE,7.769999980926514,68157.0
TGE,The Generation Essentials Group Class A Ordinary Shares,NYSE,0.9599999785423279,23069.0
TGHL,The GrowHub Limited - Class A Ordinary Shares,NASDAQ,0.8062000274658203,283233.0
TGL,Treasure Global Inc. - Common Stock,NASDAQ,2.819999933242798,12494.0
THCH,TH International Limited - Ordinary shares,NASDAQ,1.7400000095367432,2126.0
THH,TryHard Holdings Limited - Ordinary Shares,NASDAQ,0.2492000013589859,87758.0
THRY,"Thryv Holdings, Inc. - Common Stock",NASDAQ,2.444999933242798,1821194.0
TIC,"TIC Solutions, Inc. Common Stock",NYSE,8.180000305175781,2039151.0
TIL,"Instil Bio, Inc. - Common Stock",NASDAQ,7.260000228881836,9571.0
TJGC,TJGC Group Limited - ordinary shares,NASDAQ,4.119999885559082,4031419.0
TK,Teekay Corporation Ltd. Common Stock,NYSE,10.869999885559082,460375.0
TKC,Turkcell Iletisim Hizmetleri AS Common Stock,NYSE,5.429999828338623,2676845.0
TKNO,"Alpha Teknova, Inc. - Common Stock",NASDAQ,5.610000133514404,117769.0
TLF,"Tandy Leather Factory, Inc. - common stock",NASDAQ,2.4200000762939453,21865.0
TLIH,Ten-League International Holdings Limited - Ordinary Shares,NASDAQ,5.764800071716309,152.0
TLK,"PT Telekomunikasi Indonesia, Tbk",NYSE,14.800000190734863,630400.0
TLNC,Talon Capital Corp. - Class A Ordinary Shares,NASDAQ,10.239999771118164,111.0
TLPH,"Talphera, Inc. - Common Stock",NASDAQ,1.350000023841858,169861.0
TLRY,"Tilray Brands, Inc. - Common Stock",NASDAQ,4.425000190734863,4478247.0
TLS,Telos Corporation - Common Stock,NASDAQ,4.679999828338623,213177.0
TLSA,Tiziana Life Sciences Ltd - Common Shares,NASDAQ,0.9900000095367432,877341.0
TLSI,"TriSalus Life Sciences, Inc. - Common Stock",NASDAQ,4.619999885559082,289162.0
TLYS,"Tilly's, Inc. Common Stock",NYSE,4.179999828338623,186266.0
TMC,TMC the metals company Inc. - Common Stock,NASDAQ,4.019999980926514,4541262.0
TMCI,"Treace Medical Concepts, Inc. - Common Stock",NASDAQ,4.78000020980835,683406.0
TMCR,The Metals Royalty Company Inc. - Common Stock,NASDAQ,6.099999904632568,64744.0
TMS,Teamshares Inc. - Common Stock,NASDAQ,7.75,43595.0
TMTS,Spartacus Acquisition Corp. II - Class A Ordinary Shares,NASDAQ,10.0600004196167,0.0
TNMG,TNL Mediagene - Ordinary Shares,NASDAQ,0.550000011920929,6080946.0
TNON,"Tenon Medical, Inc. - Common Stock",NASDAQ,0.19179999828338623,1206742.0
TNXP,Tonix Pharmaceuticals Holding Corp. - Common Stock,NASDAQ,11.260000228881836,258519.0
TNYA,"Tenaya Therapeutics, Inc. - Common Stock",NASDAQ,0.7846999764442444,3414371.0
TOI,"The Oncology Institute, Inc. - Common Stock",NASDAQ,5.170000076293945,1075000.0
TOMZ,"TOMI Environmental Solutions, Inc. - Common Stock",NASDAQ,1.909999966621399,13763.0
TONX,TON Strategy Company - Common Stock,NASDAQ,2.819999933242798,328102.0
TOP,TOP Financial Group Limited - Class A Ordinary Shares,NASDAQ,10.449999809265137,207779.0
TORO,Toro Corp. - Common stock,NASDAQ,5.295000076293945,21712.0
TOYO,"TOYO Co., Ltd - Ordinary Shares",NASDAQ,5.139999866485596,809643.0
TPCS,TechPrecision Corporation - Common stock,NASDAQ,4.679999828338623,4246.0
TPST,"Tempest Therapeutics, Inc. - Common Stock",NASDAQ,0.9143000245094299,98471.0
TPVG,TriplePoint Venture Growth BDC Corp. Common Stock,NYSE,4.619999885559082,254244.0
TRAD,APEX Tech Acquisition Inc. Ordinary Shares,NYSE,9.960000038146973,1400.0
TRAK,"ReposiTrak, Inc. Common Stock",NYSE,8.609999656677246,50493.0
TRAW,"Traws Pharma, Inc. - Common Stock",NASDAQ,0.5539000034332275,69912.0
TRDA,"Entrada Therapeutics, Inc. - Common Stock",NASDAQ,7.059999942779541,588917.0
TRGS,TRG Latin America Acquisitions Corp. - Class A Ordinary Shares,NASDAQ,9.930000305175781,52542.0
TRIP,"TripAdvisor, Inc. - Common Stock",NASDAQ,13.989999771118164,3327806.0
TRLV,Trulieve Cannabis Corp. Subordinate Voting Shares,NYSE,8.4399995803833,1005299.0
TRNR,Interactive Strength Inc. - Common Stock,NASDAQ,3.369999885559082,18115.0
TRON,Tron Inc. - Common Stock,NASDAQ,1.5,343019.0
TROO,"TROOPS, Inc.  - Ordinary Shares",NASDAQ,1.9700000286102295,203611.0
TROX,Tronox Holdings plc Ordinary Shares (UK),NYSE,5.849999904632568,4173211.0
TRSG,Tungray Technologies Inc - Class A Ordinary Shares,NASDAQ,1.4658000469207764,10263.0
TRTX,"TPG RE Finance Trust, Inc. Common Stock",NYSE,7.940000057220459,814440.0
TRUG,"TruGolf Holdings, Inc. - Class A Common Stock",NASDAQ,0.8715000152587891,51459.0
TSHA,"Taysha Gene Therapies, Inc. - Common Stock",NASDAQ,6.460000038146973,2153778.0
TSQ,"Townsquare Media, Inc. Class A Common Stock",NYSE,6.360000133514404,89554.0
TSSI,"TSS, Inc. - Common Stock",NASDAQ,11.15999984741211,434098.0
TTEC,"TTEC Holdings, Inc. - Common Stock",NASDAQ,2.640000104904175,284165.0
TTGT,"TechTarget, Inc. - Common Stock",NASDAQ,4.440000057220459,289607.0
TTI,"Tetra Technologies, Inc. Common Stock",NYSE,8.449999809265137,1977985.0
TTRX,Turn Therapeutics Inc. - Common Stock,NASDAQ,9.430000305175781,32874.0
TU,Telus Corporation Ordinary Shares,NYSE,9.800000190734863,11211351.0
TULP,"Bloomia Holdings, Inc. - Common Stock",NASDAQ,3.450000047683716,5700.0
TUSK,"Mammoth Energy Services, Inc. - Common Stock",NASDAQ,2.8499999046325684,172246.0
TV,Grupo Televisa S.A.B. Common Stock,NYSE,2.740000009536743,1526074.0
TVA,Texas Ventures Acquisition III Corp - Class A Ordinary Share,NASDAQ,10.520000457763672,4893.0
TVAI,Thayer Ventures Acquisition Corporation II - Class A Ordinary Shares,NASDAQ,10.369999885559082,0.0
TVGN,Tevogen Inc. - Common Stock,NASDAQ,6.849999904632568,12539.0
TVIV,Texas Ventures Acquisition IV Corp - Class A Ordinary Shares,NASDAQ,9.899999618530273,200.0
TVRD,"Tvardi Therapeutics, Inc. - Common Stock",NASDAQ,2.0,325297.0
TWAV,"TaoWeave, Inc. - Common Stock",NASDAQ,1.3799999952316284,13495.0
TWG,Top Wealth Group Holding Limited - Class A Ordinary Shares,NASDAQ,1.5,94469.0
TWI,"Titan International, Inc. (DE) Common Stock",NYSE,7.300000190734863,328614.0
TWLV,Twelve Seas Investment Company III - Class A Ordinary Shares,NASDAQ,10.010000228881836,209900.0
TWO,Two Harbors Investment Corp,NYSE,12.029999732971191,3689858.0
TXMD,"TherapeuticsMD, Inc. - Common Stock",NASDAQ,2.069999933242798,7637.0
TYGO,"Tigo Energy, Inc. - Common Stock",NASDAQ,1.2899999618530273,9857063.0
TZOO,Travelzoo - Common Stock,NASDAQ,7.110000133514404,59110.0
UA,"Under Armour, Inc. Class C Common Stock",NYSE,6.610000133514404,2115228.0
UAA,"Under Armour, Inc. Class A Common Stock",NYSE,6.760000228881836,3572083.0
UCAR,U Power Limited - Class A Ordinary Shares,NASDAQ,0.9398999810218811,61322.0
UCFI,CN Healthy Food Tech Group Corp. - Common Stock,NASDAQ,5.510000228881836,0.0
UEIC,Universal Electronics Inc. - Common Stock,NASDAQ,4.760000228881836,94927.0
UFG,Uni-Fuels Holdings Limited - Class A Ordinary Shares,NASDAQ,0.5199999809265137,281956.0
UFI,"Unifi, Inc. New Common Stock",NYSE,6.610000133514404,126331.0
UIS,Unisys Corporation New Common Stock,NYSE,2.930000066757202,649464.0
UK,Ucommune International Ltd  - Class A Ordinary Shares,NASDAQ,2.109999895095825,48603.0
ULBI,Ultralife Corporation - Common Stock,NASDAQ,5.309999942779541,23834.0
ULCC,"Frontier Group Holdings, Inc. - Common Stock",NASDAQ,7.954999923706055,3851677.0
UNCY,"Unicycive Therapeutics, Inc. - Common Stock",NASDAQ,5.230000019073486,761423.0
UONE,"Urban One, Inc.  - Class A Common Stock",NASDAQ,5.260000228881836,2234.0
UONEK,"Urban One, Inc.  - Class D Common Stock",NASDAQ,5.369999885559082,3334.0
UP,Wheels Up Experience Inc. Class A Common Stock,NYSE,5.730000019073486,83854.0
UPB,"Upstream Bio, Inc. - Common Stock",NASDAQ,6.739999771118164,908188.0
UPC,Universe Pharmaceuticals Inc - Class A Ordinary Shares,NASDAQ,6.159999847412109,265006.0
UPLD,"Upland Software, Inc. - Common Stock",NASDAQ,4.369999885559082,13111.0
UPWK,Upwork Inc. - Common Stock,NASDAQ,9.59000015258789,2027647.0
UPXI,"Upexi, Inc. - Common Stock",NASDAQ,0.8450000286102295,471369.0
UROY,Uranium Royalty Corp. - Common Stock,NASDAQ,3.559999942779541,2551280.0
USDE,StablecoinX Inc. - Class A Common Stock,NASDAQ,2.4600000381469727,863755.0
USGO,U.S. GoldMining Inc. - Common stock,NASDAQ,8.09000015258789,111948.0
USIO,"Usio, Inc. - Common Stock",NASDAQ,2.3299999237060547,279217.0
USNA,"USANA Health Sciences, Inc. Common Stock",NYSE,14.989999771118164,643150.0
UTSI,UTStarcom Holdings Corp - Ordinary Shares,NASDAQ,2.4800000190734863,3444.0
UTZ,Utz Brands Inc Class A Common Stock ,NYSE,14.119999885559082,2015881.0
UWMC,UWM Holdings Corporation Class A Common Stock,NYSE,1.840000033378601,16666501.0
UYSC,UY Scuti Acquisition Corp. - Ordinary Shares,NASDAQ,10.779999732971191,0.0
UZX,Linkage Global Inc - Class A Ordinary Shares,NASDAQ,0.24500000476837158,11805.0
VACI,Viking Acquisition Corp. I Class A Ordinary Shares,NYSE,10.130000114440918,45138.0
VANI,"Vivani Medical, Inc.  - Common Stock",NASDAQ,1.3799999952316284,82069.0
VATE,INNOVATE Corp. Common Stock,NYSE,7.559999942779541,87846.0
VBIO,"Valion Bio, Inc. - Common stock",NASDAQ,0.29249998927116394,316593.0
VCIG,VCI Global Limited - Ordinary Share,NASDAQ,0.30379998683929443,711035.0
VCV,Invesco California Value Municipal Income Trust Common Stock,NYSE,10.579999923706055,122959.0
VECA,Vernal Capital Acquisition Corp. Ordinary Shares,NYSE,10.0,1868.0
VEEA,Veea Inc. - Common Stock,NASDAQ,0.16300000250339508,662913.0
VEEE,Twin Vee PowerCats Co. - Common Stock,NASDAQ,9.789999961853027,97513.0
VELO,"Velo3D, Inc. - Common stock",NASDAQ,12.729999542236328,1749750.0
VERI,"Veritone, Inc. - Common Stock",NASDAQ,1.2000000476837158,1192980.0
VERU,Veru Inc. - Common Stock,NASDAQ,2.3299999237060547,89458.0
VERX,"Vertex, Inc. - Class A Common Stock",NASDAQ,11.800000190734863,3279666.0
VET,Vermilion Energy Inc. Common (Canada),NYSE,10.5600004196167,1094727.0
VFF,"Village Farms International, Inc. - Common Shares",NASDAQ,1.9500000476837158,564321.0
VFS,VinFast Auto Ltd. - Ordinary Shares,NASDAQ,3.200000047683716,509218.0
VG,"Venture Global, Inc. Class A common stock",NYSE,12.430000305175781,8154332.0
VGAS,"Verde Clean Fuels, Inc. - Class A Common Stock",NASDAQ,1.5800000429153442,476861.0
VGM,Invesco Trust for Investment Grade Municipals Common Stock (DE),NYSE,10.210000038146973,49757.0
VHCP,Vine Hill Capital Investment Corp. II - Class A Ordinary Shares,NASDAQ,10.0,0.0
VHI,"Valhi, Inc. Common Stock",NYSE,14.420000076293945,25225.0
VHUB,"VenHub Global, Inc. - Common Stock",NASDAQ,0.6898999810218811,52063.0
VII,Viking Acquisition Corp. II Class A Ordinary Shares,NYSE,9.837200164794922,3162.0
VINP,Vinci Compass Investments Ltd. - Class A Common Shares,NASDAQ,9.890000343322754,21300.0
VIP,Vulcan Infrastructure and Power Inc. - Class A Common Stock,NASDAQ,2.1600000858306885,192718.0
VIR,"Vir Biotechnology, Inc. - Common Stock",NASDAQ,9.109999656677246,1406645.0
VIRC,Virco Manufacturing Corporation - Common Stock,NASDAQ,6.070000171661377,13718.0
VISN,"Vistance Networks, Inc.  - Common Stock",NASDAQ,12.350000381469727,6191960.0
VITL,"Vital Farms, Inc. - Common Stock",NASDAQ,12.239999771118164,2168225.0
VIVK,"Vivakor, Inc. - Common Stock",NASDAQ,1.4600000381469727,1749600.0
VIVO,VivoPower PLC - Class A Ordinary Shares,NASDAQ,3.7799999713897705,570570.0
VIVS,"VivoSim Labs, Inc. - Common Stock",NASDAQ,0.3634999990463257,1096751.0
VKQ,Invesco Municipal Trust Common Stock,NYSE,9.829999923706055,174707.0
VLN,Valens Semiconductor Ltd. Ordinary Shares,NYSE,1.690000057220459,590782.0
VLOS,Velos Acquisition I Corp. - Class A Ordinary shares,NASDAQ,10.739999771118164,1903.0
VLT,Invesco High Income Trust II,NYSE,10.029999732971191,39061.0
VLY,Valley National Bancorp - Common Stock,NASDAQ,14.770000457763672,6440872.0
VMAR,Vision Marine Technologies Inc. - Common Shares,NASDAQ,0.6644999980926514,43856301.0
VMD,"Viemed Healthcare, Inc. - Common Shares",NASDAQ,9.819999694824219,828427.0
VMET,Versamet Royalties Corporation - Common Stock,NASDAQ,9.600000381469727,322649.0
VNCE,Vince Holding Corp. - Common Stock,NASDAQ,6.53000020980835,61163.0
VNDA,Vanda Pharmaceuticals Inc. - Common Stock,NASDAQ,5.090000152587891,1580909.0
VNME,Vendome Acquisition Corporation I - Class A Ordinary Shares,NASDAQ,10.25,0.0
VOXR,Vox Royalty Corp. - common stock,NASDAQ,4.929999828338623,636838.0
VPV,Invesco Pennsylvania Value Municipal Income Trust Common Stock (DE),NYSE,10.90999984741211,23069.0
VRA,"Vera Bradley, Inc. - Common Stock",NASDAQ,3.490000009536743,143380.0
VRAX,Virax Biolabs Group Limited - Ordinary Shares,NASDAQ,2.9100000858306885,44021.0
VRCA,Verrica Pharmaceuticals Inc. - Common Stock,NASDAQ,5.510000228881836,11462.0
VREX,Varex Imaging Corporation - Common Stock,NASDAQ,12.390000343322754,270573.0
VRM,"Vroom, Inc. - Common Stock",NASDAQ,9.53499984741211,96467.0
VRME,"VerifyMe, Inc. - Common Stock",NASDAQ,0.7052000164985657,7739.0
VRRM,Verra Mobility Corporation - Class A Common Stock,NASDAQ,5.610000133514404,5209907.0
VRXA,Veraxa Biotech AG - Ordinary Shares,NASDAQ,1.8200000524520874,97937.0
VS,Versus Systems Inc. - Common Stock,NASDAQ,1.3600000143051147,10135.0
VSEE,"VSee Health, Inc. - Common Stock",NASDAQ,0.050200000405311584,39065543.0
VSME,VS Media Holdings Limited - Class A Ordinary Shares,NASDAQ,1.25,17536.0
VSTM,"Verastem, Inc. - Common Stock",NASDAQ,5.869999885559082,1522092.0
VSTS,Vestis Corporation Common Stock,NYSE,13.930000305175781,851536.0
VTEX,VTEX Class A Common Shares,NYSE,4.400000095367432,583672.0
VTGN,"Vistagen Therapeutics, Inc. - Common Stock",NASDAQ,0.296999990940094,5325976.0
VTIX,Virtuix Holdings Inc. - Class A Common Stock,NASDAQ,1.7799999713897705,1087005.0
VTN,Invesco Trust for Investment Grade New York Municipals Common Stock,NYSE,11.199999809265137,29788.0
VTSI,"VirTra, Inc. - Common Stock",NASDAQ,3.009999990463257,25229.0
VUZI,Vuzix Corporation  - Common Stock,NASDAQ,2.559999942779541,454680.0
VVOS,"Vivos Therapeutics, Inc. - Common Stock",NASDAQ,0.34060001373291016,6594352.0
VVR,Invesco Senior Income Trust Common Stock (DE),NYSE,2.9800000190734863,1002678.0
VWAV,"VisionWave Holdings, Inc. - Common Stock",NASDAQ,1.2999999523162842,1077843.0
VYGR,"Voyager Therapeutics, Inc. - Common Stock",NASDAQ,3.0999999046325684,581312.0
VYX,NCR Voyix Corporation Common Stock,NYSE,9.520000457763672,3951248.0
WAFU,Wah Fu Education Group Limited - Ordinary Shares,NASDAQ,1.4299999475479126,169054.0
WALD,Waldencast plc - Class A Ordinary Share,NASDAQ,1.4800000190734863,250375.0
WBTN,WEBTOON Entertainment Inc. - Common stock,NASDAQ,9.289999961853027,217232.0
WBUY,WEBUY GLOBAL LTD. - Class A Ordinary Shares,NASDAQ,0.9067999720573425,79037.0
WBX,Wallbox N.V. Class A Ordinary Shares,NYSE,3.359999895095825,21749.0
WCT,Wellchange Holdings Company Limited - Class A Ordinary shares,NASDAQ,0.8202999830245972,42469.0
WEAV,"Weave Communications, Inc. Common Stock",NYSE,6.800000190734863,519671.0
WEN,Wendy's Company (The) - Common Stock,NASDAQ,7.989999771118164,4987733.0
WENC,West Enclave Merger Corp. Ordinary Shares,NYSE,10.0,128.0
WENN,Wen Acquisition Corp - Class A Ordinary Shares,NASDAQ,10.34749984741211,7349.0
WEST,Westrock Coffee Company - Common Stock,NASDAQ,8.1899995803833,341609.0
WETH,Wetouch Technology Inc. - Common Stock,NASDAQ,0.9408000111579895,123905.0
WETO,Wetour Robotics Limited - Ordinary Shares,NASDAQ,4.949999809265137,331711.0
WFCF,"Where Food Comes From, Inc. - Common Stock",NASDAQ,12.6899995803833,6661.0
WFF,WF Holding Limited - Ordinary Shares,NASDAQ,2.630000114440918,15542.0
WHLR,"Wheeler Real Estate Investment Trust, Inc. - Common Stock",NASDAQ,0.5174000263214111,547603.0
WHWK,"Whitehawk Therapeutics, Inc. - Common Stock",NASDAQ,4.070000171661377,599011.0
WIMI,WiMi Hologram Cloud Inc. - Class B Ordinary Shares,NASDAQ,1.2899999618530273,122424.0
WIT,Wipro Limited Common Stock,NYSE,2.0,4076796.0
WKHS,"Workhorse Group, Inc. - Common Stock",NASDAQ,3.509999990463257,50534.0
WKSP,"Worksport, Ltd. - Common Stock",NASDAQ,0.7197999954223633,421963.0
WLDS,Wearable Devices Ltd. - Ordinary Share,NASDAQ,2.890000104904175,300747.0
WLII,Willow Lane Acquisition Corp. II - Class A Ordinary Shares,NASDAQ,10.239999771118164,1000.0
WLTH,Wealthfront Corporation - Common Stock,NASDAQ,9.649999618530273,1145219.0
WNC,Wabash National Corporation Common Stock,NYSE,12.710000038146973,775547.0
WNEB,"Western New England Bancorp, Inc. - Common Stock",NASDAQ,14.010000228881836,98394.0
WNW,Meiwu Technology Company Limited - Ordinary Shares,NASDAQ,2.630000114440918,64744.0
WOK,WORK Medical Technology Group LTD - Class A Ordinary Shares,NASDAQ,2.130000114440918,82576.0
WOOF,"Petco Health and Wellness Company, Inc. - Class A Common Stock",NASDAQ,2.9200000762939453,1661417.0
WPAC,White Pearl Acquisition Corp. Class A Ordinary Shares,NYSE,10.029999732971191,0.0
WPRT,Westport Fuel Systems Inc - Common Shares,NASDAQ,1.8700000047683716,39938.0
WRAP,"Wrap Technologies, Inc. - Common Stock",NASDAQ,1.9299999475479126,294787.0
WSBK,"Winchester Bancorp, Inc. - Common Stock",NASDAQ,13.020000457763672,5025.0
WSE,Wise Group plc - Class A Ordinary Shares,NASDAQ,12.029999732971191,1690704.0
WSHP,WeShop Holdings Limited - Class A Ordinary Shares,NASDAQ,4.909999847412109,66365.0
WSTN,Westin Acquisition Corp - Class A Ordinary Share,NASDAQ,10.145000457763672,200.0
WTF,Waton Financial Limited - Ordinary Shares,NASDAQ,2.990000009536743,991.0
WTG,Wintergreen Acquisition Corp. - Ordinary Shares,NASDAQ,10.479999542236328,1041.0
WTI,"W&T Offshore, Inc. Common Stock",NYSE,3.25,4474627.0
WU,Western Union Company (The) Common Stock,NYSE,7.260000228881836,10252427.0
WVE,Wave Life Sciences Ltd. - Ordinary Shares,NASDAQ,5.929999828338623,1781987.0
WVVI,"Willamette Valley Vineyards, Inc. - Common Stock",NASDAQ,2.5350000858306885,2050.0
WXM,WF International Limited - Ordinary Shares,NASDAQ,3.7899999618530273,13553.0
XAIR,"Beyond Air, Inc. - Common Stock",NASDAQ,5.690000057220459,37208.0
XBIO,"Xenetic Biosciences, Inc. - Common Stock",NASDAQ,2.9600000381469727,65459.0
XBIT,XBiotech Inc. - Common Stock,NASDAQ,2.259999990463257,35305.0
XBP,"XBP Global Holdings, Inc. - Common Stock",NASDAQ,3.0899999141693115,8327.0
XCBE,X3 Acquisition Corp. Ltd. - Class A Ordinary Shares,NASDAQ,9.960000038146973,100000.0
XCH,XCHG Limited - ADS,NASDAQ,0.4296000003814697,1661136.0
XCUR,"Exicure, Inc. - Common Stock",NASDAQ,1.5099999904632568,25162.0
XELB,"Xcel Brands, Inc - Common Stock",NASDAQ,1.0800000429153442,96790.0
XERS,"Xeris Biopharma Holdings, Inc. - Common Stock",NASDAQ,8.109999656677246,1606107.0
XFLH,XFLH Capital Corporation Ordinary Shares,NYSE,10.0,51380.0
XFOR,"X4 Pharmaceuticals, Inc. - Common Stock",NASDAQ,4.150000095367432,370782.0
XGN,Exagen Inc. - Common Stock,NASDAQ,6.650000095367432,1221843.0
XHLD,"TEN Holdings, Inc. - Common Stock",NASDAQ,0.796999990940094,77832.0
XLO,"Xilio Therapeutics, Inc. - Common Stock",NASDAQ,9.109999656677246,6084.0
XMAX,"XMAX, Inc. - Common Stock",NASDAQ,9.130000114440918,544145.0
XNDU,Xanadu Quantum Technologies Limited - Class B Subordinate Voting Shares,NASDAQ,11.449999809265137,799935.0
XOS,"Xos, Inc. - Common Stock",NASDAQ,2.950000047683716,1500290.0
XPER,Xperi Inc. Common Stock ,NYSE,7.829999923706055,304768.0
XPOF,"Xponential Fitness, Inc. Class A Common Stock",NYSE,6.71999979019165,362120.0
XPON,Expion360 Inc. - Common Stock,NASDAQ,3.3299999237060547,6108.0
XRAY,DENTSPLY SIRONA Inc. - Common Stock,NASDAQ,13.779999732971191,3589333.0
XRPN,Armada Acquisition Corp. II - Class A Ordinary Shares,NASDAQ,10.468799591064453,12635.0
XRTX,XORTX Therapeutics Inc. - Common Shares,NASDAQ,2.190000057220459,8498.0
XRX,Xerox Holdings Corporation - Common Stock,NASDAQ,3.140000104904175,1939635.0
XSLL,Xsolla SPAC 1 - Class A Ordinary Shares,NASDAQ,9.911700248718262,948.0
XTIA,"XTI Aerospace, Inc. Common Stock  - Common Stock",NASDAQ,1.5199999809265137,347296.0
XWEL,"XWELL, Inc. - Common Stock",NASDAQ,1.0,14532.0
XXI,"Twenty One Capital, Inc. Class A Common Stock",NYSE,4.539999961853027,787724.0
XXII,"22nd Century Group, Inc - Common Stock",NASDAQ,4.360000133514404,8106.0
YAAS,Youxin Technology Ltd - Class A Ordinary shares,NASDAQ,2.25,32951.0
YCY,AA Mission Acquisition Corp. II Class A Ordinary Shares,NYSE,10.204999923706055,0.0
YDDL,One and One Green Technologies. INC - Class A Ordinary Shares,NASDAQ,1.7899999618530273,2305.0
YDES,YD Bio Limited - Ordinary Shares,NASDAQ,2.25,23949.0
YDKG,Yueda Digital Holding - Class A Ordinary Share,NASDAQ,1.0782999992370605,15417.0
YEXT,"Yext, Inc. Common Stock",NYSE,5.730000019073486,475700.0
YHC,LQR House Inc. - Common Stock,NASDAQ,1.7300000190734863,137238.0
YHGJ,Yunhong Green CTI Ltd. - Common Stock,NASDAQ,3.1198999881744385,8458.0
YHNA,YHN Acquisition I Limited - Ordinary Shares,NASDAQ,10.9399995803833,0.0
YIBO,Planet Image International Limited - Class A Ordinary Shares,NASDAQ,1.159999966621399,20859.0
YICC,Yorkville International Capital Corp. - Class A Ordinary Shares,NASDAQ,9.9399995803833,0.0
YJ,Yunji Inc. - American Depository Shares,NASDAQ,1.2899999618530273,1570.0
YMAT,"J-Star Holding Co., Ltd. - Class A Ordinary Shares",NASDAQ,2.0899999141693115,30136.0
YSS,York Space Systems Inc. Common Stock,NYSE,13.149999618530273,2151560.0
YSXT,"YSX Tech. Co., Ltd  - Class A Ordinary Shares",NASDAQ,0.9900000095367432,34742.0
YTRA,"Yatra Online, Inc. - Ordinary Shares",NASDAQ,0.8460000157356262,17767.0
YYAI,AiRWA Inc. - Common Stock,NASDAQ,0.10700000077486038,30739582.0
YYGH,YY Group Holding Limited - Class A Ordinary Shares,NASDAQ,1.2000000476837158,378949.0
ZBAO,Zhibao Technology Inc. - Class A Ordinary Shares,NASDAQ,0.22830000519752502,3799042.0
ZCMD,Zhongchao Inc. - Class A Ordinary Shares,NASDAQ,1.1799999475479126,24569071.0
ZDAI,"DirectBooking Technology Co., Ltd. - Class A Ordinary Shares",NASDAQ,1.7300000190734863,5400.0
ZENA,"ZenaTech, Inc. - Common Stock",NASDAQ,1.3899999856948853,1036802.0
ZEO,Zeo Energy Corporation - Class A Common Stock,NASDAQ,0.5799000263214111,203836.0
ZIP,"ZipRecruiter, Inc. Class A Common Stock",NYSE,4.25,574557.0
ZJK,"ZJK Industrial Co., Ltd. - Class A Ordinary Shares",NASDAQ,1.6200000047683716,3873.0
ZJYL,JIN MEDICAL INTERNATIONAL LTD. - Class A Ordinary Shares,NASDAQ,2.2100000381469727,8884540.0
ZKIN,"ZK International Group Co., Ltd - Ordinary Share",NASDAQ,1.090000033378601,2757.0
ZKP,Lafayette Digital Acquisition Corp. I - Class A Ordinary Shares,NASDAQ,9.979999542236328,29400.0
ZNB,Zeta Network Group - Class A Ordinary Shares,NASDAQ,2.809999942779541,184581.0
ZNTL,"Zentalis Pharmaceuticals, Inc. - common stock",NASDAQ,4.949999809265137,563842.0
ZOOZ,ZOOZ Strategy Ltd. - Ordinary Shares,NASDAQ,5.224999904632568,8919.0
ZSQR,Z Squared Inc. - Common Stock,NASDAQ,4.110000133514404,758432.0
ZSTK,ZeroStack Corp. - Common Stock,NASDAQ,1.8600000143051147,11201.0
ZTEK,Zentek Ltd. - common stock,NASDAQ,0.6553000211715698,172479.0
ZTG,Zenta Group Company Limited - Class A Ordinary Shares,NASDAQ,6.800000190734863,1585438.0
ZURA,Zura Bio Limited - Class A Ordinary shares,NASDAQ,5.639999866485596,846679.0
ZVIA,Zevia PBC Class A Common Stock,NYSE,1.7100000381469727,309821.0
ZVRA,"Zevra Therapeutics, Inc.  - Common Stock",NASDAQ,10.529999732971191,761956.0
ZYBT,Zhengye Biotechnology Holding Limited - Class A Ordinary Shares,NASDAQ,2.359999895095825,70466699.0
